X,Y,TYPE,SPEED,DirType,Direction
-52.312977,-27.149264,8,0,1,157
-43.902589,-20.001384,8,0,1,298
-52.685662,-27.094325,8,0,1,97
-54.795198,-22.219389,8,0,2,83
-48.911771,-26.913524,8,0,2,112
-49.735857,-24.271928,8,0,2,183
-46.168366,-23.505430,8,0,1,58
-43.664312,-20.353684,8,0,2,117
-46.458983,-23.882532,8,0,1,48
-48.203884,-18.625669,8,0,2,177
-53.008309,-27.084735,8,0,1,318
-54.801919,-22.220092,8,0,1,83
-49.160110,-26.823028,8,0,1,332
-49.172306,-28.323893,8,0,1,86
-44.006260,-22.940030,8,0,2,48
-48.599286,-27.845890,8,0,2,62
-49.079906,-26.766915,8,0,1,9
-51.081145,-30.003533,8,0,1,45
-53.002423,-27.086883,8,0,1,53
-48.981577,-26.912885,8,0,2,137
-49.603860,-27.404241,8,0,1,176
-49.137606,-28.277703,8,0,2,75
-44.017815,-22.949297,8,0,0,13
-45.878758,-22.087379,8,0,0,2
-48.026613,-15.958987,8,0,1,321
-51.080343,-30.002832,8,0,1,225
-52.614709,-27.131954,8,0,0,177
-54.790897,-22.227075,8,0,0,87
-52.667997,-27.096205,8,0,1,97
-49.085984,-28.319520,8,0,2,137
-44.029072,-22.959953,8,0,0,60
-45.879138,-22.034006,8,0,0,34
-49.311749,-26.826191,8,0,1,259
-47.650189,-15.621678,8,0,1,5
-53.185118,-26.768463,8,0,1,70
-53.636401,-27.660338,8,0,2,10
-35.833729,-9.735567,8,0,1,202
-35.656357,-9.575888,8,0,2,12
-53.620305,-25.050622,8,0,2,72
-45.877283,-22.031450,8,0,0,34
-35.833906,-9.736217,8,0,1,20
-42.268204,-4.228381,8,0,0,59
-53.190495,-26.774971,8,0,1,21
-53.636868,-27.662472,8,0,2,10
-35.822161,-9.712749,8,0,1,59
-48.856968,-27.267060,8,0,2,66
-42.008236,-22.688100,8,0,2,186
-43.675904,-20.347558,8,0,2,160
-35.821962,-9.712526,8,0,1,240
-46.381101,-23.544570,8,0,1,42
-49.079972,-26.766913,8,0,1,189
-53.637002,-27.664731,8,0,2,180
-42.131540,-19.769115,8,0,0,31
-46.730445,-23.794724,8,0,1,181
-48.901680,-27.075092,8,0,1,33
-41.420038,-21.835510,8,0,1,255
-50.441719,-27.266876,8,0,1,170
-50.224617,-25.056979,8,0,1,298
-49.086723,-26.790801,8,0,1,195
-53.698299,-27.457960,8,0,2,115
-48.639321,-26.968657,8,0,1,356
-40.414420,-20.273256,8,0,1,150
-46.780352,-22.713017,8,0,1,17
-41.420961,-21.835816,8,0,1,74
-48.756873,-26.889796,8,0,0,55
-50.226283,-25.056202,8,0,1,118
-43.300456,-19.694393,8,0,0,75
-53.699017,-27.457438,8,0,2,140
-48.639541,-26.966141,8,0,1,177
-50.186074,-23.827003,8,0,1,26
-47.791340,-15.801165,8,0,1,60
-42.598966,-22.862130,8,0,2,78
-59.990489,-3.140867,8,0,1,25
-49.010517,-26.899815,8,0,1,61
-43.168656,-19.645572,8,0,0,78
-52.229912,-23.546027,8,0,0,45
-49.010557,-26.899757,8,0,1,241
-38.956914,-12.307944,8,0,2,178
-40.514410,-20.645721,8,0,1,304
-42.600730,-22.862401,8,0,2,78
-46.184244,-23.555457,8,0,1,356
-48.830316,-26.902715,8,0,2,55
-39.525728,-5.941017,8,0,0,164
-52.465835,-23.632651,8,0,0,70
-46.184396,-23.554580,8,0,1,176
-39.100571,-16.425028,8,0,2,128
-48.842451,-27.263517,8,0,2,57
-42.601958,-22.862853,8,0,2,65
-46.557583,-23.633612,8,0,1,22
-46.841520,-17.205761,8,0,0,173
-49.017476,-28.380214,8,0,2,138
-52.463185,-23.631819,8,0,0,72
-50.067793,-23.036037,8,0,1,253
-41.940632,-22.048040,8,0,2,93
-47.813181,-15.752028,8,0,1,356
-39.378760,-6.192434,8,0,0,169
-48.889409,-26.996564,8,0,2,90
-48.735350,-26.887288,8,0,1,103
-44.346052,-4.367281,8,0,2,122
-52.149734,-23.501714,8,0,2,48
-49.320561,-25.460023,8,0,1,252
-42.159945,-22.068045,8,0,2,74
-46.488014,-23.879373,8,0,1,189
-42.204999,-22.477201,8,0,2,81
-39.221113,-6.258417,8,0,2,262
-47.297686,-19.349388,8,0,2,40
-47.440337,-4.926326,8,0,0,59
-52.147891,-23.500274,8,0,2,58
-46.380663,-23.544290,8,0,1,251
-43.444116,-20.397766,8,0,2,57
-47.888758,-23.038489,8,0,2,58
-42.202496,-22.476821,8,0,2,81
-60.000308,-3.084778,8,0,1,307
-56.227786,-15.357250,8,0,2,169
-47.375409,-6.349741,8,0,0,13
-52.231390,-23.547364,8,0,2,45
-42.133180,-19.779265,8,0,1,149
-43.811246,-19.979165,8,0,1,227
-47.887473,-23.037773,8,0,2,58
-42.201003,-22.476611,8,0,2,81
-49.086665,-26.790822,8,0,1,15
-39.128108,-12.662751,8,0,2,32
-46.569318,-23.630863,8,0,1,358
-39.725455,-17.557821,8,0,0,28
-43.822811,-19.892879,8,0,1,104
-43.811240,-19.979204,8,0,1,45
-47.886009,-23.036939,8,0,2,58
-42.201403,-22.476668,8,0,2,81
-54.467756,-16.609509,8,0,1,309
-56.228578,-15.353383,8,0,2,168
-48.907621,-26.991194,8,0,2,139
-39.726704,-17.560059,8,0,0,28
-39.287238,-6.372351,8,0,0,87
-43.810192,-19.978253,8,0,1,218
-47.890802,-23.039308,8,0,2,73
-42.199695,-22.476418,8,0,2,81
-54.467791,-16.609539,8,0,1,132
-56.512722,-12.746739,8,0,1,325
-46.556203,-23.618242,8,0,1,176
-39.957391,-18.299937,8,0,2,3
-39.455600,-6.087685,8,0,2,90
-43.810176,-19.978291,8,0,1,47
-47.892975,-23.039611,8,0,2,93
-42.203434,-22.476963,8,0,2,81
-54.470927,-16.606979,8,0,1,308
-56.512801,-12.746769,8,0,1,145
-49.343705,-26.880031,8,0,1,222
-39.957472,-18.302028,8,0,2,178
-46.555829,-23.646895,8,0,1,10
-43.809740,-19.977719,8,0,1,213
-47.896552,-23.039315,8,0,2,95
-42.770839,-5.158826,8,0,2,163
-54.470951,-16.607015,8,0,1,129
-56.513409,-12.745692,8,0,1,330
-49.343711,-26.880098,8,0,1,45
-39.863950,-18.680622,8,0,2,163
-39.291577,-6.372602,8,0,2,87
-43.809709,-19.977754,8,0,1,33
-44.403851,-20.389380,8,0,2,138
-42.794821,-5.147341,8,0,1,26
-54.474647,-16.604239,8,0,1,298
-56.513467,-12.745727,8,0,1,150
-52.702992,-26.906960,8,0,1,186
-39.862931,-18.684017,8,0,2,163
-48.864092,-27.039230,8,0,1,50
-43.809125,-19.976270,8,0,1,201
-44.342835,-20.389660,8,0,1,115
-42.796097,-5.133165,8,0,1,163
-54.474657,-16.604267,8,0,1,117
-56.518112,-12.738405,8,0,1,327
-52.742661,-26.721430,8,0,2,12
-39.959123,-18.904479,8,0,2,25
-35.232955,-7.095356,8,0,1,317
-43.809097,-19.976295,8,0,1,21
-44.342671,-20.389736,8,0,1,115
-42.781631,-5.116400,8,0,1,65
-45.613995,-23.027476,8,0,1,265
-56.518241,-12.738467,8,0,1,147
-38.878007,-12.375624,8,0,2,32
-40.095704,-19.201100,8,0,2,180
-35.469105,-6.887188,8,0,1,319
-43.807215,-19.968704,8,0,1,193
-44.342829,-20.389643,8,0,1,294
-42.781661,-5.116328,8,0,1,245
-45.603600,-23.026785,8,0,1,270
-42.248866,-21.977001,8,0,2,68
-52.830921,-26.447701,8,0,2,153
-40.095305,-19.205104,8,0,2,174
-35.413191,-6.958753,8,0,2,321
-43.807188,-19.968730,8,0,1,11
-44.342663,-20.389723,8,0,1,294
-42.781167,-5.116179,8,0,1,65
-45.605643,-23.027049,8,0,1,89
-46.523290,-22.579319,8,0,2,111
-52.833644,-26.444720,8,0,2,132
-40.095015,-19.207937,8,0,2,174
-35.308943,-7.057514,8,0,1,291
-43.811886,-19.979894,8,0,1,216
-44.339717,-20.390657,8,0,2,146
-42.781205,-5.116107,8,0,1,245
-54.645772,-16.490988,8,0,1,313
-46.516064,-22.587222,8,0,2,7
-52.837164,-26.441474,8,0,2,135
-40.067223,-19.335248,8,0,2,153
-35.308957,-7.057536,8,0,1,111
-43.811862,-19.979927,8,0,1,24
-41.947801,-18.894976,8,0,2,10
-42.772848,-5.112204,8,0,1,65
-45.632332,-23.040115,8,0,1,352
-46.516145,-22.587878,8,0,2,7
-52.858655,-26.352220,8,0,2,40
-40.063926,-19.353923,8,0,2,6
-47.167080,-23.534162,8,0,1,68
-43.807493,-19.970163,8,0,1,191
-47.132561,-23.649482,8,0,2,102
-42.772886,-5.112150,8,0,1,239
-45.632406,-23.040119,8,0,1,171
-46.516309,-22.589270,8,0,2,7
-52.695318,-26.240237,8,0,0,42
-40.359444,-19.730626,8,0,2,30
-47.168788,-23.534772,8,0,1,247
-43.807468,-19.970173,8,0,1,17
-47.133444,-23.649351,8,0,1,99
-42.771571,-5.111538,8,0,1,55
-45.619778,-23.030326,8,0,1,261
-46.523846,-22.602552,8,0,2,48
-52.687245,-26.196755,8,0,2,148
-40.369340,-19.829262,8,0,1,240
-47.168756,-23.534819,8,0,1,67
-43.443304,-20.397217,8,0,0,52
-44.404889,-22.934937,8,0,2,109
-42.771601,-5.111485,8,0,1,237
-45.622553,-23.030686,8,0,1,88
-46.530533,-22.611612,8,0,2,25
-52.689907,-26.188973,8,0,2,165
-39.958549,-18.903317,8,0,2,25
-35.239493,-7.085853,8,0,2,294
-43.437639,-20.395748,8,0,0,56
-44.412900,-21.243898,8,0,2,87
-42.760933,-5.090728,8,0,1,207
-45.625459,-23.030925,8,0,1,85
-46.531152,-22.613383,8,0,2,6
-52.698003,-26.160136,8,0,2,154
-52.702344,-26.267319,8,0,2,79
-35.243627,-7.083958,8,0,2,294
-43.436122,-20.394176,8,0,0,48
-46.182158,-22.282677,8,0,1,60
-42.760887,-5.090749,8,0,1,27
-45.625007,-23.030812,8,0,1,265
-46.533301,-22.619762,8,0,0,29
-52.819351,-25.952021,8,0,2,152
-60.159019,-12.733826,8,0,2,103
-47.187704,-23.536565,8,0,1,298
-43.224814,-19.682893,8,0,2,23
-46.184220,-22.283784,8,0,1,62
-41.610178,-4.395089,8,0,2,112
-45.631927,-23.042575,8,0,1,352
-46.534008,-22.621270,8,0,0,12
-52.829323,-25.930494,8,0,2,124
-60.529846,-13.118540,8,0,1,262
-47.187725,-23.536592,8,0,1,118
-43.226397,-19.684920,8,0,2,56
-46.182304,-22.282131,8,0,1,240
-42.181236,-4.836442,8,0,2,59
-54.619468,-16.508413,8,0,0,124
-46.542665,-22.901430,8,0,2,7
-52.980255,-25.816454,8,0,2,108
-60.544993,-13.133946,8,0,2,179
-35.245395,-7.083159,8,0,2,294
-45.385379,-22.483098,8,0,2,183
-41.981300,-18.845181,8,0,1,155
-41.624422,-4.389960,8,0,2,98
-46.402951,-23.637923,8,0,1,258
-46.543332,-22.903377,8,0,2,22
-53.037125,-25.791367,8,0,2,74
-60.545024,-13.135518,8,0,2,179
-35.315693,-7.054914,8,0,1,291
-45.735288,-22.702112,8,0,2,126
-41.981190,-18.845090,8,0,1,334
-42.177037,-4.839911,8,0,1,139
-45.632196,-23.040996,8,0,1,352
-46.544716,-22.965519,8,0,1,207
-52.812107,-25.986539,8,0,2,177
-52.567259,-25.981418,8,0,2,97
-35.315717,-7.054940,8,0,1,111
-45.385650,-22.483785,8,0,0,15
-41.979955,-18.847444,8,0,1,335
-41.775292,-3.051429,8,0,2,190
-46.402942,-23.637945,8,0,1,79
-42.367518,-22.022317,8,0,0,126
-49.277766,-16.599205,8,0,1,33
-52.570238,-25.980109,8,0,2,99
-35.318686,-7.053251,8,0,2,306
-44.004834,-20.314634,8,0,0,97
-41.980098,-18.847475,8,0,1,154
-42.173330,-4.839842,8,0,1,58
-46.793623,-23.208267,8,0,1,159
-48.766761,-27.265631,8,0,2,95
-52.568511,-26.007997,8,0,2,22
-52.574004,-25.978663,8,0,2,148
-35.321899,-7.050559,8,0,2,316
-45.728622,-22.706539,8,0,0,126
-43.816579,-20.556219,8,0,2,100
-41.775833,-3.054308,8,0,2,10
-46.792623,-23.210213,8,0,1,338
-52.303805,-27.150577,8,0,1,261
-52.561215,-26.001884,8,0,2,4
-52.563296,-25.983611,8,0,2,136
-35.456233,-6.905977,8,0,2,327
-45.731399,-22.704683,8,0,2,126
-43.817585,-20.556061,8,0,2,99
-41.776681,-3.058797,8,0,2,190
-46.204902,-23.509683,8,0,1,19
-49.011306,-26.612221,8,0,1,30
-52.561057,-26.000756,8,0,2,13
-52.556497,-25.989345,8,0,1,303
-35.456779,-6.905120,8,0,2,327
-45.733216,-22.703475,8,0,2,126
-44.083012,-20.924565,8,0,2,53
-42.168078,-4.835753,8,0,1,37
-46.204235,-23.509419,8,0,1,255
-56.881167,-21.737979,8,0,1,55
-43.616511,-19.328194,8,0,0,40
-54.243544,-24.085041,8,0,2,150
-35.457231,-6.904420,8,0,2,327
-42.135865,-22.025371,8,0,2,39
-44.080397,-20.921201,8,0,2,8
-41.489597,-2.962834,8,0,1,338
-46.201472,-23.509294,8,0,1,81
-56.881207,-21.737940,8,0,1,235
-43.620611,-19.332587,8,0,1,64
-51.905959,-27.374255,8,0,2,72
-35.457744,-6.903611,8,0,2,327
-42.135283,-22.024722,8,0,2,40
-44.079613,-20.919470,8,0,2,31
-42.163955,-4.830784,8,0,2,18
-46.200193,-23.508380,8,0,1,241
-56.879833,-21.736780,8,0,1,40
-43.631449,-19.336625,8,0,1,77
-51.904892,-27.373226,8,0,2,43
-35.476167,-6.879093,8,0,0,135
-44.086456,-19.765135,8,0,1,29
-44.077645,-20.918044,8,0,2,62
-41.491400,-2.958433,8,0,2,158
-46.193667,-23.503344,8,0,1,30
-56.879865,-21.736753,8,0,1,220
-43.631418,-19.336537,8,0,1,263
-51.903380,-27.371907,8,0,2,49
-35.489091,-6.868120,8,0,2,310
-44.085360,-19.764570,8,0,1,67
-43.854235,-20.564139,8,0,2,10
-42.162853,-4.828050,8,0,1,25
-46.186243,-23.499422,8,0,1,56
-57.878683,-21.698458,8,0,1,287
-43.916219,-19.565187,8,0,2,55
-51.901881,-27.370804,8,0,2,50
-35.491398,-6.866240,8,0,2,309
-42.134486,-22.023696,8,0,2,32
-43.939210,-20.621304,8,0,1,278
-41.252094,-3.076954,8,0,2,192
-46.183141,-23.499634,8,0,1,111
-57.878701,-21.698491,8,0,1,107
-43.918245,-19.571529,8,0,2,7
-51.900585,-27.369868,8,0,2,50
-35.493291,-6.864641,8,0,2,311
-42.133855,-22.023097,8,0,2,59
-43.955137,-20.627783,8,0,1,303
-41.256924,-3.078000,8,0,2,127
-46.181252,-23.500187,8,0,1,290
-56.158829,-21.480117,8,0,1,286
-43.625094,-19.335015,8,0,1,59
-51.907864,-27.374045,8,0,2,112
-35.495046,-6.862909,8,0,2,320
-44.084258,-19.764330,8,0,1,78
-43.955156,-20.627800,8,0,1,127
-41.973222,-4.558170,8,0,0,17
-46.162598,-23.501727,8,0,1,248
-56.158843,-21.480145,8,0,1,106
-43.626292,-19.335714,8,0,1,60
-51.778888,-27.404048,8,0,2,101
-35.496195,-6.859080,8,0,2,0
-44.083521,-19.763756,8,0,1,34
-44.059468,-20.738468,8,0,0,158
-40.142563,-3.314819,8,0,2,198
-46.137652,-23.477764,8,0,1,54
-49.176434,-17.632068,8,0,1,347
-54.656431,-22.217650,8,0,2,49
-51.778121,-27.404225,8,0,2,114
-43.902427,-19.777115,8,0,1,293
-43.480809,-20.300511,8,0,0,156
-44.058476,-20.740888,8,0,2,158
-40.122143,-3.229813,8,0,2,169
-46.137675,-23.477730,8,0,1,233
-56.152412,-21.481841,8,0,1,285
-54.655827,-22.217191,8,0,2,49
-51.775835,-27.404406,8,0,2,97
-43.902438,-19.777137,8,0,1,113
-44.003651,-20.314454,8,0,0,52
-44.073536,-20.912895,8,0,2,73
-40.122421,-3.228463,8,0,2,168
-46.136511,-23.476964,8,0,1,233
-56.152424,-21.481852,8,0,1,105
-54.653456,-22.215348,8,0,2,48
-51.773377,-27.405176,8,0,2,133
-43.904530,-19.777397,8,0,1,238
-39.466411,-6.100447,8,0,1,68
-44.075000,-20.913609,8,0,2,12
-40.121167,-3.226220,8,0,2,78
-46.136500,-23.476990,8,0,1,54
-56.142206,-21.482247,8,0,2,63
-54.652590,-22.214683,8,0,2,50
-51.773177,-27.406996,8,0,2,175
-45.449101,-23.884589,8,0,2,41
-39.467575,-6.100933,8,0,1,68
-44.075341,-20.915893,8,0,2,15
-40.082205,-3.224457,8,0,1,97
-46.131460,-23.473754,8,0,0,69
-56.134482,-21.472792,8,0,1,33
-54.649908,-22.213135,8,0,2,144
-51.772494,-27.409624,8,0,2,174
-45.448882,-23.884057,8,0,2,13
-39.266751,-5.913755,8,0,2,207
-43.952275,-20.628353,8,0,1,55
-39.915669,-3.270321,8,0,1,112
-46.131842,-23.473889,8,0,0,65
-56.134506,-21.472764,8,0,1,213
-54.648972,-22.214245,8,0,2,141
-54.243090,-24.079110,8,0,2,16
-45.448095,-23.883377,8,0,2,38
-39.248759,-5.879082,8,0,2,238
-43.952300,-20.628305,8,0,1,235
-39.513029,-3.308370,8,0,2,12
-46.026981,-23.365984,8,0,1,30
-56.132453,-21.469869,8,0,1,35
-52.678959,-28.059181,8,0,1,164
-54.242604,-24.077639,8,0,2,16
-45.435879,-23.871245,8,0,2,70
-39.246919,-5.877650,8,0,2,215
-43.950044,-20.626041,8,0,1,58
-41.972123,-4.554628,8,0,2,17
-46.025696,-23.364408,8,0,1,241
-56.132482,-21.469847,8,0,1,215
-52.679337,-28.058046,8,0,1,161
-40.580263,-19.531723,8,0,1,290
-45.435040,-23.870877,8,0,2,44
-39.247246,-5.802104,8,0,1,349
-43.948172,-20.624861,8,0,1,66
-39.513504,-3.310277,8,0,2,18
-48.936955,-16.258179,8,0,0,12
-55.635788,-12.614584,8,0,0,114
-52.680442,-28.055591,8,0,1,157
-40.580209,-19.531624,8,0,1,301
-45.434514,-23.870167,8,0,2,36
-39.244492,-5.794767,8,0,2,79
-43.948181,-20.624817,8,0,1,250
-41.971737,-4.553401,8,0,2,17
-47.076363,-23.655788,8,0,2,61
-55.638373,-12.613370,8,0,0,114
-54.809955,-22.259131,8,0,2,89
-54.013701,-24.479689,8,0,2,70
-45.430648,-23.865823,8,0,2,34
-39.243408,-5.807254,8,0,2,110
-43.945122,-20.624376,8,0,1,65
-40.265196,-3.808709,8,0,1,327
-47.078606,-23.656888,8,0,2,63
-55.710717,-12.572578,8,0,1,306
-54.821716,-22.259199,8,0,2,89
-54.012521,-24.479296,8,0,2,70
-45.425560,-23.862033,8,0,2,90
-39.246694,-5.798694,8,0,2,187
-43.945135,-20.624346,8,0,1,244
-40.269060,-3.803008,8,0,2,145
-48.864058,-27.039098,8,0,1,230
-55.926526,-13.068763,8,0,1,229
-54.825030,-22.259227,8,0,2,89
-53.958264,-24.469440,8,0,1,44
-45.416843,-23.859129,8,0,2,42
-45.172946,-22.800023,8,0,2,175
-43.942882,-20.623144,8,0,1,59
-41.945003,-4.464949,8,0,1,28
-54.334270,-20.485545,8,0,0,139
-51.115527,-29.381426,8,0,1,211
-53.604210,-28.672509,8,0,2,110
-53.958339,-24.469361,8,0,1,224
-45.415918,-23.858123,8,0,2,39
-44.074750,-19.754870,8,0,2,40
-43.942896,-20.623109,8,0,1,241
-39.905383,-3.274970,8,0,1,326
-52.906226,-20.448333,8,0,0,61
-51.115428,-29.381493,8,0,1,31
-53.630577,-28.649514,8,0,2,160
-53.952779,-24.464221,8,0,1,45
-45.415575,-23.857772,8,0,2,39
-44.074028,-19.754047,8,0,2,40
-43.937282,-20.622034,8,0,1,118
-40.276959,-3.792572,8,0,2,131
-52.907243,-20.448853,8,0,0,61
-51.117579,-29.382844,8,0,1,244
-53.630243,-28.650318,8,0,2,159
-53.952835,-24.464174,8,0,1,225
-45.413855,-23.855861,8,0,2,39
-44.076729,-19.757064,8,0,2,40
-43.937271,-20.622009,8,0,1,297
-41.941653,-4.458760,8,0,1,220
-52.804891,-20.481772,8,0,1,101
-51.117543,-29.382926,8,0,1,64
-45.773950,-22.262776,8,0,2,16
-51.908330,-27.432033,8,0,2,100
-45.412916,-23.854767,8,0,2,39
-44.075527,-19.755732,8,0,2,40
-43.951711,-20.627594,8,0,1,210
-41.940618,-4.457543,8,0,1,223
-52.804875,-20.481737,8,0,1,281
-51.106748,-29.372168,8,0,1,209
-49.322966,-16.373476,8,0,2,17
-51.906904,-27.431972,8,0,2,86
-45.405663,-23.845948,8,0,2,35
-42.025880,-22.841766,8,0,1,208
-43.927736,-20.617435,8,0,1,64
-41.937424,-4.454918,8,0,1,242
-52.806267,-20.481508,8,0,1,101
-51.106655,-29.372221,8,0,1,28
-49.277323,-16.598371,8,0,1,219
-51.905882,-27.431899,8,0,2,86
-45.405079,-23.845199,8,0,2,34
-42.025840,-22.841779,8,0,1,28
-43.927757,-20.617385,8,0,1,244
-41.564973,-4.091131,8,0,0,42
-52.806254,-20.481476,8,0,1,281
-45.781607,-22.358218,8,0,2,6
-45.784625,-22.351125,8,0,2,149
-52.827338,-25.931661,8,0,2,121
-45.404446,-23.844301,8,0,2,31
-42.022702,-22.840170,8,0,1,269
-43.939229,-20.621339,8,0,1,94
-41.563181,-4.089111,8,0,0,42
-54.333398,-20.486509,8,0,0,139
-45.777460,-22.364986,8,0,2,155
-49.315171,-16.372300,8,0,2,108
-52.905013,-25.883721,8,0,1,318
-45.390830,-23.830733,8,0,2,63
-42.022108,-22.840158,8,0,1,269
-46.930574,-19.585982,8,0,1,46
-41.561390,-4.087102,8,0,0,42
-50.371231,-20.642563,8,0,2,81
-56.491063,-15.236971,8,0,1,121
-49.313259,-16.372479,8,0,2,78
-52.905068,-25.883765,8,0,1,137
-45.390346,-23.830522,8,0,2,65
-42.019056,-22.838917,8,0,1,197
-46.929772,-19.585064,8,0,1,226
-41.441414,-4.001737,8,0,0,71
-52.156764,-20.710980,8,0,0,113
-56.491023,-15.236943,8,0,1,302
-48.899597,-26.995892,8,0,2,122
-52.906159,-25.882618,8,0,1,318
-45.375693,-23.822369,8,0,1,79
-42.016707,-22.836538,8,0,1,226
-43.346328,-19.836264,8,0,2,109
-41.261437,-3.938337,8,0,1,46
-52.157905,-20.710513,8,0,0,113
-56.726054,-15.145553,8,0,1,78
-53.953625,-27.712512,8,0,2,139
-52.907012,-25.881904,8,0,1,137
-45.375715,-23.822275,8,0,1,260
-42.015454,-22.835440,8,0,1,226
-43.183270,-19.838733,8,0,2,107
-41.259048,-3.935527,8,0,1,37
-50.367739,-20.642022,8,0,0,81
-56.726057,-15.145525,8,0,1,259
-53.973912,-27.702875,8,0,2,144
-52.907599,-25.881221,8,0,1,318
-45.374277,-23.821914,8,0,1,253
-42.009745,-22.831141,8,0,1,221
-43.179218,-19.839893,8,0,2,109
-40.277338,-3.792247,8,0,2,131
-46.944968,-21.356204,8,0,2,207
-48.948266,-26.930763,8,0,1,82
-53.964656,-27.704951,8,0,2,90
-52.908227,-25.880719,8,0,1,137
-45.374242,-23.822005,8,0,1,73
-42.007823,-22.829187,8,0,1,45
-43.348534,-19.835515,8,0,2,110
-40.900206,-18.766608,8,0,2,50
-46.946218,-21.358837,8,0,2,205
-47.898118,-15.657206,8,0,0,128
-53.960037,-27.706168,8,0,2,130
-52.910147,-25.878848,8,0,1,136
-45.373276,-23.821622,8,0,1,253
-42.006823,-22.828055,8,0,1,224
-42.759109,-19.605654,8,0,0,31
-40.899402,-18.765730,8,0,2,32
-46.946893,-21.361120,8,0,2,187
-47.897393,-15.657733,8,0,0,128
-48.793236,-26.976077,8,0,1,42
-52.910069,-25.878828,8,0,1,318
-45.373239,-23.821710,8,0,1,73
-42.006673,-22.828052,8,0,1,43
-43.751860,-21.197284,8,0,1,132
-40.896675,-18.762342,8,0,0,25
-53.927397,-29.643977,8,0,0,147
-35.475047,-6.880326,8,0,0,137
-42.865870,-20.745834,8,0,2,34
-53.057602,-25.764547,8,0,2,145
-45.370288,-23.820741,8,0,1,249
-42.004274,-22.826034,8,0,1,50
-43.751820,-21.197264,8,0,1,310
-40.893749,-18.729280,8,0,2,64
-48.907605,-27.099512,8,0,2,63
-55.814967,-10.180987,8,0,1,174
-43.905192,-19.860741,8,0,2,169
-53.343767,-25.646548,8,0,2,173
-45.370262,-23.820778,8,0,1,69
-42.002696,-22.824903,8,0,1,53
-49.197953,-25.379678,8,0,1,38
-40.894129,-18.730439,8,0,2,148
-48.906830,-27.099127,8,0,2,63
-55.814859,-10.180945,8,0,1,355
-48.934789,-26.910167,8,0,1,249
-53.346395,-25.628716,8,0,1,172
-45.350786,-23.759181,8,0,2,3
-43.956282,-20.627116,8,0,1,100
-39.247723,-5.878420,8,0,2,69
-40.889384,-18.747575,8,0,2,60
-48.895994,-27.083173,8,0,2,11
-55.815299,-10.178701,8,0,1,173
-45.350480,-23.757105,8,0,2,28
-53.346806,-25.624878,8,0,0,174
-43.904510,-19.777411,8,0,1,58
-42.711251,-18.523496,8,0,1,102
-39.196203,-5.684175,8,0,2,299
-40.890901,-18.748405,8,0,2,61
-48.895551,-27.082044,8,0,2,30
-55.815203,-10.178701,8,0,1,354
-48.029081,-15.873110,8,0,1,332
-53.347704,-25.618094,8,0,0,175
-49.160255,-26.822948,8,0,1,142
-42.709950,-18.523752,8,0,1,102
-39.010280,-5.733095,8,0,1,78
-40.891985,-18.748971,8,0,2,61
-48.892988,-27.080359,8,0,2,62
-47.651822,-15.630734,8,0,1,2
-49.315932,-16.372050,8,0,2,108
-53.386234,-25.594394,8,0,0,144
-47.189237,-23.535836,8,0,1,300
-44.500737,-20.640979,8,0,1,151
-39.102115,-6.002449,8,0,2,208
-40.893020,-18.749620,8,0,2,48
-48.890867,-27.079410,8,0,2,65
-47.673384,-15.596859,8,0,1,246
-49.283975,-16.622273,8,0,2,4
-53.439932,-25.565863,8,0,0,99
-47.189254,-23.535853,8,0,1,128
-43.032862,-19.072491,8,0,1,192
-39.099311,-6.011374,8,0,2,200
-40.893589,-18.750396,8,0,2,17
-48.886861,-27.074841,8,0,2,35
-52.858991,-27.073016,8,0,2,96
-42.801138,-22.903065,8,0,1,272
-53.441592,-25.565611,8,0,2,99
-48.478116,-1.369808,8,0,2,18
-43.032814,-19.072268,8,0,1,192
-39.100953,-6.045079,8,0,2,316
-40.890712,-18.760612,8,0,1,160
-48.878672,-27.064593,8,0,1,24
-52.864937,-27.072461,8,0,2,99
-42.801685,-22.903200,8,0,1,92
-54.211278,-24.560934,8,0,2,92
-46.753242,-23.161306,8,0,2,53
-43.032912,-19.072704,8,0,1,190
-49.098369,-16.489895,8,0,1,44
-40.887841,-18.760670,8,0,2,61
-48.878677,-27.064480,8,0,1,204
-52.990227,-27.073644,8,0,2,5
-44.268342,-21.140030,8,0,2,61
-54.207840,-24.561082,8,0,2,92
-46.755337,-23.162761,8,0,2,52
-43.032762,-19.072303,8,0,1,12
-49.097345,-16.488882,8,0,1,44
-40.886873,-18.759699,8,0,2,38
-48.869767,-27.043751,8,0,1,21
-53.002605,-27.086890,8,0,1,234
-45.683196,-19.782805,8,0,2,86
-54.086305,-24.556985,8,0,2,95
-46.721324,-23.101678,8,0,1,16
-44.061638,-20.669950,8,0,1,145
-44.987501,-21.264390,8,0,1,72
-40.885880,-18.758523,8,0,2,39
-48.868523,-27.042488,8,0,1,50
-53.154475,-27.074390,8,0,2,72
-47.086196,-20.315661,8,0,0,19
-53.492034,-25.542799,8,0,0,85
-46.722001,-23.103067,8,0,1,188
-43.032999,-19.073114,8,0,1,192
-44.987523,-21.264337,8,0,1,252
-40.884486,-18.756902,8,0,2,38
-42.703368,-22.942848,8,0,1,77
-47.959474,-18.129492,8,0,1,332
-47.106224,-20.312989,8,0,2,101
-54.145453,-24.560216,8,0,2,84
-46.719663,-23.097057,8,0,1,35
-43.032948,-19.073139,8,0,1,12
-44.984705,-21.265005,8,0,0,128
-40.880736,-18.755643,8,0,2,106
-42.703374,-22.942808,8,0,1,257
-47.959788,-18.129087,8,0,1,152
-47.108772,-20.311533,8,0,2,125
-53.496523,-25.543244,8,0,0,84
-46.719695,-23.097033,8,0,1,215
-44.270761,-20.655847,8,0,1,115
-45.008763,-21.262400,8,0,0,156
-43.831417,-20.024266,8,0,2,112
-42.702341,-22.943006,8,0,1,144
-54.400761,-15.843008,8,0,1,333
-47.108283,-20.312038,8,0,2,129
-54.146693,-24.560329,8,0,2,84
-46.717327,-23.093129,8,0,1,12
-44.273825,-20.654204,8,0,1,309
-45.004677,-21.265135,8,0,0,74
-43.830297,-20.024622,8,0,2,274
-42.702303,-22.942976,8,0,1,324
-54.400794,-15.843022,8,0,1,153
-47.107525,-20.312664,8,0,1,129
-53.496986,-25.543130,8,0,0,136
-46.717372,-23.093115,8,0,1,192
-44.273838,-20.654227,8,0,1,118
-41.987687,-18.673618,8,0,1,31
-44.167049,-19.828240,8,0,1,326
-42.699635,-22.943784,8,0,1,109
-55.735911,-22.530165,8,0,1,154
-45.088436,-23.436827,8,0,1,38
-53.489114,-25.542570,8,0,0,85
-42.187360,-20.271075,8,0,2,67
-44.065210,-20.659370,8,0,1,293
-41.987721,-18.673587,8,0,1,210
-44.167339,-19.827828,8,0,1,326
-42.699610,-22.943749,8,0,1,289
-55.735873,-22.530146,8,0,1,334
-45.088481,-23.436797,8,0,1,218
-54.263621,-24.548072,8,0,2,122
-47.190143,-23.534335,8,0,2,168
-44.065224,-20.659400,8,0,1,113
-41.984327,-18.670739,8,0,1,234
-44.316527,-19.943863,8,0,2,89
-42.698133,-22.944310,8,0,1,92
-55.735565,-22.530750,8,0,1,154
-46.335492,-23.514413,8,0,1,314
-54.265507,-24.546989,8,0,2,120
-47.191002,-23.533023,8,0,2,132
-44.064531,-20.659864,8,0,1,329
-41.984303,-18.670752,8,0,1,54
-43.822628,-20.043294,8,0,2,161
-42.698130,-22.944273,8,0,1,272
-55.735530,-22.530732,8,0,1,334
-46.335221,-23.514780,8,0,1,134
-54.225995,-24.627299,8,0,2,24
-47.085146,-23.555403,8,0,1,297
-44.064564,-20.659884,8,0,1,149
-41.985844,-18.671808,8,0,1,53
-43.821994,-20.045095,8,0,2,161
-42.690783,-22.947738,8,0,1,96
-54.536075,-22.367367,8,0,1,295
-46.341588,-23.508936,8,0,1,315
-54.224164,-24.623672,8,0,2,24
-47.085186,-23.555478,8,0,1,117
-44.063761,-20.664675,8,0,2,171
-41.985868,-18.671775,8,0,1,234
-44.273821,-19.940490,8,0,1,326
-42.690778,-22.947711,8,0,1,276
-54.536097,-22.367411,8,0,1,113
-49.284033,-16.623360,8,0,1,4
-54.243321,-24.705322,8,0,2,8
-42.139195,-19.977477,8,0,2,39
-44.063525,-20.665681,8,0,2,169
-46.923804,-19.657073,8,0,1,339
-44.273923,-19.939162,8,0,1,5
-42.687808,-22.946542,8,0,1,41
-54.610278,-22.287282,8,0,0,140
-49.322461,-16.371941,8,0,2,19
-59.798791,-13.638005,8,0,0,166
-42.140938,-19.979536,8,0,2,41
-44.062084,-20.669147,8,0,1,326
-46.923877,-19.657078,8,0,1,160
-44.211468,-19.970605,8,0,2,287
-42.687843,-22.946530,8,0,1,221
-43.316380,-22.927207,8,0,1,53
-47.075871,-20.304035,8,0,2,93
-59.793323,-13.662464,8,0,2,169
-53.453244,-29.571282,8,0,2,148
-44.062117,-20.669160,8,0,1,156
-46.924329,-19.655685,8,0,1,339
-44.232406,-19.949416,8,0,1,310
-42.685041,-22.944006,8,0,1,44
-43.313729,-22.924235,8,0,1,239
-47.074665,-20.303922,8,0,2,82
-54.234507,-24.778711,8,0,0,12
-53.454968,-29.568996,8,0,2,148
-44.432827,-20.632428,8,0,1,69
-46.924447,-19.655701,8,0,1,160
-44.233382,-19.948152,8,0,1,339
-42.685076,-22.943968,8,0,1,224
-48.288995,-1.337468,8,0,1,201
-47.069062,-20.294184,8,0,2,56
-59.792917,-13.664246,8,0,2,169
-53.444126,-29.610177,8,0,2,28
-44.431880,-20.632057,8,0,1,251
-46.941636,-19.612529,8,0,1,21
-44.233343,-19.946077,8,0,1,8
-42.675849,-22.937415,8,0,1,65
-48.288959,-1.337476,8,0,1,21
-47.069019,-20.293062,8,0,2,156
-54.239625,-24.777828,8,0,2,100
-53.448247,-29.616850,8,0,2,28
-44.491572,-20.648884,8,0,1,251
-46.941238,-19.615927,8,0,1,328
-44.233113,-19.944532,8,0,1,8
-42.675865,-22.937388,8,0,1,245
-48.284850,-1.326369,8,0,1,171
-47.069695,-20.291276,8,0,2,179
-59.590919,-14.474527,8,0,2,133
-53.431605,-29.589177,8,0,2,151
-44.491561,-20.648912,8,0,1,75
-43.812320,-19.703990,8,0,1,44
-44.271024,-19.943118,8,0,1,268
-42.674556,-22.936272,8,0,1,30
-48.284810,-1.326371,8,0,1,351
-43.318744,-21.823787,8,0,0,23
-54.330417,-24.837228,8,0,2,173
-53.435429,-29.585298,8,0,2,134
-44.496674,-20.648169,8,0,1,287
-43.812352,-19.703972,8,0,1,224
-44.271290,-19.943152,8,0,1,88
-42.674612,-22.936247,8,0,1,210
-48.284803,-1.326883,8,0,1,180
-46.907242,-17.977721,8,0,2,21
-54.325505,-24.848654,8,0,2,174
-49.919500,-22.238687,8,0,2,7
-44.496684,-20.648196,8,0,1,112
-52.867122,-28.633151,8,0,1,160
-44.216597,-19.966416,8,0,1,131
-42.597987,-22.902701,8,0,1,18
-48.284763,-1.326881,8,0,1,359
-46.990757,-17.935222,8,0,1,83
-59.543745,-14.542874,8,0,2,162
-49.919719,-22.240392,8,0,2,7
-44.499155,-20.645644,8,0,1,349
-52.867017,-28.633160,8,0,1,340
-44.215861,-19.966912,8,0,1,307
-42.598035,-22.902686,8,0,1,198
-48.298261,-1.310785,8,0,1,81
-46.990754,-17.935166,8,0,1,263
-59.547596,-14.537266,8,0,2,134
-49.919661,-22.239934,8,0,2,7
-44.499192,-20.645641,8,0,1,184
-46.332227,-23.658036,8,0,1,73
-44.268034,-19.942978,8,0,1,268
-42.597772,-22.901329,8,0,1,1
-48.298245,-1.310758,8,0,1,261
-46.804390,-18.183792,8,0,2,98
-54.234447,-25.006666,8,0,0,177
-49.175272,-28.324199,8,0,2,67
-47.704184,-22.438610,8,0,1,223
-46.366262,-23.682372,8,0,1,251
-44.223943,-19.956549,8,0,1,151
-42.597802,-22.901322,8,0,1,181
-63.716439,-8.798462,8,0,1,240
-46.428032,-18.421414,8,0,1,173
-54.248379,-25.037812,8,0,0,12
-49.177288,-28.325823,8,0,2,44
-47.704130,-22.438667,8,0,1,34
-46.367363,-23.682703,8,0,1,251
-44.223648,-19.957020,8,0,1,341
-45.631991,-23.042587,8,0,1,172
-63.099318,-9.481984,8,0,1,324
-46.427981,-18.421409,8,0,1,353
-54.247553,-25.035683,8,0,1,44
-49.179027,-28.327433,8,0,2,44
-47.705972,-22.440466,8,0,1,216
-46.366249,-23.682406,8,0,1,71
-43.823092,-20.041483,8,0,2,180
-48.948389,-16.377476,8,0,1,40
-63.099420,-9.482000,8,0,1,144
-54.744644,-17.589853,8,0,1,191
-54.247607,-25.035616,8,0,1,224
-49.179992,-28.328297,8,0,2,52
-47.705926,-22.440503,8,0,1,44
-46.367339,-23.682753,8,0,1,71
-39.315028,-6.497800,8,0,2,195
-49.937734,-27.256385,8,0,2,102
-62.398641,-10.522111,8,0,1,260
-54.745187,-17.592749,8,0,1,11
-54.246553,-25.034761,8,0,1,44
-49.160088,-28.323083,8,0,0,85
-42.022697,-22.840212,8,0,1,88
-46.323947,-23.635460,8,0,1,163
-44.269954,-19.943059,8,0,1,268
-53.423819,-24.966413,8,0,1,240
-62.398633,-10.522151,8,0,1,80
-54.742356,-17.578378,8,0,2,10
-54.246614,-25.034669,8,0,1,224
-49.154586,-28.287357,8,0,1,138
-42.022105,-22.840212,8,0,1,89
-46.324200,-23.634702,8,0,1,163
-44.269318,-19.943029,8,0,1,268
-42.089206,-20.713670,8,0,1,244
-62.185181,-10.739858,8,0,1,308
-37.127591,-10.904099,8,0,1,106
-54.244179,-25.032547,8,0,1,44
-49.154559,-28.287336,8,0,1,318
-42.019013,-22.838924,8,0,1,18
-46.323878,-23.635448,8,0,1,341
-42.257808,-21.994105,8,0,0,27
-42.090901,-20.714473,8,0,1,78
-62.397035,-10.535344,8,0,1,325
-37.126869,-10.904208,8,0,1,286
-54.244253,-25.032469,8,0,1,224
-42.458366,-21.745418,8,0,1,70
-42.016671,-22.836561,8,0,1,46
-46.324134,-23.634682,8,0,1,343
-42.256480,-21.991215,8,0,2,19
-45.057428,-22.116176,8,0,1,262
-62.187227,-10.738298,8,0,1,308
-45.074181,-23.482402,8,0,2,15
-54.236865,-24.780105,8,0,0,142
-42.458388,-21.745376,8,0,1,250
-42.015427,-22.835458,8,0,1,46
-46.352393,-23.678055,8,0,2,45
-42.255248,-21.989104,8,0,2,34
-45.061363,-22.116703,8,0,2,82
-63.103369,-9.476927,8,0,1,25
-50.573954,-25.033787,8,0,2,133
-53.978603,-25.242667,8,0,1,263
-42.597513,-21.815558,8,0,2,359
-42.009711,-22.831163,8,0,1,38
-46.351875,-23.677519,8,0,1,220
-42.251735,-21.980147,8,0,2,35
-45.632252,-23.041014,8,0,1,173
-40.531995,-9.381148,8,0,1,314
-50.577695,-25.030792,8,0,1,130
-54.247662,-25.339055,8,0,2,150
-42.599916,-21.817971,8,0,2,85
-42.024423,-22.840273,8,0,1,79
-46.351826,-23.677558,8,0,1,45
-42.250883,-21.979010,8,0,2,35
-48.860579,-27.036532,8,0,1,231
-40.534913,-9.378274,8,0,1,309
-50.578591,-25.030034,8,0,1,133
-54.228735,-25.242683,8,0,2,31
-42.610066,-21.836934,8,0,2,64
-43.956277,-20.627077,8,0,1,275
-46.351335,-23.676972,8,0,2,39
-41.986964,-21.736005,8,0,1,39
-48.861331,-27.037102,8,0,1,231
-54.608466,-16.481901,8,0,1,82
-50.583579,-25.025868,8,0,1,133
-54.227187,-25.240475,8,0,2,31
-42.613239,-21.838301,8,0,2,73
-44.500697,-20.640959,8,0,1,330
-46.350837,-23.676407,8,0,2,39
-42.175160,-21.548576,8,0,2,52
-49.079199,-16.616247,8,0,2,101
-46.646223,-22.520545,8,0,2,48
-50.585073,-25.024607,8,0,1,133
-54.226454,-25.239374,8,0,2,30
-42.616195,-21.838572,8,0,2,88
-43.032859,-19.072707,8,0,1,12
-39.877845,-6.133152,8,0,1,265
-42.259301,-21.996802,8,0,2,34
-48.949624,-17.034868,8,0,1,24
-46.635685,-22.481625,8,0,1,6
-50.586766,-25.023167,8,0,2,133
-54.236801,-25.139159,8,0,0,160
-42.662815,-21.859422,8,0,2,66
-43.032809,-19.072490,8,0,1,12
-43.791659,-19.611733,8,0,1,16
-42.160800,-22.068232,8,0,2,70
-54.648444,-16.486504,8,0,1,157
-46.635744,-22.481619,8,0,1,186
-50.587765,-25.022335,8,0,2,133
-54.255743,-24.959505,8,0,2,2
-49.175015,-28.278125,8,0,2,118
-44.061576,-20.669918,8,0,1,326
-43.791696,-19.611723,8,0,1,196
-42.159397,-22.067601,8,0,2,33
-54.647837,-16.487556,8,0,1,339
-46.632762,-22.479835,8,0,1,31
-50.651253,-25.007579,8,0,2,115
-54.325486,-24.849387,8,0,0,1
-50.372460,-16.528524,8,0,1,106
-44.270742,-20.655810,8,0,1,301
-43.791862,-19.612248,8,0,1,195
-42.260225,-22.223951,8,0,2,67
-34.983881,-6.978640,8,0,2,47
-46.632823,-22.479824,8,0,1,211
-50.651834,-25.007298,8,0,2,116
-54.264853,-24.959548,8,0,1,112
-42.462535,-21.746126,8,0,1,93
-42.903451,-20.383679,8,0,2,88
-43.791822,-19.612251,8,0,1,13
-42.669372,-21.870155,8,0,2,124
-34.982513,-6.977571,8,0,2,236
-46.632711,-22.479003,8,0,1,346
-50.681474,-25.016230,8,0,0,73
-54.326397,-24.852316,8,0,2,199
-42.462529,-21.746103,8,0,1,273
-45.321612,-23.578327,8,0,2,73
-46.323366,-23.645328,8,0,1,32
-42.668557,-21.870764,8,0,2,144
-34.830132,-6.981033,8,0,2,164
-46.632767,-22.479026,8,0,1,166
-43.295781,-21.776430,8,0,2,67
-54.264806,-24.959509,8,0,1,289
-49.070452,-28.326771,8,0,2,104
-45.322753,-23.578656,8,0,2,69
-39.877845,-6.133173,8,0,1,85
-41.937168,-22.049279,8,0,2,116
-41.955845,-20.441777,8,0,0,147
-46.631673,-22.476698,8,0,1,36
-43.293492,-21.774420,8,0,1,37
-54.263376,-24.960107,8,0,1,107
-45.795754,-23.146751,8,0,1,31
-45.325906,-23.580606,8,0,2,43
-48.595700,-27.158370,8,0,2,72
-41.938011,-22.048868,8,0,2,116
-41.955179,-20.443027,8,0,2,170
-46.631718,-22.476674,8,0,1,216
-43.293570,-21.774358,8,0,1,219
-54.256433,-24.958994,8,0,2,77
-45.795814,-23.146716,8,0,1,211
-45.326734,-23.581550,8,0,2,35
-41.951257,-20.348897,8,0,0,144
-41.939431,-22.048226,8,0,2,110
-41.955430,-20.444424,8,0,2,18
-46.629841,-22.475330,8,0,1,21
-51.133268,-27.020603,8,0,2,182
-59.322008,-15.174014,8,0,2,25
-49.376152,-28.389597,8,0,2,76
-45.331131,-23.586545,8,0,2,45
-39.877239,-6.133264,8,0,1,285
-41.943596,-22.046367,8,0,2,129
-41.956513,-20.446971,8,0,2,36
-46.629894,-22.475319,8,0,1,201
-51.133391,-27.021279,8,0,1,15
-59.317556,-15.233860,8,0,2,166
-49.034719,-28.329487,8,0,2,103
-45.332736,-23.588044,8,0,2,46
-39.877247,-6.133287,8,0,1,102
-41.944487,-22.045736,8,0,2,129
-41.955647,-20.427915,8,0,0,26
-46.605491,-22.471081,8,0,2,138
-51.133786,-27.022086,8,0,1,201
-59.317719,-15.233055,8,0,2,169
-49.026721,-28.452094,8,0,1,13
-45.348845,-23.603561,8,0,2,100
-46.317210,-23.619630,8,0,1,225
-42.158920,-22.066851,8,0,2,31
-41.959780,-20.431506,8,0,2,3
-46.577035,-22.441659,8,0,2,16
-51.142891,-27.024519,8,0,2,61
-54.263329,-24.960060,8,0,1,287
-49.026777,-28.452084,8,0,1,193
-45.351405,-23.603116,8,0,2,100
-46.300260,-23.560274,8,0,1,12
-43.903037,-20.000876,8,0,1,328
-41.956716,-20.429228,8,0,2,33
-46.576796,-22.440664,8,0,2,3
-51.145974,-27.026205,8,0,2,59
-54.254767,-25.090446,8,0,2,149
-49.033307,-28.334833,8,0,2,8
-44.416712,-18.750152,8,0,2,21
-46.300311,-23.560264,8,0,1,192
-43.903520,-20.000418,8,0,1,149
-41.958010,-20.429922,8,0,2,70
-46.574984,-22.433629,8,0,2,17
-51.147516,-27.027143,8,0,2,44
-53.834409,-24.300291,8,0,1,344
-49.176138,-28.265198,8,0,2,17
-44.420026,-18.758277,8,0,2,21
-43.710488,-22.634675,8,0,1,17
-43.859145,-20.002535,8,0,2,162
-41.959274,-20.430372,8,0,2,70
-46.571151,-22.425123,8,0,2,49
-51.219461,-27.048709,8,0,2,96
-53.834516,-24.300312,8,0,1,164
-49.027468,-28.456678,8,0,1,343
-44.422709,-18.764405,8,0,2,31
-43.710531,-22.634653,8,0,1,197
-43.858733,-20.004198,8,0,2,184
-46.714129,-21.932881,8,0,0,85
-46.569848,-22.424695,8,0,2,88
-51.221164,-27.048180,8,0,2,118
-58.344912,-15.810749,8,0,2,97
-49.027543,-28.456694,8,0,1,153
-44.426304,-18.767915,8,0,2,54
-43.708696,-22.629543,8,0,1,20
-43.859129,-20.005556,8,0,2,186
-43.810890,-20.644827,8,0,2,150
-40.280125,-12.519681,8,0,2,115
-51.229221,-27.054903,8,0,1,145
-58.343259,-15.810927,8,0,2,97
-49.025376,-28.446703,8,0,1,10
-44.428533,-18.769418,8,0,2,55
-43.708747,-22.629528,8,0,1,200
-43.845407,-19.998058,8,0,2,359
-48.171723,-15.779200,8,0,0,31
-48.398846,-16.118304,8,0,1,258
-51.227659,-27.056606,8,0,1,121
-53.840384,-24.065573,8,0,1,196
-49.025385,-28.446500,8,0,1,190
-44.438376,-18.776063,8,0,1,55
-48.062618,-16.040683,8,0,2,124
-43.794000,-20.086561,8,0,2,273
-48.171235,-15.778419,8,0,0,31
-48.401590,-16.119861,8,0,1,72
-51.226380,-27.057032,8,0,1,229
-53.842314,-24.071887,8,0,1,15
-49.023929,-28.441024,8,0,1,12
-44.438399,-18.776008,8,0,1,235
-48.063779,-16.039950,8,0,2,123
-43.844703,-19.996124,8,0,2,45
-48.167549,-15.766479,8,0,0,0
-48.894164,-16.335012,8,0,1,238
-51.245826,-27.094084,8,0,1,206
-53.842613,-24.072400,8,0,1,196
-49.175866,-28.266754,8,0,1,318
-44.433719,-18.772928,8,0,1,55
-44.232431,-19.949447,8,0,1,130
-43.895224,-19.775624,8,0,2,55
-48.167550,-15.765751,8,0,0,0
-48.896140,-16.336656,8,0,1,223
-51.249285,-27.097981,8,0,2,22
-53.842848,-24.073104,8,0,1,196
-49.176047,-28.266620,8,0,1,138
-44.433750,-18.772874,8,0,1,235
-44.233401,-19.948152,8,0,1,162
-43.789410,-19.875995,8,0,1,244
-48.167674,-15.741630,8,0,2,0
-48.712987,-16.189714,8,0,1,110
-51.246453,-27.103258,8,0,2,100
-53.841203,-24.068507,8,0,1,16
-46.572806,-23.638812,8,0,1,270
-43.608734,-18.233681,8,0,2,172
-44.233377,-19.946067,8,0,1,187
-43.792243,-19.876121,8,0,1,237
-48.167682,-15.741000,8,0,2,0
-48.711617,-16.189848,8,0,1,291
-51.243829,-27.103196,8,0,1,61
-53.863756,-24.164260,8,0,0,179
-55.480996,-22.743265,8,0,1,288
-44.040956,-18.636299,8,0,2,58
-44.233139,-19.944525,8,0,1,187
-43.795415,-19.878278,8,0,2,247
-48.167703,-15.737693,8,0,2,0
-48.709196,-16.191070,8,0,1,110
-51.237972,-27.101801,8,0,0,85
-53.863815,-24.161832,8,0,0,179
-55.487616,-22.741197,8,0,1,108
-43.738616,-18.446180,8,0,2,28
-42.010341,-20.901950,8,0,1,346
-43.798698,-19.886107,8,0,2,227
-48.205572,-15.687057,8,0,1,22
-48.709049,-16.190800,8,0,1,290
-51.236659,-27.110771,8,0,1,157
-53.863785,-24.163014,8,0,0,179
-55.481012,-22.743302,8,0,1,108
-43.739735,-18.448166,8,0,2,27
-42.010086,-20.903298,8,0,1,358
-43.804450,-19.889053,8,0,1,219
-48.218371,-15.501219,8,0,1,280
-48.706163,-16.191419,8,0,1,273
-51.238964,-27.183039,8,0,0,154
-53.857632,-24.140283,8,0,0,24
-55.487605,-22.741162,8,0,1,288
-43.745217,-18.453706,8,0,2,8
-49.320614,-25.460088,8,0,1,72
-43.804599,-19.889287,8,0,1,47
-48.218376,-15.501247,8,0,1,107
-49.013796,-16.327432,8,0,2,112
-51.251357,-27.103022,8,0,1,137
-53.857415,-24.138922,8,0,0,21
-55.624390,-22.633231,8,0,1,355
-43.609357,-18.235216,8,0,2,57
-35.890601,-7.292219,8,0,1,10
-43.806380,-19.892733,8,0,1,189
-48.223841,-15.361910,8,0,1,331
-48.784780,-16.599898,8,0,2,177
-51.362779,-27.091912,8,0,1,298
-53.325204,-23.811533,8,0,0,49
-55.624425,-22.633235,8,0,1,175
-44.037983,-18.635230,8,0,2,82
-35.890633,-7.292213,8,0,1,190
-43.806693,-19.892892,8,0,1,273
-48.223865,-15.361921,8,0,1,142
-48.784950,-16.596830,8,0,2,176
-51.364113,-27.091782,8,0,2,84
-53.315785,-23.792481,8,0,2,13
-55.626277,-22.626713,8,0,1,322
-44.355643,-18.729178,8,0,2,42
-36.079591,-7.738324,8,0,1,27
-43.792206,-19.876180,8,0,1,57
-46.872467,-23.215958,8,0,1,166
-54.887901,-16.046581,8,0,1,337
-51.364276,-27.091668,8,0,2,164
-53.317258,-23.797939,8,0,0,13
-55.626307,-22.626730,8,0,1,142
-44.359723,-18.732305,8,0,2,64
-36.079647,-7.738295,8,0,1,209
-43.789367,-19.876084,8,0,1,64
-46.872410,-23.215922,8,0,1,347
-42.677531,-20.221538,8,0,0,35
-51.365381,-27.090003,8,0,2,115
-53.328688,-23.814314,8,0,0,49
-53.071017,-26.077764,8,0,1,156
-44.366246,-18.734130,8,0,2,75
-35.889846,-7.287782,8,0,1,190
-43.874074,-19.875514,8,0,1,106
-46.835290,-23.258610,8,0,1,335
-43.849512,-16.812686,8,0,0,15
-51.367797,-27.089610,8,0,2,102
-53.273110,-23.777483,8,0,1,271
-53.070073,-26.079754,8,0,1,351
-44.369216,-18.734858,8,0,2,76
-35.892566,-7.302988,8,0,2,10
-43.873604,-19.875625,8,0,1,106
-46.835333,-23.258627,8,0,1,155
-43.849183,-16.811481,8,0,0,15
-51.364396,-27.092737,8,0,2,23
-54.040932,-24.568380,8,0,1,270
-42.867759,-15.142606,8,0,0,179
-43.611383,-18.239279,8,0,2,82
-35.889630,-7.286423,8,0,1,187
-43.830630,-19.889580,8,0,1,102
-46.836047,-23.256005,8,0,1,3
-62.483513,-10.429935,8,0,1,123
-51.367183,-27.094206,8,0,2,43
-54.303782,-24.934568,8,0,2,172
-42.867744,-15.143466,8,0,0,179
-43.610303,-18.237375,8,0,2,168
-35.898322,-7.335743,8,0,1,190
-43.829979,-19.889675,8,0,1,290
-46.836098,-23.256000,8,0,1,183
-49.297995,-25.238858,8,0,2,174
-51.457514,-27.131106,8,0,2,70
-54.047300,-24.567495,8,0,1,287
-42.864670,-15.148253,8,0,2,119
-43.610273,-18.236130,8,0,2,21
-35.900189,-7.346355,8,0,1,190
-43.808727,-19.892303,8,0,2,71
-46.848343,-23.245271,8,0,1,276
-51.078711,-18.511621,8,0,1,48
-51.464252,-27.132205,8,0,2,86
-53.313602,-23.788395,8,0,1,220
-42.863120,-15.149089,8,0,0,119
-43.971050,-21.175191,8,0,1,284
-35.901629,-7.365077,8,0,1,149
-44.003929,-19.802664,8,0,2,107
-46.848352,-23.245327,8,0,1,96
-51.078735,-18.511602,8,0,1,228
-51.659350,-27.066472,8,0,1,287
-53.587429,-23.941239,8,0,2,40
-42.866079,-15.158304,8,0,1,214
-43.973915,-21.175126,8,0,1,101
-35.895721,-7.415741,8,0,1,175
-44.008091,-19.801131,8,0,1,107
-46.849778,-23.244829,8,0,1,296
-51.076731,-18.509939,8,0,1,48
-51.659725,-27.066452,8,0,1,106
-53.874131,-25.070713,8,0,1,337
-42.866025,-15.158324,8,0,1,34
-67.699549,-10.013369,8,0,1,91
-35.951635,-7.493384,8,0,2,219
-44.013313,-19.799100,8,0,1,274
-46.849803,-23.244874,8,0,1,116
-51.076755,-18.509915,8,0,1,228
-51.650246,-27.065003,8,0,2,36
-53.511482,-23.897811,8,0,0,62
-42.868836,-15.161276,8,0,1,243
-67.699530,-10.013339,8,0,1,271
-36.062640,-7.703488,8,0,2,188
-44.013306,-19.799167,8,0,1,84
-46.854749,-23.241640,8,0,1,337
-53.239097,-27.176549,8,0,0,87
-51.644486,-27.062280,8,0,2,43
-54.047720,-24.567504,8,0,1,107
-42.868804,-15.161307,8,0,1,63
-67.698787,-10.013384,8,0,1,91
-35.898285,-7.335745,8,0,1,10
-44.054063,-19.800367,8,0,1,310
-46.854786,-23.241658,8,0,1,157
-40.371007,-14.518239,8,0,2,43
-51.559033,-27.025429,8,0,2,37
-53.588114,-23.941995,8,0,2,39
-42.870370,-15.162052,8,0,1,238
-67.698763,-10.013353,8,0,1,272
-35.900152,-7.346357,8,0,1,10
-44.023827,-19.800981,8,0,1,242
-46.870223,-23.220201,8,0,1,2
-46.186499,-23.561700,8,0,1,198
-51.557478,-27.009140,8,0,2,8
-53.313258,-25.774211,8,0,1,162
-42.870349,-15.162094,8,0,1,58
-63.780445,-8.800561,8,0,1,91
-35.901588,-7.365068,8,0,1,329
-44.025413,-19.802033,8,0,1,42
-46.870285,-23.220193,8,0,1,182
-45.839242,-23.755006,8,0,2,93
-51.556429,-27.002342,8,0,2,3
-53.313148,-25.774199,8,0,1,341
-53.030046,-26.141603,8,0,2,138
-63.778472,-8.800502,8,0,1,271
-35.895686,-7.415738,8,0,1,355
-44.026822,-19.803260,8,0,1,220
-46.872910,-23.210947,8,0,1,353
-45.839935,-23.754989,8,0,2,93
-51.556471,-27.000231,8,0,2,179
-54.225350,-24.626038,8,0,2,205
-53.025806,-26.145946,8,0,2,139
-63.711745,-8.797951,8,0,1,95
-44.268030,-19.942996,8,0,1,88
-44.028105,-19.804630,8,0,1,220
-46.876211,-23.208035,8,0,1,300
-61.901678,-11.200723,8,0,0,1
-51.555407,-26.995933,8,0,1,16
-53.309206,-23.783588,8,0,1,38
-55.746190,-22.384064,8,0,1,36
-63.711330,-8.797903,8,0,1,275
-44.269319,-19.943044,8,0,1,88
-44.052996,-19.801216,8,0,1,310
-46.876236,-23.208074,8,0,1,120
-61.901619,-11.194267,8,0,2,1
-51.555454,-26.995910,8,0,1,196
-53.294605,-23.778017,8,0,1,273
-55.746257,-22.383511,8,0,1,254
-44.228956,-21.145767,8,0,2,79
-44.269952,-19.943071,8,0,1,88
-41.409770,-21.829618,8,0,0,54
-36.025783,-9.171764,8,0,1,225
-39.129080,-14.801184,8,0,0,64
-51.553232,-26.988908,8,0,2,158
-53.294615,-23.778100,8,0,1,93
-43.762519,-21.062853,8,0,2,25
-44.228523,-21.145688,8,0,2,79
-44.271019,-19.943134,8,0,1,88
-41.408396,-21.828667,8,0,0,54
-36.025757,-9.171791,8,0,1,45
-41.502652,-16.579847,8,0,0,162
-51.553889,-26.981837,8,0,2,141
-53.879064,-25.059530,8,0,1,339
-43.761832,-21.061381,8,0,2,14
-44.226514,-21.145334,8,0,2,79
-44.271286,-19.943138,8,0,1,268
-41.397686,-21.816472,8,0,2,41
-36.026060,-9.171999,8,0,1,225
-41.501939,-16.581954,8,0,0,162
-51.552376,-26.998392,8,0,2,68
-53.854492,-24.938871,8,0,2,8
-42.648422,-21.519621,8,0,0,77
-44.225862,-21.145222,8,0,2,79
-48.592698,-27.157545,8,0,2,72
-41.396872,-21.812370,8,0,2,175
-36.026024,-9.172028,8,0,1,45
-57.364748,-14.661694,8,0,2,86
-51.550796,-26.997817,8,0,2,79
-53.859062,-24.932950,8,0,1,318
-42.649539,-21.519895,8,0,0,72
-44.501693,-22.460218,8,0,1,166
-48.570941,-27.159703,8,0,2,78
-41.397101,-21.810161,8,0,2,175
-46.877036,-23.207091,8,0,1,336
-57.447194,-14.645359,8,0,1,301
-51.549761,-26.997936,8,0,2,112
-53.859445,-24.932694,8,0,1,138
-47.948244,-23.231839,8,0,1,353
-44.501644,-22.460215,8,0,1,346
-35.900110,-7.368356,8,0,1,165
-41.328629,-21.738099,8,0,1,228
-46.877063,-23.207093,8,0,1,156
-57.448319,-14.644756,8,0,1,120
-51.547840,-26.997066,8,0,2,41
-53.833948,-24.301703,8,0,1,344
-47.948265,-23.231832,8,0,1,173
-44.502036,-22.459055,8,0,1,166
-36.054204,-8.014683,8,0,1,106
-41.326839,-21.736596,8,0,1,228
-46.877438,-23.204746,8,0,1,1
-62.483493,-10.429920,8,0,1,303
-51.465939,-26.972146,8,0,1,298
-53.841550,-24.069138,8,0,1,196
-47.948600,-23.229550,8,0,1,353
-44.501982,-22.459043,8,0,1,346
-35.871462,-7.248065,8,0,1,3
-41.325853,-21.736127,8,0,1,27
-46.877484,-23.204746,8,0,1,181
-62.457879,-10.456620,8,0,2,148
-51.417289,-26.999934,8,0,2,99
-53.730222,-24.020817,8,0,0,54
-47.948626,-23.229549,8,0,1,173
-48.516380,-25.775240,8,0,2,23
-35.871423,-7.246785,8,0,1,182
-44.183969,-19.829529,8,0,2,282
-46.877600,-23.203208,8,0,1,323
-51.907814,-27.465073,8,0,2,176
-51.241886,-27.001711,8,0,1,85
-53.082020,-23.788875,8,0,1,105
-53.011779,-26.149203,8,0,2,65
-43.675545,-20.348429,8,0,2,156
-48.077464,-15.998006,8,0,1,351
-44.178670,-19.830515,8,0,2,101
-46.877632,-23.203220,8,0,1,143
-51.907793,-27.465567,8,0,2,176
-51.241889,-27.001636,8,0,1,265
-53.697986,-24.007118,8,0,2,51
-43.873399,-19.875579,8,0,1,296
-43.674316,-20.349593,8,0,2,113
-48.077488,-15.998002,8,0,1,171
-44.177280,-19.830403,8,0,2,245
-46.873179,-23.212700,8,0,1,188
-51.904146,-27.464913,8,0,2,150
-51.237176,-27.001362,8,0,1,85
-53.841597,-24.274800,8,0,1,1
-49.153245,-28.317366,8,0,0,21
-43.671961,-20.349846,8,0,2,87
-48.071794,-15.980956,8,0,1,12
-44.166302,-19.829309,8,0,1,326
-46.873182,-23.214227,8,0,1,160
-51.903144,-27.467949,8,0,2,177
-51.237186,-27.001274,8,0,1,265
-54.035203,-24.568448,8,0,1,89
-41.946030,-20.345291,8,0,2,88
-43.669771,-20.349950,8,0,2,105
-48.071675,-15.980536,8,0,1,12
-39.296888,-6.787259,8,0,2,29
-45.096677,-22.736081,8,0,0,150
-51.903185,-27.471302,8,0,0,170
-51.231816,-26.998993,8,0,2,84
-53.841585,-24.272402,8,0,1,1
-41.948642,-20.349097,8,0,2,20
-43.667828,-20.351177,8,0,2,138
-48.052271,-15.956401,8,0,2,49
-39.299885,-6.790964,8,0,2,82
-51.162286,-29.223249,8,0,0,135
-51.903347,-27.473259,8,0,2,18
-51.182540,-26.991883,8,0,1,62
-54.034916,-24.568331,8,0,1,269
-41.945241,-20.345255,8,0,2,87
-43.429010,-20.388381,8,0,0,56
-48.051007,-15.955377,8,0,2,49
-39.256376,-6.662518,8,0,2,153
-42.339690,-22.878192,8,0,1,224
-51.771971,-27.414749,8,0,2,80
-51.176318,-27.000672,8,0,1,136
-53.081167,-23.788290,8,0,1,222
-46.448349,-23.401097,8,0,2,170
-43.427352,-20.388255,8,0,1,102
-48.075131,-16.032937,8,0,2,123
-44.213218,-19.969284,8,0,1,133
-42.339932,-22.878498,8,0,1,49
-51.771558,-27.415273,8,0,2,173
-51.168245,-27.002491,8,0,2,96
-53.981572,-24.571607,8,0,1,88
-52.951708,-26.159259,8,0,2,140
-43.426569,-20.388190,8,0,1,283
-48.076001,-16.032388,8,0,2,122
-43.986166,-19.803547,8,0,1,93
-42.337598,-22.876339,8,0,1,44
-51.788875,-27.399667,8,0,0,150
-51.166287,-27.002487,8,0,2,92
-54.304573,-24.932499,8,0,2,150
-52.974802,-26.153566,8,0,2,114
-43.423689,-20.387913,8,0,0,59
-49.369555,-6.104693,8,0,1,269
-43.412136,-20.386562,8,0,2,54
-42.337121,-22.875733,8,0,1,223
-39.573567,-6.927616,8,0,1,181
-51.164603,-27.003192,8,0,2,124
-53.840599,-24.066641,8,0,1,16
-52.968552,-26.155929,8,0,2,113
-43.422203,-20.387166,8,0,2,79
-49.369555,-6.104720,8,0,1,89
-43.413705,-20.387375,8,0,2,64
-42.328908,-22.874307,8,0,1,110
-39.572963,-6.925797,8,0,1,43
-51.162770,-27.004707,8,0,1,322
-53.840677,-24.066460,8,0,1,196
-52.962599,-26.157080,8,0,2,85
-39.571939,-6.931702,8,0,1,106
-49.371221,-6.104722,8,0,1,269
-43.414770,-20.387875,8,0,2,65
-42.325341,-22.872187,8,0,1,34
-39.573557,-6.926797,8,0,1,181
-51.156525,-27.009219,8,0,1,115
-53.856259,-24.136515,8,0,0,23
-53.310595,-26.143456,8,0,1,245
-39.571917,-6.931675,8,0,1,286
-49.371221,-6.104749,8,0,1,89
-43.416552,-20.388249,8,0,2,93
-42.324386,-22.870566,8,0,1,30
-39.573599,-6.928990,8,0,1,1
-51.144505,-27.005752,8,0,2,103
-53.841479,-24.069353,8,0,1,16
-53.310617,-26.143538,8,0,1,63
-42.031692,-21.786325,8,0,0,91
-49.374480,-6.104792,8,0,1,269
-43.418391,-20.387852,8,0,0,106
-42.323136,-22.868593,8,0,1,33
-39.573629,-6.930120,8,0,1,1
-51.137183,-27.005347,8,0,2,35
-45.546438,-23.004994,8,0,1,12
-53.312502,-26.144313,8,0,1,232
-42.028327,-21.786853,8,0,0,77
-49.374480,-6.104818,8,0,1,89
-43.497924,-20.405060,8,0,2,117
-42.322621,-22.867800,8,0,1,29
-40.481032,-9.360769,8,0,1,206
-51.134744,-27.002955,8,0,1,76
-45.546502,-23.004985,8,0,1,192
-53.312453,-26.144356,8,0,1,63
-41.997712,-21.772720,8,0,2,61
-46.793358,-21.997294,8,0,1,194
-43.989111,-19.803376,8,0,1,272
-42.319625,-22.866433,8,0,1,71
-40.480970,-9.360929,8,0,1,26
-51.134763,-27.002886,8,0,1,255
-53.039923,-26.059863,8,0,2,110
-53.451231,-25.899297,8,0,2,131
-41.995832,-21.770337,8,0,2,18
-46.793337,-21.997299,8,0,1,14
-43.992012,-19.803315,8,0,1,92
-42.318125,-22.865974,8,0,1,71
-62.263215,-10.700286,8,0,1,321
-51.132164,-27.002899,8,0,2,89
-53.040892,-26.059451,8,0,2,120
-53.450069,-25.900073,8,0,2,126
-43.985239,-19.803484,8,0,1,272
-46.800487,-22.438001,8,0,1,205
-43.988663,-19.803451,8,0,1,92
-42.230200,-22.849533,8,0,1,22
-62.263252,-10.700307,8,0,1,141
-51.127236,-27.001991,8,0,1,245
-53.055086,-26.043650,8,0,1,337
-42.222894,-22.840430,8,0,1,63
-43.983096,-19.803576,8,0,1,273
-46.800439,-22.438021,8,0,1,25
-43.993299,-19.803203,8,0,1,272
-42.230232,-22.849518,8,0,1,202
-48.514000,-16.091365,8,0,1,230
-51.120464,-26.999839,8,0,1,234
-53.055188,-26.043671,8,0,1,156
-42.222923,-22.840366,8,0,1,243
-43.980060,-19.803809,8,0,1,95
-46.799661,-22.436360,8,0,1,205
-43.986558,-19.803542,8,0,1,93
-42.318871,-22.866127,8,0,1,251
-48.508014,-16.089057,8,0,1,275
-51.075789,-26.894369,8,0,2,166
-53.061186,-26.035121,8,0,2,143
-42.216765,-22.839582,8,0,1,276
-43.973122,-19.804853,8,0,1,120
-46.799607,-22.436392,8,0,1,25
-43.994176,-19.803237,8,0,1,92
-42.321457,-22.866932,8,0,1,251
-48.502375,-16.089663,8,0,1,276
-51.075412,-26.899061,8,0,2,39
-53.062940,-26.033467,8,0,2,131
-42.216776,-22.839616,8,0,1,96
-43.966982,-19.810666,8,0,1,288
-46.799181,-22.434713,8,0,1,186
-43.988215,-19.803405,8,0,1,273
-42.322320,-22.867365,8,0,1,232
-48.500135,-16.089907,8,0,1,276
-51.076766,-26.903704,8,0,2,7
-53.085561,-26.004484,8,0,0,159
-43.791009,-20.687706,8,0,2,151
-43.966995,-19.810713,8,0,1,109
-46.799135,-22.434716,8,0,1,5
-42.950874,-22.728504,8,0,1,1
-42.322811,-22.867842,8,0,1,219
-48.496957,-16.090473,8,0,1,294
-58.042132,-13.280585,8,0,0,44
-52.519113,-25.860653,8,0,2,265
-43.790424,-20.689078,8,0,2,163
-39.261911,-5.907401,8,0,2,225
-44.273821,-19.940477,8,0,1,145
-42.030689,-22.955218,8,0,2,91
-42.324726,-22.870980,8,0,1,210
-48.489819,-16.094233,8,0,1,298
-57.960596,-14.324954,8,0,2,171
-52.541045,-25.854536,8,0,1,121
-58.761899,-11.471564,8,0,0,125
-44.654958,-21.296352,8,0,0,107
-44.273942,-19.939163,8,0,1,185
-42.039222,-22.954601,8,0,2,125
-46.788591,-23.226403,8,0,1,26
-40.276849,-9.011439,8,0,1,210
-55.493722,-11.855360,8,0,2,14
-52.540999,-25.854463,8,0,1,301
-57.999749,-12.128703,8,0,2,294
-44.993099,-21.265076,8,0,2,99
-45.435369,-23.662642,8,0,1,191
-44.134990,-19.775505,8,0,1,230
-46.788623,-23.226386,8,0,1,206
-40.276825,-9.011445,8,0,1,30
-43.313900,-21.862727,8,0,2,54
-52.544174,-25.852662,8,0,1,302
-57.992145,-12.159780,8,0,2,200
-44.656986,-21.295810,8,0,2,102
-45.439689,-23.685057,8,0,1,190
-44.128819,-19.769312,8,0,1,210
-46.789091,-23.227117,8,0,1,211
-62.247730,-10.718728,8,0,1,310
-43.314434,-21.840425,8,0,2,143
-52.544607,-25.852531,8,0,1,121
-57.992866,-12.161540,8,0,2,200
-44.657892,-21.295645,8,0,2,101
-45.430915,-23.639551,8,0,1,204
-44.128786,-19.769312,8,0,1,31
-46.789054,-23.227132,8,0,1,31
-40.274006,-9.006641,8,0,1,210
-43.316014,-21.839606,8,0,2,91
-52.508479,-25.862169,8,0,0,177
-57.994028,-12.164606,8,0,2,182
-44.667086,-21.295682,8,0,0,73
-45.430939,-23.640601,8,0,1,11
-44.138220,-19.778101,8,0,1,229
-46.789301,-23.227428,8,0,1,211
-62.247767,-10.718766,8,0,1,130
-43.317130,-21.839378,8,0,2,135
-52.521530,-25.858079,8,0,2,170
-58.046695,-12.650616,8,0,2,212
-44.655997,-21.296055,8,0,2,106
-45.442074,-23.689054,8,0,1,62
-44.145366,-19.775578,8,0,1,324
-46.789266,-23.227445,8,0,1,31
-40.273987,-9.006661,8,0,1,30
-43.301277,-21.789623,8,0,0,40
-52.537156,-25.856359,8,0,1,279
-58.048730,-12.653822,8,0,2,200
-44.418497,-21.242895,8,0,2,102
-45.443524,-23.690913,8,0,1,186
-44.142653,-19.777362,8,0,1,275
-46.789738,-23.228105,8,0,1,211
-40.271994,-8.997882,8,0,2,2
-43.297703,-21.779407,8,0,2,33
-52.546733,-25.851263,8,0,2,119
-57.990120,-13.195238,8,0,2,169
-39.259462,-5.906485,8,0,2,304
-45.425693,-23.629585,8,0,1,29
-44.147155,-19.773959,8,0,1,297
-46.789709,-23.228122,8,0,1,31
-40.271920,-8.996046,8,0,2,3
-43.297250,-21.777633,8,0,2,15
-52.537996,-25.856167,8,0,1,118
-58.042547,-13.282865,8,0,2,159
-39.241345,-5.859888,8,0,2,42
-45.439826,-23.686309,8,0,1,14
-44.146230,-19.774552,8,0,1,136
-51.199998,-29.170294,8,0,1,73
-48.122340,-16.008093,8,0,2,108
-43.291278,-21.771886,8,0,2,22
-52.549353,-25.849715,8,0,1,136
-58.037594,-13.296122,8,0,0,159
-44.409315,-21.243801,8,0,2,88
-45.441670,-23.688784,8,0,1,245
-44.146188,-19.774523,8,0,1,322
-53.424894,-24.966987,8,0,1,60
-40.268670,-8.991503,8,0,0,59
-43.281666,-21.752039,8,0,2,19
-52.639161,-25.819762,8,0,0,93
-58.036771,-13.298591,8,0,0,162
-44.049777,-22.476023,8,0,2,124
-45.443239,-23.692142,8,0,1,333
-44.158182,-19.778116,8,0,1,69
-54.098740,-16.804118,8,0,0,106
-48.120484,-16.008809,8,0,2,117
-43.280196,-21.750669,8,0,2,67
-52.641668,-25.819648,8,0,0,96
-58.035150,-13.302585,8,0,1,160
-44.047246,-22.477585,8,0,1,123
-45.430138,-23.712559,8,0,1,148
-44.271315,-19.908548,8,0,1,2
-53.533395,-16.937828,8,0,1,152
-40.271696,-8.991335,8,0,2,6
-43.278365,-21.750286,8,0,2,89
-52.712327,-25.931205,8,0,1,130
-58.036543,-13.299241,8,0,0,159
-44.047227,-22.477557,8,0,1,303
-45.412822,-23.754598,8,0,2,4
-44.109026,-19.780439,8,0,1,70
-53.533360,-16.937805,8,0,1,332
-40.133130,-8.718633,8,0,1,29
-56.639813,-12.231610,8,0,2,20
-52.711989,-25.931364,8,0,1,310
-58.765797,-11.468807,8,0,0,128
-44.042892,-22.480254,8,0,2,123
-38.862647,-12.358969,8,0,2,39
-44.101282,-19.776300,8,0,1,48
-53.534166,-16.936517,8,0,1,152
-40.133194,-8.718644,8,0,1,209
-56.640071,-12.232291,8,0,2,20
-52.708122,-25.934220,8,0,1,309
-52.684631,-26.271085,8,0,2,137
-44.039208,-22.480742,8,0,2,87
-38.861919,-12.358016,8,0,2,32
-44.147180,-19.774001,8,0,1,115
-53.534129,-16.936499,8,0,1,332
-40.240566,-8.635301,8,0,1,92
-56.640232,-12.232721,8,0,2,20
-52.708433,-25.934104,8,0,1,129
-52.685476,-26.270262,8,0,2,137
-43.838549,-22.456274,8,0,1,248
-45.408369,-23.816665,8,0,1,354
-44.094424,-19.771206,8,0,1,29
-51.160714,-29.224817,8,0,2,150
-40.240566,-8.635205,8,0,1,272
-56.641380,-12.235762,8,0,2,20
-52.709253,-25.933380,8,0,1,310
-51.982469,-27.227546,8,0,2,76
-43.839769,-22.456752,8,0,1,78
-39.184125,-12.738954,8,0,0,171
-44.142654,-19.777386,8,0,1,98
-51.159310,-29.227096,8,0,2,154
-40.328645,-8.241748,8,0,1,66
-56.642377,-12.238394,8,0,2,20
-52.709527,-25.933293,8,0,1,128
-55.517017,-11.981747,8,0,1,0
-39.243037,-5.807635,8,0,1,357
-45.102431,-23.488101,8,0,0,104
-44.094156,-19.770816,8,0,2,213
-46.500170,-14.487049,8,0,1,220
-40.328682,-8.241684,8,0,1,246
-56.642592,-12.238991,8,0,2,20
-52.710171,-25.932733,8,0,1,310
-49.498088,-15.476440,8,0,2,38
-39.244827,-5.806525,8,0,2,137
-45.076593,-23.490595,8,0,2,16
-44.093261,-19.769269,8,0,2,25
-46.500037,-14.487311,8,0,1,40
-40.326531,-8.241381,8,0,1,297
-56.643912,-12.242409,8,0,2,20
-52.710525,-25.932607,8,0,1,128
-52.033624,-27.226473,8,0,1,128
-39.245825,-5.805442,8,0,2,137
-45.104849,-23.487599,8,0,2,104
-44.138197,-19.778134,8,0,1,53
-43.407593,-13.268748,8,0,2,128
-40.326574,-8.241445,8,0,1,110
-55.488365,-11.834838,8,0,2,13
-52.711051,-25.932066,8,0,1,310
-52.037702,-27.221911,8,0,2,172
-39.246519,-5.804666,8,0,2,137
-45.073162,-23.422629,8,0,2,50
-44.092617,-19.768734,8,0,2,51
-43.898021,-13.336390,8,0,0,75
-40.091946,-7.897641,8,0,1,207
-40.474431,-20.387085,8,0,2,66
-52.711362,-25.931921,8,0,1,128
-52.080920,-27.199909,8,0,0,86
-39.246978,-5.804150,8,0,2,317
-45.074354,-23.423534,8,0,0,50
-44.093780,-19.770366,8,0,2,203
-43.899535,-13.336797,8,0,0,75
-40.091927,-7.897653,8,0,1,27
-56.078452,-13.823722,8,0,1,202
-53.519746,-23.901767,8,0,2,62
-52.084698,-27.200104,8,0,0,86
-39.235525,-5.853865,8,0,2,181
-45.127511,-23.501916,8,0,2,82
-44.134974,-19.775530,8,0,1,50
-43.901105,-13.337224,8,0,0,75
-40.090414,-7.894710,8,0,1,206
-43.205156,-22.421847,8,0,0,78
-52.358962,-23.997301,8,0,2,10
-52.115086,-27.196815,8,0,0,87
-39.189675,-5.688499,8,0,2,322
-45.077148,-23.450521,8,0,0,137
-44.157487,-19.777628,8,0,1,224
-44.192975,-13.404678,8,0,1,301
-40.090403,-7.894717,8,0,1,26
-49.366223,-25.868860,8,0,2,64
-52.359867,-24.001604,8,0,2,11
-51.977927,-27.226533,8,0,2,77
-39.154407,-5.704277,8,0,2,321
-45.077624,-23.450078,8,0,2,137
-48.444862,-22.915960,8,0,2,118
-44.188709,-13.407320,8,0,1,120
-40.088416,-7.890884,8,0,1,27
-48.705296,-17.666131,8,0,2,177
-52.360531,-24.004823,8,0,2,11
-40.532177,-9.381204,8,0,1,135
-39.012019,-5.733456,8,0,2,79
-45.080261,-23.447533,8,0,0,137
-48.443153,-22.916824,8,0,2,118
-44.188655,-13.407262,8,0,1,300
-40.088437,-7.890880,8,0,1,207
-48.712113,-17.231231,8,0,1,93
-52.361636,-24.010157,8,0,2,11
-40.514220,-9.392947,8,0,0,106
-42.561847,-22.932061,8,0,2,91
-45.067556,-23.459758,8,0,2,137
-48.435777,-22.920596,8,0,2,119
-44.195447,-13.403202,8,0,2,121
-48.714484,-16.189192,8,0,1,113
-46.905437,-23.167405,8,0,1,338
-52.362372,-24.013708,8,0,2,11
-40.512743,-9.393440,8,0,0,109
-42.513653,-22.932731,8,0,2,94
-45.063954,-23.468104,8,0,1,218
-48.434043,-22.921482,8,0,2,119
-44.198058,-13.401668,8,0,2,121
-48.710964,-16.190439,8,0,1,110
-48.660661,-17.059197,8,0,2,88
-52.364050,-24.021812,8,0,2,10
-40.521536,-9.390494,8,0,0,109
-42.512406,-22.932802,8,0,2,94
-45.063900,-23.468117,8,0,1,41
-44.084208,-19.772238,8,0,1,335
-44.196837,-13.402386,8,0,2,122
-48.514105,-16.091697,8,0,1,48
-48.662833,-17.059279,8,0,2,82
-52.364329,-24.023120,8,0,2,10
-40.517521,-9.391846,8,0,0,108
-42.511279,-22.932881,8,0,2,94
-45.065609,-23.469982,8,0,1,220
-44.086204,-19.768344,8,0,1,335
-44.207820,-13.402023,8,0,2,86
-48.508603,-16.089241,8,0,1,94
-48.665306,-17.057766,8,0,1,175
-52.364804,-24.025304,8,0,2,10
-53.556398,-26.286225,8,0,2,127
-42.510121,-22.932960,8,0,2,94
-45.065572,-23.469996,8,0,1,38
-44.084768,-19.771172,8,0,1,334
-44.202636,-13.399042,8,0,2,121
-48.507132,-16.089390,8,0,1,97
-48.665115,-17.058349,8,0,1,356
-52.549712,-26.345991,8,0,2,162
-53.617185,-26.258060,8,0,2,108
-42.508932,-22.933040,8,0,2,94
-45.066999,-23.471714,8,0,1,212
-44.083123,-19.774379,8,0,1,334
-44.214594,-13.402442,8,0,2,86
-48.503055,-16.089824,8,0,1,96
-48.665430,-17.055834,8,0,1,349
-52.544525,-26.355475,8,0,0,153
-52.213782,-28.425888,8,0,2,156
-42.507653,-22.933131,8,0,2,94
-45.066942,-23.471715,8,0,1,32
-44.083194,-19.774390,8,0,1,163
-44.206305,-13.401960,8,0,1,88
-48.497850,-16.090404,8,0,1,104
-48.665727,-17.054956,8,0,1,170
-52.541680,-26.360362,8,0,0,153
-40.973064,-9.167804,8,0,1,190
-42.506628,-22.933195,8,0,2,94
-45.068235,-23.473679,8,0,1,221
-44.079458,-19.778729,8,0,1,254
-44.211207,-13.402230,8,0,2,86
-48.490675,-16.093916,8,0,1,122
-48.665985,-17.052927,8,0,1,344
-54.052665,-24.566061,8,0,1,107
-40.973035,-9.167801,8,0,1,10
-42.505429,-22.933289,8,0,2,94
-45.068187,-23.473692,8,0,1,31
-44.079452,-19.778764,8,0,1,82
-46.486950,-14.471719,8,0,1,220
-45.106632,-22.720111,8,0,0,150
-48.666064,-17.051638,8,0,1,218
-54.052622,-24.565978,8,0,1,287
-40.976196,-9.175233,8,0,1,54
-42.504260,-22.933383,8,0,2,94
-45.068731,-23.474474,8,0,1,211
-44.076406,-19.779599,8,0,1,135
-47.059971,-15.039516,8,0,1,34
-40.086961,-7.888228,8,0,1,26
-48.664860,-17.049402,8,0,2,10
-47.004672,-18.925873,8,0,0,65
-40.976220,-9.175180,8,0,1,234
-42.503109,-22.933474,8,0,2,94
-45.068694,-23.474503,8,0,1,31
-44.086236,-19.768347,8,0,1,155
-47.058441,-15.037137,8,0,1,214
-40.086991,-7.888211,8,0,1,206
-48.521277,-16.762765,8,0,1,48
-54.044664,-24.568132,8,0,1,278
-41.612513,-9.301846,8,0,1,83
-42.501983,-22.933568,8,0,2,95
-45.069954,-23.476242,8,0,1,215
-44.084802,-19.771177,8,0,1,154
-42.010381,-20.901947,8,0,1,164
-40.086206,-7.886578,8,0,1,208
-48.520279,-16.763596,8,0,2,146
-54.038114,-24.568385,8,0,1,269
-41.612511,-9.301817,8,0,1,263
-42.500180,-22.933709,8,0,2,96
-45.069906,-23.476255,8,0,1,34
-44.026800,-19.803281,8,0,1,42
-42.010128,-20.903285,8,0,1,177
-40.081170,-7.881211,8,0,1,49
-48.522122,-16.761069,8,0,2,144
-54.038108,-24.568461,8,0,1,89
-41.611400,-9.301697,8,0,1,83
-42.496656,-22.934448,8,0,2,108
-45.073934,-23.481571,8,0,2,15
-44.028082,-19.804642,8,0,1,41
-50.186135,-23.826958,8,0,1,206
-40.083992,-7.883666,8,0,1,49
-48.737907,-16.630932,8,0,2,92
-54.041778,-24.568497,8,0,1,88
-41.611403,-9.301668,8,0,1,263
-42.496033,-22.934653,8,0,1,110
-45.074010,-23.481842,8,0,2,15
-44.025438,-19.801995,8,0,1,220
-42.047528,-19.200573,8,0,2,28
-40.081229,-7.881121,8,0,1,229
-48.621566,-16.708975,8,0,0,120
-53.407441,-23.889397,8,0,2,62
-40.982211,-9.178063,8,0,1,55
-42.492395,-22.931828,8,0,2,64
-45.074358,-23.483002,8,0,2,15
-44.023807,-19.801006,8,0,1,62
-38.956952,-12.307170,8,0,2,178
-39.939593,-7.784066,8,0,1,54
-48.758410,-16.626672,8,0,2,115
-53.409147,-23.890152,8,0,2,68
-40.982227,-9.178029,8,0,1,235
-42.492095,-22.931670,8,0,2,62
-45.075649,-23.487369,8,0,2,16
-44.076376,-19.779588,8,0,1,320
-51.480137,-29.173170,8,0,1,127
-39.939679,-7.784002,8,0,1,234
-48.756537,-16.627575,8,0,2,123
-48.143775,-15.932660,8,0,2,179
-40.981224,-9.177361,8,0,1,60
-42.491596,-22.931411,8,0,2,61
-45.076209,-23.489322,8,0,2,16
-44.084241,-19.772236,8,0,1,150
-51.480110,-29.173165,8,0,1,307
-39.936246,-7.781520,8,0,1,235
-48.624006,-16.707675,8,0,0,120
-48.143770,-15.933137,8,0,2,179
-40.981230,-9.177332,8,0,1,240
-42.491699,-22.931948,8,0,1,102
-47.419984,-22.470613,8,0,1,269
-42.476935,-22.915723,8,0,2,8
-43.941214,-22.919834,8,0,2,82
-39.936203,-7.781594,8,0,1,55
-48.754576,-16.628871,8,0,2,123
-48.143718,-15.938933,8,0,0,179
-40.980186,-9.176924,8,0,1,72
-42.491278,-22.932000,8,0,1,96
-47.421652,-22.470670,8,0,1,269
-42.476509,-22.913121,8,0,2,9
-46.496450,-14.482940,8,0,1,27
-39.930172,-7.777958,8,0,1,240
-48.960221,-16.398214,8,0,1,317
-48.143711,-15.940399,8,0,0,179
-40.980202,-9.176881,8,0,1,252
-42.491203,-22.931827,8,0,1,352
-47.419989,-22.470709,8,0,1,90
-42.476099,-22.910396,8,0,2,9
-47.679882,-15.600384,8,0,1,240
-39.930162,-7.777989,8,0,1,60
-48.961036,-16.397456,8,0,1,143
-48.130724,-15.961788,8,0,0,154
-40.977944,-9.176153,8,0,1,72
-42.490913,-22.932089,8,0,2,119
-47.421649,-22.470766,8,0,1,90
-42.475774,-22.908418,8,0,2,8
-50.813359,-25.188697,8,0,1,58
-39.802786,-7.685042,8,0,2,26
-56.092107,-15.560010,8,0,1,128
-48.130286,-15.962636,8,0,0,154
-40.977957,-9.176111,8,0,1,252
-42.491044,-22.931152,8,0,2,61
-46.841356,-22.985262,8,0,1,41
-42.475559,-22.907066,8,0,2,9
-50.812026,-25.187906,8,0,1,238
-39.801666,-7.682723,8,0,2,25
-56.091395,-15.560365,8,0,1,308
-48.128493,-15.966116,8,0,0,154
-40.972700,-9.165728,8,0,1,191
-42.490288,-22.932464,8,0,2,124
-46.840748,-22.984619,8,0,1,41
-42.475175,-22.904756,8,0,2,8
-41.958819,-20.378591,8,0,0,90
-39.800559,-7.680466,8,0,2,24
-53.983784,-28.316166,8,0,2,116
-48.128070,-15.966942,8,0,0,154
-40.972647,-9.165728,8,0,1,11
-42.489808,-22.932835,8,0,1,133
-46.841391,-22.985222,8,0,1,222
-42.474593,-22.901371,8,0,2,9
-41.917207,-18.575389,8,0,0,254
-39.799815,-7.678925,8,0,2,24
-54.224024,-27.775063,8,0,2,151
-48.124526,-15.973821,8,0,0,154
-40.973510,-9.170238,8,0,1,190
-42.488365,-22.934341,8,0,1,117
-46.840792,-22.984582,8,0,1,220
-42.472024,-22.895538,8,0,2,67
-41.921266,-18.577478,8,0,0,56
-39.725991,-7.517499,8,0,2,14
-56.070143,-13.812232,8,0,2,112
-48.124107,-15.974637,8,0,0,154
-40.973483,-9.170240,8,0,1,10
-42.488091,-22.934440,8,0,1,107
-46.769638,-22.695023,8,0,1,162
-42.471198,-22.895162,8,0,1,236
-50.413969,-22.675910,8,0,1,352
-39.727463,-7.507362,8,0,2,327
-56.039811,-13.813444,8,0,0,50
-48.119743,-15.983097,8,0,0,154
-40.974844,-9.173864,8,0,1,36
-42.486790,-22.934544,8,0,1,94
-46.769606,-22.695003,8,0,1,343
-42.468610,-22.893858,8,0,1,14
-50.414626,-22.674497,8,0,1,151
-52.326875,-27.276194,8,0,1,6
-56.037868,-13.811856,8,0,0,50
-48.119298,-15.983968,8,0,0,152
-40.974876,-9.173837,8,0,1,216
-42.483652,-22.934769,8,0,1,95
-46.769172,-22.696324,8,0,1,162
-42.467395,-22.891560,8,0,1,210
-50.414272,-22.674873,8,0,1,345
-52.326869,-27.275512,8,0,1,187
-55.757091,-13.730404,8,0,2,116
-48.115857,-15.999055,8,0,0,7
-40.820973,-9.293982,8,0,1,137
-42.483279,-22.934811,8,0,1,96
-46.769137,-22.696304,8,0,1,342
-39.741911,-6.096852,8,0,2,96
-46.771526,-22.719739,8,0,1,165
-52.091794,-27.588215,8,0,2,63
-55.755428,-13.731175,8,0,2,116
-48.115937,-15.999650,8,0,0,7
-40.820951,-9.293969,8,0,1,317
-42.480646,-22.935191,8,0,1,99
-43.192643,-21.257974,8,0,2,127
-39.739979,-6.097041,8,0,2,285
-46.771483,-22.719722,8,0,1,345
-52.090533,-27.587275,8,0,2,29
-49.317103,-16.371673,8,0,2,107
-48.120577,-16.007634,8,0,2,42
-40.819849,-9.295174,8,0,1,137
-42.476464,-22.935823,8,0,1,100
-43.183533,-21.267812,8,0,2,123
-39.424370,-7.223100,8,0,2,196
-41.946247,-18.886168,8,0,2,157
-52.088955,-27.587085,8,0,2,107
-46.902606,-23.171324,8,0,1,145
-46.362668,-23.491058,8,0,1,146
-40.819825,-9.295150,8,0,1,317
-42.475064,-22.936327,8,0,1,154
-43.191114,-21.258978,8,0,2,124
-39.424037,-7.224098,8,0,1,279
-41.947188,-18.892713,8,0,2,15
-52.087426,-27.588206,8,0,2,162
-51.854754,-26.966336,8,0,1,188
-46.362536,-23.491113,8,0,1,326
-40.818926,-9.296147,8,0,1,137
-43.112825,-19.434119,8,0,1,358
-43.189936,-21.261188,8,0,2,21
-39.422914,-7.217717,8,0,1,31
-44.437342,-18.775263,8,0,1,235
-52.106522,-27.590532,8,0,2,67
-43.908041,-19.781303,8,0,2,15
-46.356169,-23.496911,8,0,1,324
-40.818900,-9.296129,8,0,1,317
-43.112860,-19.434112,8,0,1,178
-43.178181,-21.266075,8,0,2,41
-39.422366,-7.216705,8,0,1,215
-44.437623,-18.775531,8,0,1,55
-52.105279,-27.590009,8,0,1,239
-50.076982,-17.190772,8,0,1,47
-46.357333,-23.495802,8,0,1,135
-41.478700,-7.077119,8,0,1,81
-42.972160,-18.821459,8,0,1,30
-43.168832,-21.270596,8,0,2,70
-39.472241,-7.042531,8,0,2,125
-46.906701,-22.739093,8,0,0,14
-52.102071,-27.589111,8,0,1,85
-49.409352,-16.850658,8,0,2,50
-46.326678,-23.436406,8,0,2,160
-41.478717,-7.077081,8,0,1,261
-42.972187,-18.821444,8,0,1,210
-43.168142,-21.266277,8,0,2,21
-39.474822,-7.041086,8,0,2,118
-46.768741,-22.724099,8,0,1,323
-52.101100,-27.588933,8,0,2,77
-49.409998,-16.851180,8,0,2,50
-46.326922,-23.435790,8,0,2,160
-45.441638,-23.694783,8,0,1,336
-44.049650,-20.001173,8,0,1,124
-43.186545,-21.266190,8,0,2,120
-42.755135,-18.540935,8,0,1,242
-41.950009,-20.355705,8,0,2,162
-52.096791,-27.587350,8,0,1,101
-43.842853,-19.754822,8,0,2,119
-46.327995,-23.421058,8,0,2,24
-45.424532,-23.627657,8,0,1,28
-44.049638,-20.001150,8,0,1,317
-43.168059,-21.267624,8,0,2,173
-43.079878,-18.910917,8,0,2,195
-41.962839,-20.376969,8,0,0,54
-52.096225,-27.587914,8,0,2,148
-47.856656,-24.496522,8,0,2,161
-46.327545,-23.420312,8,0,2,32
-45.433756,-23.654860,8,0,1,10
-44.049847,-20.001801,8,0,1,244
-43.167903,-21.269089,8,0,2,171
-43.078759,-18.914124,8,0,2,325
-41.136392,-20.326003,8,0,0,120
-52.023858,-27.574746,8,0,2,56
-47.855374,-24.499730,8,0,2,161
-46.326426,-23.418471,8,0,2,24
-45.431864,-23.645295,8,0,1,10
-44.049841,-20.001815,8,0,1,65
-43.167445,-21.264840,8,0,2,27
-39.573656,-6.930118,8,0,1,181
-46.706289,-22.606466,8,0,1,85
-52.024383,-27.573889,8,0,2,29
-41.683981,-21.435063,8,0,0,121
-46.322695,-23.413701,8,0,2,61
-45.425495,-23.629279,8,0,1,29
-44.056769,-20.020027,8,0,1,229
-43.161838,-21.263980,8,0,0,94
-39.573624,-6.928987,8,0,1,181
-46.706291,-22.606423,8,0,1,265
-52.021758,-27.573350,8,0,2,51
-49.502846,-16.790838,8,0,1,53
-46.321324,-23.412881,8,0,2,50
-52.017240,-27.251845,8,0,2,118
-44.056765,-20.020033,8,0,1,49
-44.303549,-22.956108,8,0,1,274
-39.573538,-6.927612,8,0,1,1
-46.841111,-23.023612,8,0,1,326
-52.019328,-27.571723,8,0,2,146
-52.682559,-26.219855,8,0,1,46
-46.319155,-23.410821,8,0,1,34
-54.655380,-16.471601,8,0,1,157
-44.057224,-20.020413,8,0,1,229
-44.303552,-22.956149,8,0,1,94
-39.573514,-6.926793,8,0,1,1
-41.950618,-20.354267,8,0,0,159
-52.017887,-27.573361,8,0,2,146
-49.502921,-16.790718,8,0,1,233
-46.318651,-23.410154,8,0,1,34
-34.902211,-7.907269,8,0,1,179
-44.057218,-20.020414,8,0,1,48
-44.296921,-23.005711,8,0,0,123
-39.572974,-6.925785,8,0,1,223
-41.132588,-20.328195,8,0,0,124
-52.021058,-27.571891,8,0,1,12
-49.503584,-16.791329,8,0,1,53
-46.318570,-23.409827,8,0,1,239
-40.535405,-9.378114,8,0,1,134
-44.058251,-20.020891,8,0,1,252
-44.294888,-23.006233,8,0,0,86
-48.982337,-26.521403,8,0,2,178
-41.130153,-20.331513,8,0,0,157
-61.977232,-10.860016,8,0,1,304
-49.503656,-16.791224,8,0,1,233
-46.319281,-23.410152,8,0,1,244
-40.817828,-9.297261,8,0,1,317
-44.058243,-20.020894,8,0,1,82
-43.435949,-21.232678,8,0,0,93
-43.319482,-19.703629,8,0,1,8
-41.128572,-20.334453,8,0,0,154
-61.977264,-10.860039,8,0,1,124
-55.511334,-21.734631,8,0,1,48
-46.316998,-23.408926,8,0,2,57
-40.817850,-9.297277,8,0,1,137
-44.067147,-20.018891,8,0,1,251
-43.073121,-21.241940,8,0,0,82
-43.319528,-19.703631,8,0,1,188
-41.960145,-20.430214,8,0,2,144
-62.256921,-10.707820,8,0,1,320
-55.510503,-21.733969,8,0,1,48
-46.316301,-23.408513,8,0,2,57
-55.731469,-22.536550,8,0,1,146
-44.067153,-20.018884,8,0,1,61
-43.072054,-21.241234,8,0,0,22
-43.319640,-19.704904,8,0,1,188
-41.967190,-20.419903,8,0,0,160
-62.256959,-10.707849,8,0,1,140
-55.508467,-21.732349,8,0,1,48
-46.315008,-23.406157,8,0,2,158
-46.873069,-17.212680,8,0,2,139
-44.067727,-20.019190,8,0,1,239
-44.245583,-21.118899,8,0,1,17
-43.319619,-19.704904,8,0,1,16
-41.967123,-20.419108,8,0,0,24
-61.995687,-10.847593,8,0,1,304
-55.506611,-21.730871,8,0,1,48
-53.882607,-24.419585,8,0,0,47
-46.875132,-17.210405,8,0,2,136
-44.067727,-20.019196,8,0,1,58
-44.245450,-21.118489,8,0,1,17
-43.320080,-19.706063,8,0,1,185
-35.822389,-5.810865,8,0,1,308
-61.995719,-10.847627,8,0,1,124
-55.503293,-21.728280,8,0,1,48
-53.881217,-24.418782,8,0,0,77
-46.880687,-17.243845,8,0,1,267
-44.071034,-20.020061,8,0,1,264
-44.244877,-21.116808,8,0,1,17
-43.320035,-19.706093,8,0,1,15
-35.822413,-5.810892,8,0,1,128
-61.970959,-10.864322,8,0,1,305
-46.578868,-20.734788,8,0,0,86
-46.330257,-23.456744,8,0,2,15
-46.874826,-17.210722,8,0,2,139
-44.071035,-20.020066,8,0,1,81
-44.245224,-21.117798,8,0,1,17
-43.322349,-19.707972,8,0,1,176
-35.350410,-5.864947,8,0,1,264
-61.970994,-10.864359,8,0,1,125
-47.060885,-20.624639,8,0,2,76
-46.331429,-23.460599,8,0,2,15
-46.880687,-17.243876,8,0,1,87
-44.078117,-20.023798,8,0,1,277
-44.245774,-21.119460,8,0,1,17
-43.322317,-19.707972,8,0,1,5
-35.350410,-5.864984,8,0,1,84
-53.388746,-27.359711,8,0,2,18
-47.057726,-20.623892,8,0,2,76
-46.337710,-23.465828,8,0,1,69
-46.882464,-17.243947,8,0,1,266
-44.078121,-20.023801,8,0,1,100
-44.246602,-21.121676,8,0,1,22
-43.322435,-19.708959,8,0,1,185
-35.361202,-5.866401,8,0,1,263
-46.544504,-22.959411,8,0,1,325
-47.058664,-20.624103,8,0,2,76
-53.833286,-24.304164,8,0,1,164
-46.810329,-18.177438,8,0,1,152
-44.139959,-20.034862,8,0,1,268
-44.233942,-21.108833,8,0,2,54
-43.322411,-19.708959,8,0,1,3
-35.361202,-5.866433,8,0,1,83
-46.545438,-22.958703,8,0,1,134
-46.911853,-20.603977,8,0,2,104
-53.835777,-24.296038,8,0,1,343
-46.810297,-18.177415,8,0,1,332
-44.139957,-20.034870,8,0,1,89
-44.236480,-21.110527,8,0,2,54
-43.321837,-19.712230,8,0,1,3
-35.690319,-5.842125,8,0,1,283
-49.142831,-28.278968,8,0,2,75
-46.908957,-20.603958,8,0,2,75
-53.835884,-24.296057,8,0,1,163
-46.882459,-17.243978,8,0,1,86
-44.140330,-20.036792,8,0,1,169
-44.232339,-21.107816,8,0,1,54
-43.321880,-19.712218,8,0,1,179
-35.690324,-5.842138,8,0,1,103
-49.144827,-28.279473,8,0,2,70
-47.061827,-20.624862,8,0,2,76
-41.253647,-21.759280,8,0,0,51
-46.873367,-17.212358,8,0,2,139
-42.761101,-18.569504,8,0,1,334
-44.232373,-21.107748,8,0,1,234
-43.356005,-19.814581,8,0,0,27
-35.823402,-5.810087,8,0,1,308
-49.187242,-28.242779,8,0,1,327
-46.753316,-20.749623,8,0,2,25
-41.249065,-21.758247,8,0,0,93
-55.628646,-22.623754,8,0,1,324
-44.140324,-20.036789,8,0,1,349
-44.230001,-21.106270,8,0,1,54
-43.356656,-19.816029,8,0,0,9
-35.823423,-5.810111,8,0,1,128
-49.195396,-28.233726,8,0,1,322
-46.748797,-20.746009,8,0,2,58
-41.091384,-21.718662,8,0,0,89
-55.628678,-22.623772,8,0,1,144
-42.761131,-18.569515,8,0,1,153
-44.246492,-21.120950,8,0,1,198
-43.356442,-19.818434,8,0,2,159
-36.250177,-5.704859,8,0,2,106
-49.195420,-28.233741,8,0,1,142
-46.747521,-20.745276,8,0,2,58
-41.094983,-21.718717,8,0,0,89
-47.044702,-17.638521,8,0,1,359
-44.146879,-20.043661,8,0,1,239
-44.245822,-21.119021,8,0,1,197
-43.351251,-19.830633,8,0,0,23
-36.528733,-5.694441,8,0,2,94
-49.198760,-28.222634,8,0,1,1
-46.744999,-20.743845,8,0,2,58
-41.097847,-21.718664,8,0,0,92
-47.045087,-17.634553,8,0,1,359
-44.146877,-20.043670,8,0,1,58
-44.246087,-21.119793,8,0,1,197
-43.350261,-19.837751,8,0,0,59
-35.692969,-5.841466,8,0,1,283
-49.198799,-28.222634,8,0,1,181
-46.736813,-20.738567,8,0,2,25
-41.183144,-21.728326,8,0,2,94
-46.867122,-17.217564,8,0,2,162
-42.761817,-18.568192,8,0,1,334
-44.245214,-21.117344,8,0,1,197
-43.348901,-19.836822,8,0,0,37
-35.692977,-5.841487,8,0,1,103
-49.187283,-28.242790,8,0,1,147
-46.736606,-20.738152,8,0,2,25
-45.562322,-20.228215,8,0,0,160
-46.866114,-17.220657,8,0,2,162
-42.761847,-18.568197,8,0,1,154
-53.496196,-24.979423,8,0,1,91
-43.349521,-19.837470,8,0,2,65
-35.694691,-5.841057,8,0,1,283
-49.198698,-28.218537,8,0,1,226
-46.733481,-20.735878,8,0,2,103
-45.563681,-20.224723,8,0,0,159
-46.864700,-17.223753,8,0,2,142
-44.147281,-20.043901,8,0,1,239
-44.249010,-21.126643,8,0,1,24
-43.356132,-19.819164,8,0,2,159
-35.694685,-5.841083,8,0,1,106
-49.198670,-28.218560,8,0,1,48
-46.733022,-20.735990,8,0,2,102
-45.562336,-20.115814,8,0,2,39
-46.853802,-17.231156,8,0,2,124
-44.147280,-20.043911,8,0,1,58
-44.249620,-21.127514,8,0,1,204
-53.820820,-22.316269,8,0,2,110
-35.926303,-5.748613,8,0,1,269
-46.478392,-22.985687,8,0,2,64
-46.603460,-20.740685,8,0,1,256
-45.560829,-20.114027,8,0,2,39
-46.859024,-17.227722,8,0,2,124
-42.744989,-18.534833,8,0,1,42
-44.250397,-21.129122,8,0,1,204
-53.817596,-22.317366,8,0,2,110
-35.926298,-5.748643,8,0,1,89
-46.477915,-22.985449,8,0,2,61
-46.581193,-20.735933,8,0,0,52
-45.523288,-20.049145,8,0,0,18
-46.871903,-17.242646,8,0,1,246
-42.745008,-18.534818,8,0,1,222
-52.320494,-27.163026,8,0,1,7
-52.722784,-22.183169,8,0,1,117
-35.927907,-5.748632,8,0,1,269
-46.474649,-22.983838,8,0,0,69
-46.220783,-20.655661,8,0,0,92
-45.522207,-20.046246,8,0,0,18
-46.871882,-17.242682,8,0,1,66
-42.746167,-18.535954,8,0,1,226
-46.215679,-23.505494,8,0,1,281
-52.252128,-21.725335,8,0,0,90
-35.927906,-5.748661,8,0,1,89
-46.466350,-22.983066,8,0,0,63
-46.214979,-20.654715,8,0,0,134
-45.405956,-19.838388,8,0,2,178
-46.881582,-17.243927,8,0,1,87
-42.746145,-18.535980,8,0,1,50
-46.215412,-23.505663,8,0,1,106
-53.588413,-22.386721,8,0,1,258
-36.001687,-5.757195,8,0,2,88
-46.464807,-22.984063,8,0,2,155
-45.952867,-20.473804,8,0,0,33
-45.518450,-20.033853,8,0,2,12
-46.881582,-17.243899,8,0,1,267
-42.750254,-18.538589,8,0,1,238
-46.216570,-23.505451,8,0,1,91
-53.588405,-22.386761,8,0,1,81
-36.003190,-5.757230,8,0,2,88
-46.443297,-23.013977,8,0,0,113
-45.950977,-20.471054,8,0,0,34
-45.270618,-19.684806,8,0,0,180
-46.987780,-17.934915,8,0,1,84
-42.750238,-18.538609,8,0,1,58
-46.287457,-23.415902,8,0,0,120
-53.593665,-22.387426,8,0,1,262
-36.239674,-5.705607,8,0,2,94
-46.473434,-22.983379,8,0,0,72
-45.274966,-20.343240,8,0,2,78
-45.270585,-19.692077,8,0,2,180
-46.987783,-17.934825,8,0,1,263
-44.147810,-20.044207,8,0,1,239
-46.294104,-23.411419,8,0,0,133
-53.593659,-22.387465,8,0,1,82
-35.352297,-5.865192,8,0,1,263
-46.442420,-23.014314,8,0,0,113
-45.272694,-20.342989,8,0,2,86
-45.405914,-19.840808,8,0,2,179
-45.425707,-23.629167,8,0,1,189
-44.147809,-20.044212,8,0,1,58
-46.290059,-23.414659,8,0,0,126
-54.298759,-22.557315,8,0,2,297
-35.352300,-5.865235,8,0,1,83
-46.462970,-22.985529,8,0,0,97
-45.273834,-20.343064,8,0,2,83
-45.517810,-20.031162,8,0,2,12
-46.986275,-17.934743,8,0,1,86
-44.148464,-20.044594,8,0,1,239
-41.908347,-18.569544,8,0,0,49
-54.162780,-22.491770,8,0,2,113
-36.241454,-5.705518,8,0,2,94
-46.440851,-23.015021,8,0,2,119
-45.271538,-20.342921,8,0,2,87
-45.515841,-20.022631,8,0,2,12
-46.986275,-17.934689,8,0,1,266
-44.148459,-20.044597,8,0,1,58
-43.538274,-21.243617,8,0,2,260
-54.161076,-22.492431,8,0,2,113
-42.053809,-20.276210,8,0,2,82
-39.451194,-6.091286,8,0,1,188
-46.828935,-20.821107,8,0,2,103
-45.514196,-20.015580,8,0,0,12
-47.287508,-19.330236,8,0,2,53
-44.159535,-20.056430,8,0,1,204
-43.493006,-21.238077,8,0,2,124
-54.159647,-22.492979,8,0,2,113
-47.871738,-24.424150,8,0,2,163
-43.806087,-19.890936,8,0,2,13
-41.880126,-20.261640,8,0,1,91
-45.405900,-19.841828,8,0,2,6
-52.011894,-27.261055,8,0,2,176
-44.159527,-20.056424,8,0,1,25
-43.491416,-21.239707,8,0,2,148
-54.157144,-22.493958,8,0,2,113
-47.871185,-24.425346,8,0,2,151
-43.807086,-19.892712,8,0,2,116
-46.380952,-20.857759,8,0,2,137
-52.385104,-26.419121,8,0,2,4
-46.917313,-23.139955,8,0,1,320
-44.160076,-20.057515,8,0,1,204
-43.180026,-21.267587,8,0,2,78
-54.155344,-22.494654,8,0,2,113
-47.679884,-15.600661,8,0,1,60
-44.271344,-19.908551,8,0,1,175
-41.829604,-20.222822,8,0,0,126
-52.384976,-26.417174,8,0,2,4
-52.013795,-27.286780,8,0,2,152
-44.160073,-20.057508,8,0,1,25
-43.536946,-21.243406,8,0,0,82
-49.067316,-26.734574,8,0,2,9
-52.535975,-25.307972,8,0,1,283
-48.071823,-15.980959,8,0,1,192
-41.877867,-20.260500,8,0,1,247
-52.326570,-26.436232,8,0,0,99
-46.918658,-23.138843,8,0,1,140
-44.161346,-20.058849,8,0,1,233
-42.865358,-21.302687,8,0,1,140
-46.730307,-23.794976,8,0,1,340
-41.188716,-20.336970,8,0,0,84
-48.071705,-15.980540,8,0,1,192
-42.835027,-20.656513,8,0,2,95
-52.331733,-26.435534,8,0,0,94
-51.997397,-27.304172,8,0,1,320
-44.161372,-20.058903,8,0,1,53
-42.865323,-21.302671,8,0,1,324
-54.040628,-19.557322,8,0,2,12
-42.768728,-5.165819,8,0,1,162
-42.033922,-20.260316,8,0,0,96
-41.835853,-20.236571,8,0,2,46
-58.006366,-12.125572,8,0,1,294
-51.995705,-27.305440,8,0,1,334
-44.161818,-20.059200,8,0,1,234
-42.475056,-21.366546,8,0,2,37
-54.041796,-19.551898,8,0,0,156
-42.768683,-5.165806,8,0,1,342
-47.228407,-23.057256,8,0,1,290
-41.835317,-20.235686,8,0,2,9
-58.004336,-12.126476,8,0,1,295
-51.861742,-27.159052,8,0,2,71
-44.161814,-20.059197,8,0,1,54
-42.380347,-21.145707,8,0,1,48
-51.553525,-19.070252,8,0,1,349
-42.770374,-5.160369,8,0,1,163
-47.228415,-23.057277,8,0,1,110
-41.833021,-20.223225,8,0,0,36
-58.002515,-12.127442,8,0,2,114
-52.106000,-27.198030,8,0,0,110
-44.162163,-20.059439,8,0,1,234
-42.380406,-21.145670,8,0,1,218
-51.345947,-18.761425,8,0,2,96
-42.770345,-5.160363,8,0,1,343
-47.230288,-23.055875,8,0,1,320
-52.681075,-26.217294,8,0,1,193
-57.991441,-12.158084,8,0,0,22
-51.997909,-27.302949,8,0,2,168
-44.162161,-20.059435,8,0,1,54
-43.492046,-21.238859,8,0,2,133
-51.341270,-18.761925,8,0,2,96
-46.556658,-22.933564,8,0,1,3
-47.230315,-23.055891,8,0,1,143
-52.617369,-27.126504,8,0,2,147
-58.044850,-12.647529,8,0,0,30
-51.743888,-27.171155,8,0,2,113
-44.163274,-20.059761,8,0,1,268
-43.189066,-21.264833,8,0,2,119
-47.106202,-15.492802,8,0,1,32
-46.556612,-22.935580,8,0,1,3
-47.236078,-23.049307,8,0,1,299
-53.551566,-26.288978,8,0,0,110
-52.012375,-26.493047,8,0,2,128
-51.747559,-27.170046,8,0,2,108
-44.163278,-20.059766,8,0,1,90
-43.182001,-21.268401,8,0,2,55
-47.157185,-15.212036,8,0,2,17
-46.556719,-22.933556,8,0,1,183
-47.236093,-23.049332,8,0,1,119
-52.788375,-26.258735,8,0,2,54
-52.011762,-26.493449,8,0,2,128
-51.916519,-27.181238,8,0,2,93
-44.181916,-20.052271,8,0,1,254
-43.177138,-21.264953,8,0,2,40
-47.106325,-15.492762,8,0,1,212
-46.553758,-22.926640,8,0,1,22
-47.236656,-23.049010,8,0,1,298
-52.772841,-26.258882,8,0,2,110
-52.687812,-26.448862,8,0,1,205
-51.865767,-27.160281,8,0,2,72
-44.181921,-20.052275,8,0,1,74
-43.171777,-21.262837,8,0,0,89
-46.482593,-14.466657,8,0,1,220
-46.553818,-22.926614,8,0,1,202
-47.236673,-23.049029,8,0,1,118
-52.774037,-26.258488,8,0,2,110
-56.374401,-14.377359,8,0,1,311
-51.857853,-27.157786,8,0,0,48
-44.184935,-20.052216,8,0,1,89
-43.164030,-21.263250,8,0,0,121
-52.881874,-27.158693,8,0,1,166
-46.552926,-22.924839,8,0,1,22
-47.221585,-23.061454,8,0,1,321
-50.926280,-17.764089,8,0,2,150
-56.377730,-14.375407,8,0,1,117
-51.807043,-27.166051,8,0,2,102
-44.184927,-20.052206,8,0,1,267
-42.866498,-21.301320,8,0,1,143
-52.881295,-27.159043,8,0,1,267
-46.552991,-22.924810,8,0,1,202
-47.221614,-23.061469,8,0,1,141
-53.586216,-25.141196,8,0,2,36
-55.917077,-13.059759,8,0,2,45
-42.778341,-20.634373,8,0,1,68
-44.032831,-19.973248,8,0,1,228
-42.866461,-21.301293,8,0,1,323
-52.880970,-27.159683,8,0,1,176
-46.548965,-22.916023,8,0,1,23
-47.222376,-23.060312,8,0,1,333
-53.558432,-25.618622,8,0,0,165
-55.937167,-13.079265,8,0,1,227
-49.152172,-28.292827,8,0,1,347
-44.032793,-19.973284,8,0,1,48
-42.852534,-21.306262,8,0,2,64
-52.689823,-27.292936,8,0,0,171
-46.548430,-22.914767,8,0,1,6
-47.222406,-23.060335,8,0,1,153
-53.599596,-25.496951,8,0,2,162
-46.907358,-17.200939,8,0,1,155
-49.152463,-28.291804,8,0,1,167
-44.033005,-19.973394,8,0,1,228
-42.850102,-21.305026,8,0,1,63
-52.689188,-27.295054,8,0,0,178
-46.557084,-22.946761,8,0,1,195
-47.217156,-23.070420,8,0,1,147
-53.576468,-25.258020,8,0,1,169
-46.908710,-17.198280,8,0,1,155
-48.584659,-27.157964,8,0,2,125
-44.032975,-19.973427,8,0,1,48
-42.850134,-21.304994,8,0,1,243
-52.689587,-27.293496,8,0,0,164
-46.556849,-22.947569,8,0,1,356
-50.806702,-22.904303,8,0,1,42
-53.599812,-25.495006,8,0,2,197
-38.997439,-12.485985,8,0,0,3
-42.778358,-20.634331,8,0,1,248
-44.033213,-19.973577,8,0,1,228
-42.838697,-21.309267,8,0,1,134
-51.933387,-20.784945,8,0,0,105
-46.560440,-22.926202,8,0,0,110
-50.805979,-22.903511,8,0,1,223
-53.598161,-25.492907,8,0,2,38
-39.001457,-12.497247,8,0,2,11
-46.915037,-23.146172,8,0,1,2
-44.033218,-19.973627,8,0,1,48
-42.838660,-21.309232,8,0,1,314
-51.934573,-20.784632,8,0,0,105
-49.357051,-20.802653,8,0,1,261
-50.805949,-22.903529,8,0,1,43
-53.576423,-25.257313,8,0,1,349
-39.001407,-12.501172,8,0,1,172
-42.423978,-22.163062,8,0,1,58
-44.036597,-19.976314,8,0,1,229
-42.836530,-21.312048,8,0,1,158
-53.804034,-25.651630,8,0,0,15
-46.558588,-22.928308,8,0,0,167
-47.044828,-17.638536,8,0,1,179
-53.572005,-25.409510,8,0,2,170
-38.994424,-12.463165,8,0,2,37
-42.422915,-22.162381,8,0,1,56
-44.036578,-19.976361,8,0,1,50
-42.836490,-21.312033,8,0,1,338
-53.805469,-25.656621,8,0,1,15
-43.064584,-20.940190,8,0,2,145
-47.045205,-17.634568,8,0,1,179
-53.567635,-25.280461,8,0,1,205
-39.001682,-12.498598,8,0,2,7
-42.420486,-22.160998,8,0,2,78
-44.036893,-19.976553,8,0,1,229
-42.819482,-21.323432,8,0,2,119
-54.297685,-24.958158,8,0,0,117
-43.063702,-20.941387,8,0,2,146
-39.243067,-5.807639,8,0,1,177
-53.573071,-25.405483,8,0,2,162
-38.997124,-12.508911,8,0,2,120
-48.023449,-16.049173,8,0,1,90
-44.036857,-19.976590,8,0,1,50
-42.817551,-21.323562,8,0,2,61
-48.692364,-28.127668,8,0,2,1
-42.030099,-20.256957,8,0,2,35
-40.265217,-3.808718,8,0,1,147
-53.567530,-25.280651,8,0,1,25
-38.999898,-12.494381,8,0,2,37
-48.001701,-16.049170,8,0,1,90
-44.186828,-20.052067,8,0,1,280
-42.804976,-21.325096,8,0,2,124
-48.692346,-28.125234,8,0,0,1
-42.981017,-21.016162,8,0,0,13
-51.704659,-29.969153,8,0,0,31
-53.558884,-25.621860,8,0,2,18
-38.995759,-12.509716,8,0,0,122
-47.987321,-16.049188,8,0,1,90
-44.186832,-20.052089,8,0,1,103
-42.804140,-21.325666,8,0,2,124
-48.692343,-28.124106,8,0,2,1
-43.063045,-20.942354,8,0,2,149
-42.162880,-4.828035,8,0,1,205
-53.593315,-25.223309,8,0,2,139
-38.995700,-12.464820,8,0,0,36
-46.916176,-23.141803,8,0,1,153
-44.184564,-20.052181,8,0,1,268
-42.348173,-21.128944,8,0,2,73
-35.588788,-7.184761,8,0,0,9
-42.042421,-20.272803,8,0,0,109
-44.094439,-19.771205,8,0,1,209
-53.572427,-25.267815,8,0,2,154
-38.999095,-12.475460,8,0,0,165
-42.856053,-20.661550,8,0,1,10
-44.184562,-20.052196,8,0,1,85
-42.381446,-21.124560,8,0,1,220
-35.792275,-6.962551,8,0,2,10
-42.036751,-20.263140,8,0,0,144
-44.086472,-19.765113,8,0,1,209
-53.568773,-25.284424,8,0,2,6
-38.999716,-12.506061,8,0,1,335
-42.856091,-20.661540,8,0,1,190
-44.178910,-20.052042,8,0,1,245
-42.383226,-21.126760,8,0,2,3
-35.589534,-7.181865,8,0,0,171
-42.039435,-20.271705,8,0,0,1
-51.418303,-23.382812,8,0,1,25
-53.733200,-26.011813,8,0,0,13
-38.997419,-12.481864,8,0,0,172
-42.855755,-20.659680,8,0,1,8
-44.178900,-20.052047,8,0,1,65
-42.347355,-21.128612,8,0,2,65
-36.338647,-6.511145,8,0,2,136
-42.049956,-20.273984,8,0,0,54
-51.418384,-23.382747,8,0,1,206
-53.734520,-26.031262,8,0,0,32
-38.999804,-12.506087,8,0,1,155
-42.855785,-20.659673,8,0,1,188
-44.190434,-20.051689,8,0,1,267
-42.448113,-21.321688,8,0,1,46
-35.590499,-7.175515,8,0,0,168
-46.438138,-23.307812,8,0,0,70
-51.419993,-23.386020,8,0,2,26
-53.726466,-26.056784,8,0,1,178
-38.997953,-12.491260,8,0,2,18
-42.863806,-20.737352,8,0,2,173
-44.190434,-20.051701,8,0,1,85
-42.447539,-21.321146,8,0,1,43
-35.803503,-6.971987,8,0,2,75
-46.437309,-23.307263,8,0,0,25
-51.424864,-23.395757,8,0,2,26
-53.719328,-26.062770,8,0,2,177
-38.999276,-12.493569,8,0,2,37
-42.864365,-20.734259,8,0,1,351
-44.191577,-20.051773,8,0,1,265
-42.448134,-21.321633,8,0,1,224
-35.588932,-7.178113,8,0,0,168
-46.395148,-23.172526,8,0,1,202
-58.035120,-13.302573,8,0,1,340
-53.719616,-26.073552,8,0,2,165
-38.998854,-12.507807,8,0,1,333
-42.864403,-20.734259,8,0,1,171
-44.191573,-20.051785,8,0,1,85
-42.447574,-21.321086,8,0,1,233
-35.591405,-7.171427,8,0,0,161
-46.395115,-23.172541,8,0,1,22
-41.489629,-2.962825,8,0,1,158
-53.718542,-26.076645,8,0,2,163
-38.998977,-12.507823,8,0,1,153
-42.863674,-20.738420,8,0,2,174
-44.192556,-20.051830,8,0,1,269
-42.381720,-21.147205,8,0,1,40
-35.591743,-7.170181,8,0,0,168
-42.165730,-20.236084,8,0,2,134
-61.918819,-11.078052,8,0,1,152
-53.691593,-26.116837,8,0,0,115
-39.000279,-12.504928,8,0,1,156
-46.454753,-23.415510,8,0,0,28
-44.192559,-20.051839,8,0,1,90
-42.381763,-21.147165,8,0,1,220
-35.593642,-7.162692,8,0,0,150
-42.167093,-20.234830,8,0,2,134
-61.917060,-11.081401,8,0,1,152
-44.056642,-19.582391,8,0,2,169
-39.001100,-12.502890,8,0,1,164
-46.454262,-23.414658,8,0,2,28
-44.196973,-20.046248,8,0,1,2
-42.354017,-21.125294,8,0,2,90
-35.591886,-7.166379,8,0,0,176
-42.031866,-20.259463,8,0,2,36
-44.166317,-19.829314,8,0,1,146
-44.064805,-19.573017,8,0,2,144
-39.000850,-12.502884,8,0,1,345
-46.453659,-23.413629,8,0,2,28
-44.196990,-20.046242,8,0,1,171
-42.367152,-21.128236,8,0,0,111
-35.624366,-7.053098,8,0,2,150
-46.401751,-23.182679,8,0,1,1
-44.167065,-19.828244,8,0,1,146
-44.066018,-19.571897,8,0,2,135
-49.657964,-16.912611,8,0,1,232
-45.441793,-23.694843,8,0,1,147
-44.197461,-20.045068,8,0,1,332
-42.355114,-21.125534,8,0,2,66
-35.626315,-7.049787,8,0,2,150
-46.401791,-23.182679,8,0,1,171
-44.167357,-19.827835,8,0,1,146
-52.813925,-25.972691,8,0,2,175
-38.941158,-12.553202,8,0,0,180
-45.424643,-23.627607,8,0,1,208
-44.197478,-20.045071,8,0,1,153
-42.382812,-21.125525,8,0,2,62
-48.687131,-28.116443,8,0,0,35
-46.401877,-23.183224,8,0,1,195
-39.905405,-3.274982,8,0,1,135
-52.814203,-25.970308,8,0,2,175
-49.661079,-16.916191,8,0,1,23
-45.433835,-23.654850,8,0,1,190
-44.208765,-20.041628,8,0,1,259
-42.384456,-21.128601,8,0,0,47
-35.629804,-7.044796,8,0,2,143
-46.401834,-23.183244,8,0,1,17
-39.915644,-3.270293,8,0,1,292
-52.815498,-25.959323,8,0,2,174
-38.943415,-12.583310,8,0,0,154
-45.431953,-23.645274,8,0,1,190
-44.208770,-20.041632,8,0,1,79
-42.370106,-21.126766,8,0,2,102
-35.710759,-6.975176,8,0,0,81
-46.402134,-23.184016,8,0,1,197
-40.082197,-3.224428,8,0,1,277
-52.816209,-25.956588,8,0,2,139
-38.942679,-12.585524,8,0,0,158
-42.896593,-20.518046,8,0,2,158
-44.210204,-20.041764,8,0,1,279
-35.871380,-7.246791,8,0,1,3
-48.675299,-28.101405,8,0,2,35
-46.402097,-23.184023,8,0,1,17
-42.259388,-21.996704,8,0,2,28
-53.680963,-26.118764,8,0,0,100
-38.942152,-12.585625,8,0,0,61
-46.821956,-23.693862,8,0,2,66
-44.210239,-20.041805,8,0,1,99
-35.871473,-7.248061,8,0,1,183
-35.797932,-6.964894,8,0,2,113
-46.402258,-23.185014,8,0,1,351
-47.305850,-23.020427,8,0,1,350
-53.642630,-26.199562,8,0,2,139
-38.920640,-12.575313,8,0,0,70
-46.820942,-23.693471,8,0,2,66
-42.751048,-18.539059,8,0,1,238
-35.889591,-7.286422,8,0,1,6
-36.051586,-6.729352,8,0,2,138
-46.402301,-23.185017,8,0,1,180
-47.305879,-23.020428,8,0,1,170
-53.311236,-26.257237,8,0,2,125
-38.958656,-12.359913,8,0,0,25
-46.815768,-23.689869,8,0,2,75
-42.751032,-18.539080,8,0,1,58
-35.889812,-7.287788,8,0,1,10
-48.673922,-28.099665,8,0,2,35
-42.035666,-20.260025,8,0,2,277
-47.305968,-23.019768,8,0,1,351
-53.305542,-26.258296,8,0,2,79
-38.959061,-12.360721,8,0,0,25
-46.814887,-23.689623,8,0,2,72
-42.755127,-18.540947,8,0,1,60
-46.844175,-22.720992,8,0,1,227
-36.052423,-6.728392,8,0,2,138
-42.036961,-20.260466,8,0,0,57
-47.306184,-23.012849,8,0,1,24
-53.307413,-26.258343,8,0,2,94
-38.955446,-12.399502,8,0,0,176
-45.177731,-22.610991,8,0,2,177
-44.209281,-20.088405,8,0,1,36
-46.843692,-22.720564,8,0,1,227
-48.667728,-28.091792,8,0,0,35
-46.418193,-23.262741,8,0,1,199
-47.306205,-23.012850,8,0,1,204
-53.314136,-26.254382,8,0,0,131
-38.957126,-12.301757,8,0,2,178
-45.174700,-22.615188,8,0,2,120
-44.209265,-20.088405,8,0,1,222
-46.844158,-22.721024,8,0,1,47
-36.054540,-6.725977,8,0,2,138
-46.418166,-23.262749,8,0,1,19
-47.306442,-23.013374,8,0,1,24
-52.787082,-26.257857,8,0,2,54
-38.957036,-12.295180,8,0,2,179
-45.169266,-22.617614,8,0,2,137
-44.206218,-20.080871,8,0,1,6
-46.843668,-22.720601,8,0,1,47
-48.663135,-28.075884,8,0,0,177
-46.417871,-23.262128,8,0,1,212
-47.306466,-23.013365,8,0,1,204
-53.792500,-25.685115,8,0,0,104
-38.957157,-12.291588,8,0,2,178
-45.165548,-22.619933,8,0,2,109
-44.206196,-20.080868,8,0,1,184
-46.841546,-22.718287,8,0,1,33
-48.663119,-28.071811,8,0,0,3
-46.417841,-23.262142,8,0,1,32
-47.214054,-23.075579,8,0,1,139
-42.045837,-19.197708,8,0,2,28
-38.957202,-12.289956,8,0,2,178
-45.384707,-22.481088,8,0,0,74
-44.206129,-20.080246,8,0,1,6
-46.841575,-22.718252,8,0,1,216
-42.855409,-20.667187,8,0,0,178
-42.146160,-20.247779,8,0,0,106
-51.716839,-29.973360,8,0,0,89
-42.048950,-19.203007,8,0,2,28
-52.591095,-23.674335,8,0,2,57
-45.384347,-22.480997,8,0,0,74
-44.206118,-20.080246,8,0,1,185
-46.847063,-22.722733,8,0,1,74
-48.645765,-28.051126,8,0,2,67
-44.274125,-19.939960,8,0,1,179
-38.382069,-12.685596,8,0,1,216
-42.048211,-19.201751,8,0,2,28
-38.957278,-12.287485,8,0,2,2
-45.177426,-22.613023,8,0,2,172
-44.205560,-20.062842,8,0,1,72
-46.847063,-22.722698,8,0,1,257
-36.064386,-6.715537,8,0,0,138
-44.274103,-19.939953,8,0,1,357
-42.168128,-4.835734,8,0,1,217
-41.985790,-18.980585,8,0,2,39
-52.593359,-23.675326,8,0,2,72
-45.164837,-22.620156,8,0,2,289
-44.205549,-20.062833,8,0,1,252
-46.845954,-22.722418,8,0,1,65
-36.060904,-6.719239,8,0,2,135
-47.123639,-23.544157,8,0,1,340
-42.173359,-4.839821,8,0,1,238
-41.984749,-18.979360,8,0,2,39
-38.864210,-10.830173,8,0,0,155
-46.915602,-23.142877,8,0,1,154
-44.203743,-20.062266,8,0,1,72
-46.845958,-22.722381,8,0,1,244
-48.640514,-28.049122,8,0,2,67
-47.123709,-23.544174,8,0,1,160
-42.177007,-4.839902,8,0,1,319
-42.841709,-20.653869,8,0,0,144
-52.619846,-23.683374,8,0,1,77
-48.290653,-1.341788,8,0,1,201
-44.203737,-20.062256,8,0,1,252
-42.473999,-21.365259,8,0,2,37
-36.065156,-6.714721,8,0,0,137
-47.122745,-23.547193,8,0,2,165
-41.259078,-3.935502,8,0,1,217
-53.096470,-25.948229,8,0,2,140
-38.863108,-10.832522,8,0,0,155
-48.290620,-1.341798,8,0,1,21
-44.202604,-20.061911,8,0,1,71
-42.473631,-21.365084,8,0,2,37
-48.637767,-28.048059,8,0,2,67
-47.125704,-23.542444,8,0,1,269
-41.261464,-3.938306,8,0,1,226
-53.097916,-25.946420,8,0,2,152
-38.916308,-10.729393,8,0,2,156
-54.677594,-22.183509,8,0,1,50
-44.202554,-20.061869,8,0,1,251
-42.759956,-5.089418,8,0,1,224
-36.337552,-6.512292,8,0,2,134
-47.126697,-23.543117,8,0,1,49
-41.986993,-21.735980,8,0,1,219
-53.095317,-25.769657,8,0,2,56
-52.617110,-23.683286,8,0,1,98
-54.677056,-22.182953,8,0,1,230
-44.201172,-20.061437,8,0,1,75
-42.759913,-5.089447,8,0,1,25
-48.623305,-28.035003,8,0,2,20
-47.132799,-23.541878,8,0,1,268
-42.647011,-5.409060,8,0,1,141
-50.088890,-23.307803,8,0,1,257
-52.618234,-23.683140,8,0,1,84
-54.677081,-22.183097,8,0,1,50
-44.201159,-20.061435,8,0,1,256
-42.761368,-5.091484,8,0,1,206
-36.629014,-6.544897,8,0,0,115
-47.132791,-23.541925,8,0,1,81
-42.646986,-5.409041,8,0,1,321
-50.090269,-23.308205,8,0,0,70
-38.967482,-10.615438,8,0,2,155
-54.675317,-22.181589,8,0,1,230
-44.199318,-20.061549,8,0,1,106
-42.761335,-5.091503,8,0,1,25
-36.666766,-6.682772,8,0,0,120
-47.149420,-23.531059,8,0,1,251
-42.643558,-5.413364,8,0,1,141
-50.072956,-23.309257,8,0,2,104
-38.968618,-10.612917,8,0,2,155
-54.672821,-22.179663,8,0,1,231
-44.199308,-20.061549,8,0,1,286
-42.764356,-5.098014,8,0,1,205
-36.664977,-6.683397,8,0,0,92
-47.150026,-23.531344,8,0,1,71
-42.643528,-5.413329,8,0,1,321
-50.070058,-23.304210,8,0,1,9
-39.006299,-10.516606,8,0,1,340
-54.675272,-22.181663,8,0,1,50
-44.197889,-20.061893,8,0,2,99
-42.764313,-5.098027,8,0,1,24
-36.661772,-6.684381,8,0,2,114
-47.173436,-23.534800,8,0,1,259
-41.739890,-6.847815,8,0,1,192
-50.070277,-23.301581,8,0,2,179
-39.007845,-10.512354,8,0,1,340
-54.673021,-22.179923,8,0,1,51
-44.196713,-20.061376,8,0,2,52
-42.764769,-5.098924,8,0,1,204
-36.651880,-6.690619,8,0,0,115
-47.174095,-23.535075,8,0,1,69
-41.739998,-6.847773,8,0,1,12
-50.064343,-23.294753,8,0,2,110
-39.009179,-10.508712,8,0,1,340
-54.613857,-22.133612,8,0,1,50
-44.217349,-20.011919,8,0,1,103
-42.764716,-5.098951,8,0,1,24
-36.642081,-6.692165,8,0,0,75
-47.177277,-23.536842,8,0,1,222
-41.452780,-7.080661,8,0,2,70
-50.062046,-23.295516,8,0,2,110
-39.009157,-10.509000,8,0,1,160
-54.620557,-22.138891,8,0,1,50
-44.217318,-20.011896,8,0,1,283
-42.770287,-5.110350,8,0,1,218
-35.809296,-6.973339,8,0,0,77
-47.177253,-23.536872,8,0,1,42
-41.738453,-6.840269,8,0,1,192
-50.058319,-23.296755,8,0,2,110
-39.007915,-10.512365,8,0,1,160
-54.569460,-22.082512,8,0,2,28
-44.216207,-20.012802,8,0,1,135
-42.770239,-5.110384,8,0,1,41
-35.829519,-6.987470,8,0,2,40
-47.179030,-23.537898,8,0,1,251
-42.512093,-5.816790,8,0,2,132
-49.906127,-23.000741,8,0,1,22
-39.006363,-10.516628,8,0,1,160
-54.567454,-22.078855,8,0,2,28
-44.216194,-20.012806,8,0,1,329
-42.759471,-5.088915,8,0,1,224
-35.830178,-6.988224,8,0,2,40
-47.179022,-23.537945,8,0,1,71
-42.511449,-5.817526,8,0,2,140
-50.083659,-23.307906,8,0,2,95
-39.012785,-10.498819,8,0,1,340
-54.739399,-18.523181,8,0,2,14
-44.216328,-20.017226,8,0,1,183
-42.759433,-5.088955,8,0,1,44
-35.830887,-6.989016,8,0,0,40
-47.184359,-23.538454,8,0,1,291
-42.510977,-5.818081,8,0,2,139
-49.917830,-23.496462,8,0,2,73
-38.917185,-10.727542,8,0,2,156
-55.082051,-21.341858,8,0,0,64
-44.216318,-20.017222,8,0,1,4
-35.226834,-7.191816,8,0,1,95
-35.854812,-7.009365,8,0,0,24
-47.184373,-23.538481,8,0,1,111
-41.451790,-7.080306,8,0,2,70
-49.952882,-23.148449,8,0,1,213
-41.153156,-21.712339,8,0,1,274
-55.080859,-21.341287,8,0,0,64
-43.179669,-22.539310,8,0,1,112
-35.393417,-7.172982,8,0,1,259
-35.856426,-7.013597,8,0,2,15
-47.186385,-23.537338,8,0,1,309
-41.776372,-6.372267,8,0,2,310
-49.758262,-23.187024,8,0,2,170
-41.151785,-21.712413,8,0,1,273
-54.614137,-22.864760,8,0,2,111
-43.179656,-22.539305,8,0,1,292
-49.172301,-28.323838,8,0,1,267
-35.856777,-7.014880,8,0,2,15
-47.186441,-23.537378,8,0,1,129
-41.357201,-7.160283,8,0,2,128
-49.949494,-23.143804,8,0,2,33
-41.187531,-21.729501,8,0,0,68
-50.243476,-25.040392,8,0,1,303
-43.179806,-22.539790,8,0,1,239
-45.401309,-23.618983,8,0,1,73
-35.857066,-7.015936,8,0,2,15
-47.094756,-23.551815,8,0,2,75
-41.738379,-6.840348,8,0,1,12
-49.930802,-23.500270,8,0,1,61
-39.000726,-12.501252,8,0,1,19
-50.210415,-25.075123,8,0,1,154
-43.179847,-22.539826,8,0,1,56
-45.422317,-23.625274,8,0,2,79
-35.856849,-7.028642,8,0,0,22
-47.092887,-23.552353,8,0,2,128
-41.445020,-7.077943,8,0,2,70
-49.927766,-23.499318,8,0,2,73
-39.001611,-12.499994,8,0,1,170
-50.183422,-25.070923,8,0,1,26
-43.184220,-22.553094,8,0,1,229
-45.419267,-23.624753,8,0,2,79
-35.853399,-7.150585,8,0,0,161
-47.131776,-23.542089,8,0,1,306
-42.440695,-5.857124,8,0,2,106
-49.926633,-23.499018,8,0,2,73
-52.465836,-23.632656,8,0,2,70
-50.203621,-25.079664,8,0,1,131
-43.184226,-22.553099,8,0,1,45
-45.420410,-23.624946,8,0,2,79
-35.852663,-7.152789,8,0,0,161
-47.131789,-23.542134,8,0,1,113
-41.362621,-7.156081,8,0,2,128
-49.925559,-23.498695,8,0,2,73
-41.107954,-21.718237,8,0,2,93
-50.204825,-25.078513,8,0,1,313
-43.185250,-22.569935,8,0,1,91
-36.128267,-7.954476,8,0,2,182
-35.852323,-7.155291,8,0,2,16
-47.157194,-23.533828,8,0,1,243
-42.510377,-5.818764,8,0,2,140
-49.923848,-23.498202,8,0,2,73
-38.957071,-12.294479,8,0,2,179
-50.185169,-25.074084,8,0,1,206
-43.185228,-22.569937,8,0,1,271
-36.065538,-8.007266,8,0,2,98
-35.853358,-7.156741,8,0,2,45
-47.157165,-23.533877,8,0,1,63
-42.442957,-5.856478,8,0,2,104
-49.919090,-23.496834,8,0,2,73
-53.537786,-24.405451,8,0,2,134
-50.185115,-25.074148,8,0,1,26
-43.184394,-22.570571,8,0,1,176
-35.969618,-8.178930,8,0,2,151
-35.853593,-7.156950,8,0,2,45
-47.160435,-23.534618,8,0,1,264
-41.586808,-7.014388,8,0,2,118
-55.829094,-15.358150,8,0,0,23
-53.538575,-24.394359,8,0,2,165
-50.183487,-25.070893,8,0,1,206
-43.184389,-22.570579,8,0,1,356
-35.971807,-8.175956,8,0,2,132
-35.853976,-7.157312,8,0,0,45
-47.160435,-23.534653,8,0,1,84
-41.588141,-7.013683,8,0,2,118
-50.650573,-23.193412,8,0,1,229
-53.545214,-24.400990,8,0,2,105
-50.186484,-25.076691,8,0,1,23
-43.184362,-22.571357,8,0,1,187
-36.051890,-8.036837,8,0,2,170
-35.854852,-7.158146,8,0,0,45
-47.162052,-23.534665,8,0,1,276
-41.777495,-6.371325,8,0,1,129
-42.132652,-19.780090,8,0,1,349
-53.543830,-24.401316,8,0,2,105
-50.186341,-25.076292,8,0,1,205
-43.184359,-22.571354,8,0,1,8
-36.052576,-8.033225,8,0,2,163
-51.787944,-27.525514,8,0,0,85
-47.162058,-23.534712,8,0,1,100
-41.777470,-6.371302,8,0,1,309
-50.978691,-23.261433,8,0,2,127
-54.657522,-16.466462,8,0,1,345
-42.026483,-20.256830,8,0,0,125
-42.428857,-18.191315,8,0,2,11
-36.052920,-8.025321,8,0,2,192
-51.785210,-27.525372,8,0,0,85
-47.166671,-23.533940,8,0,1,256
-42.509880,-5.819361,8,0,2,139
-50.981811,-23.257645,8,0,1,320
-54.660071,-16.461209,8,0,1,337
-42.035812,-20.265043,8,0,2,174
-43.187161,-22.577208,8,0,1,223
-36.052362,-8.019116,8,0,2,179
-51.782115,-27.525012,8,0,0,85
-42.673983,-5.364940,8,0,2,163
-41.718025,-6.669483,8,0,2,185
-50.981741,-23.257840,8,0,1,141
-38.994797,-11.478608,8,0,2,21
-42.038508,-20.268219,8,0,0,43
-43.187169,-22.577215,8,0,1,43
-46.306660,-23.591510,8,0,1,178
-51.791087,-27.525395,8,0,0,125
-42.766837,-5.171898,8,0,1,343
-42.460488,-5.846593,8,0,2,132
-48.910275,-23.971753,8,0,0,126
-38.997514,-11.486603,8,0,2,6
-42.039643,-20.272505,8,0,2,32
-43.187301,-22.580349,8,0,1,169
-46.339342,-23.663168,8,0,1,44
-46.842370,-23.021997,8,0,1,346
-42.766880,-5.171909,8,0,1,163
-41.359435,-7.158576,8,0,1,128
-48.904468,-23.977074,8,0,2,118
-49.197176,-25.378816,8,0,1,38
-49.994869,-25.436192,8,0,1,3
-43.187295,-22.580347,8,0,1,348
-46.336337,-23.660231,8,0,2,43
-46.842453,-23.022000,8,0,1,178
-42.678682,-5.351569,8,0,2,144
-41.359413,-7.158551,8,0,1,308
-52.919825,-25.974866,8,0,2,38
-54.079997,-24.558182,8,0,1,107
-49.994910,-25.436175,8,0,1,183
-43.186919,-22.582065,8,0,1,166
-46.306675,-23.589866,8,0,1,356
-46.842431,-23.020454,8,0,1,358
-42.765264,-5.176999,8,0,1,343
-41.145272,-7.345722,8,0,0,152
-52.920981,-25.976308,8,0,2,38
-54.079302,-24.558259,8,0,1,287
-42.028018,-20.256055,8,0,2,103
-43.186909,-22.582067,8,0,1,347
-46.338159,-23.662013,8,0,2,44
-46.842506,-23.020440,8,0,1,178
-42.765313,-5.177008,8,0,1,163
-42.720857,-20.597079,8,0,2,139
-52.224377,-24.185519,8,0,2,164
-54.074496,-24.559660,8,0,1,287
-49.994492,-25.430036,8,0,1,184
-43.186676,-22.583013,8,0,1,169
-46.307474,-23.587560,8,0,1,130
-46.842442,-23.019857,8,0,1,358
-42.768211,-5.167528,8,0,1,162
-39.124902,-12.657866,8,0,1,34
-52.225292,-24.182737,8,0,2,164
-54.067530,-24.561662,8,0,1,287
-49.994459,-25.430060,8,0,1,4
-43.186668,-22.583018,8,0,1,348
-35.851167,-7.245326,8,0,1,294
-46.842516,-23.019847,8,0,1,178
-42.768165,-5.167517,8,0,1,342
-39.124546,-12.656811,8,0,1,213
-52.225803,-24.181245,8,0,2,164
-43.350790,-21.691585,8,0,2,30
-49.994741,-25.433825,8,0,1,183
-43.110727,-19.462665,8,0,1,1
-49.390940,-27.036245,8,0,2,53
-46.842464,-23.018796,8,0,1,358
-42.764930,-5.178298,8,0,1,163
-49.358032,-16.618898,8,0,1,322
-49.731236,-23.436862,8,0,0,54
-43.349473,-21.690581,8,0,1,47
-49.994700,-25.433829,8,0,1,3
-43.110749,-19.462665,8,0,1,181
-49.394832,-27.038868,8,0,2,53
-46.842539,-23.018782,8,0,1,170
-42.764885,-5.178290,8,0,1,343
-49.357792,-16.619764,8,0,1,143
-48.914498,-23.969183,8,0,0,113
-43.356663,-21.709724,8,0,1,297
-49.994620,-25.425859,8,0,1,175
-43.112819,-19.432821,8,0,1,0
-45.087399,-23.434823,8,0,1,194
-46.841892,-23.023001,8,0,1,138
-42.676403,-5.357358,8,0,1,163
-49.358303,-16.619067,8,0,1,143
-49.727770,-23.434627,8,0,0,54
-43.356700,-21.709753,8,0,1,117
-49.994959,-25.422054,8,0,1,356
-43.112846,-19.432818,8,0,1,180
-45.087344,-23.434824,8,0,1,16
-46.841820,-23.022942,8,0,1,298
-42.676376,-5.357345,8,0,1,343
-51.615401,-29.959907,8,0,2,68
-46.680511,-19.114028,8,0,0,17
-43.359946,-21.708054,8,0,2,161
-49.994586,-25.425855,8,0,1,355
-43.112980,-19.436496,8,0,1,346
-45.094108,-23.438065,8,0,1,106
-46.827518,-23.014625,8,0,2,94
-42.675960,-5.358768,8,0,1,163
-51.628981,-29.967531,8,0,2,66
-53.614280,-26.258893,8,0,2,108
-43.355367,-21.695863,8,0,2,40
-47.986547,-16.048918,8,0,1,270
-43.113015,-19.436494,8,0,1,177
-45.094089,-23.438006,8,0,1,284
-35.628368,-7.046758,8,0,2,146
-42.675928,-5.358750,8,0,1,343
-51.626858,-29.966715,8,0,2,66
-53.678865,-26.119948,8,0,0,140
-43.353744,-21.694716,8,0,2,64
-49.995098,-25.420858,8,0,1,177
-43.118291,-19.442225,8,0,1,165
-45.097928,-23.436878,8,0,1,100
-42.874304,-20.395312,8,0,0,135
-42.675474,-5.360269,8,0,1,163
-47.789577,-15.800891,8,0,1,90
-53.738072,-25.819511,8,0,2,21
-43.353020,-21.694132,8,0,2,39
-49.995058,-25.420872,8,0,1,357
-43.118259,-19.442220,8,0,1,352
-45.097922,-23.436821,8,0,1,283
-42.878176,-20.397453,8,0,2,51
-42.675442,-5.360256,8,0,1,343
-51.616499,-29.960273,8,0,1,68
-53.700829,-25.822676,8,0,2,73
-43.348484,-21.686030,8,0,2,22
-49.995761,-25.418283,8,0,1,174
-43.118565,-19.443115,8,0,1,217
-45.101098,-23.436818,8,0,1,270
-42.888899,-20.402018,8,0,0,80
-42.674976,-5.361845,8,0,1,163
-49.357524,-16.619564,8,0,1,324
-53.538559,-25.718091,8,0,2,170
-43.347393,-21.684116,8,0,2,35
-49.995721,-25.418285,8,0,1,354
-43.118543,-19.443143,8,0,1,48
-45.102452,-23.436527,8,0,1,302
-42.806490,-20.427990,8,0,1,89
-42.674943,-5.361829,8,0,1,343
-41.434422,-7.079085,8,0,2,101
-53.696795,-25.822931,8,0,0,100
-43.346872,-21.680599,8,0,2,178
-49.994983,-25.422050,8,0,1,176
-43.119691,-19.443872,8,0,1,240
-45.102474,-23.436556,8,0,1,121
-50.003890,-27.121833,8,0,2,56
-44.962922,-22.389011,8,0,1,161
-41.996295,-21.771565,8,0,2,22
-53.538446,-25.720546,8,0,0,178
-43.345067,-21.678353,8,0,2,66
-50.017262,-25.372058,8,0,1,136
-43.119670,-19.443897,8,0,1,62
-45.101098,-23.436853,8,0,1,90
-50.000476,-27.117957,8,0,2,55
-44.962882,-22.389004,8,0,1,341
-41.995396,-21.768707,8,0,2,5
-53.546882,-25.752961,8,0,0,26
-43.334635,-21.663851,8,0,2,14
-48.000861,-16.048902,8,0,1,270
-43.110725,-19.461808,8,0,1,357
-45.106627,-23.431294,8,0,1,136
-47.084811,-18.185966,8,0,0,147
-44.931271,-22.310940,8,0,1,202
-41.995318,-21.767105,8,0,2,2
-53.544601,-25.750056,8,0,2,38
-43.334297,-21.662549,8,0,2,14
-50.017232,-25.372038,8,0,1,316
-43.110754,-19.461808,8,0,1,172
-45.106584,-23.431264,8,0,1,324
-47.083789,-18.187484,8,0,0,151
-44.931239,-22.310953,8,0,1,22
-41.925932,-21.715505,8,0,2,84
-53.726410,-26.057124,8,0,1,358
-43.280461,-21.597232,8,0,0,42
-48.011158,-16.048903,8,0,1,270
-42.921431,-18.758456,8,0,2,16
-45.107968,-23.429467,8,0,1,330
-47.625256,-16.776767,8,0,2,47
-42.623241,-20.232403,8,0,0,149
-41.925122,-21.715837,8,0,2,168
-52.267033,-24.235813,8,0,2,127
-43.278447,-21.595027,8,0,0,30
-50.017997,-25.371340,8,0,1,136
-44.157471,-19.777642,8,0,1,45
-45.108006,-23.429486,8,0,1,151
-47.608881,-16.757492,8,0,0,50
-42.625278,-20.229624,8,0,0,130
-41.924972,-21.716498,8,0,2,168
-52.339954,-23.919517,8,0,2,28
-43.183578,-21.285617,8,0,2,72
-50.017978,-25.371320,8,0,1,316
-44.158192,-19.778083,8,0,1,249
-45.109607,-23.426452,8,0,1,332
-46.808864,-19.051548,8,0,2,145
-42.642818,-20.223064,8,0,2,130
-41.764023,-21.635843,8,0,2,163
-52.266088,-24.236388,8,0,2,127
-43.175811,-21.279797,8,0,2,32
-50.039237,-25.354780,8,0,2,142
-44.148204,-19.773811,8,0,1,259
-45.109658,-23.426476,8,0,1,153
-46.809237,-19.051012,8,0,2,145
-41.941257,-20.344174,8,0,2,69
-41.763795,-21.636543,8,0,2,160
-52.338399,-23.916854,8,0,2,28
-43.174840,-21.278392,8,0,2,27
-48.041647,-16.044509,8,0,1,324
-44.148203,-19.773825,8,0,1,74
-45.110114,-23.425567,8,0,1,327
-46.808228,-19.052438,8,0,2,145
-41.947694,-20.346462,8,0,2,19
-41.759275,-21.641998,8,0,0,113
-52.336668,-23.913898,8,0,2,28
-53.801185,-24.576617,8,0,1,91
-50.041544,-25.352182,8,0,2,142
-46.504467,-22.277167,8,0,1,83
-45.110162,-23.425592,8,0,1,143
-46.807574,-19.053367,8,0,2,145
-35.228611,-7.173682,8,0,2,13
-41.757213,-21.642682,8,0,0,104
-52.335423,-23.911774,8,0,2,28
-53.801188,-24.576521,8,0,1,271
-50.043400,-25.350650,8,0,2,120
-46.504441,-22.277105,8,0,1,263
-45.110878,-23.424998,8,0,1,302
-46.807207,-19.053891,8,0,0,145
-35.236348,-7.144289,8,0,2,348
-41.755724,-21.643634,8,0,0,138
-52.089059,-23.613387,8,0,1,32
-53.799753,-24.576559,8,0,1,271
-50.184275,-25.072523,8,0,1,26
-44.415274,-21.243883,8,0,2,107
-45.110908,-23.425045,8,0,1,121
-46.801282,-19.063954,8,0,0,158
-35.236634,-7.142970,8,0,2,348
-52.702543,-26.903641,8,0,1,6
-52.087103,-23.610426,8,0,1,31
-53.799758,-24.576637,8,0,1,91
-50.184331,-25.072476,8,0,1,206
-45.020154,-21.245318,8,0,1,131
-45.112863,-23.421037,8,0,1,351
-46.800962,-19.064701,8,0,2,156
-35.234579,-7.106505,8,0,2,8
-63.119652,-9.416715,8,0,2,147
-52.083992,-23.605784,8,0,1,32
-53.798071,-24.576580,8,0,1,271
-50.039966,-25.354118,8,0,1,122
-44.992359,-21.265173,8,0,2,101
-45.112908,-23.421034,8,0,1,171
-46.798395,-19.068811,8,0,2,134
-35.234300,-7.104106,8,0,2,7
-63.118407,-9.418604,8,0,2,147
-52.082951,-23.603883,8,0,1,213
-53.798066,-24.576668,8,0,1,91
-50.039881,-25.354064,8,0,1,308
-45.025108,-21.239380,8,0,1,1
-45.113930,-23.416401,8,0,1,348
-46.797974,-19.069190,8,0,2,131
-35.233472,-7.102179,8,0,2,40
-52.703851,-26.914765,8,0,1,6
-52.087036,-23.610011,8,0,1,211
-54.074763,-24.559686,8,0,1,107
-50.046468,-25.348466,8,0,1,139
-44.658838,-21.295503,8,0,2,101
-45.113973,-23.416401,8,0,1,168
-46.796848,-19.069998,8,0,2,121
-35.231591,-7.096639,8,0,2,318
-52.703935,-26.914763,8,0,1,186
-52.088898,-23.612581,8,0,1,228
-54.067740,-24.561706,8,0,1,107
-50.049710,-25.344363,8,0,2,153
-43.186662,-22.592005,8,0,1,187
-45.118704,-23.403340,8,0,2,173
-46.795228,-19.070889,8,0,2,118
-41.200768,-20.674876,8,0,0,98
-52.703424,-26.911403,8,0,1,7
-36.619914,-9.055680,8,0,2,57
-54.051256,-24.566893,8,0,1,18
-50.188410,-25.080325,8,0,1,26
-43.186651,-22.592000,8,0,1,8
-57.697136,-19.020394,8,0,2,55
-46.794726,-19.071156,8,0,2,118
-41.200514,-20.677153,8,0,0,49
-52.703517,-26.911404,8,0,1,187
-36.687485,-9.341725,8,0,2,2
-53.909025,-24.563855,8,0,1,90
-50.188461,-25.080288,8,0,1,206
-43.186915,-22.593598,8,0,1,188
-38.410633,-12.780378,8,0,2,35
-46.796073,-19.070440,8,0,2,118
-41.200964,-20.678188,8,0,0,173
-52.703237,-26.909614,8,0,1,7
-36.624490,-9.057704,8,0,2,74
-53.909023,-24.563800,8,0,1,270
-50.047828,-25.346924,8,0,2,141
-43.186857,-22.593603,8,0,1,8
-42.363980,-21.994574,8,0,0,36
-53.268416,-24.517469,8,0,0,140
-41.187456,-20.752540,8,0,2,162
-52.703320,-26.909612,8,0,1,187
-36.687474,-9.341234,8,0,2,2
-53.906810,-24.563892,8,0,1,90
-52.134354,-27.078234,8,0,1,1
-43.187352,-22.596624,8,0,1,181
-45.555468,-23.046538,8,0,0,146
-53.268268,-24.605150,8,0,0,63
-41.099466,-20.875849,8,0,2,156
-52.703036,-26.908172,8,0,1,6
-36.702509,-9.268779,8,0,0,120
-53.906812,-24.563831,8,0,1,270
-52.134451,-27.078228,8,0,1,181
-43.187316,-22.596621,8,0,1,1
-45.557479,-23.043476,8,0,0,175
-53.254956,-24.534496,8,0,2,180
-41.099016,-20.876701,8,0,0,152
-52.703126,-26.908175,8,0,1,186
-36.704439,-9.267697,8,0,0,120
-53.806107,-24.576454,8,0,1,270
-52.134354,-27.075955,8,0,1,1
-43.187356,-22.597496,8,0,1,181
-45.556422,-23.045813,8,0,2,125
-53.248367,-24.529220,8,0,2,120
-52.055919,-23.466752,8,0,0,73
-52.702914,-26.906959,8,0,1,6
-36.706472,-9.266573,8,0,0,120
-53.806112,-24.576544,8,0,1,90
-52.133865,-27.080049,8,0,2,149
-43.187328,-22.597498,8,0,1,1
-49.153781,-26.848035,8,0,0,156
-53.266517,-24.605006,8,0,0,114
-52.058471,-23.467491,8,0,0,73
-48.039397,-16.047089,8,0,1,309
-36.708017,-9.262650,8,0,0,5
-53.803711,-24.576494,8,0,1,270
-52.140978,-27.156446,8,0,2,30
-43.187353,-22.598781,8,0,1,179
-45.555242,-23.047000,8,0,0,168
-53.265756,-24.520351,8,0,2,140
-41.186456,-20.753141,8,0,2,85
-48.077098,-15.993278,8,0,0,7
-36.711331,-9.241048,8,0,0,10
-53.803719,-24.576578,8,0,1,90
-50.046392,-25.348446,8,0,1,319
-43.187323,-22.598773,8,0,1,359
-45.554945,-23.052969,8,0,2,14
-44.931306,-21.172212,8,0,1,80
-49.316210,-25.431135,8,0,1,114
-48.076304,-15.991906,8,0,0,43
-36.711100,-9.235774,8,0,0,177
-53.794065,-24.576653,8,0,2,90
-52.143231,-27.160597,8,0,2,8
-43.193394,-22.606808,8,0,1,215
-45.552869,-23.071061,8,0,1,344
-44.979638,-21.221786,8,0,2,80
-49.283304,-25.343094,8,0,2,179
-48.044564,-15.951950,8,0,2,64
-36.711218,-9.233525,8,0,2,177
-53.791497,-24.576669,8,0,2,90
-52.142977,-27.159043,8,0,2,9
-43.193352,-22.606824,8,0,1,35
-54.552155,-20.464680,8,0,1,102
-44.976105,-21.220607,8,0,0,54
-46.193343,-23.882009,8,0,1,84
-41.431774,-7.079631,8,0,2,101
-36.711599,-9.226536,8,0,2,177
-53.802023,-24.576606,8,0,1,91
-52.133385,-27.082618,8,0,2,2
-43.194119,-22.608396,8,0,1,192
-54.548853,-20.465356,8,0,1,283
-44.982233,-21.222289,8,0,2,77
-46.191868,-23.881323,8,0,1,261
-41.430800,-7.079834,8,0,2,101
-36.711052,-9.208183,8,0,2,28
-53.796874,-24.576583,8,0,1,270
-49.225040,-28.344427,8,0,1,2
-43.194076,-22.608397,8,0,1,12
-38.409872,-12.779356,8,0,2,35
-44.986115,-21.224202,8,0,0,60
-46.196680,-23.883083,8,0,2,65
-41.416753,-7.082737,8,0,2,101
-36.709571,-9.205121,8,0,2,24
-53.802028,-24.576495,8,0,1,271
-49.259368,-28.351431,8,0,1,74
-43.194323,-22.609261,8,0,1,192
-38.412989,-12.783056,8,0,1,224
-44.987880,-21.225105,8,0,2,59
-49.623712,-23.601496,8,0,0,105
-41.415619,-7.082972,8,0,2,101
-36.700640,-9.185995,8,0,0,24
-54.243759,-24.708450,8,0,2,9
-49.259384,-28.351398,8,0,1,254
-43.194284,-22.609260,8,0,1,12
-38.406607,-12.774961,8,0,0,37
-53.217642,-24.440418,8,0,0,145
-49.619151,-23.602186,8,0,0,99
-41.402781,-7.087297,8,0,2,110
-36.691984,-9.167258,8,0,2,176
-54.242559,-24.700260,8,0,2,7
-44.419733,-20.198670,8,0,1,43
-43.195839,-22.612001,8,0,1,221
-38.405929,-12.774039,8,0,0,34
-53.218575,-24.439088,8,0,0,145
-49.618218,-23.602297,8,0,0,99
-41.445781,-7.078125,8,0,2,70
-36.699326,-9.182490,8,0,0,20
-53.876330,-25.065765,8,0,1,336
-44.419768,-20.198632,8,0,1,223
-43.195812,-22.612023,8,0,1,41
-42.354172,-22.359655,8,0,2,266
-42.952921,-21.106331,8,0,2,2
-49.617257,-23.602510,8,0,0,108
-49.253677,-26.817508,8,0,2,19
-36.697354,-9.178919,8,0,2,31
-53.876438,-25.065800,8,0,1,156
-44.424816,-20.200659,8,0,1,147
-43.196956,-22.613046,8,0,1,225
-42.355583,-22.359271,8,0,2,119
-42.952871,-21.105775,8,0,2,4
-49.247481,-23.527426,8,0,0,43
-45.248133,-22.857958,8,0,1,257
-36.695729,-9.176160,8,0,2,30
-53.877659,-25.063103,8,0,1,159
-44.424775,-20.200638,8,0,1,327
-43.196920,-22.613074,8,0,1,45
-42.357506,-22.358311,8,0,2,119
-42.829732,-21.030554,8,0,0,62
-49.243398,-23.524648,8,0,2,57
-45.249211,-22.858258,8,0,1,88
-36.693885,-9.173058,8,0,2,28
-53.879274,-25.058730,8,0,1,216
-44.427385,-20.198325,8,0,1,285
-43.198279,-22.614249,8,0,1,226
-42.359733,-22.357983,8,0,1,71
-53.081537,-26.446932,8,0,0,154
-49.240872,-23.523178,8,0,2,58
-53.014517,-25.529517,8,0,0,21
-36.692216,-9.170018,8,0,2,20
-53.879742,-25.058853,8,0,1,124
-44.427399,-20.198355,8,0,1,105
-43.198260,-22.614266,8,0,1,46
-35.664011,-7.247699,8,0,1,261
-53.082835,-26.444586,8,0,0,154
-49.190916,-25.541941,8,0,1,343
-52.928611,-25.460554,8,0,0,62
-36.692474,-9.162360,8,0,2,174
-53.880491,-25.058228,8,0,1,303
-53.024351,-26.154478,8,0,2,48
-43.198983,-22.614888,8,0,1,229
-35.662952,-7.247451,8,0,1,261
-53.052483,-26.698536,8,0,1,343
-49.191249,-25.541263,8,0,1,163
-53.331761,-25.138750,8,0,2,168
-36.692581,-9.158939,8,0,2,1
-53.881363,-25.057837,8,0,1,125
-44.128564,-19.858474,8,0,1,291
-43.198951,-22.614897,8,0,1,38
-35.354260,-7.165547,8,0,1,249
-53.043905,-26.725679,8,0,2,159
-49.280992,-25.355539,8,0,0,5
-53.300224,-25.213233,8,0,0,10
-53.553900,-25.669188,8,0,0,170
-53.877777,-25.056953,8,0,1,34
-44.128598,-19.858533,8,0,1,108
-43.199375,-22.615327,8,0,1,218
-46.328834,-23.452467,8,0,2,26
-53.041583,-26.729523,8,0,2,142
-59.312367,-15.247030,8,0,2,157
-53.409647,-25.379659,8,0,0,166
-54.311690,-27.639875,8,0,1,16
-43.279118,-21.595863,8,0,0,42
-54.950214,-20.918462,8,0,1,212
-43.199362,-22.615346,8,0,1,39
-46.329179,-23.453272,8,0,2,17
-53.039939,-26.731181,8,0,2,139
-49.281140,-25.357023,8,0,0,4
-52.917619,-25.701860,8,0,1,190
-44.114027,-22.518749,8,0,1,250
-53.535444,-24.407492,8,0,2,133
-54.950179,-20.918482,8,0,1,32
-43.201107,-22.617647,8,0,1,210
-49.407987,-26.224284,8,0,1,90
-53.033085,-26.736947,8,0,0,44
-49.279399,-25.362818,8,0,2,145
-52.917507,-25.701885,8,0,1,10
-44.114494,-22.519026,8,0,1,68
-48.853666,-16.055242,8,0,2,6
-45.366267,-23.813760,8,0,1,340
-43.201074,-22.617654,8,0,1,29
-49.407990,-26.224255,8,0,1,267
-53.049981,-26.777703,8,0,2,49
-49.279007,-25.363330,8,0,2,145
-52.920475,-25.716222,8,0,2,10
-36.697191,-9.283698,8,0,0,2
-48.808046,-15.920763,8,0,2,148
-45.365167,-23.807008,8,0,2,1
-43.201835,-22.618855,8,0,1,209
-49.494952,-26.237911,8,0,0,79
-53.044828,-26.721379,8,0,0,1
-49.278103,-25.364508,8,0,0,145
-52.919088,-25.736015,8,0,2,96
-49.002708,-16.329315,8,0,2,76
-48.805962,-15.924727,8,0,1,352
-45.360788,-23.788112,8,0,2,39
-43.201799,-22.618862,8,0,1,28
-38.382670,-12.686587,8,0,1,36
-53.017830,-26.155291,8,0,0,26
-49.275238,-25.368546,8,0,2,162
-52.917810,-25.457219,8,0,2,251
-55.483388,-22.742525,8,0,2,110
-48.806021,-15.924742,8,0,1,172
-50.112981,-24.964110,8,0,1,5
-43.202437,-22.620013,8,0,1,204
-38.311041,-12.621436,8,0,2,49
-43.811951,-20.570088,8,0,2,4
-49.274842,-25.370499,8,0,1,174
-52.917743,-25.457323,8,0,2,71
-47.423275,-22.562945,8,0,1,73
-48.805468,-15.927667,8,0,2,169
-50.112730,-24.961360,8,0,1,190
-43.202418,-22.620015,8,0,1,23
-39.043274,-12.597684,8,0,1,52
-35.520589,-9.434158,8,0,2,41
-49.274417,-25.372926,8,0,2,172
-52.911538,-25.452050,8,0,2,28
-46.329684,-23.519511,8,0,1,318
-53.877521,-25.063054,8,0,1,339
-50.110649,-24.953727,8,0,1,15
-50.117528,-29.937672,8,0,2,22
-53.875333,-29.689305,8,0,2,110
-35.566285,-9.306582,8,0,0,99
-49.274565,-25.371725,8,0,1,352
-53.003863,-25.608410,8,0,0,122
-46.330824,-23.518444,8,0,1,314
-41.500976,-17.852219,8,0,2,94
-50.110464,-24.952618,8,0,1,195
-50.117128,-29.936838,8,0,2,22
-46.339568,-23.510785,8,0,1,316
-35.568715,-9.324371,8,0,0,143
-42.324545,-19.225126,8,0,2,35
-53.008949,-25.537199,8,0,1,348
-49.023982,-28.441022,8,0,1,192
-53.082204,-26.391569,8,0,2,100
-54.816355,-22.195890,8,0,1,176
-50.116849,-29.936254,8,0,2,22
-46.333972,-23.515752,8,0,1,314
-35.564793,-9.305928,8,0,0,43
-42.237726,-19.157340,8,0,0,3
-53.009053,-25.537211,8,0,1,170
-46.649564,-22.522020,8,0,2,105
-53.086608,-26.392532,8,0,1,209
-54.816323,-22.195882,8,0,1,356
-50.116595,-29.935713,8,0,2,22
-46.259956,-23.543641,8,0,1,279
-35.526633,-9.152784,8,0,0,55
-42.237489,-19.156338,8,0,2,26
-53.008809,-25.538523,8,0,2,169
-53.619937,-26.257189,8,0,2,107
-53.089795,-26.393996,8,0,2,66
-54.816757,-22.189696,8,0,1,176
-50.116295,-29.935089,8,0,2,22
-46.333166,-23.516602,8,0,1,130
-35.529682,-9.159541,8,0,0,51
-42.235951,-19.154337,8,0,0,38
-53.013693,-25.530877,8,0,0,139
-53.722365,-26.059371,8,0,2,102
-53.094471,-26.395743,8,0,0,70
-54.816674,-22.189683,8,0,1,356
-50.115895,-29.934246,8,0,2,22
-46.259244,-23.543868,8,0,1,99
-45.573460,-20.166697,8,0,0,146
-42.236387,-19.154871,8,0,0,36
-53.881307,-22.391029,8,0,2,39
-53.575681,-25.261646,8,0,1,158
-53.276980,-26.491571,8,0,0,30
-54.816934,-22.187162,8,0,1,176
-53.711275,-29.705536,8,0,2,89
-46.266371,-23.542735,8,0,1,103
-45.574187,-20.165356,8,0,0,160
-42.235700,-19.154047,8,0,0,38
-53.337129,-25.261956,8,0,2,76
-53.575611,-25.261640,8,0,1,338
-53.278196,-26.493176,8,0,0,48
-54.816853,-22.187157,8,0,1,356
-53.714220,-29.705469,8,0,2,92
-46.261058,-23.543550,8,0,1,99
-48.908358,-17.722694,8,0,2,84
-42.236957,-19.155581,8,0,2,36
-52.913114,-25.454598,8,0,2,34
-53.588024,-25.143317,8,0,2,38
-41.493716,-17.848724,8,0,2,104
-54.817095,-22.184886,8,0,1,176
-53.718815,-29.705161,8,0,2,89
-46.339649,-23.510807,8,0,1,136
-48.909887,-17.723049,8,0,2,68
-42.234920,-19.153103,8,0,2,37
-53.332592,-25.135040,8,0,2,168
-52.592010,-27.110081,8,0,2,131
-41.496594,-17.850328,8,0,2,53
-54.817009,-22.184877,8,0,1,356
-53.723476,-29.705251,8,0,2,89
-46.274007,-23.541093,8,0,1,88
-54.378079,-21.450613,8,0,0,18
-41.428294,-18.753773,8,0,0,91
-53.009276,-25.535802,8,0,0,170
-52.566774,-27.112363,8,0,0,89
-41.507382,-17.851979,8,0,2,89
-54.817494,-22.179060,8,0,1,176
-53.725037,-29.705280,8,0,2,88
-46.273440,-23.540983,8,0,1,267
-54.422958,-21.652128,8,0,2,40
-41.430857,-18.754025,8,0,0,61
-52.918395,-25.705587,8,0,1,191
-52.568315,-27.112256,8,0,0,109
-41.508139,-17.851980,8,0,2,89
-54.817411,-22.179047,8,0,1,356
-53.842264,-29.699633,8,0,2,122
-46.322836,-23.525409,8,0,1,130
-49.531339,-25.451259,8,0,1,85
-41.429930,-18.753851,8,0,0,87
-52.918261,-25.705647,8,0,1,11
-52.373078,-27.124730,8,0,0,116
-41.505118,-17.851971,8,0,2,90
-54.817631,-22.177080,8,0,1,176
-53.844215,-29.698587,8,0,2,122
-46.319174,-23.528259,8,0,1,130
-49.544644,-25.452188,8,0,1,85
-41.429031,-18.753810,8,0,0,87
-53.339159,-25.262422,8,0,2,68
-52.324418,-27.138310,8,0,0,98
-41.498365,-17.851534,8,0,2,54
-54.817553,-22.177075,8,0,1,356
-53.834024,-22.311756,8,0,0,110
-46.279189,-23.541351,8,0,1,86
-49.523509,-25.450711,8,0,1,85
-41.176350,-18.725305,8,0,0,87
-48.161927,-16.009070,8,0,0,85
-52.325051,-27.138219,8,0,0,102
-41.502473,-17.852088,8,0,2,94
-54.816145,-22.171437,8,0,1,212
-53.846097,-29.697569,8,0,2,124
-46.341545,-23.509102,8,0,1,135
-49.735511,-24.271973,8,0,1,21
-41.174346,-18.725240,8,0,0,90
-48.162957,-16.009165,8,0,0,85
-43.444686,-19.853756,8,0,2,22
-52.333129,-26.561240,8,0,2,6
-54.816065,-22.171476,8,0,1,32
-53.859409,-29.694524,8,0,2,111
-46.340179,-23.510328,8,0,1,136
-49.728897,-24.267677,8,0,2,88
-41.171869,-18.725246,8,0,0,90
-57.894816,-13.651800,8,0,1,344
-43.444938,-19.854312,8,0,2,22
-52.319156,-26.554346,8,0,1,77
-54.813286,-22.167321,8,0,1,212
-53.865721,-29.692415,8,0,2,111
-46.326012,-23.522818,8,0,1,309
-49.726899,-24.267428,8,0,2,76
-41.170729,-18.725254,8,0,0,90
-57.891961,-13.669323,8,0,2,1
-43.447047,-19.859838,8,0,2,1
-52.316215,-26.553539,8,0,0,66
-54.813214,-22.167363,8,0,1,32
-53.868806,-29.691366,8,0,2,111
-46.342931,-23.507836,8,0,1,134
-47.249015,-23.528868,8,0,0,162
-41.168193,-18.725250,8,0,0,90
-57.784263,-13.679447,8,0,0,98
-43.446752,-19.858429,8,0,2,21
-52.333782,-26.566379,8,0,2,7
-54.810558,-22.163381,8,0,1,209
-44.239002,-19.780648,8,0,1,310
-40.369927,-19.822293,8,0,2,16
-47.252526,-23.525099,8,0,1,151
-41.166666,-18.724713,8,0,0,53
-57.787582,-13.678948,8,0,0,98
-54.886370,-16.050055,8,0,2,337
-52.333806,-26.576708,8,0,1,2
-54.810478,-22.163413,8,0,1,32
-44.239034,-19.780676,8,0,1,130
-40.369396,-19.825217,8,0,2,343
-47.253470,-23.522459,8,0,1,350
-41.165269,-18.723727,8,0,0,53
-44.019411,-20.314133,8,0,0,96
-43.460454,-19.964699,8,0,2,141
-52.344822,-26.603604,8,0,2,28
-54.787436,-22.064610,8,0,1,171
-44.145403,-19.775591,8,0,1,144
-51.488348,-29.714402,8,0,2,236
-47.255731,-23.519069,8,0,2,144
-41.161940,-18.724382,8,0,0,147
-44.020506,-20.314827,8,0,0,5
-43.459641,-19.965635,8,0,2,141
-52.345496,-26.604748,8,0,2,28
-54.857322,-21.937104,8,0,1,131
-42.970048,-18.818056,8,0,1,31
-51.492060,-29.716588,8,0,2,234
-47.257167,-23.517159,8,0,2,144
-41.161049,-18.725590,8,0,0,147
-44.026290,-20.315824,8,0,0,95
-43.458785,-19.966589,8,0,2,141
-52.369079,-26.637490,8,0,2,176
-43.768081,-21.251536,8,0,1,17
-42.970075,-18.818038,8,0,1,211
-45.409310,-19.847760,8,0,2,39
-47.246507,-23.531026,8,0,1,280
-41.159954,-18.727489,8,0,0,149
-44.027130,-20.315798,8,0,0,79
-43.461328,-19.963698,8,0,2,140
-52.368985,-26.638637,8,0,0,176
-43.768126,-21.251521,8,0,1,197
-42.969519,-18.817203,8,0,1,30
-46.909036,-22.741330,8,0,2,83
-53.878519,-30.339070,8,0,2,63
-41.123240,-18.763266,8,0,0,101
-44.022366,-20.316877,8,0,0,82
-43.472291,-19.932223,8,0,2,19
-52.305542,-26.547506,8,0,0,52
-43.767380,-21.254288,8,0,1,328
-42.969552,-18.817195,8,0,1,210
-46.910346,-22.741567,8,0,2,72
-49.918940,-22.234398,8,0,2,7
-41.122299,-18.763584,8,0,0,101
-44.023064,-20.316797,8,0,0,115
-43.470328,-19.929078,8,0,2,29
-52.304155,-26.546561,8,0,0,53
-43.767426,-21.254300,8,0,1,148
-42.968994,-18.816408,8,0,1,34
-34.902121,-7.909372,8,0,1,176
-49.919202,-22.236375,8,0,2,7
-41.119349,-18.764209,8,0,0,81
-62.573243,-10.360642,8,0,0,125
-43.469353,-19.927550,8,0,2,31
-52.221951,-26.465170,8,0,0,10
-61.917028,-11.081399,8,0,1,332
-42.969034,-18.816385,8,0,1,218
-41.061785,-19.499566,8,0,0,82
-49.994355,-27.115762,8,0,2,85
-41.118684,-18.764325,8,0,0,94
-48.040092,-16.046814,8,0,1,133
-43.468315,-19.925837,8,0,2,29
-52.406083,-26.850675,8,0,0,3
-61.918792,-11.078046,8,0,1,332
-42.968326,-18.815649,8,0,1,42
-39.040728,-12.596800,8,0,1,267
-49.989394,-27.114285,8,0,2,72
-41.117718,-18.764366,8,0,0,94
-42.794925,-22.146450,8,0,0,55
-43.467196,-19.924181,8,0,2,34
-52.407414,-26.852255,8,0,1,60
-46.533553,-19.516097,8,0,0,149
-42.968363,-18.815626,8,0,1,222
-53.420772,-27.421256,8,0,2,35
-49.984095,-27.112861,8,0,0,35
-41.005220,-18.770957,8,0,0,87
-42.794115,-22.145931,8,0,0,55
-43.466326,-19.923029,8,0,2,35
-52.435873,-26.881138,8,0,2,173
-53.009387,-19.026138,8,0,1,49
-42.967712,-18.814992,8,0,1,42
-53.421693,-27.423025,8,0,2,16
-49.986235,-27.113671,8,0,2,87
-41.204281,-18.747088,8,0,0,40
-42.800437,-22.079349,8,0,0,67
-43.465380,-19.921724,8,0,2,33
-52.436159,-26.879177,8,0,0,177
-53.009408,-19.026115,8,0,1,230
-42.967746,-18.814979,8,0,1,222
-42.280233,-20.726092,8,0,2,21
-49.984967,-27.113460,8,0,2,66
-41.204989,-18.747829,8,0,0,43
-42.797920,-22.079484,8,0,0,71
-43.464626,-19.920697,8,0,2,36
-52.419706,-26.861177,8,0,2,46
-52.621894,-18.698812,8,0,1,181
-42.963329,-18.804775,8,0,1,355
-42.281069,-20.727524,8,0,2,30
-48.585745,-25.938509,8,0,0,26
-41.686808,-18.823080,8,0,1,284
-42.797247,-22.078652,8,0,0,2
-50.360351,-23.401042,8,0,2,75
-38.956578,-12.318400,8,0,2,178
-52.621843,-18.698773,8,0,1,1
-42.963366,-18.804772,8,0,1,175
-42.281944,-20.728935,8,0,2,30
-48.582192,-25.929760,8,0,2,19
-42.325614,-19.226654,8,0,2,24
-42.951753,-22.442557,8,0,0,2
-50.361313,-23.401270,8,0,2,77
-38.956545,-12.319741,8,0,2,178
-53.010036,-19.027913,8,0,1,170
-42.963613,-18.801921,8,0,1,355
-42.284361,-20.735854,8,0,2,7
-48.578942,-25.922537,8,0,0,24
-41.194736,-20.578745,8,0,0,4
-42.951723,-22.441027,8,0,0,2
-50.179413,-23.110564,8,0,0,170
-38.955370,-12.400699,8,0,0,175
-53.010006,-19.027896,8,0,1,350
-42.963645,-18.801918,8,0,1,177
-53.910337,-24.773924,8,0,2,128
-48.574200,-25.912757,8,0,2,24
-45.358314,-23.778771,8,0,1,14
-42.950520,-22.438126,8,0,2,19
-50.224198,-23.061284,8,0,2,98
-39.016390,-13.031406,8,0,0,50
-36.553410,-9.506388,8,0,2,321
-42.963503,-18.799511,8,0,1,5
-57.696554,-16.086196,8,0,2,153
-48.571052,-25.906295,8,0,2,24
-45.358009,-23.777762,8,0,1,15
-42.951782,-22.444408,8,0,0,1
-50.226312,-23.060943,8,0,2,100
-38.732067,-13.072853,8,0,2,26
-36.552888,-9.507023,8,0,2,140
-42.963538,-18.799501,8,0,1,185
-57.175006,-14.878264,8,0,2,2
-48.569804,-25.903754,8,0,0,24
-56.131544,-15.706018,8,0,2,88
-42.952888,-22.393861,8,0,0,359
-52.883882,-22.606558,8,0,2,46
-38.731838,-13.072423,8,0,2,26
-36.502222,-9.576999,8,0,2,155
-43.141190,-22.413454,8,0,1,129
-57.175546,-14.875182,8,0,2,144
-48.568587,-25.901289,8,0,0,25
-56.132987,-15.706058,8,0,2,88
-42.797236,-22.077605,8,0,0,0
-52.884602,-22.607197,8,0,2,46
-42.962989,-21.697008,8,0,2,82
-36.501898,-9.577682,8,0,2,335
-51.157243,-29.233733,8,0,0,146
-57.287133,-14.780479,8,0,1,28
-48.566493,-25.897469,8,0,2,26
-59.885916,-15.023174,8,0,0,99
-42.953126,-22.395225,8,0,2,29
-52.883113,-22.605872,8,0,2,46
-42.964289,-21.697132,8,0,2,82
-40.543959,-9.370966,8,0,1,289
-51.159085,-29.231077,8,0,2,169
-57.287045,-14.779636,8,0,1,217
-48.568104,-25.873071,8,0,2,157
-59.883870,-15.023552,8,0,0,101
-42.952980,-22.394919,8,0,2,17
-52.067343,-23.367797,8,0,1,115
-38.731584,-13.071924,8,0,2,26
-54.653554,-16.510097,8,0,1,19
-42.258255,-21.857572,8,0,2,20
-57.360120,-14.661363,8,0,2,86
-48.562192,-25.852514,8,0,0,32
-59.319229,-15.221807,8,0,2,172
-42.651727,-21.521895,8,0,0,5
-52.065407,-23.368562,8,0,1,295
-49.095536,-23.417435,8,0,2,34
-40.514463,-20.645802,8,0,1,124
-42.258283,-21.849495,8,0,0,46
-57.362251,-14.661505,8,0,2,86
-48.557870,-25.850315,8,0,0,77
-54.384242,-21.467888,8,0,1,21
-42.953453,-22.395637,8,0,0,38
-46.548469,-22.914737,8,0,1,202
-49.096988,-23.419415,8,0,2,34
-51.963841,-27.224725,8,0,2,111
-44.110103,-19.780816,8,0,1,78
-57.435247,-14.652696,8,0,1,126
-48.543094,-25.842683,8,0,0,10
-54.156981,-16.389035,8,0,0,104
-47.774251,-15.768593,8,0,2,167
-46.526336,-22.982114,8,0,1,138
-49.094873,-23.416536,8,0,2,34
-47.388563,-20.575180,8,0,1,322
-44.110104,-19.780802,8,0,1,252
-57.516685,-14.608118,8,0,2,139
-48.542775,-25.841127,8,0,2,10
-54.153910,-16.389897,8,0,0,119
-47.774376,-15.768082,8,0,2,162
-46.525842,-22.982476,8,0,1,322
-49.093297,-23.414373,8,0,2,34
-47.386534,-20.577634,8,0,1,332
-44.109029,-19.780424,8,0,1,250
-57.517171,-14.607700,8,0,2,133
-48.543040,-25.839795,8,0,2,153
-53.912122,-16.387809,8,0,0,97
-48.229619,-17.725631,8,0,0,94
-49.141291,-26.639923,8,0,0,166
-38.731268,-13.071302,8,0,2,26
-47.384857,-20.580642,8,0,1,332
-44.101290,-19.776289,8,0,1,225
-57.527753,-14.592350,8,0,2,144
-48.545120,-25.836001,8,0,2,333
-53.913600,-16.387688,8,0,0,89
-48.226790,-17.725843,8,0,0,94
-49.140694,-26.641529,8,0,0,161
-49.091788,-23.411116,8,0,0,1
-47.382872,-20.584520,8,0,1,153
-46.807215,-22.451677,8,0,1,205
-57.911660,-14.510191,8,0,0,160
-48.543994,-25.830780,8,0,2,17
-54.261058,-16.419986,8,0,0,68
-42.799133,-22.079353,8,0,0,105
-49.140868,-26.641094,8,0,2,161
-39.135981,-12.991520,8,0,0,55
-47.383884,-20.582693,8,0,1,153
-46.807175,-22.451693,8,0,1,24
-50.524541,-23.151768,8,0,2,126
-48.543116,-25.828611,8,0,2,21
-54.262425,-16.420233,8,0,0,86
-44.098164,-22.466592,8,0,2,77
-49.141135,-26.640378,8,0,2,163
-39.137257,-12.992401,8,0,0,55
-47.385300,-20.580155,8,0,1,152
-46.806461,-22.450174,8,0,1,205
-55.745036,-15.471390,8,0,2,113
-48.542059,-25.826126,8,0,2,21
-54.263799,-16.420112,8,0,0,99
-46.494932,-14.481109,8,0,1,40
-48.081843,-16.029055,8,0,2,123
-39.014934,-13.030143,8,0,0,48
-47.387093,-20.577095,8,0,1,142
-46.806423,-22.450191,8,0,1,25
-55.743551,-15.472002,8,0,2,113
-48.540753,-25.823080,8,0,2,21
-55.229252,-23.068180,8,0,0,21
-47.058334,-15.037243,8,0,1,34
-48.080392,-16.029949,8,0,2,123
-39.017152,-13.032037,8,0,0,48
-47.389196,-20.574688,8,0,1,141
-46.610810,-22.292067,8,0,2,42
-53.223765,-17.310749,8,0,0,99
-48.540167,-25.821678,8,0,2,19
-54.834429,-22.641907,8,0,0,54
-47.106828,-15.493525,8,0,1,212
-48.042197,-16.044220,8,0,1,144
-49.783596,-23.628818,8,0,2,55
-47.404631,-20.072335,8,0,1,79
-46.610199,-22.291456,8,0,2,42
-53.224385,-17.310641,8,0,0,99
-48.539193,-25.818743,8,0,2,22
-54.597765,-16.477403,8,0,1,64
-47.106800,-15.493640,8,0,1,32
-53.151663,-22.921449,8,0,0,73
-39.018611,-13.033051,8,0,0,63
-47.404639,-20.072307,8,0,1,258
-46.176613,-22.279638,8,0,2,59
-43.008730,-21.156013,8,0,0,24
-48.538504,-25.817211,8,0,2,22
-54.596485,-16.476687,8,0,1,244
-54.814362,-22.208365,8,0,1,174
-52.986241,-22.773590,8,0,2,4
-39.020145,-13.034514,8,0,0,33
-47.404272,-20.072222,8,0,1,253
-46.608550,-22.288364,8,0,0,7
-43.009484,-21.157597,8,0,0,24
-48.543842,-25.815421,8,0,2,95
-54.586438,-16.471940,8,0,1,73
-54.814592,-22.205402,8,0,1,354
-57.893987,-13.654873,8,0,1,345
-39.024335,-13.037749,8,0,0,88
-47.404261,-20.072259,8,0,1,73
-46.607984,-22.284482,8,0,0,17
-53.720244,-27.251717,8,0,0,166
-48.547208,-25.814481,8,0,0,120
-54.577021,-16.467937,8,0,1,87
-54.124287,-22.176763,8,0,0,22
-57.891788,-13.665176,8,0,1,1
-39.065362,-13.012441,8,0,0,93
-63.858477,-8.785480,8,0,1,300
-46.597091,-22.282720,8,0,0,133
-53.718329,-27.255258,8,0,2,107
-48.549658,-25.813229,8,0,2,120
-40.140536,-7.836470,8,0,0,127
-54.122076,-22.171838,8,0,0,22
-57.892160,-13.666537,8,0,1,182
-39.241736,-12.963467,8,0,0,127
-52.004984,-27.387229,8,0,2,41
-46.594001,-22.284649,8,0,0,113
-53.705454,-27.281255,8,0,0,147
-48.551346,-25.811736,8,0,2,146
-40.262477,-7.758513,8,0,2,160
-44.273554,-2.643194,8,0,1,215
-57.891850,-13.666586,8,0,1,2
-39.073934,-13.010334,8,0,0,91
-52.004713,-27.386938,8,0,2,40
-46.167540,-22.270330,8,0,2,17
-53.702181,-27.286164,8,0,1,13
-48.551891,-25.811000,8,0,2,146
-40.253760,-7.774561,8,0,0,115
-42.108322,-19.377005,8,0,2,37
-52.705648,-23.114031,8,0,2,56
-39.236484,-12.967513,8,0,0,127
-52.004457,-27.386665,8,0,2,38
-44.406152,-21.243479,8,0,2,85
-53.702232,-27.285970,8,0,1,193
-48.553299,-25.808316,8,0,2,164
-40.249763,-7.776524,8,0,0,115
-42.107687,-19.376226,8,0,2,37
-52.782136,-23.097212,8,0,2,126
-45.235890,-18.201384,8,0,2,137
-54.402495,-15.827448,8,0,1,27
-44.412386,-21.243868,8,0,2,88
-53.702420,-27.283872,8,0,1,159
-48.532120,-25.808846,8,0,2,19
-40.170496,-7.813631,8,0,2,127
-42.107094,-19.375506,8,0,2,36
-52.903919,-23.025422,8,0,2,106
-41.515306,-17.859856,8,0,1,174
-54.401076,-15.824839,8,0,1,27
-46.166069,-22.267613,8,0,2,14
-53.702954,-27.288771,8,0,1,192
-48.531444,-25.807049,8,0,2,19
-40.074229,-7.880971,8,0,2,128
-42.106572,-19.374877,8,0,2,36
-52.922502,-23.021622,8,0,1,100
-39.238372,-12.966095,8,0,0,127
-54.401162,-15.824756,8,0,1,207
-46.165357,-22.264869,8,0,2,14
-53.702873,-27.288816,8,0,1,12
-48.528797,-25.800572,8,0,2,26
-54.682972,-16.436126,8,0,1,126
-42.105702,-19.373807,8,0,2,36
-52.885380,-22.736738,8,0,2,1
-39.248020,-12.958807,8,0,0,148
-54.398554,-15.820304,8,0,1,30
-46.169001,-22.272765,8,0,2,50
-53.701755,-27.290775,8,0,1,133
-48.526611,-25.796629,8,0,2,26
-39.771081,-8.012522,8,0,0,113
-42.104632,-19.372489,8,0,2,36
-52.885439,-22.723606,8,0,2,1
-41.494956,-17.848965,8,0,2,48
-54.398650,-15.820261,8,0,1,213
-46.172415,-22.275502,8,0,2,44
-53.701288,-27.291023,8,0,1,313
-48.524122,-25.791820,8,0,2,24
-59.350858,-15.223154,8,0,2,158
-42.178690,-20.047720,8,0,0,165
-52.871601,-22.662602,8,0,2,1
-39.248683,-12.957454,8,0,2,153
-54.151995,-17.204589,8,0,1,115
-46.173303,-22.276452,8,0,2,42
-48.344356,-7.185022,8,0,2,100
-48.521860,-25.786648,8,0,2,21
-59.349664,-15.226015,8,0,2,158
-42.177731,-20.050558,8,0,0,154
-52.683264,-22.930162,8,0,0,32
-45.775511,-22.541421,8,0,0,3
-54.151977,-17.204555,8,0,1,295
-46.180137,-22.281152,8,0,0,58
-48.341969,-7.185818,8,0,2,112
-48.521096,-25.785077,8,0,2,22
-57.733790,-16.021129,8,0,0,148
-42.194207,-20.511895,8,0,2,11
-52.091151,-24.393884,8,0,2,133
-45.775020,-22.533549,8,0,0,29
-54.154442,-17.203400,8,0,1,129
-46.186266,-22.284254,8,0,0,70
-48.340209,-7.186579,8,0,2,112
-48.515565,-25.773581,8,0,2,23
-57.700201,-16.079881,8,0,2,150
-42.194647,-20.514007,8,0,2,11
-52.089992,-24.394922,8,0,2,133
-51.511122,-27.195934,8,0,0,167
-54.154412,-17.203376,8,0,1,309
-46.372851,-22.275362,8,0,2,114
-48.339018,-7.187103,8,0,2,112
-48.500847,-25.748217,8,0,2,27
-54.553946,-23.674879,8,0,2,78
-47.966816,-6.850766,8,0,0,60
-51.776248,-24.752900,8,0,2,20
-51.504690,-27.187985,8,0,0,30
-46.515273,-22.957857,8,0,2,160
-46.501549,-22.276857,8,0,1,273
-48.337030,-7.187986,8,0,2,112
-48.496303,-25.740126,8,0,2,25
-54.558191,-23.673040,8,0,1,168
-47.752819,-6.705636,8,0,0,31
-59.793596,-13.660031,8,0,1,355
-51.504414,-27.184674,8,0,2,170
-46.521985,-22.950370,8,0,2,140
-46.501543,-22.276906,8,0,1,89
-48.301502,-7.208889,8,0,2,103
-48.493269,-25.734693,8,0,2,28
-54.557995,-23.673409,8,0,1,348
-53.386281,-27.348966,8,0,0,1
-59.794282,-13.659310,8,0,1,172
-51.504255,-27.183091,8,0,0,26
-46.522573,-22.949724,8,0,2,140
-46.160293,-22.261784,8,0,2,55
-48.297167,-7.208697,8,0,2,40
-48.487441,-25.725365,8,0,2,29
-54.198594,-23.127580,8,0,0,46
-53.388030,-27.344673,8,0,0,135
-59.797758,-13.642513,8,0,0,167
-51.500313,-27.171528,8,0,2,64
-43.809976,-20.824447,8,0,2,151
-46.138275,-23.828926,8,0,1,44
-48.345541,-7.184825,8,0,2,100
-48.484830,-25.720350,8,0,2,23
-43.271326,-21.533987,8,0,2,135
-53.387727,-27.341665,8,0,0,41
-59.794889,-13.655472,8,0,0,167
-51.493739,-27.166859,8,0,2,50
-43.808896,-20.826274,8,0,2,151
-46.115951,-23.816332,8,0,1,70
-48.295027,-7.205752,8,0,0,35
-48.480235,-25.711865,8,0,2,28
-43.271894,-21.533441,8,0,2,135
-51.968710,-27.224552,8,0,2,76
-60.099749,-12.759303,8,0,2,139
-51.482309,-27.161022,8,0,2,30
-43.827492,-20.902529,8,0,1,189
-46.115306,-23.815766,8,0,1,253
-54.770571,-20.480093,8,0,2,60
-48.476041,-25.704750,8,0,2,27
-43.805215,-20.598789,8,0,0,26
-48.252630,-7.231502,8,0,1,201
-60.100856,-12.757979,8,0,2,319
-51.482516,-27.157384,8,0,2,158
-43.827412,-20.902544,8,0,1,9
-46.137967,-23.828162,8,0,1,224
-47.373882,-6.355937,8,0,0,103
-48.473990,-25.698776,8,0,0,125
-43.806686,-20.601555,8,0,0,26
-47.455035,-6.558953,8,0,2,77
-60.102413,-12.756160,8,0,2,139
-51.483326,-27.153981,8,0,2,167
-43.827828,-20.904408,8,0,1,189
-46.006751,-23.781091,8,0,2,72
-54.616955,-22.135882,8,0,1,230
-48.485366,-25.690925,8,0,1,121
-43.812293,-20.632678,8,0,0,32
-53.036281,-27.924584,8,0,2,80
-60.114676,-12.745431,8,0,1,285
-51.482153,-27.144881,8,0,2,7
-43.827753,-20.904420,8,0,1,9
-45.932628,-23.767826,8,0,2,68
-54.616862,-22.135953,8,0,1,50
-48.510753,-25.673487,8,0,0,127
-43.764317,-21.147107,8,0,1,334
-48.241566,-7.208100,8,0,1,34
-60.115806,-12.745268,8,0,1,106
-51.478089,-27.138346,8,0,2,22
-44.115415,-22.535915,8,0,2,151
-45.930091,-23.766907,8,0,2,68
-54.590710,-22.115335,8,0,0,49
-47.087669,-23.553189,8,0,2,20
-43.627454,-21.298950,8,0,1,283
-48.240654,-7.206215,8,0,1,22
-60.122862,-12.743290,8,0,1,285
-51.477665,-27.137338,8,0,2,22
-43.167808,-22.122632,8,0,2,66
-46.005688,-23.780768,8,0,2,72
-54.594052,-22.117962,8,0,0,49
-47.086794,-23.552167,8,0,2,57
-43.623356,-21.300599,8,0,1,302
-50.072542,-23.275952,8,0,1,94
-60.124049,-12.743106,8,0,1,108
-51.473816,-27.132479,8,0,2,86
-43.248771,-22.134543,8,0,1,64
-45.921271,-23.763662,8,0,2,68
-48.241442,-7.206694,8,0,1,207
-47.084056,-23.551374,8,0,2,73
-43.625308,-21.299863,8,0,1,105
-53.467681,-27.395371,8,0,2,137
-60.131394,-12.741038,8,0,1,285
-51.472267,-27.133212,8,0,2,92
-43.252794,-22.137478,8,0,1,227
-45.917861,-23.762406,8,0,2,68
-47.606197,-16.752128,8,0,2,141
-46.990868,-23.535411,8,0,2,85
-43.627379,-21.299367,8,0,1,103
-53.464479,-27.397025,8,0,2,114
-60.133344,-12.740665,8,0,1,105
-51.469803,-27.132357,8,0,2,68
-43.252772,-22.137508,8,0,1,47
-45.907935,-23.758760,8,0,2,68
-39.585705,-16.385053,8,0,2,28
-46.991624,-23.535478,8,0,2,84
-43.764600,-21.147386,8,0,1,153
-53.461356,-27.400109,8,0,2,124
-60.138705,-12.739130,8,0,1,285
-51.468434,-27.132171,8,0,2,92
-44.059678,-22.473399,8,0,2,91
-45.906066,-23.758058,8,0,2,68
-39.580083,-16.374763,8,0,2,78
-47.012338,-23.536388,8,0,2,80
-43.766128,-21.143764,8,0,1,163
-53.423069,-27.422086,8,0,0,106
-60.139903,-12.738926,8,0,1,105
-51.465700,-27.116330,8,0,0,135
-44.061621,-22.473884,8,0,2,59
-45.860537,-23.757330,8,0,2,83
-43.187118,-20.660671,8,0,0,30
-41.662066,-6.970696,8,0,2,73
-54.425796,-21.655176,8,0,2,40
-53.492675,-27.372315,8,0,2,91
-60.146604,-12.737039,8,0,1,285
-37.307543,-7.160219,8,0,2,30
-44.063070,-22.481337,8,0,2,5
-42.709942,-18.523707,8,0,1,282
-43.188186,-20.662263,8,0,0,30
-47.024796,-23.536159,8,0,2,56
-54.429489,-21.657201,8,0,2,76
-54.664574,-16.451500,8,0,1,336
-60.147693,-12.736875,8,0,1,105
-40.136783,-19.938484,8,0,0,54
-44.063190,-22.482760,8,0,2,5
-42.711240,-18.523465,8,0,1,282
-43.281778,-20.688709,8,0,0,92
-47.025331,-23.536496,8,0,2,55
-42.947916,-21.097700,8,0,2,64
-54.665516,-16.449419,8,0,1,335
-48.613372,-27.376986,8,0,2,35
-37.305719,-7.157158,8,0,0,30
-44.063634,-22.488367,8,0,1,210
-45.858125,-23.757053,8,0,2,83
-43.606193,-20.676779,8,0,0,86
-47.038551,-23.541401,8,0,2,111
-42.947390,-21.097466,8,0,2,64
-48.200399,-7.134515,8,0,2,10
-48.557671,-27.314791,8,0,0,100
-37.605166,-6.911313,8,0,0,81
-44.063610,-22.488380,8,0,1,30
-45.854544,-23.756667,8,0,2,84
-43.725087,-20.639203,8,0,0,104
-47.037854,-23.541651,8,0,2,111
-42.325975,-19.228076,8,0,2,10
-48.205779,-7.161434,8,0,1,207
-48.552043,-27.312991,8,0,2,29
-37.285851,-7.072842,8,0,0,42
-44.064352,-22.489481,8,0,2,30
-45.857346,-23.756959,8,0,2,83
-43.725715,-20.639043,8,0,0,104
-47.082634,-23.550976,8,0,2,65
-42.326525,-19.229633,8,0,2,32
-48.200666,-7.135977,8,0,2,10
-48.551890,-27.312157,8,0,0,2
-37.282735,-7.069377,8,0,0,33
-44.064757,-22.490235,8,0,2,22
-40.781603,-18.835109,8,0,0,130
-43.754804,-20.650939,8,0,0,80
-48.562591,-25.556080,8,0,1,76
-42.327036,-19.230399,8,0,2,32
-48.200757,-7.136466,8,0,2,10
-48.551167,-27.310197,8,0,0,38
-37.598843,-6.910134,8,0,2,78
-44.072866,-22.500633,8,0,1,355
-40.780616,-18.836929,8,0,0,156
-55.211223,-23.144046,8,0,2,162
-48.554169,-25.552697,8,0,1,233
-41.730492,-18.240683,8,0,2,28
-57.183183,-15.078206,8,0,2,2
-48.545519,-27.331827,8,0,2,18
-40.134231,-19.937278,8,0,0,58
-44.072989,-22.500252,8,0,1,175
-40.779629,-18.837812,8,0,0,110
-55.210005,-23.161159,8,0,0,179
-48.554509,-25.553016,8,0,1,53
-41.731951,-18.243317,8,0,2,28
-57.175100,-14.880247,8,0,2,2
-48.629103,-27.377806,8,0,2,95
-40.151332,-19.944280,8,0,0,95
-54.796249,-16.160590,8,0,1,339
-40.763450,-18.823412,8,0,0,45
-55.209995,-23.162597,8,0,2,179
-48.561188,-25.555666,8,0,1,256
-41.733126,-18.245479,8,0,0,28
-45.238195,-22.850735,8,0,1,220
-48.626632,-27.377988,8,0,2,95
-40.163116,-19.960110,8,0,2,86
-54.796295,-16.160605,8,0,1,159
-40.759812,-18.820343,8,0,0,64
-55.209917,-23.169403,8,0,2,180
-48.552318,-25.551607,8,0,1,61
-41.905911,-18.558874,8,0,1,191
-53.017649,-26.931753,8,0,2,70
-48.545758,-27.335166,8,0,2,2
-40.175905,-20.101507,8,0,0,176
-54.795675,-16.162042,8,0,1,339
-40.757992,-18.820538,8,0,0,122
-55.209823,-23.177133,8,0,0,180
-48.538161,-25.542105,8,0,1,53
-41.906673,-18.562326,8,0,2,11
-53.012139,-26.929004,8,0,2,57
-60.543786,-13.424361,8,0,0,0
-40.090525,-19.885192,8,0,0,14
-54.795707,-16.162052,8,0,1,159
-40.738691,-18.982030,8,0,0,168
-55.209648,-23.194268,8,0,0,180
-48.536423,-25.540949,8,0,1,53
-41.906928,-18.563559,8,0,2,11
-52.915336,-27.938356,8,0,2,175
-60.542901,-13.422921,8,0,0,63
-40.150180,-19.944388,8,0,0,94
-42.363614,-21.994129,8,0,0,38
-47.824425,-15.945403,8,0,1,336
-44.640090,-19.144956,8,0,0,70
-48.536056,-25.540496,8,0,1,233
-41.907379,-18.565720,8,0,2,5
-52.914900,-27.942255,8,0,2,175
-60.545490,-13.229936,8,0,0,38
-43.334496,-21.663082,8,0,1,195
-48.115506,-15.851787,8,0,1,233
-40.738422,-18.983181,8,0,0,166
-44.642021,-19.145578,8,0,0,70
-48.534012,-25.539230,8,0,1,233
-40.406563,-19.938742,8,0,0,1
-52.915221,-27.939360,8,0,2,175
-60.545035,-13.229325,8,0,0,25
-43.334412,-21.663131,8,0,1,15
-48.116113,-15.852431,8,0,1,53
-40.737578,-18.989394,8,0,0,156
-44.650746,-19.148437,8,0,0,71
-48.530891,-25.536113,8,0,1,23
-40.406223,-19.930208,8,0,0,170
-42.254419,-21.983247,8,0,2,45
-60.487237,-13.111660,8,0,0,81
-49.091845,-23.407813,8,0,2,179
-42.359277,-21.978170,8,0,1,40
-47.824453,-15.945413,8,0,1,156
-44.653256,-19.149240,8,0,2,71
-48.530519,-25.534885,8,0,1,197
-41.913329,-18.573812,8,0,2,48
-42.407257,-22.177457,8,0,2,141
-60.486113,-13.111485,8,0,0,81
-41.489927,-17.848120,8,0,2,76
-42.365338,-21.995947,8,0,0,54
-45.830407,-23.754687,8,0,0,86
-45.496254,-18.776113,8,0,0,92
-48.530172,-25.534036,8,0,1,17
-45.929783,-23.263314,8,0,1,21
-42.394673,-22.196392,8,0,2,112
-60.469436,-13.109090,8,0,0,94
-41.485310,-17.846981,8,0,2,75
-42.371704,-22.001922,8,0,0,170
-48.562256,-18.314220,8,0,2,9
-45.498533,-18.777346,8,0,2,32
-48.529230,-25.531272,8,0,1,197
-45.927317,-23.262818,8,0,2,93
-42.397947,-22.205252,8,0,2,37
-60.468356,-13.109163,8,0,0,94
-41.488756,-17.847847,8,0,2,76
-42.370427,-21.999941,8,0,2,78
-43.976522,-21.174646,8,0,1,98
-45.511780,-18.786393,8,0,0,65
-48.522981,-25.515561,8,0,1,34
-49.649236,-27.220811,8,0,1,226
-42.075839,-21.672772,8,0,2,114
-60.403789,-12.996969,8,0,0,2
-41.491601,-17.848542,8,0,2,78
-42.359299,-21.978151,8,0,1,220
-43.976517,-21.174590,8,0,1,278
-45.552016,-18.999253,8,0,0,162
-43.605800,-22.846291,8,0,2,140
-41.015113,-19.521614,8,0,1,109
-42.395083,-22.196245,8,0,2,118
-60.403771,-12.996070,8,0,0,2
-41.155105,-21.712298,8,0,1,93
-53.546182,-25.776105,8,0,2,160
-43.799291,-21.197485,8,0,1,310
-45.551698,-19.000088,8,0,2,159
-48.821289,-25.493861,8,0,2,146
-51.807625,-22.910615,8,0,0,17
-42.395964,-22.195916,8,0,2,118
-60.378176,-12.842664,8,0,0,31
-53.016803,-26.821699,8,0,0,96
-53.545473,-25.777801,8,0,2,160
-43.799321,-21.197501,8,0,1,135
-48.157964,-7.086699,8,0,2,65
-48.824910,-25.488775,8,0,0,148
-49.066860,-28.327634,8,0,2,104
-42.393890,-22.197164,8,0,2,155
-60.294619,-12.756730,8,0,0,42
-53.052811,-26.782091,8,0,0,158
-55.986500,-15.392379,8,0,0,41
-43.797137,-21.198793,8,0,1,295
-48.159896,-7.087565,8,0,2,65
-48.828961,-25.482871,8,0,2,148
-49.046776,-28.328207,8,0,1,270
-42.396623,-22.202829,8,0,2,24
-60.290595,-12.752489,8,0,0,42
-53.052088,-26.779273,8,0,2,45
-55.985608,-15.391428,8,0,0,41
-43.797159,-21.198812,8,0,1,117
-55.566183,-22.616280,8,0,2,48
-48.829503,-25.476539,8,0,2,35
-47.807080,-15.838925,8,0,1,36
-42.470600,-22.252052,8,0,2,32
-60.291625,-12.753571,8,0,0,42
-53.047929,-26.776107,8,0,0,48
-55.849479,-15.370992,8,0,0,26
-44.437705,-22.958887,8,0,0,12
-55.222992,-23.053513,8,0,0,20
-48.828841,-25.474415,8,0,0,171
-47.804057,-15.835037,8,0,1,36
-42.513735,-22.264103,8,0,2,148
-60.292537,-12.754511,8,0,0,42
-41.154386,-21.712339,8,0,1,94
-52.755806,-15.706831,8,0,2,72
-44.438510,-22.961652,8,0,1,192
-42.487919,-22.928739,8,0,2,40
-48.828602,-25.469414,8,0,0,34
-47.802897,-15.833540,8,0,0,37
-42.397526,-22.204009,8,0,1,220
-60.293502,-12.755578,8,0,0,42
-52.793122,-28.317193,8,0,2,17
-55.735693,-15.475166,8,0,2,112
-44.438481,-22.962347,8,0,1,12
-42.485017,-22.926110,8,0,2,50
-48.748134,-25.437317,8,0,0,72
-41.014222,-19.521695,8,0,1,290
-42.462728,-22.248639,8,0,2,44
-53.669056,-27.532823,8,0,2,132
-51.006345,-26.791475,8,0,2,64
-53.411394,-15.571834,8,0,0,94
-44.438994,-22.963685,8,0,1,192
-35.524936,-6.895547,8,0,2,38
-48.729526,-25.434826,8,0,2,95
-40.762366,-19.496421,8,0,2,66
-42.398709,-22.205661,8,0,2,77
-53.686688,-27.494596,8,0,1,144
-50.932330,-26.804267,8,0,1,330
-55.736677,-15.474775,8,0,2,112
-45.789747,-23.750789,8,0,1,287
-35.515098,-6.897185,8,0,2,77
-48.733404,-25.434567,8,0,0,93
-40.761925,-19.496233,8,0,2,66
-42.476929,-22.256889,8,0,2,27
-53.681311,-27.504717,8,0,1,155
-50.893107,-26.831769,8,0,0,125
-53.416100,-15.571654,8,0,0,86
-45.820999,-23.754680,8,0,0,94
-42.829864,-20.806606,8,0,0,142
-48.739070,-25.434738,8,0,2,77
-48.512173,-8.821749,8,0,2,179
-42.449389,-22.235718,8,0,2,54
-53.686712,-27.492562,8,0,1,190
-50.892385,-26.832263,8,0,0,125
-55.214096,-15.508927,8,0,0,118
-45.821637,-23.754643,8,0,0,94
-42.829101,-20.807781,8,0,2,156
-48.724161,-25.433211,8,0,2,69
-48.512189,-8.820382,8,0,0,177
-42.519578,-22.262913,8,0,2,83
-53.686731,-27.493787,8,0,1,352
-43.817460,-19.893461,8,0,1,267
-53.420492,-15.572008,8,0,0,85
-45.790067,-23.751136,8,0,1,108
-42.393892,-21.130320,8,0,1,83
-48.859812,-25.389708,8,0,2,150
-52.447515,-28.259796,8,0,2,120
-42.521823,-22.263001,8,0,2,67
-53.682840,-27.501648,8,0,1,160
-43.817256,-19.894160,8,0,1,109
-55.848989,-15.372907,8,0,0,162
-45.767196,-23.754011,8,0,1,91
-41.878612,-21.214215,8,0,2,64
-48.860660,-25.389115,8,0,2,10
-52.442458,-28.268380,8,0,2,150
-42.504281,-22.270918,8,0,2,176
-53.684350,-27.497259,8,0,1,142
-43.819965,-19.893176,8,0,0,108
-44.529380,-19.156806,8,0,1,130
-45.766646,-23.753665,8,0,1,268
-41.692055,-21.413112,8,0,2,3
-48.861271,-25.387155,8,0,0,164
-53.941198,-25.194783,8,0,2,38
-42.522732,-22.263383,8,0,2,65
-53.685849,-27.495389,8,0,1,321
-50.841876,-26.857027,8,0,0,130
-44.528136,-19.157694,8,0,1,310
-45.760460,-23.753610,8,0,0,84
-41.692796,-21.415516,8,0,2,22
-49.823951,-23.684749,8,0,1,134
-54.229714,-25.344453,8,0,1,267
-42.524454,-22.263020,8,0,2,114
-53.667132,-27.533633,8,0,2,261
-50.833285,-26.861354,8,0,2,109
-51.824273,-16.935099,8,0,0,1
-45.759574,-23.753458,8,0,0,80
-41.693196,-21.418009,8,0,2,163
-49.857170,-22.982933,8,0,1,160
-54.232238,-25.345069,8,0,1,83
-42.517058,-22.262524,8,0,2,107
-53.679784,-27.506882,8,0,1,324
-50.697781,-26.930861,8,0,1,230
-47.587069,-20.459327,8,0,1,301
-44.075527,-19.780472,8,0,1,136
-41.692537,-21.419256,8,0,2,142
-49.868396,-22.961537,8,0,1,143
-39.161534,-16.414293,8,0,2,114
-42.525988,-22.262242,8,0,2,122
-53.679854,-27.506917,8,0,1,144
-50.697760,-26.930878,8,0,1,50
-47.587088,-20.459352,8,0,1,121
-44.075493,-19.780452,8,0,1,317
-41.691361,-21.420652,8,0,2,140
-48.222783,-7.179469,8,0,1,61
-39.159562,-16.415166,8,0,2,114
-42.526657,-22.261877,8,0,2,120
-53.683164,-27.499205,8,0,1,342
-50.695105,-26.928946,8,0,1,230
-61.901613,-11.164314,8,0,2,179
-34.846180,-7.042338,8,0,1,204
-41.690724,-21.422104,8,0,2,40
-51.657808,-27.100468,8,0,0,26
-39.467213,-16.393744,8,0,0,140
-41.888555,-21.216658,8,0,2,173
-53.670268,-27.531097,8,0,2,159
-50.695081,-26.928971,8,0,1,50
-61.901588,-11.176216,8,0,2,1
-55.641216,-22.612353,8,0,1,299
-41.692432,-21.423653,8,0,2,45
-40.514896,-7.576924,8,0,2,125
-39.468561,-13.559849,8,0,0,36
-41.889097,-21.216540,8,0,2,135
-53.682772,-27.501655,8,0,1,351
-50.691747,-26.926564,8,0,1,237
-55.944518,-13.024911,8,0,1,328
-55.641237,-22.612381,8,0,1,119
-41.693084,-21.424241,8,0,2,46
-40.507138,-7.582219,8,0,2,125
-39.481618,-16.387373,8,0,0,89
-41.888011,-21.215272,8,0,2,38
-49.855922,-22.985261,8,0,1,341
-50.691728,-26.926594,8,0,1,57
-55.944579,-13.024942,8,0,1,148
-55.638788,-22.613599,8,0,1,299
-41.693221,-21.425491,8,0,2,168
-52.238274,-27.622353,8,0,1,54
-39.101799,-16.424094,8,0,0,132
-61.901634,-11.164884,8,0,2,179
-53.636149,-27.658756,8,0,2,10
-50.682383,-26.926157,8,0,0,78
-55.953662,-13.009730,8,0,0,149
-55.638810,-22.613618,8,0,1,119
-41.693334,-21.427367,8,0,2,12
-48.707540,-17.208129,8,0,1,253
-51.808684,-22.913739,8,0,0,15
-43.091388,-20.677083,8,0,0,111
-52.253059,-15.895783,8,0,1,94
-50.666574,-26.925538,8,0,0,64
-55.952560,-13.011461,8,0,1,329
-46.164510,-22.263459,8,0,0,45
-41.692974,-21.429808,8,0,2,138
-48.804386,-17.387208,8,0,1,225
-46.136918,-23.847861,8,0,1,215
-43.094829,-20.675875,8,0,0,103
-52.253059,-15.895688,8,0,1,275
-50.465854,-27.164773,8,0,2,160
-55.975719,-12.967900,8,0,1,155
-46.371333,-22.276030,8,0,2,115
-41.691345,-21.430863,8,0,2,120
-48.909512,-16.405213,8,0,2,116
-51.764553,-24.741176,8,0,2,4
-43.097281,-20.675357,8,0,2,86
-52.249266,-15.895989,8,0,1,275
-50.465371,-27.158141,8,0,0,23
-55.975006,-12.969218,8,0,1,336
-48.985836,-26.908568,8,0,2,145
-41.688281,-21.432590,8,0,2,121
-48.936074,-16.405529,8,0,1,268
-51.766358,-24.742769,8,0,2,83
-50.982418,-27.216105,8,0,2,138
-52.248183,-15.896158,8,0,1,94
-50.414458,-26.961528,8,0,2,135
-43.458088,-21.600478,8,0,0,11
-47.312904,-23.255901,8,0,1,98
-41.680633,-21.436919,8,0,0,121
-48.938236,-16.405786,8,0,1,88
-51.487038,-25.350367,8,0,2,150
-53.467862,-25.910041,8,0,2,180
-52.247321,-15.896132,8,0,1,275
-50.416503,-26.959687,8,0,2,135
-43.457719,-21.598683,8,0,0,11
-45.720595,-23.762378,8,0,1,185
-47.297016,-6.356953,8,0,0,33
-40.516576,-7.575795,8,0,2,124
-51.483514,-25.356094,8,0,2,148
-53.470035,-25.915983,8,0,1,216
-52.240747,-15.896655,8,0,1,275
-50.659508,-24.345250,8,0,2,41
-44.148088,-19.844539,8,0,1,123
-45.720357,-23.763460,8,0,1,13
-47.296610,-6.356368,8,0,0,34
-40.504594,-7.583962,8,0,2,125
-51.479768,-25.360108,8,0,2,131
-53.469832,-25.915942,8,0,1,35
-52.233508,-15.897264,8,0,2,274
-50.656064,-24.336546,8,0,2,13
-44.148075,-19.844513,8,0,1,302
-44.243801,-21.110835,8,0,2,148
-47.294612,-6.355312,8,0,0,79
-40.499753,-7.585156,8,0,2,112
-51.478715,-25.360933,8,0,2,131
-53.473064,-25.919689,8,0,1,215
-52.304184,-15.878044,8,0,1,271
-50.647708,-24.331193,8,0,1,236
-44.147196,-19.845069,8,0,1,123
-44.244391,-21.109976,8,0,2,148
-48.283814,-7.200682,8,0,0,77
-40.497851,-7.586396,8,0,2,132
-44.165938,-2.498775,8,0,2,163
-53.473346,-25.920267,8,0,1,35
-52.298706,-15.877995,8,0,1,271
-50.632581,-24.326859,8,0,2,62
-44.147183,-19.845045,8,0,1,303
-44.247513,-21.103071,8,0,0,314
-48.283210,-7.200531,8,0,0,77
-40.496580,-7.598063,8,0,2,16
-48.639232,-26.970217,8,0,1,356
-53.473990,-25.920834,8,0,1,215
-52.272888,-15.884263,8,0,2,123
-50.634308,-24.327769,8,0,1,56
-44.146775,-19.845338,8,0,1,123
-44.249265,-21.101945,8,0,0,108
-48.281901,-7.200222,8,0,0,77
-40.498302,-7.603588,8,0,2,18
-48.639723,-26.962827,8,0,1,179
-53.476900,-25.924438,8,0,2,35
-52.284074,-15.879368,8,0,1,104
-50.631052,-24.326101,8,0,2,60
-44.146755,-19.845311,8,0,1,303
-44.501863,-20.900121,8,0,1,340
-44.321313,-3.062226,8,0,0,14
-40.503951,-7.621501,8,0,2,17
-48.639598,-26.962785,8,0,1,359
-53.481662,-25.927276,8,0,1,79
-41.124374,-20.072156,8,0,0,32
-50.614840,-24.310862,8,0,1,137
-44.145890,-19.845965,8,0,1,128
-44.501892,-20.900129,8,0,1,160
-44.324915,-3.134652,8,0,2,4
-42.665629,-21.874942,8,0,2,69
-54.566432,-19.397416,8,0,2,150
-53.484112,-25.928878,8,0,2,45
-41.104566,-20.140885,8,0,0,176
-50.617437,-24.303196,8,0,2,87
-44.145869,-19.845929,8,0,1,309
-44.502622,-20.898222,8,0,1,160
-48.525917,-7.166689,8,0,1,257
-42.662063,-21.874977,8,0,2,88
-56.440486,-14.840019,8,0,2,50
-53.481443,-25.840865,8,0,2,163
-44.325177,-2.952463,8,0,1,338
-40.090646,-19.885651,8,0,0,22
-44.131435,-19.857946,8,0,1,274
-44.502592,-20.898217,8,0,1,340
-48.525072,-7.165127,8,0,2,167
-42.658255,-21.873521,8,0,2,62
-42.898626,-20.520851,8,0,0,188
-53.480901,-25.824296,8,0,1,53
-44.326498,-2.949188,8,0,0,157
-52.616981,-27.127063,8,0,2,148
-44.095052,-19.891075,8,0,1,306
-44.587447,-20.771850,8,0,1,144
-48.525338,-7.163727,8,0,2,10
-42.660516,-21.874599,8,0,2,71
-54.795091,-16.163594,8,0,2,160
-54.451719,-15.977454,8,0,0,62
-41.121977,-20.082772,8,0,2,143
-52.594514,-27.108106,8,0,2,132
-44.095091,-19.891130,8,0,1,125
-44.587412,-20.771830,8,0,1,322
-48.524394,-7.162394,8,0,0,28
-42.697163,-21.887104,8,0,2,58
-54.732984,-18.503194,8,0,2,85
-54.412364,-15.888066,8,0,0,10
-41.119597,-20.087761,8,0,2,151
-52.372166,-27.125128,8,0,0,166
-51.249461,-27.100894,8,0,2,162
-44.588861,-20.770077,8,0,1,140
-48.697332,-7.152364,8,0,0,126
-42.715415,-21.896413,8,0,2,61
-54.693149,-18.502242,8,0,2,97
-54.367045,-15.774056,8,0,1,221
-44.315170,-2.969462,8,0,0,50
-49.666572,-25.992226,8,0,0,15
-45.602315,-17.991904,8,0,2,130
-44.588828,-20.770059,8,0,1,323
-48.696085,-7.153271,8,0,2,125
-42.716973,-21.897188,8,0,0,64
-54.675040,-18.501680,8,0,2,104
-35.229034,-8.369418,8,0,1,235
-44.254584,-2.941614,8,0,0,41
-49.667720,-25.996446,8,0,2,13
-45.603613,-17.990864,8,0,2,130
-45.688174,-23.770097,8,0,1,274
-48.694771,-7.153229,8,0,2,62
-42.906959,-21.991114,8,0,0,62
-54.675692,-18.501533,8,0,2,104
-38.384370,-12.375060,8,0,2,168
-44.236839,-2.943473,8,0,2,104
-49.680570,-25.985009,8,0,2,111
-46.173096,-17.748088,8,0,1,293
-45.648229,-23.768129,8,0,1,292
-48.693802,-7.152457,8,0,2,41
-42.908624,-21.991934,8,0,2,62
-54.678851,-18.501090,8,0,2,94
-42.283483,-3.174001,8,0,2,173
-44.108022,-2.883694,8,0,0,61
-49.683061,-25.980902,8,0,2,155
-46.173118,-17.748116,8,0,1,113
-45.649179,-23.767721,8,0,1,130
-48.691337,-7.150088,8,0,2,59
-42.927813,-22.000796,8,0,2,63
-54.681872,-18.500894,8,0,2,91
-42.421694,-3.344341,8,0,2,165
-44.103124,-2.880160,8,0,0,49
-49.683531,-25.979282,8,0,2,350
-45.605437,-17.989395,8,0,2,130
-45.629646,-23.783612,8,0,2,108
-48.692381,-7.150910,8,0,2,44
-42.937794,-22.006236,8,0,2,58
-42.324310,-21.372062,8,0,0,57
-42.421354,-3.345511,8,0,2,165
-49.268271,-26.190572,8,0,1,51
-49.779952,-26.088111,8,0,1,5
-46.178421,-17.745789,8,0,1,293
-45.628557,-23.783997,8,0,2,114
-48.690157,-7.149508,8,0,2,68
-42.940601,-22.007678,8,0,2,79
-42.326775,-21.371335,8,0,0,133
-42.420844,-3.347332,8,0,2,163
-49.267143,-26.189808,8,0,2,57
-49.779826,-26.086801,8,0,1,205
-45.607391,-17.987830,8,0,2,130
-45.625969,-23.785535,8,0,2,128
-48.688352,-7.148872,8,0,0,70
-42.942797,-22.007957,8,0,2,85
-48.804570,-28.448997,8,0,0,130
-42.420120,-3.360335,8,0,2,160
-49.513600,-26.243328,8,0,0,69
-50.416002,-26.192552,8,0,2,79
-46.178445,-17.745820,8,0,1,114
-45.624587,-23.785621,8,0,2,45
-48.686201,-7.148111,8,0,2,70
-42.987304,-22.034725,8,0,2,27
-48.807111,-28.447062,8,0,0,131
-42.312870,-2.896701,8,0,2,2
-51.095835,-26.253722,8,0,1,115
-50.369301,-26.194565,8,0,2,130
-45.608788,-17.986713,8,0,2,130
-45.623998,-23.785097,8,0,2,45
-48.683267,-7.147614,8,0,0,95
-42.988331,-22.036461,8,0,2,34
-50.124114,-27.500177,8,0,1,57
-42.312800,-2.895638,8,0,2,10
-41.118607,-20.068056,8,0,2,34
-50.367850,-26.195724,8,0,2,132
-46.179823,-17.745187,8,0,1,294
-45.197155,-23.516902,8,0,0,67
-48.681813,-7.147882,8,0,0,102
-43.164956,-22.121483,8,0,2,66
-50.123627,-27.499255,8,0,1,228
-42.306804,-2.883992,8,0,2,28
-41.119777,-20.069829,8,0,2,46
-40.787539,-20.376962,8,0,0,136
-46.173498,-17.747921,8,0,1,294
-45.196511,-23.516651,8,0,0,67
-48.611984,-7.142860,8,0,2,38
-42.989503,-22.038026,8,0,2,28
-43.665606,-8.096550,8,0,2,124
-42.306066,-2.882612,8,0,2,28
-41.120756,-20.085323,8,0,0,175
-40.787984,-20.376510,8,0,0,142
-46.173509,-17.747949,8,0,1,114
-45.134512,-23.498012,8,0,0,121
-48.601872,-7.135900,8,0,0,51
-42.990256,-22.039479,8,0,2,34
-43.791004,-8.175002,8,0,2,5
-42.304138,-2.879016,8,0,2,28
-41.118666,-20.096838,8,0,0,27
-40.641534,-20.381810,8,0,0,147
-45.610371,-17.985444,8,0,2,130
-45.132263,-23.498884,8,0,2,115
-47.545996,-6.614396,8,0,2,39
-42.991433,-22.040527,8,0,2,51
-43.791255,-8.182455,8,0,2,169
-42.303821,-2.876822,8,0,2,175
-45.580839,-23.790200,8,0,0,90
-40.654281,-20.367712,8,0,2,147
-46.179837,-17.745213,8,0,1,114
-45.689395,-23.769851,8,0,1,129
-47.542442,-6.610284,8,0,0,40
-43.871673,-22.398923,8,0,0,157
-44.983195,-3.590477,8,0,0,62
-42.283772,-3.172204,8,0,2,170
-53.269509,-26.356549,8,0,0,7
-49.631094,-29.117054,8,0,2,128
-46.309010,-17.697679,8,0,2,133
-45.437836,-23.675762,8,0,1,10
-47.299993,-6.360208,8,0,0,46
-43.871975,-22.398311,8,0,0,157
-46.413503,-4.349668,8,0,0,99
-42.307338,-2.837457,8,0,2,175
-45.579722,-23.790186,8,0,0,90
-51.067146,-26.257310,8,0,2,148
-46.178856,-17.745607,8,0,1,294
-45.437461,-23.673883,8,0,1,4
-47.305086,-6.363007,8,0,2,56
-43.868664,-22.384328,8,0,0,172
-43.769684,-21.067671,8,0,0,26
-42.308669,-2.795213,8,0,2,177
-49.231280,-15.525802,8,0,2,71
-51.064349,-26.261556,8,0,2,149
-46.178878,-17.745633,8,0,1,114
-45.437930,-23.675313,8,0,1,180
-47.307074,-6.364137,8,0,0,67
-43.869676,-22.381285,8,0,2,150
-43.809510,-20.648813,8,0,1,350
-42.061547,-3.028257,8,0,2,171
-49.229494,-15.525248,8,0,2,72
-51.066575,-26.258160,8,0,2,148
-46.313568,-17.693623,8,0,2,133
-45.437437,-23.673178,8,0,1,190
-47.080905,-6.458664,8,0,2,112
-43.870959,-22.378947,8,0,2,163
-52.387186,-24.037721,8,0,2,126
-42.391371,-3.298835,8,0,2,50
-41.471400,-19.136763,8,0,0,156
-51.059436,-26.266667,8,0,2,137
-46.179393,-17.745377,8,0,1,294
-40.761472,-18.821512,8,0,0,45
-47.074009,-6.460658,8,0,0,102
-43.873255,-22.374441,8,0,2,152
-52.389424,-24.036084,8,0,2,133
-42.392501,-3.299756,8,0,2,50
-41.471932,-19.135531,8,0,0,156
-51.057549,-26.268502,8,0,2,137
-46.179417,-17.745408,8,0,1,114
-40.621119,-19.141053,8,0,0,61
-47.071866,-6.461668,8,0,2,123
-43.873823,-22.373403,8,0,2,152
-52.390942,-24.034947,8,0,2,129
-42.394078,-3.301057,8,0,2,50
-41.048972,-19.499127,8,0,1,280
-51.054133,-26.274988,8,0,1,164
-46.176294,-17.746716,8,0,1,294
-40.621951,-19.142115,8,0,1,198
-47.069068,-6.462787,8,0,2,87
-43.906499,-22.335094,8,0,0,35
-46.492129,-4.299469,8,0,2,96
-42.396690,-3.302554,8,0,2,70
-41.049579,-19.499123,8,0,1,94
-51.047541,-26.281880,8,0,0,107
-46.314978,-17.692365,8,0,2,133
-40.622120,-19.142720,8,0,1,27
-47.066193,-6.462169,8,0,2,96
-43.926637,-22.302218,8,0,2,1
-46.493300,-4.299317,8,0,2,98
-42.399136,-3.303515,8,0,2,70
-45.558806,-23.791832,8,0,0,113
-51.063277,-26.203169,8,0,0,55
-46.176313,-17.746742,8,0,1,114
-40.623097,-19.144443,8,0,1,194
-47.041739,-6.471216,8,0,0,94
-43.927509,-22.301133,8,0,2,119
-46.464940,-4.314645,8,0,2,98
-42.401135,-3.304281,8,0,2,70
-53.269315,-26.355309,8,0,0,16
-51.126515,-26.185064,8,0,0,145
-46.286308,-17.706014,8,0,2,104
-40.623499,-19.146297,8,0,1,190
-44.325907,-3.143757,8,0,1,27
-43.928174,-22.298083,8,0,0,35
-46.463386,-4.314852,8,0,2,103
-42.062416,-3.026148,8,0,2,150
-49.117317,-15.340084,8,0,1,1
-51.128664,-26.183844,8,0,0,97
-46.288454,-17.705501,8,0,2,104
-40.623432,-19.146310,8,0,1,6
-44.958458,-3.576914,8,0,0,62
-43.927364,-22.296959,8,0,2,35
-46.461979,-4.315058,8,0,2,99
-42.065206,-3.025537,8,0,2,48
-49.488131,-17.930332,8,0,0,90
-51.124097,-26.117263,8,0,0,144
-46.310402,-17.696440,8,0,2,133
-40.623469,-19.147084,8,0,2,2
-44.920154,-3.555627,8,0,2,61
-43.925615,-22.294691,8,0,2,37
-46.458767,-4.315528,8,0,2,102
-53.346238,-26.779951,8,0,2,143
-49.488879,-17.930317,8,0,0,90
-51.125299,-26.116436,8,0,0,107
-46.311989,-17.695032,8,0,2,133
-40.625054,-19.148290,8,0,2,76
-44.919204,-3.555109,8,0,0,61
-53.837380,-24.291190,8,0,1,344
-46.457239,-4.315765,8,0,2,100
-53.353321,-26.775777,8,0,2,142
-46.962293,-23.050923,8,0,1,118
-51.172279,-26.071257,8,0,0,79
-46.852579,-17.231937,8,0,2,124
-40.625864,-19.149748,8,0,0,6
-44.900405,-3.544459,8,0,0,60
-40.652581,-7.448638,8,0,0,115
-46.415923,-4.349225,8,0,0,101
-53.348787,-26.793458,8,0,2,28
-46.960691,-23.051725,8,0,0,116
-51.180374,-26.071526,8,0,0,105
-46.865670,-17.222043,8,0,2,163
-40.626643,-19.151035,8,0,0,8
-44.981955,-3.589798,8,0,0,62
-53.837441,-24.291194,8,0,1,164
-46.414318,-4.349566,8,0,0,102
-53.502721,-26.827874,8,0,1,355
-53.283807,-26.783058,8,0,1,12
-51.346243,-26.023141,8,0,0,144
-50.447585,-27.260044,8,0,1,325
-40.626910,-19.153259,8,0,0,1
-45.183549,-3.639397,8,0,2,62
-53.841666,-24.268209,8,0,0,180
-46.412528,-4.349900,8,0,0,103
-53.502790,-26.827871,8,0,1,175
-44.624779,-4.213868,8,0,0,71
-50.004125,-27.115307,8,0,2,80
-49.603795,-27.404249,8,0,1,356
-40.684554,-19.309837,8,0,0,58
-44.872853,-3.464229,8,0,1,178
-53.841703,-24.271153,8,0,1,180
-46.540127,-4.307721,8,0,2,118
-53.332994,-26.532657,8,0,1,23
-44.334707,-4.373184,8,0,2,111
-50.008594,-27.112975,8,0,2,3
-39.785598,-11.473225,8,0,2,313
-40.686310,-19.310886,8,0,0,58
-44.965023,-3.580525,8,0,0,62
-53.841701,-24.270200,8,0,1,180
-46.534456,-4.310512,8,0,0,115
-53.329999,-26.530603,8,0,2,81
-44.628502,-4.215111,8,0,0,70
-50.005833,-27.118854,8,0,2,102
-50.243255,-23.054773,8,0,2,51
-40.680570,-19.408896,8,0,0,143
-45.358527,-3.674835,8,0,2,121
-40.564312,-7.522548,8,0,0,142
-46.531526,-4.311972,8,0,0,113
-46.827441,-23.702629,8,0,1,29
-49.178033,-28.273861,8,0,0,153
-50.008214,-27.118361,8,0,2,102
-50.234634,-23.046698,8,0,2,56
-40.679912,-19.409607,8,0,0,139
-45.357690,-3.675349,8,0,2,121
-40.659883,-7.446463,8,0,0,95
-46.491349,-4.299548,8,0,2,96
-46.828209,-23.703481,8,0,1,45
-50.156361,-22.116825,8,0,1,309
-50.010612,-27.117851,8,0,2,102
-50.224304,-23.037547,8,0,2,44
-40.677783,-19.459941,8,0,0,173
-45.191555,-3.643718,8,0,2,61
-40.656000,-7.447065,8,0,0,109
-45.669117,-3.974604,8,0,0,50
-46.829888,-23.706570,8,0,0,13
-50.158951,-22.112633,8,0,1,334
-50.012498,-27.117462,8,0,2,102
-49.367261,-26.774720,8,0,0,46
-40.677603,-19.462691,8,0,0,171
-45.189363,-3.642543,8,0,2,61
-35.895490,-7.278661,8,0,0,98
-45.531952,-3.855014,8,0,0,54
-46.830430,-23.707470,8,0,0,37
-50.160420,-22.110464,8,0,1,138
-50.015148,-27.116909,8,0,2,102
-49.360428,-26.792135,8,0,0,149
-46.751445,-23.369858,8,0,1,350
-45.187958,-3.641791,8,0,2,61
-35.898395,-7.277809,8,0,0,110
-46.592511,-4.320081,8,0,0,64
-46.833588,-23.709622,8,0,2,74
-42.936675,-19.944199,8,0,2,327
-50.017079,-27.115944,8,0,2,143
-49.360437,-26.796124,8,0,2,162
-46.751633,-23.369647,8,0,1,181
-45.186440,-3.640975,8,0,2,61
-52.019037,-29.459606,8,0,2,90
-43.660941,-8.102228,8,0,2,147
-46.841613,-23.715465,8,0,0,52
-41.708982,-19.787113,8,0,2,23
-50.119322,-27.478073,8,0,2,165
-49.355003,-26.804357,8,0,2,149
-46.832926,-23.343168,8,0,1,63
-45.178358,-3.636574,8,0,2,61
-36.664582,-6.698851,8,0,0,108
-47.435484,-5.586343,8,0,0,144
-46.840853,-23.714869,8,0,0,41
-42.069983,-19.312612,8,0,2,65
-50.119532,-27.491274,8,0,2,21
-39.786471,-11.472606,8,0,2,133
-46.831518,-23.342428,8,0,1,243
-44.872263,-3.474567,8,0,2,177
-36.663555,-6.699209,8,0,0,110
-47.472124,-5.480730,8,0,0,180
-53.764401,-25.714061,8,0,2,135
-42.070862,-19.312961,8,0,2,65
-52.888743,-25.440379,8,0,0,85
-39.879496,-11.428326,8,0,2,110
-46.747904,-23.332653,8,0,1,128
-44.872558,-3.470141,8,0,1,177
-36.660258,-6.695143,8,0,2,28
-47.471939,-5.494241,8,0,0,179
-53.758939,-25.719228,8,0,2,135
-42.071678,-19.313393,8,0,2,64
-52.893440,-25.442848,8,0,0,41
-39.882888,-11.427104,8,0,2,110
-46.747871,-23.332609,8,0,1,308
-44.872788,-3.462403,8,0,1,190
-36.661914,-6.698405,8,0,2,27
-47.471917,-5.496215,8,0,0,179
-45.424790,-23.625650,8,0,1,144
-42.072521,-19.313699,8,0,2,64
-52.898029,-25.444125,8,0,2,64
-39.884042,-11.426693,8,0,2,110
-46.742797,-23.345873,8,0,1,168
-44.961036,-3.578286,8,0,1,242
-49.141130,-26.591283,8,0,2,25
-47.472062,-5.485732,8,0,0,180
-45.424608,-23.625568,8,0,1,294
-42.109513,-19.378518,8,0,2,37
-52.901883,-25.445768,8,0,2,67
-39.885547,-11.426142,8,0,2,110
-46.742604,-23.346688,8,0,1,168
-44.962165,-3.578906,8,0,1,242
-49.141501,-26.593895,8,0,2,4
-47.471893,-5.499698,8,0,0,179
-47.142483,-23.533966,8,0,2,170
-40.310801,-19.266030,8,0,2,39
-52.759657,-25.383264,8,0,0,88
-39.957926,-11.398594,8,0,2,112
-46.742754,-23.345863,8,0,1,348
-44.872443,-3.470141,8,0,1,357
-49.141618,-26.594990,8,0,2,4
-47.471825,-5.504770,8,0,2,178
-54.404093,-25.446580,8,0,1,65
-40.314830,-19.270861,8,0,2,35
-52.631651,-25.336878,8,0,0,45
-39.959473,-11.398029,8,0,2,110
-46.742563,-23.346678,8,0,1,349
-44.962135,-3.578985,8,0,1,62
-43.783651,-22.443868,8,0,0,48
-49.178055,-25.351202,8,0,1,40
-54.402255,-25.445693,8,0,1,244
-40.316182,-19.272079,8,0,2,65
-52.598226,-25.314385,8,0,0,65
-39.974796,-11.392600,8,0,2,110
-46.742531,-23.347569,8,0,1,8
-44.960985,-3.578363,8,0,1,62
-35.261534,-9.083669,8,0,0,136
-49.178178,-25.351125,8,0,1,221
-53.847109,-25.153906,8,0,2,42
-40.317409,-19.272558,8,0,2,61
-52.592902,-25.312255,8,0,0,65
-40.184149,-11.855427,8,0,0,14
-46.742571,-23.347559,8,0,1,186
-44.872742,-3.464236,8,0,1,358
-35.255982,-9.086399,8,0,0,64
-53.145380,-23.991836,8,0,2,302
-52.625442,-25.254618,8,0,1,157
-40.320246,-19.275074,8,0,2,83
-52.590501,-25.309582,8,0,0,15
-40.185520,-11.958837,8,0,2,96
-46.743695,-23.350261,8,0,1,31
-44.872781,-3.462787,8,0,1,8
-35.241928,-9.058199,8,0,0,2
-47.471721,-5.510096,8,0,2,1
-53.518996,-26.741063,8,0,2,175
-40.327688,-19.271328,8,0,2,143
-52.590901,-25.303376,8,0,0,76
-52.964740,-29.448494,8,0,1,173
-46.743767,-23.350219,8,0,1,214
-44.871071,-3.459803,8,0,1,37
-35.241640,-9.050398,8,0,0,2
-47.471709,-5.512339,8,0,2,179
-42.913102,-20.397368,8,0,0,45
-40.341668,-19.155765,8,0,2,147
-52.542714,-25.306974,8,0,2,82
-52.964579,-29.449131,8,0,1,349
-40.657468,-19.508124,8,0,0,162
-44.777966,-3.461530,8,0,2,107
-35.239784,-9.046000,8,0,0,42
-47.471441,-5.530850,8,0,2,179
-43.103766,-20.408171,8,0,0,56
-40.342464,-19.174920,8,0,2,25
-52.421227,-25.400392,8,0,0,176
-43.291394,-19.691941,8,0,0,64
-40.660083,-19.500342,8,0,0,143
-44.348634,-3.184673,8,0,0,28
-35.225216,-9.015289,8,0,2,179
-47.471424,-5.531578,8,0,2,176
-43.192319,-20.377396,8,0,0,40
-40.343491,-19.176184,8,0,2,56
-52.903954,-25.446204,8,0,2,81
-39.976242,-11.392087,8,0,2,107
-40.663637,-19.495963,8,0,0,141
-44.349970,-3.187099,8,0,2,29
-35.225224,-9.014885,8,0,2,179
-47.470524,-5.534311,8,0,2,146
-43.191584,-20.376598,8,0,0,40
-40.352302,-19.223922,8,0,2,152
-52.908363,-25.444401,8,0,2,119
-47.936674,-24.999712,8,0,0,105
-40.667097,-19.492937,8,0,2,122
-44.871156,-3.459746,8,0,1,217
-35.224495,-9.005486,8,0,0,30
-35.867739,-7.107757,8,0,0,16
-43.193279,-20.377690,8,0,0,92
-43.190183,-3.713805,8,0,0,56
-51.643003,-25.699339,8,0,2,133
-39.998260,-11.384312,8,0,2,113
-40.670348,-19.491180,8,0,2,125
-44.351056,-3.189059,8,0,2,29
-46.350302,-23.501307,8,0,1,135
-44.582010,-3.570354,8,0,2,153
-37.438282,-11.254193,8,0,2,27
-40.333632,-19.260590,8,0,2,22
-51.644106,-25.698419,8,0,2,133
-40.001939,-11.383028,8,0,2,114
-40.672177,-19.489779,8,0,2,129
-44.351877,-3.190556,8,0,0,28
-47.013182,-23.536522,8,0,2,80
-45.666119,-3.970544,8,0,2,173
-44.193117,-22.834090,8,0,0,4
-43.126871,-3.670908,8,0,2,56
-51.560696,-26.156765,8,0,2,91
-40.016488,-11.392060,8,0,2,27
-40.673942,-19.487586,8,0,2,167
-44.442296,-3.327903,8,0,0,40
-47.039555,-23.541038,8,0,2,116
-45.666179,-3.971230,8,0,2,25
-44.197199,-22.835698,8,0,0,73
-40.333053,-19.264277,8,0,2,11
-51.557564,-26.156852,8,0,2,91
-47.933917,-24.999932,8,0,1,211
-44.243236,-21.112412,8,0,2,1
-44.443956,-3.329812,8,0,0,41
-46.346270,-23.504767,8,0,1,315
-45.874959,-4.081362,8,0,2,70
-44.198732,-22.836143,8,0,0,69
-40.078860,-19.400220,8,0,2,91
-51.540155,-26.159209,8,0,0,138
-40.017405,-11.394210,8,0,2,22
-44.228585,-21.097905,8,0,2,171
-44.535147,-3.477130,8,0,2,19
-46.346882,-23.504344,8,0,1,135
-48.611608,-27.828810,8,0,0,92
-44.201503,-22.838141,8,0,0,51
-40.075758,-19.400787,8,0,2,108
-51.534421,-26.166736,8,0,2,123
-40.031004,-11.425562,8,0,2,24
-44.228770,-21.085604,8,0,0,45
-44.535777,-3.479007,8,0,0,18
-47.770645,-15.755659,8,0,2,69
-42.818137,-5.346431,8,0,2,35
-44.203173,-22.838703,8,0,0,121
-42.987069,-3.689457,8,0,0,83
-47.817469,-15.641793,8,0,1,286
-47.943895,-24.996008,8,0,0,130
-44.228977,-21.085781,8,0,0,45
-44.584556,-3.556711,8,0,0,27
-44.273598,-2.643520,8,0,1,36
-42.820000,-5.349049,8,0,0,35
-44.204189,-22.838097,8,0,0,123
-40.074446,-19.401237,8,0,2,110
-47.818207,-15.641879,8,0,1,106
-40.024384,-11.498372,8,0,2,1
-44.210693,-21.070247,8,0,2,66
-44.586009,-3.559616,8,0,0,26
-44.274924,-2.644990,8,0,1,220
-42.822465,-5.353418,8,0,2,28
-44.193951,-22.832884,8,0,0,141
-40.071340,-19.401961,8,0,2,72
-47.821069,-15.639877,8,0,1,164
-47.933315,-24.999019,8,0,0,30
-44.228349,-21.100807,8,0,2,179
-44.585948,-3.562368,8,0,2,155
-44.278955,-2.648374,8,0,1,234
-42.831187,-5.372544,8,0,0,17
-44.195363,-22.832077,8,0,0,64
-42.939419,-3.683528,8,0,0,83
-47.821230,-15.638389,8,0,1,344
-47.879002,-24.721291,8,0,0,157
-44.228503,-21.102331,8,0,2,5
-44.584435,-3.565434,8,0,2,153
-44.274900,-2.645175,8,0,1,41
-49.549828,-25.438123,8,0,1,249
-44.196398,-22.831893,8,0,2,63
-42.642722,-3.515914,8,0,0,48
-47.821704,-15.637823,8,0,1,163
-47.879869,-24.719535,8,0,2,156
-45.227744,-23.535340,8,0,0,18
-44.584902,-3.564487,8,0,2,154
-44.278961,-2.648494,8,0,1,54
-42.900540,-5.413495,8,0,0,25
-43.376467,-21.807476,8,0,1,212
-42.841409,-3.671328,8,0,0,83
-47.822989,-15.635064,8,0,1,316
-47.880421,-24.718389,8,0,2,157
-45.228184,-23.536532,8,0,2,18
-44.592675,-3.576073,8,0,0,73
-44.308896,-2.700775,8,0,1,36
-43.076162,-5.774767,8,0,2,28
-53.709550,-27.192721,8,0,1,310
-42.950074,-3.684857,8,0,2,83
-47.824263,-15.634227,8,0,1,298
-47.880903,-24.717335,8,0,2,157
-45.229575,-23.540348,8,0,0,18
-44.620323,-3.578256,8,0,0,68
-37.317311,-5.197110,8,0,0,53
-43.063437,-5.972606,8,0,2,5
-53.709595,-27.192762,8,0,1,130
-42.945047,-3.684226,8,0,0,83
-47.826299,-15.633924,8,0,1,269
-47.881460,-24.716194,8,0,2,157
-45.229870,-23.541171,8,0,0,18
-44.626741,-3.580842,8,0,0,68
-53.155738,-25.211180,8,0,2,4
-42.967728,-6.154610,8,0,0,6
-52.942246,-22.529091,8,0,1,75
-42.979520,-3.688525,8,0,0,83
-47.827667,-15.634640,8,0,1,63
-47.882045,-24.714970,8,0,2,157
-45.229125,-23.539117,8,0,0,18
-44.679980,-3.574234,8,0,0,100
-53.156616,-25.203330,8,0,2,153
-47.471970,-5.492602,8,0,2,179
-52.942267,-22.529035,8,0,1,255
-42.997028,-3.690723,8,0,0,83
-47.832370,-15.636504,8,0,1,254
-47.882615,-24.713796,8,0,2,157
-45.570152,-23.790137,8,0,0,90
-44.737642,-3.550212,8,0,0,118
-53.155411,-25.207978,8,0,2,6
-42.966094,-6.160266,8,0,0,158
-53.271717,-22.286714,8,0,0,74
-43.104993,-3.674386,8,0,0,98
-47.835114,-15.637235,8,0,1,79
-47.883202,-24.712577,8,0,2,157
-45.569413,-23.790134,8,0,0,90
-44.741995,-3.544724,8,0,0,157
-52.908744,-25.447943,8,0,2,42
-42.964844,-6.164793,8,0,0,156
-53.267250,-22.285497,8,0,0,74
-43.128772,-3.672210,8,0,2,56
-47.835942,-15.637250,8,0,1,258
-47.883739,-24.711458,8,0,2,157
-47.608190,-22.733994,8,0,1,132
-44.744457,-3.539412,8,0,0,157
-52.915293,-25.443154,8,0,2,104
-42.893077,-6.219213,8,0,0,100
-53.844466,-22.308185,8,0,0,110
-43.197263,-3.716191,8,0,0,82
-47.837903,-15.637816,8,0,1,78
-47.884547,-24.709765,8,0,2,157
-47.606701,-22.734400,8,0,1,302
-48.937321,-15.130324,8,0,0,34
-53.040639,-25.404025,8,0,2,108
-43.028212,-7.598817,8,0,2,114
-53.846933,-22.307356,8,0,0,110
-64.420217,-9.257426,8,0,2,93
-47.839531,-15.637999,8,0,1,258
-47.889133,-24.706722,8,0,2,118
-47.528591,-22.744088,8,0,2,127
-47.060702,-6.463914,8,0,1,130
-52.912479,-25.443491,8,0,2,94
-43.998990,-8.586057,8,0,2,50
-49.550650,-25.438548,8,0,1,70
-50.160937,-22.109850,8,0,1,311
-47.839812,-15.638208,8,0,1,78
-47.890142,-24.706229,8,0,2,118
-43.903950,-19.867857,8,0,1,176
-47.064798,-6.462536,8,0,1,106
-52.905640,-25.446441,8,0,2,77
-43.027477,-7.603132,8,0,0,169
-41.620270,-21.498069,8,0,2,113
-50.159432,-22.111972,8,0,1,155
-47.841770,-15.638453,8,0,1,259
-47.886131,-24.706837,8,0,0,153
-43.903912,-19.867850,8,0,1,355
-47.067799,-6.462573,8,0,2,73
-39.762382,-7.401589,8,0,1,263
-42.946811,-8.101160,8,0,0,162
-53.859845,-27.269479,8,0,1,329
-50.157010,-22.116371,8,0,1,139
-47.842840,-15.638584,8,0,1,264
-47.887629,-24.704167,8,0,2,153
-43.903379,-19.871338,8,0,1,178
-47.070726,-6.462336,8,0,2,112
-39.763390,-7.401725,8,0,2,82
-43.658369,-8.106061,8,0,0,147
-53.861248,-27.267357,8,0,1,330
-50.163203,-22.107918,8,0,1,320
-52.498492,-25.474201,8,0,0,55
-40.076416,-11.593638,8,0,0,82
-43.903351,-19.871335,8,0,1,358
-47.072971,-6.461038,8,0,2,115
-39.764599,-7.401894,8,0,0,82
-43.659806,-8.103922,8,0,0,147
-53.861669,-27.266763,8,0,1,158
-50.166261,-22.106719,8,0,2,99
-47.842996,-15.638741,8,0,1,90
-40.026876,-11.522468,8,0,0,29
-43.902187,-19.876181,8,0,1,103
-47.063616,-6.462784,8,0,2,104
-39.839305,-7.412069,8,0,0,81
-43.662609,-8.099730,8,0,2,145
-53.861186,-27.264394,8,0,1,15
-50.161405,-22.109598,8,0,1,132
-52.495368,-25.472410,8,0,2,56
-40.024280,-11.508078,8,0,2,179
-43.900327,-19.876599,8,0,1,103
-51.877320,-17.573431,8,0,0,152
-39.985543,-7.431792,8,0,0,82
-43.663702,-8.098644,8,0,2,133
-53.861202,-27.264191,8,0,1,195
-50.163737,-22.107683,8,0,1,127
-47.844951,-15.638439,8,0,1,279
-40.024327,-11.506052,8,0,2,178
-43.900319,-19.876580,8,0,1,282
-37.423674,-10.712353,8,0,2,152
-40.144080,-7.453117,8,0,0,82
-43.664579,-8.097610,8,0,2,150
-52.997161,-27.348103,8,0,0,120
-50.168402,-22.107631,8,0,2,53
-47.845651,-15.638451,8,0,1,100
-40.024350,-11.504961,8,0,2,178
-43.902181,-19.876168,8,0,1,282
-37.427074,-10.706021,8,0,0,152
-52.907528,-25.447106,8,0,2,58
-43.791461,-8.179896,8,0,2,4
-52.998967,-27.347410,8,0,0,112
-50.169878,-22.108621,8,0,2,53
-47.847969,-15.637881,8,0,1,280
-40.024344,-11.503874,8,0,2,180
-43.899744,-19.876715,8,0,1,284
-37.427503,-10.705227,8,0,0,152
-40.275680,-7.470948,8,0,0,82
-43.792559,-8.190024,8,0,2,15
-53.003037,-27.346174,8,0,0,94
-51.645908,-21.330137,8,0,2,20
-47.849786,-15.637547,8,0,1,280
-39.139545,-12.205504,8,0,0,129
-43.899750,-19.876726,8,0,1,105
-37.438894,-10.690008,8,0,0,163
-40.504217,-7.539775,8,0,0,48
-43.997064,-8.584507,8,0,2,52
-53.016285,-27.345816,8,0,0,75
-51.646884,-21.332232,8,0,2,22
-49.161182,-16.576072,8,0,1,50
-39.744288,-12.162099,8,0,2,118
-43.821367,-19.892975,8,0,1,95
-47.882174,-15.715593,8,0,1,307
-40.281464,-7.471745,8,0,0,83
-48.512089,-8.837033,8,0,1,0
-53.039874,-27.340295,8,0,2,122
-51.646319,-21.334122,8,0,2,145
-49.161354,-16.575852,8,0,1,230
-39.750360,-12.158842,8,0,2,118
-43.814445,-19.893947,8,0,1,90
-47.882873,-15.715217,8,0,1,126
-40.278705,-7.471276,8,0,1,262
-48.511826,-8.839682,8,0,1,168
-53.052522,-27.331523,8,0,1,317
-51.644768,-21.336254,8,0,2,145
-49.160418,-16.575461,8,0,1,50
-42.071549,-18.788874,8,0,0,125
-48.819292,-21.752261,8,0,1,353
-42.874566,-20.769734,8,0,0,30
-40.276946,-7.471137,8,0,1,262
-48.511388,-8.841830,8,0,1,168
-52.911829,-30.020937,8,0,2,78
-50.193070,-22.104329,8,0,1,74
-49.160590,-16.575250,8,0,1,230
-49.210368,-28.663936,8,0,1,317
-47.511031,-22.995652,8,0,1,57
-42.875276,-20.770874,8,0,0,30
-39.392545,-7.223952,8,0,2,109
-48.595454,-27.837243,8,0,2,159
-52.913049,-30.040636,8,0,1,332
-50.189937,-22.103494,8,0,1,74
-48.902599,-16.343301,8,0,1,49
-49.210879,-28.663475,8,0,1,137
-47.511294,-22.995718,8,0,1,237
-42.880173,-20.778022,8,0,2,27
-39.415359,-7.225561,8,0,2,91
-48.510916,-8.844110,8,0,1,169
-52.913540,-30.039953,8,0,1,160
-50.188850,-22.103100,8,0,1,242
-48.902674,-16.343169,8,0,1,229
-49.208542,-28.652708,8,0,1,69
-47.513066,-22.996809,8,0,1,237
-42.880634,-20.789262,8,0,0,129
-39.395692,-7.222715,8,0,0,111
-48.509354,-8.851581,8,0,1,169
-51.334543,-26.930565,8,0,2,75
-50.187495,-22.102990,8,0,2,91
-52.627201,-27.071786,8,0,1,162
-49.207644,-28.651879,8,0,1,263
-47.515777,-22.999179,8,0,1,41
-42.879819,-20.790155,8,0,2,146
-39.397520,-7.222430,8,0,2,90
-48.300934,-10.172849,8,0,2,179
-44.115633,-22.527490,8,0,1,2
-50.184454,-22.103064,8,0,2,91
-52.626510,-27.073628,8,0,1,162
-49.215814,-28.655147,8,0,2,43
-47.517065,-23.000586,8,0,1,41
-42.877686,-20.794122,8,0,0,161
-39.399702,-7.222358,8,0,0,91
-48.300921,-10.174512,8,0,2,180
-44.115523,-22.525955,8,0,1,2
-50.188805,-22.103226,8,0,1,87
-52.626206,-27.074109,8,0,1,340
-40.077912,-11.593805,8,0,0,82
-47.517241,-23.000638,8,0,1,222
-42.877378,-20.794944,8,0,0,155
-39.410290,-7.223892,8,0,2,96
-44.498337,-3.391303,8,0,0,42
-44.115303,-22.523892,8,0,1,9
-50.181601,-22.103142,8,0,2,92
-52.653391,-27.097650,8,0,1,275
-40.120566,-11.604796,8,0,0,71
-47.519844,-23.003531,8,0,1,218
-42.870662,-20.810575,8,0,0,3
-39.419389,-7.224705,8,0,0,97
-44.494279,-3.386764,8,0,0,42
-53.246572,-24.721279,8,0,0,178
-50.179372,-22.104063,8,0,2,120
-52.708950,-27.095423,8,0,2,118
-39.140540,-12.204702,8,0,0,130
-47.523295,-23.007903,8,0,1,215
-42.871217,-20.811937,8,0,0,22
-39.412390,-7.201443,8,0,0,22
-44.455572,-3.342936,8,0,0,42
-53.247765,-24.719784,8,0,2,91
-50.178777,-22.108745,8,0,2,175
-52.759928,-27.073819,8,0,2,60
-40.127254,-11.607125,8,0,0,71
-43.944365,-19.987671,8,0,1,179
-49.077736,-17.581090,8,0,0,163
-39.410816,-7.197502,8,0,0,22
-44.453841,-3.340978,8,0,0,42
-53.465677,-24.823656,8,0,0,171
-50.179005,-22.106650,8,0,2,174
-48.714599,-16.645915,8,0,1,281
-42.067595,-18.801131,8,0,0,149
-46.711894,-23.332517,8,0,2,152
-49.077993,-17.583371,8,0,0,33
-39.409560,-7.194141,8,0,0,16
-48.253431,-7.234476,8,0,1,17
-53.465847,-24.822507,8,0,0,171
-50.178322,-22.109416,8,0,2,84
-48.716015,-16.645693,8,0,1,101
-42.068463,-18.795660,8,0,0,119
-46.715430,-23.331751,8,0,2,94
-52.038262,-27.220173,8,0,2,157
-39.409228,-7.181540,8,0,0,157
-48.253359,-7.233937,8,0,1,196
-53.500699,-24.587322,8,0,2,97
-53.509015,-26.565647,8,0,1,307
-52.794479,-27.089546,8,0,2,55
-42.070213,-18.794513,8,0,0,119
-46.706732,-23.333289,8,0,2,43
-47.601681,-16.757495,8,0,2,141
-39.410666,-7.178222,8,0,0,157
-48.204022,-7.154174,8,0,1,10
-53.504076,-24.586919,8,0,2,97
-52.968399,-26.426489,8,0,2,91
-52.867797,-27.073621,8,0,2,38
-40.132998,-11.609054,8,0,0,70
-47.904977,-23.041367,8,0,0,70
-47.600593,-16.758797,8,0,2,141
-39.411749,-7.167316,8,0,0,4
-48.200833,-7.136818,8,0,2,10
-53.506173,-24.586676,8,0,2,97
-52.964957,-26.426574,8,0,0,91
-52.887981,-27.108558,8,0,0,11
-40.169809,-11.817435,8,0,0,180
-47.904118,-23.041086,8,0,0,70
-42.876272,-20.758232,8,0,2,141
-39.411455,-7.163555,8,0,0,4
-45.463099,-3.780989,8,0,2,34
-53.309547,-24.635857,8,0,2,134
-52.961152,-26.426683,8,0,0,91
-52.888043,-27.110634,8,0,0,149
-40.170050,-11.818409,8,0,0,21
-47.039425,-23.613280,8,0,1,208
-45.363110,-3.672023,8,0,0,120
-39.411139,-7.153280,8,0,0,173
-45.529235,-3.852984,8,0,0,53
-53.313598,-24.632261,8,0,2,134
-52.899914,-26.418652,8,0,0,39
-52.871738,-27.123625,8,0,0,1
-40.183903,-11.854549,8,0,0,15
-47.040362,-23.615091,8,0,1,28
-45.372908,-3.667454,8,0,2,105
-49.362060,-25.862705,8,0,1,23
-46.584728,-4.313602,8,0,0,46
-53.316584,-24.629596,8,0,2,134
-52.849590,-26.345621,8,0,1,61
-52.881647,-27.154221,8,0,2,67
-40.184098,-11.959063,8,0,0,97
-47.042136,-23.617595,8,0,1,36
-45.388835,-3.663104,8,0,2,105
-39.439609,-7.106180,8,0,0,131
-46.587524,-4.316252,8,0,0,46
-53.331806,-24.618448,8,0,2,31
-52.848963,-26.345309,8,0,1,241
-54.090848,-24.176695,8,0,1,157
-48.749232,-26.948328,8,0,1,249
-47.464523,-5.543127,8,0,2,146
-45.391080,-3.662488,8,0,2,105
-39.440947,-7.104630,8,0,0,142
-53.212989,-24.305907,8,0,2,120
-53.333332,-24.620858,8,0,2,30
-67.300352,-10.062472,8,0,0,91
-54.090765,-24.176550,8,0,1,337
-48.749257,-26.948439,8,0,1,69
-47.461183,-5.548073,8,0,2,146
-45.393320,-3.661878,8,0,2,105
-39.469365,-7.072769,8,0,0,102
-53.211576,-24.306667,8,0,2,120
-53.334118,-24.623177,8,0,2,5
-67.295899,-10.060837,8,0,0,56
-54.093220,-24.171820,8,0,1,157
-42.070010,-18.792959,8,0,0,33
-55.186534,-10.846329,8,0,2,23
-52.528135,-17.552974,8,0,2,175
-39.481028,-7.066197,8,0,0,150
-53.210165,-24.307386,8,0,2,117
-51.961850,-24.492052,8,0,2,141
-49.545084,-15.173788,8,0,2,4
-49.542769,-27.164970,8,0,2,117
-40.164480,-11.966256,8,0,0,110
-53.535056,-26.986464,8,0,1,200
-54.664678,-16.451513,8,0,1,156
-39.410037,-6.151719,8,0,0,123
-53.208517,-24.308061,8,0,0,110
-51.960521,-24.493554,8,0,0,141
-49.544605,-15.171748,8,0,2,20
-49.542249,-27.167431,8,0,2,28
-40.162992,-11.966818,8,0,2,110
-53.534850,-26.987366,8,0,1,336
-54.660166,-16.461243,8,0,1,157
-39.450276,-6.101595,8,0,2,179
-53.079826,-24.281322,8,0,1,44
-51.977538,-23.453402,8,0,2,106
-49.159761,-14.527887,8,0,2,12
-49.542925,-27.168594,8,0,2,25
-40.160358,-11.967948,8,0,0,117
-53.533826,-26.991816,8,0,1,12
-54.920619,-16.003579,8,0,2,155
-39.446134,-6.107321,8,0,2,133
-53.076892,-24.278607,8,0,1,46
-52.682860,-26.202569,8,0,2,145
-49.265512,-26.188850,8,0,1,238
-49.543199,-27.169772,8,0,1,186
-39.745831,-12.161284,8,0,2,118
-53.534199,-26.990351,8,0,1,323
-47.202563,-22.638521,8,0,0,143
-39.479260,-7.039030,8,0,0,115
-53.075492,-24.277425,8,0,1,45
-52.681958,-26.203723,8,0,2,145
-42.687869,-3.568211,8,0,0,36
-49.542743,-27.169675,8,0,1,335
-39.740257,-12.164270,8,0,2,118
-53.502516,-26.826397,8,0,1,24
-47.653309,-22.697773,8,0,1,223
-39.476658,-7.040198,8,0,2,115
-53.072633,-24.274797,8,0,1,45
-57.617335,-19.024052,8,0,2,16
-42.577764,-3.500394,8,0,0,94
-49.541887,-27.171157,8,0,2,154
-39.738636,-12.165131,8,0,2,118
-41.092017,-19.487866,8,0,0,118
-45.409187,-23.815380,8,0,1,312
-39.471978,-7.072427,8,0,0,97
-53.072426,-24.274481,8,0,1,225
-51.441498,-25.344468,8,0,1,253
-42.500198,-3.412013,8,0,0,67
-49.541249,-27.172291,8,0,2,154
-39.709044,-12.183887,8,0,2,127
-46.888894,-15.811136,8,0,0,130
-45.432575,-23.823313,8,0,1,314
-39.471179,-7.047408,8,0,0,8
-53.076037,-24.277782,8,0,1,225
-52.202908,-25.378453,8,0,2,83
-42.469184,-3.395098,8,0,0,68
-49.540986,-27.173990,8,0,2,3
-39.689704,-12.198211,8,0,2,127
-46.892243,-15.810159,8,0,2,93
-45.432960,-23.823223,8,0,1,111
-39.475462,-7.052567,8,0,0,42
-53.045130,-24.186859,8,0,2,144
-46.988334,-22.707009,8,0,1,160
-42.467499,-3.394688,8,0,0,85
-49.586210,-27.048502,8,0,1,264
-39.688781,-12.198888,8,0,2,127
-46.895027,-15.810019,8,0,2,93
-45.433591,-23.822969,8,0,1,285
-39.473263,-7.050187,8,0,0,41
-53.030289,-24.197609,8,0,1,203
-41.043135,-21.633625,8,0,0,38
-42.466357,-3.394692,8,0,0,93
-49.587246,-27.048637,8,0,1,86
-42.070458,-18.793618,8,0,0,33
-46.919775,-15.805508,8,0,2,108
-45.621285,-23.783586,8,0,1,290
-39.266951,-6.382500,8,0,0,168
-53.009333,-24.185985,8,0,2,114
-41.045301,-21.635590,8,0,2,60
-44.960269,-4.173684,8,0,0,129
-49.595911,-27.043476,8,0,2,128
-42.069680,-18.792318,8,0,2,31
-46.923850,-15.803161,8,0,2,129
-45.621809,-23.783762,8,0,1,69
-39.265077,-6.391441,8,0,0,168
-53.017205,-24.183128,8,0,1,225
-41.048396,-21.639567,8,0,2,16
-45.067681,-4.069967,8,0,2,95
-49.599226,-27.041286,8,0,2,110
-42.069325,-18.791700,8,0,2,31
-46.924669,-15.802537,8,0,2,129
-53.500168,-26.765195,8,0,2,178
-39.314887,-6.550016,8,0,0,31
-53.022015,-24.187541,8,0,1,225
-41.049054,-21.641777,8,0,2,15
-45.068457,-4.069272,8,0,0,127
-49.605548,-27.041192,8,0,2,84
-42.069202,-18.790409,8,0,2,162
-46.927506,-15.800339,8,0,2,129
-53.507436,-26.794607,8,0,2,14
-49.361480,-25.861496,8,0,1,203
-53.024802,-24.190108,8,0,1,225
-42.458011,-22.244564,8,0,2,31
-45.164099,-3.892903,8,0,1,337
-49.610298,-27.041477,8,0,2,91
-39.452922,-12.180751,8,0,2,80
-53.051550,-27.078122,8,0,1,72
-53.512610,-26.812977,8,0,0,14
-48.755679,-27.265864,8,0,0,83
-53.026522,-24.191661,8,0,1,225
-42.400176,-22.206663,8,0,2,57
-45.218973,-3.770194,8,0,0,168
-49.613892,-27.041473,8,0,2,91
-39.453611,-12.180877,8,0,2,80
-53.504417,-26.822684,8,0,2,132
-53.496786,-26.861909,8,0,2,40
-48.908479,-27.285087,8,0,2,70
-53.028602,-24.193908,8,0,1,202
-42.399436,-22.206236,8,0,2,45
-45.251230,-3.740670,8,0,0,120
-38.653223,-13.019222,8,0,2,30
-39.238978,-12.165416,8,0,2,90
-53.580828,-27.035337,8,0,2,94
-53.504235,-26.920496,8,0,0,171
-48.910283,-27.285342,8,0,0,99
-53.029510,-24.195916,8,0,1,202
-43.817966,-22.484745,8,0,1,355
-45.253756,-3.739154,8,0,2,120
-38.650421,-13.014553,8,0,2,29
-39.239718,-12.165411,8,0,2,89
-53.622405,-27.049783,8,0,2,84
-53.503358,-26.922049,8,0,0,133
-48.771753,-27.265247,8,0,2,95
-47.422481,-4.915895,8,0,0,62
-43.818107,-22.482770,8,0,2,16
-45.304713,-3.707915,8,0,0,121
-38.643939,-13.003838,8,0,2,29
-42.070176,-18.789144,8,0,0,105
-53.705640,-27.132554,8,0,0,2
-53.502180,-26.960912,8,0,0,14
-39.327959,-6.599394,8,0,0,17
-47.411256,-4.909325,8,0,0,63
-48.285829,-15.177283,8,0,2,167
-49.155153,-14.519750,8,0,2,41
-38.638783,-12.995311,8,0,2,30
-42.163262,-18.768681,8,0,0,122
-53.252649,-27.071158,8,0,1,125
-53.534867,-26.983337,8,0,2,172
-39.328649,-6.601227,8,0,0,17
-47.408167,-4.907527,8,0,0,60
-41.048762,-21.640907,8,0,2,15
-49.021013,-13.712865,8,0,2,179
-38.638531,-12.994889,8,0,2,29
-42.165452,-18.768161,8,0,0,98
-53.252601,-27.071092,8,0,1,305
-53.504463,-26.898501,8,0,2,18
-39.327336,-6.630829,8,0,0,166
-47.439297,-4.925726,8,0,0,57
-38.148692,-7.300347,8,0,2,40
-49.101188,-12.830216,8,0,0,10
-38.623404,-12.933178,8,0,2,26
-42.174751,-18.768613,8,0,0,109
-53.251060,-27.072163,8,0,1,124
-53.503310,-26.896086,8,0,0,35
-39.326789,-6.633831,8,0,0,170
-47.503088,-4.943128,8,0,2,3
-38.147480,-7.298923,8,0,2,42
-49.083031,-11.743130,8,0,1,30
-38.623143,-12.932677,8,0,2,26
-42.175852,-18.767330,8,0,0,150
-53.251582,-27.074338,8,0,1,305
-53.427371,-27.073126,8,0,0,108
-39.326445,-6.635707,8,0,0,170
-47.503154,-4.945323,8,0,2,2
-38.152290,-7.308763,8,0,2,110
-49.078626,-11.727539,8,0,1,11
-39.078151,-12.609243,8,0,0,69
-42.179889,-18.763657,8,0,0,156
-53.251633,-27.074389,8,0,1,125
-53.428184,-27.070771,8,0,0,15
-39.256133,-6.664452,8,0,0,3
-47.503226,-4.947595,8,0,2,3
-38.153111,-7.305488,8,0,1,17
-49.077159,-11.720982,8,0,1,12
-38.643028,-13.002328,8,0,2,29
-42.180116,-18.762930,8,0,0,176
-53.158135,-27.063918,8,0,2,170
-53.428908,-27.068436,8,0,0,174
-39.317005,-6.561218,8,0,0,9
-47.503263,-4.948515,8,0,2,2
-38.153371,-7.306046,8,0,1,196
-49.065280,-11.675231,8,0,0,18
-49.641365,-29.109018,8,0,1,306
-42.205846,-18.757205,8,0,0,86
-53.159711,-27.069271,8,0,2,156
-53.450421,-27.069790,8,0,0,93
-39.318476,-6.569213,8,0,0,11
-47.503285,-4.949555,8,0,2,3
-38.153779,-7.307512,8,0,1,16
-49.064682,-11.673404,8,0,0,18
-49.641411,-29.109059,8,0,1,126
-42.243052,-18.719947,8,0,2,171
-50.384899,-21.252871,8,0,0,161
-53.531823,-26.998645,8,0,2,11
-39.318054,-6.566956,8,0,2,10
-47.503326,-4.950547,8,0,2,1
-38.153698,-7.307142,8,0,2,16
-48.928508,-26.315662,8,0,0,46
-49.644507,-29.106924,8,0,1,306
-42.243447,-18.719397,8,0,2,112
-50.386648,-21.249342,8,0,0,150
-53.532463,-26.996748,8,0,0,120
-41.148896,-7.120193,8,0,2,96
-47.503375,-4.952024,8,0,2,2
-38.153425,-7.306451,8,0,1,17
-54.295526,-15.554381,8,0,2,5
-49.644558,-29.106970,8,0,1,126
-42.303382,-18.754837,8,0,0,66
-53.159392,-27.070466,8,0,2,173
-53.534022,-26.995018,8,0,2,160
-41.146388,-7.120479,8,0,2,96
-47.547634,-5.020066,8,0,2,4
-38.151386,-7.309086,8,0,2,111
-53.388739,-27.097835,8,0,0,36
-49.139974,-26.581042,8,0,0,177
-42.205102,-18.757303,8,0,0,109
-53.637649,-26.973077,8,0,2,49
-53.501064,-26.830035,8,0,0,128
-46.984922,-23.039929,8,0,1,164
-47.551590,-5.107297,8,0,2,164
-38.148135,-7.310403,8,0,2,111
-53.384763,-27.086272,8,0,2,34
-49.139631,-26.578786,8,0,2,21
-42.305616,-18.756196,8,0,0,50
-53.634289,-26.970833,8,0,2,5
-37.532420,-10.547056,8,0,0,129
-46.984801,-23.040376,8,0,1,166
-47.550359,-5.112018,8,0,0,166
-38.143965,-7.312081,8,0,2,112
-53.381067,-27.081974,8,0,0,49
-49.132638,-26.555735,8,0,2,9
-42.307113,-18.757358,8,0,2,50
-53.634137,-26.969187,8,0,2,4
-37.536562,-10.545929,8,0,0,99
-46.984160,-23.042145,8,0,1,355
-47.404555,-4.905456,8,0,2,60
-37.880067,-7.633496,8,0,2,160
-53.327465,-27.072525,8,0,0,39
-49.132669,-26.552905,8,0,0,173
-42.308250,-18.758250,8,0,2,50
-53.624318,-26.257705,8,0,1,252
-37.529735,-10.550063,8,0,0,139
-46.984659,-23.039477,8,0,1,351
-47.472785,-5.426263,8,0,0,1
-37.878050,-7.636353,8,0,1,69
-53.383552,-27.091572,8,0,0,42
-48.713523,-27.586166,8,0,0,130
-42.336019,-18.776624,8,0,0,84
-53.627656,-26.256630,8,0,1,296
-53.399148,-27.097999,8,0,2,86
-40.413402,-7.649441,8,0,0,148
-47.472462,-5.454330,8,0,0,1
-37.875809,-7.640110,8,0,2,160
-53.385917,-27.093992,8,0,0,34
-36.491227,-8.910061,8,0,2,53
-42.337277,-18.776724,8,0,0,85
-53.631427,-26.255303,8,0,1,290
-49.042679,-28.601652,8,0,2,97
-40.414578,-7.647602,8,0,2,148
-47.472439,-5.456177,8,0,0,1
-37.875342,-7.641330,8,0,2,160
-53.324286,-27.070051,8,0,2,84
-36.618186,-8.780809,8,0,0,125
-42.362480,-18.782271,8,0,0,101
-43.025137,-19.750477,8,0,0,12
-49.041236,-28.601828,8,0,2,94
-40.416339,-7.645492,8,0,0,121
-44.220416,-8.814336,8,0,0,27
-36.583046,-7.069159,8,0,2,92
-53.383779,-27.084956,8,0,2,32
-36.620208,-8.779391,8,0,2,125
-42.414061,-18.802395,8,0,0,83
-53.596915,-27.091198,8,0,2,175
-59.321139,-15.172181,8,0,2,25
-39.263412,-6.707982,8,0,0,20
-44.219266,-8.812134,8,0,2,27
-42.994615,-20.989232,8,0,2,79
-53.509163,-26.818450,8,0,0,130
-36.629623,-8.772833,8,0,0,125
-42.415152,-18.802517,8,0,0,83
-53.595955,-27.093408,8,0,2,152
-47.465106,-6.561276,8,0,2,77
-39.256496,-6.669755,8,0,0,3
-44.218138,-8.809951,8,0,0,25
-42.993854,-20.989288,8,0,2,115
-52.614744,-27.132703,8,0,0,5
-36.806967,-8.676357,8,0,0,136
-42.432802,-18.821407,8,0,0,35
-50.370770,-21.306138,8,0,0,24
-42.830078,-20.929681,8,0,2,4
-39.256607,-6.671662,8,0,0,3
-46.595288,-4.323076,8,0,0,6
-43.002819,-20.990325,8,0,2,117
-52.946480,-27.071111,8,0,0,53
-48.900673,-26.718081,8,0,2,118
-42.433349,-18.822657,8,0,0,24
-50.369368,-21.303221,8,0,0,23
-42.830354,-20.931608,8,0,2,13
-46.859701,-17.227297,8,0,2,125
-46.855352,-4.479626,8,0,0,5
-42.999052,-20.990579,8,0,2,89
-45.529366,-3.609314,8,0,0,129
-48.908760,-26.709468,8,0,2,110
-42.434411,-18.823489,8,0,0,62
-53.594332,-27.096107,8,0,2,152
-42.855873,-20.665327,8,0,0,150
-45.243859,-18.193202,8,0,2,137
-46.855559,-4.482142,8,0,0,5
-43.001495,-20.990617,8,0,2,86
-45.599976,-3.550013,8,0,0,130
-37.082801,-8.414193,8,0,0,130
-42.505696,-18.833296,8,0,0,43
-53.592574,-27.099096,8,0,2,156
-48.680322,-26.926314,8,0,1,232
-45.237346,-18.199894,8,0,2,137
-43.998040,-8.585296,8,0,0,51
-42.946749,-21.073949,8,0,0,163
-45.607954,-3.543257,8,0,2,130
-37.207904,-7.953417,8,0,0,57
-42.506375,-18.833945,8,0,0,44
-53.584394,-27.037302,8,0,2,46
-45.752957,-22.814180,8,0,0,171
-48.075718,-16.001544,8,0,0,166
-44.216883,-8.807531,8,0,0,27
-42.946153,-21.075648,8,0,2,166
-45.611088,-3.540642,8,0,2,130
-36.809827,-8.672160,8,0,0,149
-42.507216,-18.834380,8,0,2,74
-53.535264,-27.010265,8,0,1,89
-45.753123,-22.813251,8,0,0,171
-46.863697,-17.224686,8,0,2,138
-46.855683,-4.483608,8,0,0,5
-42.946508,-21.077272,8,0,0,45
-45.616216,-3.536214,8,0,2,128
-36.871872,-8.581750,8,0,0,140
-42.507967,-18.834546,8,0,0,79
-53.638399,-26.764088,8,0,1,190
-49.034016,-28.605206,8,0,2,134
-48.076790,-15.999454,8,0,2,133
-46.855905,-4.486331,8,0,0,5
-42.947502,-21.079014,8,0,2,3
-45.669509,-3.427165,8,0,2,5
-36.879463,-8.573806,8,0,2,117
-42.555161,-18.804401,8,0,0,119
-52.993139,-26.857507,8,0,2,11
-49.047581,-28.601065,8,0,2,98
-45.242108,-18.195027,8,0,2,137
-46.855961,-4.486991,8,0,0,5
-37.975258,-7.859133,8,0,2,89
-45.656254,-3.276315,8,0,2,4
-36.947029,-8.499855,8,0,2,66
-42.555901,-18.803961,8,0,0,122
-52.987419,-26.919764,8,0,1,193
-56.425160,-14.816988,8,0,2,53
-42.797400,-20.834037,8,0,0,34
-46.856668,-4.495358,8,0,0,5
-37.977587,-7.859159,8,0,2,89
-45.656016,-3.273533,8,0,2,5
-37.266440,-8.082634,8,0,2,168
-42.596193,-18.792059,8,0,0,104
-52.987672,-26.921114,8,0,1,4
-56.428215,-14.819207,8,0,2,53
-42.795910,-20.832894,8,0,0,68
-46.983491,-4.688795,8,0,2,28
-37.984716,-7.859252,8,0,2,89
-45.655746,-3.270399,8,0,2,5
-49.207743,-16.619241,8,0,1,85
-42.594490,-18.792393,8,0,0,104
-52.987606,-26.924284,8,0,2,178
-56.421263,-14.829076,8,0,2,123
-42.793537,-20.832528,8,0,0,85
-47.464874,-4.940633,8,0,2,60
-42.949960,-21.096861,8,0,2,15
-45.663987,-2.955002,8,0,2,164
-49.208741,-16.619499,8,0,1,70
-49.406698,-26.778075,8,0,0,150
-52.992354,-26.926955,8,0,0,83
-56.290606,-15.181919,8,0,0,119
-42.791418,-20.832341,8,0,0,85
-47.466987,-4.941845,8,0,2,59
-42.952737,-21.105043,8,0,2,15
-53.315038,-27.068622,8,0,0,45
-49.209141,-16.619423,8,0,1,250
-49.407206,-26.777323,8,0,0,150
-52.994803,-26.927175,8,0,0,83
-56.283093,-15.185952,8,0,0,119
-42.742219,-20.826930,8,0,0,98
-36.707420,-9.714785,8,0,0,108
-39.480510,-13.738703,8,0,2,26
-53.254436,-27.069356,8,0,2,164
-49.219368,-16.623235,8,0,1,70
-49.434481,-26.771656,8,0,0,147
-53.002927,-26.926676,8,0,2,112
-54.292119,-15.560389,8,0,1,62
-42.742817,-20.826894,8,0,0,88
-36.708877,-9.714315,8,0,2,108
-42.953451,-21.108886,8,0,1,212
-53.151069,-27.072778,8,0,1,55
-49.222486,-16.624128,8,0,1,250
-49.409452,-26.777715,8,0,0,55
-53.003687,-26.926401,8,0,2,112
-40.731075,-9.321907,8,0,0,107
-42.866197,-20.746159,8,0,2,34
-47.475461,-4.946704,8,0,0,60
-42.953764,-21.109420,8,0,1,216
-53.151109,-27.072713,8,0,1,235
-49.223659,-16.624762,8,0,1,70
-49.410676,-26.778366,8,0,0,68
-53.006996,-26.926451,8,0,2,76
-54.819910,-22.219881,8,0,1,263
-38.351994,-6.844619,8,0,0,85
-36.998224,-9.648096,8,0,0,66
-42.953686,-21.109471,8,0,1,42
-52.941708,-27.068033,8,0,2,62
-49.226406,-16.625176,8,0,1,274
-49.431439,-26.773872,8,0,0,105
-53.008622,-26.927043,8,0,2,62
-51.284594,-25.374898,8,0,0,42
-38.349464,-6.844438,8,0,0,85
-47.476330,-4.947186,8,0,0,60
-42.954158,-21.109990,8,0,2,37
-52.984288,-27.068980,8,0,2,66
-49.227206,-16.625102,8,0,1,108
-49.432167,-26.773575,8,0,0,116
-52.997862,-27.083573,8,0,1,32
-52.051619,-25.568289,8,0,2,32
-38.347508,-6.844105,8,0,0,80
-47.480993,-4.949828,8,0,2,61
-42.956431,-21.117077,8,0,2,1
-52.993854,-27.077401,8,0,0,172
-52.250830,-31.758702,8,0,1,232
-49.434064,-26.772194,8,0,0,144
-52.989866,-27.071919,8,0,2,12
-52.124530,-25.672395,8,0,2,26
-38.344806,-6.843748,8,0,0,85
-47.497802,-4.955788,8,0,2,105
-42.956485,-21.120414,8,0,2,6
-52.867323,-27.072008,8,0,2,105
-52.251944,-31.759598,8,0,1,52
-42.591615,-18.792295,8,0,0,77
-53.092761,-26.976448,8,0,2,28
-52.293064,-25.815673,8,0,0,25
-38.247170,-6.779800,8,0,0,77
-47.510650,-5.236734,8,0,0,165
-42.998099,-21.146453,8,0,0,0
-42.131749,-21.951946,8,0,2,40
-54.528846,-25.498303,8,0,1,244
-51.557975,-29.196698,8,0,2,89
-53.090674,-26.972029,8,0,2,10
-52.400589,-25.933182,8,0,0,12
-38.245385,-6.779384,8,0,0,77
-47.510196,-5.238605,8,0,0,165
-42.999719,-21.148031,8,0,2,75
-48.487236,-1.393108,8,0,2,71
-48.560880,-27.157780,8,0,2,78
-42.592763,-18.792499,8,0,0,76
-53.091024,-26.973671,8,0,2,25
-52.818114,-25.978552,8,0,0,114
-38.428952,-6.867924,8,0,0,78
-47.450586,-5.563920,8,0,0,146
-43.015339,-21.167436,8,0,2,64
-48.488057,-1.394115,8,0,2,24
-48.558753,-27.157305,8,0,2,78
-42.950978,-22.728465,8,0,1,180
-53.396241,-27.101893,8,0,1,88
-52.914539,-25.972449,8,0,0,71
-38.427528,-6.867796,8,0,0,85
-47.449808,-5.565089,8,0,0,145
-43.016884,-21.168131,8,0,2,63
-48.488446,-1.394958,8,0,2,24
-48.552970,-27.158465,8,0,2,110
-45.099123,-21.098926,8,0,0,141
-53.396241,-27.101821,8,0,1,268
-52.916778,-25.973136,8,0,2,71
-38.425988,-6.867679,8,0,0,85
-47.389417,-5.655062,8,0,2,146
-43.018607,-21.169378,8,0,2,44
-48.489041,-1.396217,8,0,2,24
-48.548268,-27.157196,8,0,2,62
-45.100778,-21.096936,8,0,2,152
-53.393924,-27.101600,8,0,1,67
-52.760317,-15.707775,8,0,2,95
-42.743459,-20.826954,8,0,0,77
-47.376467,-6.354404,8,0,2,12
-43.019682,-21.170400,8,0,2,46
-53.338438,-22.254596,8,0,1,306
-48.543480,-27.155015,8,0,2,64
-45.100993,-21.085546,8,0,0,106
-53.393943,-27.101560,8,0,1,247
-54.766883,-20.479069,8,0,2,85
-42.676469,-20.843445,8,0,2,72
-47.375845,-6.351635,8,0,2,12
-43.020973,-21.171603,8,0,2,45
-53.338543,-22.254720,8,0,1,127
-48.541015,-27.153893,8,0,2,64
-45.173396,-21.021990,8,0,2,161
-42.036664,-20.967133,8,0,2,145
-54.763033,-20.478758,8,0,2,85
-40.663482,-7.445104,8,0,2,128
-47.375193,-6.348811,8,0,0,13
-46.303294,-23.404984,8,0,2,119
-53.340320,-22.238444,8,0,1,36
-48.538174,-27.152612,8,0,2,63
-45.176861,-21.017211,8,0,2,120
-42.035828,-20.968517,8,0,2,175
-54.759148,-20.478445,8,0,2,86
-40.664584,-7.443990,8,0,2,134
-47.363570,-6.177326,8,0,2,169
-46.300236,-23.405779,8,0,2,89
-53.340105,-22.238009,8,0,1,216
-48.537235,-27.152031,8,0,2,18
-40.636305,-19.497220,8,0,0,95
-41.997400,-21.028755,8,0,2,149
-54.750089,-20.479233,8,0,2,167
-42.519171,-21.049718,8,0,0,104
-47.364401,-6.173497,8,0,2,168
-44.820767,-20.676050,8,0,2,19
-53.358596,-22.260442,8,0,1,216
-48.537082,-27.151643,8,0,2,18
-40.634689,-19.497440,8,0,0,95
-41.994265,-21.031330,8,0,0,118
-54.749882,-20.480141,8,0,2,167
-42.653682,-20.899225,8,0,0,9
-47.364969,-6.170942,8,0,2,167
-42.807565,-5.227985,8,0,2,20
-53.358499,-22.260522,8,0,1,36
-52.252138,-23.806020,8,0,2,137
-40.635455,-19.497342,8,0,0,95
-41.990054,-21.033606,8,0,2,119
-49.835443,-29.194297,8,0,2,102
-42.518144,-21.049948,8,0,0,105
-47.365466,-6.168641,8,0,2,168
-43.054672,-5.981070,8,0,2,143
-53.341453,-22.239822,8,0,1,37
-52.139685,-23.849391,8,0,2,124
-46.572210,-18.682542,8,0,2,85
-41.985836,-21.035475,8,0,2,97
-49.838097,-29.193805,8,0,2,102
-42.650962,-20.903521,8,0,0,137
-47.383755,-5.930968,8,0,2,7
-43.053529,-5.982590,8,0,2,143
-53.341532,-22.239765,8,0,1,217
-52.137011,-23.851063,8,0,2,124
-41.842564,-21.589870,8,0,1,327
-53.391437,-27.100189,8,0,1,231
-49.842545,-29.193088,8,0,1,99
-42.667518,-20.855819,8,0,0,3
-47.359449,-5.763359,8,0,0,1
-56.669353,-20.537640,8,0,0,84
-53.344107,-22.250562,8,0,1,307
-35.662548,-9.584262,8,0,2,50
-41.752049,-21.646258,8,0,1,121
-53.391389,-27.100248,8,0,1,51
-49.875725,-29.191705,8,0,1,132
-42.670692,-20.852455,8,0,0,100
-47.359481,-5.755933,8,0,0,179
-56.503448,-21.119190,8,0,2,118
-53.357395,-22.259181,8,0,1,36
-35.588473,-9.504430,8,0,2,34
-41.839402,-21.606560,8,0,2,121
-53.320275,-27.069610,8,0,2,83
-49.806676,-29.225444,8,0,2,115
-40.665681,-7.449012,8,0,0,37
-47.377136,-6.357322,8,0,2,11
-56.501405,-21.120232,8,0,2,118
-53.357504,-22.259107,8,0,1,216
-35.545643,-9.460422,8,0,2,63
-41.840254,-21.606084,8,0,2,121
-53.255182,-27.066548,8,0,2,166
-49.805325,-29.226227,8,0,1,129
-40.664684,-7.447580,8,0,0,37
-47.440610,-6.553606,8,0,0,59
-56.499351,-21.121265,8,0,2,118
-53.354549,-22.255771,8,0,1,36
-35.619479,-9.538489,8,0,0,30
-41.841807,-21.605236,8,0,2,121
-53.249796,-27.075419,8,0,1,305
-49.808811,-29.224786,8,0,2,108
-40.663403,-7.445904,8,0,2,37
-47.543714,-6.611857,8,0,0,40
-56.496543,-21.122682,8,0,2,118
-53.355395,-22.256529,8,0,1,216
-35.663910,-9.585072,8,0,2,70
-41.839087,-21.594632,8,0,2,164
-53.249847,-27.075475,8,0,1,125
-49.810838,-29.224211,8,0,2,114
-43.860344,-19.876724,8,0,2,77
-48.469954,-8.287546,8,0,0,5
-56.480244,-21.131167,8,0,2,129
-53.353255,-22.254185,8,0,1,37
-35.543019,-9.459228,8,0,2,65
-41.839523,-21.593731,8,0,2,150
-53.248447,-27.076379,8,0,1,125
-49.787678,-29.238325,8,0,1,95
-47.010429,-22.962706,8,0,1,305
-48.487639,-8.387559,8,0,0,167
-56.482421,-21.118563,8,0,1,354
-53.353382,-22.254100,8,0,1,217
-35.596157,-9.517882,8,0,2,45
-41.839898,-21.593202,8,0,2,145
-53.247492,-27.076952,8,0,1,124
-46.857871,-23.680090,8,0,0,9
-47.746324,-15.757872,8,0,2,122
-39.233194,-12.969757,8,0,0,101
-56.482547,-21.118563,8,0,1,174
-53.343547,-22.242392,8,0,1,37
-35.647513,-9.564979,8,0,0,54
-37.900669,-7.850468,8,0,2,72
-53.247444,-27.076891,8,0,1,304
-46.857544,-23.678780,8,0,0,26
-47.010900,-22.962395,8,0,1,303
-48.486527,-8.392449,8,0,0,168
-56.482623,-21.116717,8,0,1,354
-53.342922,-22.241438,8,0,1,217
-35.575276,-9.488058,8,0,2,36
-51.685145,-29.166127,8,0,0,135
-53.156690,-27.073608,8,0,2,105
-50.149149,-29.050332,8,0,1,53
-47.011467,-22.962120,8,0,1,123
-39.089871,-13.013163,8,0,0,100
-56.482752,-21.116722,8,0,1,174
-41.873242,-21.212386,8,0,2,74
-35.554488,-9.465896,8,0,2,55
-42.934682,-22.379569,8,0,0,23
-52.685646,-27.094241,8,0,1,277
-50.149190,-29.050245,8,0,1,233
-47.010949,-22.962447,8,0,1,124
-39.058397,-13.012791,8,0,0,92
-56.482279,-21.120574,8,0,0,180
-45.430681,-23.638962,8,0,1,202
-35.631501,-9.549824,8,0,2,51
-48.875909,-26.725132,8,0,0,111
-52.672631,-27.095711,8,0,1,96
-50.147230,-29.049581,8,0,1,73
-52.137756,-27.071671,8,0,2,151
-38.938319,-12.428167,8,0,2,110
-43.021977,-21.172555,8,0,2,43
-45.430836,-23.640276,8,0,1,14
-35.597619,-9.519284,8,0,2,46
-48.874149,-26.725634,8,0,0,107
-52.672076,-27.095711,8,0,1,276
-50.147314,-29.049528,8,0,1,253
-47.015426,-22.959527,8,0,1,302
-38.939937,-12.428439,8,0,2,30
-43.025201,-21.174128,8,0,2,65
-42.162771,-21.991697,8,0,0,39
-35.607755,-9.529719,8,0,2,83
-48.883317,-26.721978,8,0,0,88
-53.443352,-26.651055,8,0,0,153
-50.143128,-29.048918,8,0,1,80
-47.015482,-22.959595,8,0,1,125
-38.940854,-12.429481,8,0,2,51
-43.026903,-21.175955,8,0,2,34
-42.132828,-21.954306,8,0,0,32
-35.620168,-9.539981,8,0,2,23
-48.858556,-26.724458,8,0,0,100
-53.442604,-26.651817,8,0,2,120
-50.142982,-29.048831,8,0,1,260
-52.139057,-27.070191,8,0,2,141
-48.514960,-9.047265,8,0,0,30
-43.027517,-21.176796,8,0,2,34
-42.135177,-21.957317,8,0,2,27
-35.151690,-5.957756,8,0,1,135
-48.913335,-26.710272,8,0,0,40
-53.440943,-26.652679,8,0,2,120
-50.140186,-29.048257,8,0,1,75
-52.137380,-27.070950,8,0,2,152
-38.943844,-12.431864,8,0,0,50
-43.120198,-21.265051,8,0,0,127
-47.823226,-15.948063,8,0,2,156
-35.150390,-5.959802,8,0,1,133
-48.856247,-26.724821,8,0,0,101
-53.438797,-26.653761,8,0,0,120
-50.140206,-29.048165,8,0,1,255
-52.132247,-27.065856,8,0,0,25
-48.538854,-9.347690,8,0,0,44
-43.119573,-21.265414,8,0,0,112
-47.818086,-15.964185,8,0,0,6
-35.147696,-5.962961,8,0,1,141
-49.275491,-26.747849,8,0,2,163
-53.437414,-26.654471,8,0,0,120
-55.225200,-23.058679,8,0,0,21
-47.019101,-22.957838,8,0,1,293
-38.946528,-12.433642,8,0,2,56
-43.119087,-21.265588,8,0,0,107
-47.818329,-15.966317,8,0,0,6
-35.146647,-5.963028,8,0,1,320
-42.915949,-22.384058,8,0,0,127
-53.752064,-27.377891,8,0,2,13
-55.227206,-23.063398,8,0,0,21
-47.019141,-22.957919,8,0,1,113
-48.540854,-9.349677,8,0,0,44
-43.118574,-21.265741,8,0,0,107
-47.818656,-15.969287,8,0,0,6
-35.134290,-5.968496,8,0,1,278
-57.735325,-16.018779,8,0,0,148
-53.556607,-27.355552,8,0,1,118
-55.005712,-23.622588,8,0,0,138
-42.351379,-21.126314,8,0,0,122
-48.449027,-9.565654,8,0,0,90
-43.167891,-21.270157,8,0,2,33
-47.819588,-15.982759,8,0,0,155
-35.133082,-5.972691,8,0,1,131
-57.861518,-15.843490,8,0,2,115
-53.760690,-27.368955,8,0,1,315
-55.007680,-23.620491,8,0,0,138
-42.201363,-21.127302,8,0,2,127
-48.162191,-10.313071,8,0,2,111
-43.184508,-21.285905,8,0,2,72
-47.801174,-16.018980,8,0,0,2
-35.131535,-5.973614,8,0,1,118
-42.872221,-22.370942,8,0,2,178
-53.760783,-27.369011,8,0,1,135
-54.567172,-23.662759,8,0,2,101
-41.876843,-21.213464,8,0,2,65
-48.351152,-9.764802,8,0,0,13
-43.185985,-21.286350,8,0,0,70
-47.801254,-16.020566,8,0,2,2
-35.131003,-5.973898,8,0,1,117
-42.872336,-22.371980,8,0,0,9
-53.553179,-27.355217,8,0,1,322
-54.564418,-23.662641,8,0,2,79
-42.200085,-21.128322,8,0,2,132
-48.536147,-9.343800,8,0,0,24
-46.537057,-22.881813,8,0,2,24
-42.134999,-21.956912,8,0,2,17
-35.129234,-5.974876,8,0,1,129
-42.912759,-22.384659,8,0,0,82
-53.551670,-27.356918,8,0,2,155
-54.559078,-23.668900,8,0,2,169
-39.391580,-7.224138,8,0,2,97
-48.523626,-9.080096,8,0,0,12
-48.883936,-15.052402,8,0,0,133
-42.134757,-21.956354,8,0,2,34
-35.127586,-5.976031,8,0,1,122
-42.949037,-22.391861,8,0,2,125
-53.561177,-27.353239,8,0,1,120
-54.559307,-23.667979,8,0,2,169
-44.272085,-19.919132,8,0,2,152
-48.510319,-8.846818,8,0,2,168
-48.882679,-15.053520,8,0,0,133
-42.134274,-21.955828,8,0,2,41
-35.126559,-5.976749,8,0,1,119
-42.950508,-22.390974,8,0,2,125
-53.406154,-27.168731,8,0,1,47
-54.842514,-18.899934,8,0,2,168
-44.272535,-19.918014,8,0,0,1
-52.676977,-26.636618,8,0,2,10
-43.349303,-21.690109,8,0,1,229
-42.503525,-3.413376,8,0,0,67
-35.125046,-5.977542,8,0,1,117
-44.439581,-22.966690,8,0,2,11
-53.391836,-27.366266,8,0,2,111
-54.740761,-17.479137,8,0,1,173
-44.272168,-19.917290,8,0,2,42
-48.512131,-8.833069,8,0,0,1
-43.355823,-21.710511,8,0,1,130
-42.643616,-3.516719,8,0,2,48
-35.123136,-5.979232,8,0,1,123
-57.887909,-13.667596,8,0,2,75
-53.388920,-27.366758,8,0,2,94
-54.739473,-17.485740,8,0,1,172
-40.490641,-7.602373,8,0,0,157
-52.676330,-26.635736,8,0,1,36
-43.355220,-21.710630,8,0,1,294
-49.168110,-12.140750,8,0,2,163
-35.126817,-5.974550,8,0,1,314
-57.887197,-13.667427,8,0,2,75
-53.385814,-27.367102,8,0,2,97
-54.578774,-19.377494,8,0,2,149
-40.489992,-7.603863,8,0,0,157
-48.512101,-8.830254,8,0,1,359
-43.365570,-21.791479,8,0,1,209
-49.171844,-12.128987,8,0,2,164
-35.102149,-6.062758,8,0,0,22
-57.884397,-13.666685,8,0,2,75
-53.367671,-27.373865,8,0,0,119
-48.487283,-21.255469,8,0,2,125
-47.677480,-15.599464,8,0,1,60
-52.676193,-26.635462,8,0,1,216
-43.364975,-21.790182,8,0,1,3
-49.170639,-12.132851,8,0,2,163
-35.099767,-6.066524,8,0,2,152
-43.262404,-15.756586,8,0,0,22
-50.002922,-24.487156,8,0,1,207
-48.510576,-21.265073,8,0,2,74
-41.698218,-21.373412,8,0,2,107
-52.675689,-26.634979,8,0,1,36
-43.365082,-21.790266,8,0,1,184
-49.169467,-12.136357,8,0,2,163
-35.099018,-6.068284,8,0,2,176
-43.260650,-15.752519,8,0,0,22
-53.424351,-27.283110,8,0,2,145
-48.509245,-21.264604,8,0,2,66
-41.867863,-21.211883,8,0,2,91
-52.675485,-26.634616,8,0,1,216
-45.357381,-21.968422,8,0,2,87
-42.133783,-21.955355,8,0,2,41
-35.100832,-6.076662,8,0,0,141
-43.280471,-15.783237,8,0,0,42
-53.429162,-27.275658,8,0,2,174
-48.507950,-21.263923,8,0,2,55
-41.692507,-21.377281,8,0,0,146
-52.674973,-26.634137,8,0,1,36
-45.358272,-21.968476,8,0,2,87
-48.940944,-11.308809,8,0,2,6
-35.100902,-6.078446,8,0,2,20
-43.278041,-15.780652,8,0,2,42
-53.429169,-27.272634,8,0,2,40
-53.176987,-25.419678,8,0,2,147
-41.694575,-21.374910,8,0,2,125
-52.674775,-26.633798,8,0,1,216
-45.359049,-21.968507,8,0,2,87
-48.940504,-11.304337,8,0,2,6
-51.966468,-27.572180,8,0,0,58
-51.534067,-19.146746,8,0,0,173
-53.262188,-27.192088,8,0,2,115
-52.394650,-26.740137,8,0,2,23
-44.349431,-2.915960,8,0,1,306
-47.444593,-6.555916,8,0,0,61
-45.342087,-21.970289,8,0,2,115
-48.936435,-11.305316,8,0,2,70
-51.964688,-27.571695,8,0,0,87
-51.533957,-19.148028,8,0,0,178
-53.258477,-27.197780,8,0,2,157
-52.327757,-26.555539,8,0,2,87
-44.324822,-2.953824,8,0,1,159
-47.464839,-5.542754,8,0,2,145
-47.646923,-22.739922,8,0,1,342
-48.934211,-11.304507,8,0,2,70
-51.961362,-27.569285,8,0,2,34
-51.533964,-19.149349,8,0,0,178
-52.882603,-27.156257,8,0,1,166
-52.401332,-26.390958,8,0,2,126
-44.329681,-2.941133,8,0,1,338
-47.465558,-5.541691,8,0,2,147
-47.645046,-22.743851,8,0,1,155
-48.932663,-11.303924,8,0,2,73
-51.960774,-27.568073,8,0,0,14
-52.639145,-18.785414,8,0,0,115
-52.880839,-27.160542,8,0,1,357
-53.078750,-26.300561,8,0,0,17
-44.304499,-2.961558,8,0,0,58
-48.512175,-8.830254,8,0,1,179
-47.644802,-22.743940,8,0,1,333
-48.931496,-11.303786,8,0,2,89
-52.093013,-27.588744,8,0,2,63
-52.631574,-18.788805,8,0,2,115
-52.880602,-27.161534,8,0,1,267
-53.082331,-26.383391,8,0,2,168
-44.302167,-2.960096,8,0,0,58
-47.467077,-5.539423,8,0,2,145
-47.644632,-22.744707,8,0,1,158
-48.926786,-11.303724,8,0,2,89
-52.224605,-27.613846,8,0,0,54
-52.367858,-24.022984,8,0,1,229
-52.879956,-27.161562,8,0,1,87
-53.065429,-26.534930,8,0,0,172
-44.465534,-4.030362,8,0,0,16
-47.465783,-5.541332,8,0,2,147
-47.643951,-22.745960,8,0,1,5
-48.922348,-11.303318,8,0,0,75
-52.225843,-27.614620,8,0,0,52
-52.376247,-24.029470,8,0,1,230
-52.876207,-27.161373,8,0,1,86
-53.064977,-26.536760,8,0,0,148
-44.472668,-4.095603,8,0,0,178
-47.467905,-5.538187,8,0,2,146
-47.644078,-22.746844,8,0,1,4
-48.919156,-11.302328,8,0,0,72
-41.662333,-22.192392,8,0,2,24
-52.379124,-24.031681,8,0,1,230
-52.876217,-27.161300,8,0,1,266
-52.134442,-27.075162,8,0,1,181
-44.472405,-4.100999,8,0,0,178
-47.471771,-5.507387,8,0,2,179
-47.644290,-22.748243,8,0,1,180
-48.578821,-11.015383,8,0,0,106
-41.663705,-22.199455,8,0,0,1
-52.380532,-24.032874,8,0,1,49
-52.788223,-27.134518,8,0,2,42
-37.386357,-10.763392,8,0,0,125
-44.471794,-4.112983,8,0,0,178
-47.472818,-5.423551,8,0,0,178
-47.644022,-22.750750,8,0,1,355
-48.570745,-11.017770,8,0,2,106
-41.663789,-22.201396,8,0,0,3
-52.380578,-24.032806,8,0,1,228
-52.782672,-27.132056,8,0,0,69
-42.685050,-5.050818,8,0,2,171
-44.773580,-4.225796,8,0,2,123
-53.011570,-24.052169,8,0,1,30
-47.642879,-22.754663,8,0,1,354
-48.564874,-11.011495,8,0,0,31
-41.666516,-22.212690,8,0,2,23
-52.382813,-24.034546,8,0,1,230
-52.779526,-27.131717,8,0,2,94
-42.634790,-4.938945,8,0,0,13
-44.771752,-4.227007,8,0,2,123
-53.009848,-24.049323,8,0,1,211
-47.645626,-22.758385,8,0,1,3
-48.574272,-11.016733,8,0,0,106
-41.666900,-22.213567,8,0,2,28
-52.383229,-24.034960,8,0,1,50
-47.887939,-15.712136,8,0,1,107
-42.631916,-4.927646,8,0,2,13
-44.508048,-4.180143,8,0,0,118
-53.008965,-24.047926,8,0,1,210
-35.167982,-5.922268,8,0,1,181
-48.567810,-11.016305,8,0,0,31
-43.555840,-20.429160,8,0,0,169
-52.389761,-24.039934,8,0,1,230
-52.990698,-26.851269,8,0,1,271
-42.631913,-4.927644,8,0,0,13
-44.769508,-4.227746,8,0,2,83
-47.398332,-4.901829,8,0,2,60
-35.167937,-5.924521,8,0,1,1
-38.480816,-12.529428,8,0,0,100
-43.555614,-20.430240,8,0,0,169
-52.391362,-24.041319,8,0,1,46
-52.989369,-26.851286,8,0,1,270
-42.578083,-4.772204,8,0,2,357
-44.652282,-4.212469,8,0,0,85
-47.388015,-4.895863,8,0,0,60
-35.161193,-5.947889,8,0,1,302
-38.467384,-12.547313,8,0,0,120
-43.556049,-20.428292,8,0,0,169
-52.394511,-24.043930,8,0,1,216
-52.987830,-26.851358,8,0,1,91
-42.577655,-4.765760,8,0,2,22
-44.467882,-4.189364,8,0,0,177
-47.380076,-4.891235,8,0,0,60
-35.158952,-5.949177,8,0,1,298
-38.466230,-12.547990,8,0,0,120
-43.563165,-20.440775,8,0,2,68
-52.394943,-24.044601,8,0,1,36
-52.987141,-26.848946,8,0,1,1
-42.577060,-4.764289,8,0,0,22
-44.259263,-2.943583,8,0,0,73
-46.986010,-4.693507,8,0,0,28
-35.156107,-5.950860,8,0,1,343
-38.460477,-12.557291,8,0,0,212
-43.564557,-20.441516,8,0,2,46
-52.391486,-24.048094,8,0,1,304
-52.987113,-26.846361,8,0,1,1
-42.575827,-4.761296,8,0,0,22
-44.256851,-2.942870,8,0,2,73
-46.985069,-4.691769,8,0,0,28
-35.155023,-5.953275,8,0,1,327
-38.459833,-12.557706,8,0,0,121
-43.565823,-20.442727,8,0,0,43
-52.383676,-24.053156,8,0,1,124
-52.987088,-26.843792,8,0,1,1
-42.574450,-4.759558,8,0,2,84
-44.238354,-2.943099,8,0,0,103
-44.873713,-3.459357,8,0,0,123
-35.151917,-5.957407,8,0,1,314
-38.456427,-12.560794,8,0,0,146
-43.567400,-20.442360,8,0,0,131
-52.381856,-23.674610,8,0,1,4
-52.987065,-26.841205,8,0,1,1
-42.567125,-4.759312,8,0,0,55
-44.221993,-2.950139,8,0,0,131
-53.010713,-24.050829,8,0,1,29
-35.150331,-5.958817,8,0,1,314
-38.455552,-12.561730,8,0,0,126
-43.724055,-20.528298,8,0,1,75
-52.381960,-23.674599,8,0,1,184
-53.141907,-26.682592,8,0,2,171
-42.492392,-4.689110,8,0,0,33
-44.271836,-2.947336,8,0,0,74
-53.009907,-24.049553,8,0,1,31
-35.148530,-5.960753,8,0,1,321
-38.454702,-12.562142,8,0,0,118
-43.798290,-20.519049,8,0,2,38
-52.437001,-23.763055,8,0,2,130
-53.153923,-26.687883,8,0,0,106
-42.310185,-4.476161,8,0,0,10
-44.270196,-2.946856,8,0,0,74
-53.009080,-24.048261,8,0,1,30
-35.131712,-5.970071,8,0,1,314
-38.451752,-12.564617,8,0,0,123
-52.115507,-27.434539,8,0,2,165
-52.382071,-23.675937,8,0,1,184
-53.157488,-26.689921,8,0,1,8
-42.309943,-4.474838,8,0,0,10
-44.465020,-4.027866,8,0,2,3
-53.008309,-24.047045,8,0,1,30
-35.135243,-5.970544,8,0,1,125
-38.450488,-12.565687,8,0,0,135
-52.116111,-27.432521,8,0,2,165
-52.382004,-23.676664,8,0,1,4
-52.987245,-26.848644,8,0,1,179
-42.310418,-4.472038,8,0,0,131
-44.505247,-4.181322,8,0,0,118
-53.007429,-24.045705,8,0,1,30
-35.128452,-5.973077,8,0,1,313
-38.439953,-12.581093,8,0,0,136
-52.116590,-27.430861,8,0,2,166
-52.381343,-23.672758,8,0,1,36
-52.987218,-26.846096,8,0,1,181
-42.314259,-4.468033,8,0,0,163
-44.655827,-4.212770,8,0,0,85
-53.006717,-24.044557,8,0,1,30
-35.125911,-5.975421,8,0,1,315
-38.439604,-12.581458,8,0,0,140
-51.599759,-27.364839,8,0,2,144
-52.379798,-23.670819,8,0,1,33
-52.987196,-26.843537,8,0,1,181
-42.314382,-4.467530,8,0,0,167
-44.771171,-4.227377,8,0,2,117
-53.008204,-24.046739,8,0,1,210
-35.124749,-5.976907,8,0,1,305
-38.438995,-12.582111,8,0,0,132
-51.601144,-27.363406,8,0,2,148
-52.379883,-23.670758,8,0,1,213
-52.987175,-26.840943,8,0,1,181
-42.314294,-4.464634,8,0,0,6
-44.465332,-4.025289,8,0,0,165
-53.006578,-24.044082,8,0,1,210
-35.121591,-5.986083,8,0,2,90
-38.437617,-12.583801,8,0,0,176
-54.295150,-22.250789,8,0,0,113
-52.122586,-23.854010,8,0,0,80
-52.987054,-26.838781,8,0,1,1
-42.287828,-4.254183,8,0,0,121
-44.325280,-3.138634,8,0,1,184
-54.529979,-27.854207,8,0,0,101
-35.112762,-5.999767,8,0,0,162
-38.437029,-12.584897,8,0,0,140
-54.613468,-22.042090,8,0,2,24
-52.124452,-23.854318,8,0,0,80
-52.987162,-26.838187,8,0,1,181
-42.289928,-4.252921,8,0,0,120
-44.325385,-3.141392,8,0,1,5
-41.461380,-7.079044,8,0,2,120
-35.112372,-6.000617,8,0,2,153
-38.399022,-12.597772,8,0,2,84
-54.611960,-22.039201,8,0,2,24
-52.350570,-23.780613,8,0,2,87
-41.888710,-21.265908,8,0,2,117
-42.290691,-4.252669,8,0,0,100
-44.404467,-3.276088,8,0,0,39
-41.462007,-7.078663,8,0,2,120
-35.108964,-6.007332,8,0,2,163
-38.396072,-12.600919,8,0,0,144
-54.613135,-22.041469,8,0,2,24
-52.349318,-23.780558,8,0,2,87
-41.889000,-21.265783,8,0,0,115
-42.273163,-4.231293,8,0,0,60
-44.220867,-2.951173,8,0,0,131
-41.462947,-7.078100,8,0,2,120
-35.108496,-6.011014,8,0,2,179
-38.395836,-12.601311,8,0,0,144
-54.287978,-23.795851,8,0,0,47
-52.582718,-23.668656,8,0,1,99
-41.889359,-21.264750,8,0,2,176
-42.285866,-4.238684,8,0,2,60
-44.216610,-2.950466,8,0,0,45
-41.475021,-7.076451,8,0,2,81
-35.109168,-6.015985,8,0,2,9
-46.606799,-22.469902,8,0,2,105
-49.216888,-25.288614,8,0,2,57
-52.584927,-23.668228,8,0,1,279
-43.342288,-3.742536,8,0,2,13
-42.288229,-4.240048,8,0,2,60
-44.215079,-2.948866,8,0,0,47
-41.473891,-7.076273,8,0,2,81
-35.242341,-6.057189,8,0,1,165
-45.038553,-22.125624,8,0,2,176
-49.220541,-25.290732,8,0,2,59
-52.586310,-23.668016,8,0,1,278
-46.136985,-23.848119,8,0,1,35
-43.297675,-15.801411,8,0,2,41
-44.213794,-2.947508,8,0,0,44
-41.469889,-7.075634,8,0,2,81
-35.242204,-6.057316,8,0,1,345
-45.038646,-22.126042,8,0,2,23
-49.223493,-25.293360,8,0,1,200
-52.590783,-23.666171,8,0,1,314
-41.606879,-17.386250,8,0,0,35
-43.296629,-15.835638,8,0,2,6
-44.180638,-2.930771,8,0,0,86
-45.290103,-23.570203,8,0,0,69
-35.286122,-5.763479,8,0,1,293
-45.665057,-2.952746,8,0,2,165
-49.224009,-25.296183,8,0,1,183
-52.591835,-23.661224,8,0,1,356
-41.644503,-17.391158,8,0,0,64
-43.299022,-15.802865,8,0,2,42
-44.174653,-2.930260,8,0,0,86
-41.438272,-21.587457,8,0,0,124
-37.773458,-12.235357,8,0,2,125
-45.665776,-2.950059,8,0,2,165
-49.223885,-25.297303,8,0,1,348
-52.592011,-23.658612,8,0,1,356
-41.648575,-17.393609,8,0,2,39
-42.081022,-4.030999,8,0,1,204
-44.055204,-2.858512,8,0,2,143
-41.379979,-7.094169,8,0,0,99
-38.472789,-12.736012,8,0,2,180
-45.666879,-2.945937,8,0,2,165
-49.219771,-25.345808,8,0,2,31
-52.595078,-23.658536,8,0,1,267
-41.650321,-17.395290,8,0,0,50
-42.079657,-4.027905,8,0,1,204
-44.171472,-2.929999,8,0,0,86
-41.377180,-7.094618,8,0,0,99
-38.472771,-12.737760,8,0,2,180
-45.705169,-2.803864,8,0,2,165
-49.220550,-25.346993,8,0,2,31
-52.595409,-23.656685,8,0,1,358
-41.660780,-17.394332,8,0,2,62
-42.068003,-4.027019,8,0,2,107
-44.143327,-2.916351,8,0,0,59
-41.372550,-7.095360,8,0,0,99
-39.183468,-12.766902,8,0,2,16
-45.773856,-2.549971,8,0,0,165
-49.221361,-25.349580,8,0,2,2
-52.598205,-23.654594,8,0,1,302
-41.678733,-17.399057,8,0,2,73
-42.065543,-4.027769,8,0,2,107
-44.056370,-2.856954,8,0,2,143
-41.084530,-7.127222,8,0,0,96
-39.183685,-12.767775,8,0,2,16
-45.774779,-2.546500,8,0,2,165
-49.220680,-25.351273,8,0,2,144
-52.597404,-23.652131,8,0,2,23
-41.871816,-17.458092,8,0,0,49
-41.659123,-2.881287,8,0,2,110
-44.057024,-2.856072,8,0,2,143
-41.039308,-7.132235,8,0,2,96
-38.079068,-12.646771,8,0,1,254
-45.775546,-2.543608,8,0,2,165
-49.219725,-25.352506,8,0,2,145
-52.605122,-23.646147,8,0,1,301
-41.872920,-17.459020,8,0,0,20
-41.665436,-2.883927,8,0,2,172
-44.063067,-2.847925,8,0,2,143
-48.639460,-26.966145,8,0,1,357
-49.549666,-23.721939,8,0,0,17
-45.782988,-2.515764,8,0,0,165
-49.219257,-25.353107,8,0,2,144
-52.596822,-23.655527,8,0,1,123
-41.598974,-17.376484,8,0,0,34
-41.667730,-2.890724,8,0,2,31
-44.062358,-2.848887,8,0,2,143
-47.501040,-4.954748,8,0,2,108
-49.965667,-23.772279,8,0,2,103
-45.783758,-2.512938,8,0,0,165
-49.219059,-25.355533,8,0,2,8
-52.596037,-23.655974,8,0,1,123
-43.117434,-3.672250,8,0,1,298
-41.727471,-2.899944,8,0,2,81
-44.072842,-2.852512,8,0,2,82
-41.037121,-7.132473,8,0,2,95
-49.958069,-23.775403,8,0,2,161
-45.784463,-2.510305,8,0,0,165
-49.220049,-25.363129,8,0,2,13
-52.592021,-23.660645,8,0,1,175
-43.341366,-3.738611,8,0,2,12
-41.730947,-2.900477,8,0,0,81
-44.073947,-2.852648,8,0,2,82
-40.790388,-7.328654,8,0,2,140
-49.956733,-23.776191,8,0,2,71
-45.785146,-2.507768,8,0,0,165
-49.220126,-25.369813,8,0,2,176
-52.591109,-23.666094,8,0,1,130
-43.101292,-3.674933,8,0,2,97
-41.867597,-3.173691,8,0,0,51
-44.075076,-2.852798,8,0,2,82
-40.791995,-7.326706,8,0,2,140
-49.857224,-23.856298,8,0,2,162
-56.061678,-15.753898,8,0,0,10
-41.744239,-21.651603,8,0,2,136
-52.589417,-23.667122,8,0,1,120
-43.107487,-3.674035,8,0,2,98
-41.868903,-3.174766,8,0,2,50
-44.098844,-2.876600,8,0,2,50
-41.028776,-7.133390,8,0,0,96
-49.855525,-23.860312,8,0,2,150
-56.078847,-15.854155,8,0,2,9
-41.742118,-21.652987,8,0,2,123
-52.588320,-23.667756,8,0,1,120
-43.108504,-3.673901,8,0,2,97
-41.868970,-3.175692,8,0,0,112
-44.100051,-2.877605,8,0,2,50
-40.941443,-7.142721,8,0,0,96
-49.553155,-23.726247,8,0,2,67
-56.051687,-15.658209,8,0,1,157
-41.743154,-21.652379,8,0,2,123
-52.586077,-23.668141,8,0,1,99
-43.110516,-3.673617,8,0,2,97
-41.866964,-3.176500,8,0,0,112
-41.949481,-20.365894,8,0,0,160
-40.937656,-7.143136,8,0,0,96
-52.214265,-28.424928,8,0,2,156
-56.050829,-15.659607,8,0,1,333
-41.740998,-21.653605,8,0,2,114
-52.584335,-23.668415,8,0,1,98
-43.111858,-3.673461,8,0,1,99
-41.864589,-3.177504,8,0,0,113
-41.680596,-20.780619,8,0,0,67
-40.859930,-7.244412,8,0,0,141
-43.269066,-21.220158,8,0,2,84
-38.992719,-12.511488,8,0,0,113
-42.259866,-21.860559,8,0,0,36
-52.450613,-23.770809,8,0,1,357
-43.111558,-3.673407,8,0,1,279
-41.713957,-3.930418,8,0,1,10
-41.679728,-20.780237,8,0,0,68
-40.870982,-7.231167,8,0,0,140
-43.266539,-21.219851,8,0,2,86
-42.976246,-21.123434,8,0,0,95
-42.366207,-21.996407,8,0,0,65
-52.439472,-23.762932,8,0,1,256
-43.113628,-3.673189,8,0,1,99
-41.714420,-3.932942,8,0,1,10
-41.666113,-20.778511,8,0,2,130
-40.860903,-7.243289,8,0,0,141
-49.252831,-16.922292,8,0,1,173
-42.981097,-21.123411,8,0,0,101
-42.257572,-21.855269,8,0,0,3
-52.441497,-23.763744,8,0,1,70
-43.114633,-3.673035,8,0,1,99
-41.716202,-3.936522,8,0,2,57
-41.662419,-20.781699,8,0,0,144
-40.861789,-7.242194,8,0,0,141
-49.252511,-16.921245,8,0,1,351
-42.987855,-21.126964,8,0,0,39
-42.258872,-21.850809,8,0,0,23
-52.443039,-23.764173,8,0,1,248
-43.123651,-3.668788,8,0,2,68
-41.719023,-3.938357,8,0,0,57
-41.657947,-20.785615,8,0,2,120
-40.871927,-7.230039,8,0,0,140
-49.252361,-16.922332,8,0,1,352
-42.985845,-21.125104,8,0,2,53
-42.486043,-22.072382,8,0,2,130
-52.443299,-23.764404,8,0,1,68
-43.121973,-3.668825,8,0,2,108
-41.722416,-3.941849,8,0,2,21
-40.278585,-7.471472,8,0,1,83
-48.691969,-28.264407,8,0,2,58
-49.149524,-14.312583,8,0,2,12
-42.874829,-21.187091,8,0,0,125
-42.485483,-22.072839,8,0,2,131
-52.614850,-23.683288,8,0,1,286
-43.116115,-3.672702,8,0,1,280
-41.815179,-3.996991,8,0,0,61
-39.757069,-7.400853,8,0,0,83
-45.338951,-21.991696,8,0,2,121
-49.421127,-16.500434,8,0,1,1
-42.869930,-21.189824,8,0,0,146
-54.209380,-24.561006,8,0,2,92
-47.055229,-23.633797,8,0,1,359
-43.114999,-3.672876,8,0,1,278
-41.852018,-4.018012,8,0,0,60
-41.682776,-20.782052,8,0,0,44
-42.676581,-20.220188,8,0,0,35
-49.790080,-15.926185,8,0,2,177
-42.873086,-21.188140,8,0,0,116
-54.301708,-24.486350,8,0,1,252
-52.445054,-23.765032,8,0,1,68
-42.279289,-3.167014,8,0,2,36
-41.919721,-4.051622,8,0,0,73
-44.069443,-2.852042,8,0,0,85
-55.173550,-15.553044,8,0,2,145
-49.790263,-15.922456,8,0,2,178
-46.949269,-23.065506,8,0,2,15
-53.765331,-24.702731,8,0,1,175
-37.121121,-7.904196,8,0,2,173
-43.115390,-3.672921,8,0,1,100
-41.983657,-4.059124,8,0,0,76
-44.053825,-2.860039,8,0,0,98
-55.174279,-15.551962,8,0,2,145
-49.823371,-15.726739,8,0,1,348
-46.951111,-23.069590,8,0,0,23
-53.764481,-24.706314,8,0,1,347
-37.120708,-7.902615,8,0,2,41
-42.280445,-3.168597,8,0,2,36
-37.317434,-10.760511,8,0,2,54
-44.223230,-2.948996,8,0,0,131
-55.216207,-15.507873,8,0,0,118
-49.824187,-15.722948,8,0,1,349
-46.952389,-23.073357,8,0,0,2
-54.301678,-24.486419,8,0,1,59
-37.986813,-7.384869,8,0,1,230
-42.281979,-3.169789,8,0,2,70
-37.312809,-10.760602,8,0,2,122
-44.135292,-2.447840,8,0,2,65
-55.403023,-15.509157,8,0,0,88
-49.840297,-15.611548,8,0,2,128
-46.953716,-23.077983,8,0,2,177
-53.762277,-24.716368,8,0,1,169
-37.986750,-7.384960,8,0,1,45
-43.323465,-3.732750,8,0,2,79
-37.307508,-10.762209,8,0,0,97
-44.151258,-2.455335,8,0,2,65
-55.829037,-15.356163,8,0,0,177
-49.842971,-15.609552,8,0,2,128
-46.953311,-23.079567,8,0,2,126
-53.762136,-24.716350,8,0,1,349
-35.713593,-7.843448,8,0,2,33
-42.419558,-3.355846,8,0,2,30
-37.303032,-10.762852,8,0,2,115
-44.153759,-2.456526,8,0,2,64
-56.340359,-15.132360,8,0,0,159
-49.881455,-15.584327,8,0,0,145
-49.156198,-26.690778,8,0,0,34
-49.215616,-25.285869,8,0,0,18
-35.712423,-7.842343,8,0,2,70
-42.419327,-3.352542,8,0,2,165
-37.301581,-10.764445,8,0,0,157
-44.155559,-2.457465,8,0,2,58
-56.352233,-15.063954,8,0,0,156
-49.883663,-15.581304,8,0,0,146
-49.147740,-26.682231,8,0,0,23
-49.216027,-25.283334,8,0,0,152
-52.450030,-23.769317,8,0,1,218
-42.420658,-3.361174,8,0,2,70
-37.299564,-10.768868,8,0,2,154
-44.159808,-2.460571,8,0,2,53
-56.350708,-15.067245,8,0,0,156
-49.824667,-15.721154,8,0,1,168
-46.952615,-23.080031,8,0,2,122
-42.128457,-22.018711,8,0,1,240
-52.450743,-23.771017,8,0,1,179
-42.421967,-3.361632,8,0,2,71
-42.309761,-4.473261,8,0,0,174
-41.849458,-20.695359,8,0,2,124
-55.435546,-12.969438,8,0,0,145
-49.823631,-15.725942,8,0,1,169
-46.951942,-23.080537,8,0,2,132
-42.127934,-22.018276,8,0,1,220
-35.636722,-7.834401,8,0,2,122
-42.422752,-3.361878,8,0,2,73
-49.185375,-25.363332,8,0,1,213
-41.902860,-20.656728,8,0,2,126
-55.432582,-12.973607,8,0,0,145
-49.178437,-17.625525,8,0,1,166
-46.949854,-23.083038,8,0,2,151
-42.052120,-22.059447,8,0,0,29
-52.450549,-23.772322,8,0,1,358
-42.424611,-3.362430,8,0,2,75
-45.443534,-23.691412,8,0,1,172
-41.890387,-20.657253,8,0,0,163
-55.429127,-12.978624,8,0,0,145
-49.178078,-17.626969,8,0,1,164
-38.214710,-8.978704,8,0,2,16
-42.052617,-22.061091,8,0,0,2
-52.450663,-23.774017,8,0,1,184
-42.425546,-3.362658,8,0,2,77
-45.443445,-23.691398,8,0,1,352
-41.402689,-20.796301,8,0,2,90
-55.586783,-12.311702,8,0,0,110
-49.252911,-16.921433,8,0,1,171
-44.086607,-22.520982,8,0,1,255
-42.052722,-22.061801,8,0,0,7
-52.450575,-23.774465,8,0,1,21
-42.426771,-3.362925,8,0,2,77
-43.659825,-15.361906,8,0,0,144
-41.949578,-20.366954,8,0,0,40
-55.589927,-12.310538,8,0,0,110
-53.998160,-28.516141,8,0,2,61
-44.091400,-22.498194,8,0,1,156
-42.367619,-22.036480,8,0,2,160
-52.451190,-23.775241,8,0,1,208
-42.429465,-3.363536,8,0,2,77
-43.667383,-15.351923,8,0,2,324
-41.950512,-20.364601,8,0,0,137
-55.600627,-12.292213,8,0,0,196
-54.123810,-28.606841,8,0,2,174
-44.088221,-22.518637,8,0,2,17
-53.759548,-24.719837,8,0,1,91
-52.453732,-23.777324,8,0,1,258
-42.430659,-3.363802,8,0,2,77
-43.679178,-15.340224,8,0,2,74
-41.983159,-20.555169,8,0,0,1
-55.604023,-12.285653,8,0,0,124
-40.609394,-19.506620,8,0,0,143
-44.088012,-22.520958,8,0,1,125
-53.759497,-24.719706,8,0,1,271
-37.984716,-7.382528,8,0,1,173
-43.018403,-3.693440,8,0,2,83
-43.673263,-15.344199,8,0,1,143
-41.918995,-20.638298,8,0,0,112
-54.683937,-18.501525,8,0,2,70
-49.794722,-16.006435,8,0,1,36
-45.467505,-22.425298,8,0,2,139
-53.755489,-24.719879,8,0,1,91
-37.984678,-7.382502,8,0,1,353
-43.019633,-3.693590,8,0,2,84
-43.673218,-15.344164,8,0,1,323
-41.917122,-20.639767,8,0,2,133
-54.383021,-21.464318,8,0,1,198
-49.248343,-15.908694,8,0,1,206
-45.467838,-22.424960,8,0,2,139
-53.751966,-24.719911,8,0,1,91
-37.984995,-7.383308,8,0,1,45
-43.012440,-3.692685,8,0,2,83
-43.670257,-15.348179,8,0,1,144
-41.404570,-20.795675,8,0,0,130
-54.382948,-21.464351,8,0,1,18
-46.368790,-23.060727,8,0,1,46
-45.465818,-22.427099,8,0,0,139
-53.754817,-24.719742,8,0,1,270
-37.985021,-7.383271,8,0,1,219
-42.994775,-3.690388,8,0,2,83
-43.670197,-15.348142,8,0,1,324
-41.455104,-20.761668,8,0,0,105
-54.282265,-23.928030,8,0,2,174
-49.794784,-16.006396,8,0,1,215
-42.983905,-21.123731,8,0,0,54
-53.751632,-24.719789,8,0,1,271
-37.985627,-7.383934,8,0,1,46
-42.990404,-3.689901,8,0,2,84
-42.859068,-15.398672,8,0,2,51
-41.459388,-20.760606,8,0,0,105
-54.281720,-23.932741,8,0,2,174
-49.980145,-16.249190,8,0,1,204
-45.465459,-22.427505,8,0,0,144
-53.760760,-24.722873,8,0,1,169
-37.985649,-7.383889,8,0,1,226
-38.352307,-12.826909,8,0,1,217
-43.018673,-15.727797,8,0,0,52
-41.523632,-20.761660,8,0,0,20
-51.305153,-26.370479,8,0,0,110
-49.981195,-16.251330,8,0,1,205
-41.968944,-21.047432,8,0,0,86
-53.760690,-24.722675,8,0,1,349
-37.986110,-7.384394,8,0,1,48
-38.352702,-12.827560,8,0,1,38
-43.025784,-15.745359,8,0,1,39
-41.528376,-20.760855,8,0,0,74
-51.307136,-26.369777,8,0,0,110
-49.982137,-16.253213,8,0,1,205
-41.966444,-21.045941,8,0,1,47
-53.765079,-24.703681,8,0,1,347
-37.986156,-7.384335,8,0,1,232
-38.361761,-12.842160,8,0,1,11
-43.033340,-15.755585,8,0,1,51
-41.983126,-20.553291,8,0,0,177
-51.537505,-26.162461,8,0,2,152
-49.983258,-16.255444,8,0,1,205
-41.966116,-21.045659,8,0,1,43
-53.760164,-24.740805,8,0,1,181
-37.986948,-7.385550,8,0,2,10
-52.901718,-26.904182,8,0,2,84
-43.029552,-15.750861,8,0,1,31
-39.407686,-6.153250,8,0,0,123
-51.539385,-26.160014,8,0,2,138
-49.984381,-16.257719,8,0,1,205
-41.868360,-20.937145,8,0,2,72
-53.760036,-24.740806,8,0,1,1
-35.632503,-7.836369,8,0,2,115
-52.860436,-26.882043,8,0,1,122
-43.031437,-15.753573,8,0,1,39
-45.354858,-21.971061,8,0,2,123
-51.542545,-26.155292,8,0,2,160
-49.987158,-16.263453,8,0,2,24
-40.264227,-18.728928,8,0,2,153
-53.713923,-24.719318,8,0,1,63
-35.627872,-7.836477,8,0,2,65
-52.860261,-26.881933,8,0,1,211
-43.325593,-15.797342,8,0,2,127
-45.355597,-21.970028,8,0,0,156
-51.547059,-26.153085,8,0,2,84
-49.947453,-16.416727,8,0,2,146
-60.918802,2.439507,8,0,2,2
-49.860325,-22.975110,8,0,1,160
-35.599439,-7.834406,8,0,2,72
-52.859332,-26.880687,8,0,1,29
-43.301640,-15.806276,8,0,1,296
-39.724840,-7.511330,8,0,2,147
-51.551415,-26.153880,8,0,2,50
-49.937382,-16.464959,8,0,2,77
-60.918765,2.440610,8,0,2,2
-49.193868,-18.575548,8,0,1,176
-35.572733,-7.824165,8,0,2,44
-52.859276,-26.880477,8,0,1,209
-43.299012,-15.809981,8,0,1,332
-39.724252,-7.512239,8,0,2,147
-51.554282,-26.155826,8,0,2,65
-49.771423,-16.564406,8,0,2,55
-60.918706,2.442840,8,0,2,2
-45.508043,-21.244454,8,0,2,124
-52.454387,-23.778267,8,0,1,348
-37.319201,-7.614566,8,0,0,37
-43.299689,-15.814034,8,0,1,179
-39.725317,-7.515938,8,0,2,32
-51.665274,-26.014731,8,0,0,32
-49.770564,-16.563862,8,0,2,57
-60.918676,2.443915,8,0,2,2
-45.512912,-21.241328,8,0,0,125
-52.453874,-23.781094,8,0,1,168
-37.318403,-7.613510,8,0,0,37
-43.299335,-15.814910,8,0,1,334
-39.726723,-7.526484,8,0,0,24
-51.665519,-26.011059,8,0,0,163
-49.769759,-16.563379,8,0,2,63
-60.918655,2.444782,8,0,2,2
-36.422970,-8.343309,8,0,0,80
-52.453636,-23.781458,8,0,1,350
-37.316715,-7.611264,8,0,0,37
-43.291449,-15.823909,8,0,1,356
-39.318581,-7.288653,8,0,1,333
-51.666668,-26.007784,8,0,0,164
-49.702700,-16.583385,8,0,2,121
-60.918630,2.445703,8,0,2,2
-36.419171,-8.343869,8,0,2,115
-52.453868,-23.783732,8,0,1,182
-37.315963,-7.610255,8,0,0,37
-43.291469,-15.824853,8,0,1,176
-39.319200,-7.287695,8,0,1,153
-51.586929,-25.912011,8,0,2,25
-49.701823,-16.583912,8,0,2,122
-60.918614,2.446441,8,0,2,2
-53.575353,-26.843937,8,0,1,9
-56.342510,-15.147356,8,0,0,40
-37.314835,-7.608746,8,0,0,37
-43.291432,-15.825554,8,0,1,176
-39.301311,-7.319131,8,0,1,166
-51.586258,-25.910716,8,0,2,24
-49.797317,-16.029766,8,0,1,145
-60.918581,2.447600,8,0,2,2
-53.575228,-26.842738,8,0,1,180
-58.196865,-15.630082,8,0,2,77
-37.311120,-7.603770,8,0,0,35
-43.291344,-15.825469,8,0,1,356
-39.301736,-7.317256,8,0,1,168
-51.626146,-25.719189,8,0,2,166
-44.807772,-21.830336,8,0,2,45
-60.918501,2.450464,8,0,2,2
-53.165165,-25.941192,8,0,2,135
-48.432561,-16.724704,8,0,0,75
-37.310139,-7.602273,8,0,0,35
-43.293481,-15.829869,8,0,1,48
-43.804272,-20.244019,8,0,2,36
-51.633971,-25.706792,8,0,2,132
-44.809704,-21.831760,8,0,2,56
-61.148265,4.478765,8,0,2,175
-53.163914,-25.942282,8,0,2,133
-48.433174,-16.724866,8,0,0,75
-37.309844,-7.601405,8,0,0,19
-43.294657,-15.830768,8,0,1,228
-43.803544,-20.242912,8,0,2,18
-51.646627,-25.684489,8,0,2,2
-44.809903,-21.831913,8,0,2,45
-61.148375,4.479869,8,0,0,176
-53.162251,-25.943688,8,0,2,133
-48.862530,-16.617135,8,0,0,81
-37.309562,-7.600552,8,0,0,18
-43.296998,-15.838522,8,0,0,7
-43.803174,-20.241152,8,0,2,12
-51.646659,-25.683335,8,0,2,177
-42.783766,-19.617075,8,0,0,37
-39.968817,-18.702175,8,0,0,100
-53.160996,-25.944783,8,0,2,133
-48.963397,-16.621140,8,0,2,65
-37.309286,-7.599701,8,0,0,19
-43.600403,-15.595467,8,0,2,176
-43.803673,-20.222951,8,0,0,33
-41.917622,-20.435104,8,0,0,70
-39.877380,-18.708532,8,0,2,95
-41.865008,-20.934144,8,0,2,2
-53.156418,-25.944556,8,0,2,99
-48.966353,-16.621857,8,0,2,90
-37.308993,-7.598834,8,0,0,19
-43.600408,-15.594295,8,0,2,2
-43.802972,-20.236277,8,0,2,175
-41.915934,-20.434729,8,0,0,83
-39.878648,-18.707889,8,0,2,128
-41.866507,-20.936149,8,0,0,50
-53.263505,-25.898637,8,0,2,139
-52.451594,-23.789231,8,0,1,326
-37.308551,-7.597587,8,0,0,19
-43.680080,-16.511751,8,0,0,2
-43.804360,-20.224499,8,0,0,10
-41.916456,-20.434798,8,0,0,84
-39.879630,-18.707106,8,0,0,129
-41.867588,-20.936846,8,0,2,58
-53.261949,-25.900272,8,0,2,140
-52.883067,-23.736165,8,0,2,88
-52.858839,-26.879962,8,0,1,31
-56.229493,-15.348938,8,0,0,169
-43.804485,-20.225061,8,0,0,13
-41.951845,-20.533496,8,0,0,111
-40.233490,-18.729487,8,0,0,70
-61.144446,4.466733,8,0,0,156
-53.259702,-25.902642,8,0,2,139
-52.884840,-23.736274,8,0,2,86
-52.858784,-26.879750,8,0,1,211
-56.229960,-15.346680,8,0,0,169
-43.804174,-20.226377,8,0,0,170
-51.544951,-25.247144,8,0,2,126
-40.242172,-18.734287,8,0,0,83
-41.943836,-21.110076,8,0,2,155
-53.257851,-25.904596,8,0,2,139
-35.286934,-7.843050,8,0,2,87
-52.857970,-26.878527,8,0,1,210
-56.494474,-15.233422,8,0,0,146
-43.804136,-20.229378,8,0,2,54
-51.542416,-25.049290,8,0,2,3
-40.217778,-18.731111,8,0,2,99
-41.983955,-21.042772,8,0,0,32
-53.256416,-25.905957,8,0,2,123
-35.322961,-7.847538,8,0,2,91
-52.857245,-26.877542,8,0,1,29
-56.723431,-15.145033,8,0,0,69
-43.804552,-20.229791,8,0,2,35
-51.545670,-25.040653,8,0,2,153
-47.922928,-16.098427,8,0,2,42
-41.970275,-21.047426,8,0,2,92
-53.121482,-25.619660,8,0,2,154
-35.342843,-7.847264,8,0,0,102
-52.857288,-26.877483,8,0,1,209
-46.982382,-22.706269,8,0,1,61
-40.277073,-7.471320,8,0,1,83
-54.292662,-23.770809,8,0,2,139
-49.970783,-16.342411,8,0,2,155
-41.975475,-21.057853,8,0,2,153
-53.128536,-25.612180,8,0,2,89
-35.470937,-7.827126,8,0,0,117
-52.734353,-26.735553,8,0,2,92
-46.886573,-22.731578,8,0,2,145
-49.906820,-23.001486,8,0,1,217
-54.188058,-23.475104,8,0,1,167
-47.172388,-22.541184,8,0,1,152
-41.975055,-21.058482,8,0,2,176
-53.132584,-25.610958,8,0,2,177
-35.516782,-7.804203,8,0,0,140
-52.723160,-26.735853,8,0,0,96
-46.895234,-22.730753,8,0,2,31
-49.959386,-23.157644,8,0,2,26
-54.187814,-23.475545,8,0,1,347
-47.178327,-22.531195,8,0,1,154
-41.974763,-21.059121,8,0,0,148
-42.515031,-22.223585,8,0,2,62
-35.520768,-7.802755,8,0,0,57
-52.722058,-26.735806,8,0,2,87
-46.896723,-22.732281,8,0,2,22
-43.350916,-21.718189,8,0,1,15
-54.199805,-23.130628,8,0,1,143
-47.171287,-22.543279,8,0,1,344
-41.944049,-21.109591,8,0,0,155
-47.070013,-24.304320,8,0,2,104
-48.968959,-16.620711,8,0,2,123
-52.720874,-26.735732,8,0,2,88
-43.123010,-15.726447,8,0,0,68
-43.351064,-21.717532,8,0,1,160
-54.610434,-22.866079,8,0,2,111
-47.170855,-22.546935,8,0,1,3
-59.962277,-3.128267,8,0,1,267
-41.886633,-21.214213,8,0,2,52
-35.536282,-7.796040,8,0,0,137
-43.282819,-21.598997,8,0,0,69
-43.125814,-15.727528,8,0,2,68
-43.352161,-21.714435,8,0,2,176
-54.604749,-22.868393,8,0,2,123
-47.173496,-22.568461,8,0,1,7
-59.964542,-3.128383,8,0,1,266
-41.887534,-21.214861,8,0,2,49
-35.537727,-7.795136,8,0,0,91
-52.718580,-26.733315,8,0,2,65
-43.022511,-15.730992,8,0,0,34
-43.087410,-21.264296,8,0,0,26
-54.787606,-22.067959,8,0,1,15
-53.340185,-22.253552,8,0,1,127
-59.946077,-3.130528,8,0,1,123
-41.894597,-21.207135,8,0,2,34
-50.843657,-17.171209,8,0,0,60
-52.718477,-26.731017,8,0,1,342
-43.328366,-15.795321,8,0,2,126
-43.086462,-21.262291,8,0,0,24
-54.854940,-21.938889,8,0,1,311
-53.344490,-22.250490,8,0,1,128
-59.947587,-3.129554,8,0,1,123
-52.368804,-26.412328,8,0,2,58
-35.551337,-7.804190,8,0,0,57
-52.719771,-26.727415,8,0,1,342
-43.027916,-15.747798,8,0,1,218
-42.950958,-21.101387,8,0,0,15
-55.212705,-23.139914,8,0,2,163
-54.160456,-22.279380,8,0,2,113
-52.241237,-15.879082,8,0,2,62
-52.364574,-26.410058,8,0,2,59
-35.560319,-7.810438,8,0,0,31
-52.720077,-26.726953,8,0,1,162
-43.680612,-15.340550,8,0,1,254
-41.928899,-22.490066,8,0,0,132
-55.213032,-23.138914,8,0,2,163
-54.162091,-22.278782,8,0,1,113
-52.232376,-15.874701,8,0,2,77
-52.363225,-26.409337,8,0,2,59
-35.560607,-7.811137,8,0,2,201
-52.720375,-26.725764,8,0,1,342
-43.680594,-15.340626,8,0,1,74
-41.931074,-22.488224,8,0,2,133
-55.213511,-23.137530,8,0,2,163
-54.163898,-22.278082,8,0,1,111
-39.967482,-18.702443,8,0,0,102
-52.354792,-26.406584,8,0,2,65
-40.395556,-14.543189,8,0,0,43
-52.717746,-26.723705,8,0,2,343
-44.016993,-15.931959,8,0,2,58
-44.073432,-2.550983,8,0,2,105
-55.214450,-23.134767,8,0,2,163
-54.170320,-22.275664,8,0,1,112
-40.224252,-18.729200,8,0,0,109
-52.341633,-26.399687,8,0,2,8
-40.394896,-14.542507,8,0,0,43
-43.284125,-21.599611,8,0,0,47
-44.788635,-17.469689,8,0,0,164
-44.075264,-2.550600,8,0,0,101
-51.906292,-23.421621,8,0,1,109
-54.173981,-22.274278,8,0,1,111
-40.222308,-18.729754,8,0,0,106
-52.386424,-26.142334,8,0,1,104
-40.386227,-14.533711,8,0,2,43
-53.627731,-26.256719,8,0,1,115
-44.787058,-17.473732,8,0,0,159
-44.099368,-2.546035,8,0,2,77
-51.905952,-23.421611,8,0,1,290
-54.266194,-22.262286,8,0,2,112
-40.219598,-18.730630,8,0,0,110
-52.386413,-26.142247,8,0,1,285
-40.378714,-14.526087,8,0,2,43
-53.630872,-26.255595,8,0,1,110
-44.787404,-17.472851,8,0,0,160
-44.116167,-2.548942,8,0,2,85
-54.739829,-17.483820,8,0,1,172
-50.154496,-30.001712,8,0,1,222
-40.189701,-18.724626,8,0,0,74
-52.382921,-26.143155,8,0,1,104
-40.376291,-14.523613,8,0,2,44
-53.626079,-26.257423,8,0,1,115
-44.788184,-17.470893,8,0,2,159
-44.116665,-2.548982,8,0,2,85
-54.740299,-17.481376,8,0,1,172
-50.154650,-30.002017,8,0,1,42
-40.187904,-18.724101,8,0,0,74
-52.382907,-26.143071,8,0,1,284
-40.374343,-14.521646,8,0,2,43
-53.705897,-27.133905,8,0,0,13
-44.158668,-16.259962,8,0,2,173
-44.118461,-2.549187,8,0,2,76
-48.797278,-26.979151,8,0,1,68
-54.226280,-22.268229,8,0,1,21
-40.159994,-18.716046,8,0,0,73
-57.957516,-12.327304,8,0,0,3
-40.373104,-14.520382,8,0,2,43
-52.846658,-26.767670,8,0,0,137
-46.915247,-22.745328,8,0,0,63
-44.124743,-2.550839,8,0,2,76
-48.883618,-27.033749,8,0,2,8
-48.896687,-23.982407,8,0,2,162
-40.093595,-18.718227,8,0,0,92
-57.957645,-12.330302,8,0,0,3
-40.365585,-14.512629,8,0,2,43
-52.849229,-26.764888,8,0,1,120
-46.918904,-22.742691,8,0,0,172
-44.135697,-2.553768,8,0,2,70
-48.883960,-27.035763,8,0,2,9
-48.878543,-23.997854,8,0,2,4
-40.090819,-18.717800,8,0,0,77
-57.504428,-14.185414,8,0,0,179
-35.263886,-7.843632,8,0,2,60
-52.849172,-26.764815,8,0,1,300
-47.027953,-22.628086,8,0,0,64
-44.139770,-2.554550,8,0,2,84
-48.891980,-27.044005,8,0,0,47
-45.838404,-22.958378,8,0,0,118
-40.056163,-18.707377,8,0,0,97
-57.508084,-14.185876,8,0,0,179
-35.114368,-7.946102,8,0,1,296
-52.859696,-26.723446,8,0,1,354
-47.033275,-22.630503,8,0,0,64
-44.146492,-2.553653,8,0,2,120
-48.893104,-27.046023,8,0,2,6
-56.184811,-15.663641,8,0,1,146
-41.767882,-21.257149,8,0,0,56
-56.380192,-14.378603,8,0,1,78
-35.114830,-7.945925,8,0,1,115
-52.859776,-26.723455,8,0,1,174
-47.036881,-22.631516,8,0,2,86
-44.153429,-2.552016,8,0,2,90
-52.985619,-22.378027,8,0,0,166
-56.184457,-15.664096,8,0,1,326
-41.668964,-21.153790,8,0,0,25
-56.380553,-14.378572,8,0,1,256
-35.122240,-7.942477,8,0,1,130
-52.860027,-26.721416,8,0,1,173
-47.048080,-22.627849,8,0,0,116
-44.159189,-2.551556,8,0,2,94
-52.984786,-22.380980,8,0,0,166
-56.349329,-15.772722,8,0,2,25
-41.668323,-21.152247,8,0,0,21
-52.228037,-13.548158,8,0,2,79
-35.122087,-7.942563,8,0,1,310
-52.859945,-26.721435,8,0,1,353
-47.152704,-22.586392,8,0,0,108
-44.168804,-2.552038,8,0,2,86
-52.867198,-22.661358,8,0,2,90
-56.349892,-15.773885,8,0,2,25
-44.137159,-22.526880,8,0,0,28
-52.154088,-14.062882,8,0,1,176
-37.297372,-7.033011,8,0,2,75
-52.858394,-26.720941,8,0,1,86
-44.159165,-16.256141,8,0,2,173
-52.870868,-28.618985,8,0,1,192
-52.624746,-22.739345,8,0,0,2
-53.178682,-27.364100,8,0,2,132
-44.138702,-22.528794,8,0,0,45
-52.154389,-14.059298,8,0,1,176
-37.299401,-7.033532,8,0,2,75
-52.858387,-26.720855,8,0,1,266
-44.168204,-16.243666,8,0,0,104
-52.870801,-28.619024,8,0,1,11
-52.624867,-22.742338,8,0,0,2
-39.262017,-8.677797,8,0,2,168
-44.166909,-22.542463,8,0,0,113
-53.192200,-25.303680,8,0,2,36
-37.440010,-7.085042,8,0,2,77
-52.857796,-26.720286,8,0,2,174
-44.421943,-16.221633,8,0,0,90
-44.165234,-2.501286,8,0,0,165
-52.682085,-22.928489,8,0,0,36
-38.293115,-12.696391,8,0,2,43
-44.164734,-22.543482,8,0,0,117
-52.903188,-25.860894,8,0,0,27
-37.443638,-7.085367,8,0,2,92
-52.857925,-26.719223,8,0,2,174
-44.432401,-16.223620,8,0,2,4
-44.159400,-2.506348,8,0,2,126
-42.710684,-20.288748,8,0,0,33
-38.293763,-12.697068,8,0,2,43
-44.163257,-22.544223,8,0,2,116
-52.933638,-25.804148,8,0,0,136
-49.566409,-17.517194,8,0,0,97
-52.858171,-26.716803,8,0,2,179
-43.023705,-15.738385,8,0,2,20
-44.115373,-2.539089,8,0,2,126
-42.713012,-20.291456,8,0,0,38
-38.294903,-12.698243,8,0,2,43
-44.160650,-22.544993,8,0,2,98
-52.917179,-25.821087,8,0,2,144
-37.445657,-7.085268,8,0,2,93
-52.897197,-26.659520,8,0,0,180
-43.024620,-15.742451,8,0,2,173
-44.110546,-2.542637,8,0,2,125
-42.712297,-20.290699,8,0,0,38
-38.295762,-12.699136,8,0,2,43
-44.155587,-22.543332,8,0,2,39
-52.917777,-25.818866,8,0,2,168
-37.447103,-7.085195,8,0,2,93
-52.894285,-26.656455,8,0,1,25
-42.074694,-16.849144,8,0,0,176
-44.106264,-2.545325,8,0,2,112
-40.260399,-7.764380,8,0,0,161
-44.995333,-21.264700,8,0,2,100
-44.154732,-22.542639,8,0,0,47
-52.918743,-25.816664,8,0,2,160
-37.448428,-7.085143,8,0,2,92
-52.894220,-26.656197,8,0,1,205
-42.067856,-16.848004,8,0,0,105
-44.104520,-2.546058,8,0,2,113
-40.172010,-7.812481,8,0,2,127
-53.210499,-17.320664,8,0,1,143
-44.153832,-22.541429,8,0,1,263
-52.945986,-25.795139,8,0,2,24
-37.608194,-7.127351,8,0,2,11
-52.891867,-26.655771,8,0,1,33
-42.064160,-16.848864,8,0,2,101
-54.632623,-22.262266,8,0,0,140
-40.138638,-7.837892,8,0,0,127
-53.211344,-17.319295,8,0,1,323
-44.151802,-22.540785,8,0,2,39
-52.901970,-25.867000,8,0,2,178
-37.608352,-7.122845,8,0,2,168
-52.891911,-26.655716,8,0,1,213
-42.058813,-16.849409,8,0,2,93
-52.406631,-28.283650,8,0,2,122
-40.075309,-7.880124,8,0,2,128
-41.678436,-20.777562,8,0,2,18
-44.144466,-22.534190,8,0,2,36
-52.903501,-25.876236,8,0,2,15
-37.608161,-7.123664,8,0,2,168
-52.890968,-26.654379,8,0,1,216
-42.054985,-16.849628,8,0,0,93
-52.427033,-28.280815,8,0,2,98
-40.072955,-7.881943,8,0,2,128
-42.068365,-22.468763,8,0,2,92
-44.144016,-22.533670,8,0,2,40
-52.811489,-25.995552,8,0,2,179
-37.608008,-7.124286,8,0,2,167
-52.799498,-26.652098,8,0,2,86
-42.052063,-16.849797,8,0,0,93
-52.430347,-28.279373,8,0,2,126
-39.585907,-8.095817,8,0,0,100
-40.586757,-19.374334,8,0,0,134
-44.143202,-22.532890,8,0,2,45
-52.945071,-25.897844,8,0,2,59
-37.607815,-7.125530,8,0,2,13
-51.979625,-21.168540,8,0,0,25
-41.765852,-16.618017,8,0,2,64
-52.387930,-28.287913,8,0,2,102
-39.583219,-8.095764,8,0,0,80
-40.585523,-19.375063,8,0,0,124
-44.141432,-22.531233,8,0,0,45
-52.982273,-25.918664,8,0,2,67
-37.608097,-7.126899,8,0,2,11
-53.347157,-25.622244,8,0,0,25
-41.764488,-16.617425,8,0,2,65
-52.384839,-28.288847,8,0,2,110
-39.577018,-8.094760,8,0,2,80
-40.583924,-19.375771,8,0,0,95
-46.949481,-23.086211,8,0,2,5
-53.004281,-25.973408,8,0,2,55
-37.755118,-7.211408,8,0,2,59
-53.304023,-25.789732,8,0,0,25
-42.871024,-15.402194,8,0,2,123
-39.297960,-6.439343,8,0,0,23
-39.567896,-8.093253,8,0,0,80
-40.554893,-19.380114,8,0,0,150
-49.985789,-23.189110,8,0,2,8
-53.004186,-25.978275,8,0,1,28
-37.756896,-7.212118,8,0,2,75
-53.298480,-25.793273,8,0,0,25
-43.599772,-15.598228,8,0,0,164
-54.284128,-23.792554,8,0,2,45
-39.561170,-8.093780,8,0,0,105
-40.553917,-19.381824,8,0,0,161
-43.289287,-19.691047,8,0,0,66
-53.005366,-25.980209,8,0,1,205
-37.987368,-7.387748,8,0,2,10
-52.856244,-26.367463,8,0,0,25
-39.061960,-16.431220,8,0,2,19
-54.281274,-23.790136,8,0,2,45
-39.390298,-8.080203,8,0,0,89
-40.554346,-19.380923,8,0,0,151
-43.294254,-19.692924,8,0,0,79
-53.005320,-25.980226,8,0,1,26
-37.302016,-7.034203,8,0,2,75
-52.853189,-26.367800,8,0,0,25
-42.856466,-15.392131,8,0,2,167
-54.313042,-24.005463,8,0,0,123
-39.392122,-8.080234,8,0,2,90
-44.279197,-22.891108,8,0,2,29
-35.486212,-6.865007,8,0,2,58
-53.004247,-25.978236,8,0,1,206
-35.257744,-7.842700,8,0,2,96
-52.848980,-26.365781,8,0,0,25
-46.892817,-22.729920,8,0,2,97
-41.627127,-21.494342,8,0,0,116
-39.292169,-8.072591,8,0,0,83
-44.278808,-22.890464,8,0,2,29
-44.092461,-22.499724,8,0,1,288
-44.192705,-13.378984,8,0,1,235
-35.255891,-7.842899,8,0,2,96
-52.848609,-26.368160,8,0,0,25
-46.890934,-22.730205,8,0,2,98
-41.623796,-21.496075,8,0,0,127
-39.291023,-8.072447,8,0,0,83
-44.278446,-22.889849,8,0,2,29
-35.476887,-6.878352,8,0,0,135
-44.192774,-13.379110,8,0,1,52
-35.250422,-7.843445,8,0,2,96
-52.830884,-26.361225,8,0,0,25
-42.928295,-15.586170,8,0,0,16
-41.613164,-21.501571,8,0,0,140
-39.281907,-8.071295,8,0,0,83
-44.278087,-22.889255,8,0,0,30
-35.487978,-6.842484,8,0,0,11
-44.199039,-13.383402,8,0,1,234
-35.247950,-7.843773,8,0,2,96
-53.310582,-25.777583,8,0,1,326
-47.870608,-15.603190,8,0,2,146
-49.333486,-16.104167,8,0,1,200
-39.279848,-8.071031,8,0,0,82
-44.277545,-22.888594,8,0,2,38
-35.487574,-6.840492,8,0,0,11
-44.199594,-13.383865,8,0,1,54
-35.172931,-7.899519,8,0,1,180
-53.345262,-25.635868,8,0,1,353
-47.872266,-15.600856,8,0,2,146
-41.415821,-21.615982,8,0,0,154
-39.181955,-8.067661,8,0,0,104
-49.840841,-15.609612,8,0,0,37
-35.467958,-6.813723,8,0,0,35
-44.201486,-13.385106,8,0,1,234
-35.172839,-7.899504,8,0,1,1
-52.966016,-26.470422,8,0,1,315
-40.694463,-16.189908,8,0,2,60
-44.157178,-2.458647,8,0,2,55
-39.176382,-8.069110,8,0,0,104
-49.797243,-15.576750,8,0,1,28
-35.534700,-6.692348,8,0,2,12
-44.201662,-13.385319,8,0,1,54
-35.179904,-7.888530,8,0,1,318
-52.965158,-26.471346,8,0,1,135
-41.285809,-16.005374,8,0,0,133
-44.158879,-2.459894,8,0,2,55
-39.169217,-8.071689,8,0,0,124
-49.796505,-15.574861,8,0,2,32
-35.535055,-6.693826,8,0,2,13
-44.204710,-13.387345,8,0,1,235
-35.180015,-7.888492,8,0,1,137
-53.081820,-26.385089,8,0,0,25
-41.015373,-16.442282,8,0,2,90
-41.415057,-21.617413,8,0,0,154
-39.143696,-8.069090,8,0,2,70
-49.689795,-15.497860,8,0,2,132
-35.538080,-6.706643,8,0,0,13
-57.213870,-15.032506,8,0,2,93
-53.280096,-17.840255,8,0,2,151
-53.072344,-26.393157,8,0,0,25
-41.008472,-16.443166,8,0,2,103
-41.345237,-21.731057,8,0,2,152
-39.118642,-8.061810,8,0,2,80
-49.696506,-15.356087,8,0,2,50
-35.538685,-6.719424,8,0,2,158
-57.200738,-15.033411,8,0,2,119
-51.953270,-18.300782,8,0,2,66
-53.505365,-26.756409,8,0,2,131
-41.667968,-17.401838,8,0,0,63
-41.414099,-21.619261,8,0,0,154
-39.114653,-8.061001,8,0,2,74
-49.487510,-15.108814,8,0,2,163
-35.491486,-6.788138,8,0,0,157
-56.820738,-15.138221,8,0,0,179
-51.553889,-19.069183,8,0,1,164
-51.749929,-20.715989,8,0,2,330
-42.871457,-17.875301,8,0,0,148
-41.333679,-21.738200,8,0,2,86
-38.307859,-7.980167,8,0,0,110
-49.495492,-15.065641,8,0,2,151
-40.862168,-20.415416,8,0,0,46
-55.164309,-15.548773,8,0,2,65
-51.553766,-19.069353,8,0,1,344
-51.751984,-20.712751,8,0,2,150
-41.014815,-16.442284,8,0,2,90
-41.331805,-21.739175,8,0,2,147
-38.615979,-8.000421,8,0,0,125
-49.496030,-15.064671,8,0,2,151
-40.863010,-20.416179,8,0,0,43
-55.168743,-15.551738,8,0,2,35
-51.553528,-19.070534,8,0,1,169
-51.676169,-20.787875,8,0,1,29
-41.013975,-16.442275,8,0,2,90
-41.332732,-21.738229,8,0,2,110
-38.617948,-7.999070,8,0,0,124
-49.532466,-14.993550,8,0,2,179
-42.678311,-20.222515,8,0,0,33
-57.182596,-15.063594,8,0,2,1
-51.720105,-19.124087,8,0,0,122
-51.677452,-20.789642,8,0,1,210
-41.007430,-16.443403,8,0,2,103
-41.343950,-21.733291,8,0,2,148
-38.623775,-7.994882,8,0,2,143
-49.532073,-14.990310,8,0,2,188
-50.250672,-22.099287,8,0,1,303
-57.180266,-15.006238,8,0,2,2
-51.724198,-19.121223,8,0,2,128
-51.670547,-20.781968,8,0,1,85
-40.290807,-18.540719,8,0,2,175
-41.346683,-21.728521,8,0,2,152
-38.624354,-7.993800,8,0,2,157
-49.532388,-14.987736,8,0,2,131
-42.797822,-19.618131,8,0,0,72
-57.181560,-15.037351,8,0,2,2
-54.832520,-22.640712,8,0,1,54
-40.761505,-19.496067,8,0,1,246
-42.517753,-17.702150,8,0,2,110
-41.348533,-21.724445,8,0,2,161
-38.803513,-8.019516,8,0,2,102
-49.533921,-14.986630,8,0,2,133
-42.789702,-19.617775,8,0,0,148
-57.181662,-15.039819,8,0,2,2
-54.833010,-22.640877,8,0,1,234
-54.092710,-27.496654,8,0,2,230
-42.513051,-17.704281,8,0,2,144
-41.377363,-21.657215,8,0,2,100
-38.805630,-8.019066,8,0,2,102
-49.538391,-14.982240,8,0,2,135
-50.251874,-22.098556,8,0,1,303
-57.201754,-15.033084,8,0,2,94
-54.830669,-22.639470,8,0,1,54
-54.096626,-27.499554,8,0,2,230
-42.512501,-17.705082,8,0,2,148
-49.333585,-16.104697,8,0,1,18
-38.902663,-8.011615,8,0,0,114
-49.540221,-14.980397,8,0,2,139
-50.255783,-22.096205,8,0,1,303
-57.182789,-15.069568,8,0,2,1
-54.830440,-22.639160,8,0,1,234
-54.095955,-27.507711,8,0,2,335
-42.504853,-14.061578,8,0,0,92
-46.549272,-23.699003,8,0,1,138
-38.915790,-8.007430,8,0,2,99
-49.542207,-14.976698,8,0,2,156
-50.253804,-22.097392,8,0,1,303
-56.820703,-15.140213,8,0,2,178
-55.209731,-23.184874,8,0,0,179
-54.098272,-27.502943,8,0,2,330
-42.499522,-14.062581,8,0,2,113
-42.412547,-22.173459,8,0,0,128
-38.917175,-8.007247,8,0,0,97
-49.542826,-14.975391,8,0,2,155
-50.256018,-22.096142,8,0,1,123
-56.493072,-15.235157,8,0,2,136
-34.957447,-8.297743,8,0,1,187
-54.099741,-27.500882,8,0,0,25
-42.497353,-14.063511,8,0,1,112
-42.421260,-22.163787,8,0,2,112
-42.939618,-22.348139,8,0,0,18
-49.504624,-15.451041,8,0,1,160
-50.254213,-22.097247,8,0,1,123
-56.488741,-15.238394,8,0,2,122
-46.936019,-23.525095,8,0,1,4
-54.101927,-27.500096,8,0,1,283
-42.496572,-14.063741,8,0,1,292
-42.405080,-22.183973,8,0,2,163
-52.791906,-28.324512,8,0,0,150
-49.953003,-16.458018,8,0,2,183
-46.401914,-18.834245,8,0,0,169
-57.177213,-14.932193,8,0,2,2
-46.935155,-23.542315,8,0,1,14
-54.105775,-27.497788,8,0,1,290
-42.495151,-14.064404,8,0,1,110
-42.405026,-22.185192,8,0,2,180
-51.697712,-24.191375,8,0,2,354
-49.941623,-16.465407,8,0,2,89
-42.863102,-20.392195,8,0,0,39
-57.180111,-15.002788,8,0,2,2
-46.934364,-23.540678,8,0,1,23
-54.106791,-27.497878,8,0,1,85
-42.490938,-14.064892,8,0,1,91
-42.405079,-22.186326,8,0,2,180
-51.697967,-24.189089,8,0,2,354
-53.411672,-25.436881,8,0,2,84
-42.880076,-20.398385,8,0,2,66
-57.177151,-14.930999,8,0,2,2
-46.933868,-23.539641,8,0,1,23
-54.108816,-27.497908,8,0,1,275
-42.489507,-14.064833,8,0,1,271
-42.405109,-22.187047,8,0,2,180
-51.734110,-24.114832,8,0,2,149
-53.409991,-25.436747,8,0,2,84
-42.883451,-20.399512,8,0,2,85
-58.815276,-13.539621,8,0,2,90
-46.938108,-23.540361,8,0,1,150
-54.109199,-27.497915,8,0,1,105
-42.486047,-14.064853,8,0,0,90
-42.341387,-22.226304,8,0,0,149
-51.735560,-24.112858,8,0,0,140
-53.408110,-25.433882,8,0,2,85
-42.887762,-20.401849,8,0,2,82
-59.794334,-13.640255,8,0,0,85
-46.938886,-23.538395,8,0,1,163
-40.663949,-19.520125,8,0,0,40
-48.480519,-1.377177,8,0,2,18
-42.341776,-22.224333,8,0,0,193
-51.741840,-24.084124,8,0,2,175
-49.248579,-15.909536,8,0,1,31
-42.891211,-20.403409,8,0,2,34
-57.898333,-13.660781,8,0,1,75
-46.936638,-23.523548,8,0,1,168
-48.907764,-19.297388,8,0,1,178
-48.479943,-1.375457,8,0,2,18
-42.297708,-22.236791,8,0,2,88
-51.745695,-24.079078,8,0,2,135
-50.104297,-23.043160,8,0,2,72
-42.899974,-20.417427,8,0,2,141
-57.896839,-13.660205,8,0,1,255
-44.325450,-3.140752,8,0,1,184
-48.907458,-19.297836,8,0,1,358
-48.478697,-1.371527,8,0,2,18
-42.263404,-22.225229,8,0,0,66
-51.820634,-23.997850,8,0,2,155
-49.546123,-15.173158,8,0,2,76
-42.898623,-20.421351,8,0,2,179
-54.964472,-15.962838,8,0,1,143
-44.325958,-3.143548,8,0,1,207
-54.360412,-27.532258,8,0,2,17
-47.030420,-22.629223,8,0,0,64
-42.249894,-22.198383,8,0,2,170
-42.865184,-20.725074,8,0,2,177
-49.548920,-15.173880,8,0,2,78
-61.058664,2.166468,8,0,0,45
-46.033532,-18.378702,8,0,2,21
-44.425120,-3.308435,8,0,0,41
-54.361283,-27.529035,8,0,2,335
-47.028851,-22.628388,8,0,1,262
-42.249963,-22.197959,8,0,2,170
-57.671828,-16.110753,8,0,2,134
-49.632592,-15.189571,8,0,2,111
-61.057289,2.167813,8,0,0,46
-35.383661,-8.508442,8,0,0,63
-44.444135,-3.332711,8,0,0,122
-54.310813,-27.637460,8,0,1,15
-47.034693,-22.630862,8,0,1,270
-42.250023,-22.197573,8,0,2,170
-57.698910,-16.082117,8,0,2,153
-49.785219,-15.161963,8,0,2,98
-61.141389,4.347626,8,0,0,166
-35.245533,-8.380891,8,0,1,52
-44.084624,-3.480021,8,0,0,72
-54.310657,-27.636687,8,0,1,195
-47.035736,-22.631460,8,0,1,94
-42.185418,-21.531227,8,0,2,6
-57.699185,-16.081626,8,0,2,152
-49.309519,-25.566667,8,0,1,16
-61.141630,4.348629,8,0,0,166
-35.245575,-8.380832,8,0,1,232
-43.924848,-3.549505,8,0,2,142
-54.309960,-27.634709,8,0,1,15
-48.481919,-1.392107,8,0,2,80
-42.657411,-22.475794,8,0,1,11
-42.131178,-19.877374,8,0,0,164
-39.010731,-4.154662,8,0,2,142
-61.160825,4.413059,8,0,0,30
-35.261829,-8.396931,8,0,1,226
-43.920998,-3.553289,8,0,0,113
-54.310442,-27.627720,8,0,2,330
-48.482331,-1.392180,8,0,2,80
-42.649702,-22.454801,8,0,2,11
-49.635021,-17.042839,8,0,2,124
-39.010334,-4.155157,8,0,2,142
-61.159993,4.414411,8,0,0,32
-35.374315,-8.498176,8,0,2,3
-43.915650,-3.553242,8,0,2,80
-53.361681,-26.178542,8,0,2,40
-52.238945,-15.031747,8,0,0,154
-42.368683,-22.014120,8,0,2,9
-49.452180,-16.913574,8,0,1,39
-38.958942,-4.212485,8,0,2,160
-37.393890,-6.660761,8,0,0,79
-35.374749,-8.505439,8,0,2,3
-43.908991,-3.552206,8,0,2,88
-53.361726,-26.174209,8,0,1,355
-52.237271,-15.035143,8,0,0,154
-42.365065,-22.025186,8,0,1,142
-49.451241,-16.912465,8,0,1,39
-38.959849,-4.210131,8,0,2,151
-37.401690,-6.664278,8,0,0,47
-35.378803,-8.508428,8,0,0,97
-43.757671,-3.607872,8,0,0,95
-53.361833,-26.174209,8,0,1,173
-52.200544,-15.384673,8,0,0,1
-42.368918,-22.015561,8,0,0,8
-49.450455,-16.911516,8,0,1,39
-44.632473,-21.291503,8,0,0,63
-37.395220,-6.949023,8,0,0,102
-51.452951,-22.129483,8,0,2,158
-43.755847,-3.608049,8,0,0,95
-53.361799,-26.173501,8,0,1,355
-52.200654,-15.389617,8,0,0,1
-42.132724,-19.746760,8,0,2,6
-49.449307,-16.910120,8,0,1,39
-38.890571,-4.231559,8,0,2,58
-37.393452,-6.949381,8,0,0,102
-51.442406,-22.153507,8,0,2,157
-43.660178,-3.608751,8,0,2,5
-53.361616,-26.173188,8,0,1,285
-52.317968,-15.867313,8,0,2,174
-44.318576,-19.943886,8,0,2,90
-49.449144,-16.921263,8,0,2,132
-38.959540,-4.210915,8,0,2,160
-41.351089,-20.799918,8,0,0,32
-52.250125,-15.888737,8,0,2,87
-43.662554,-3.582420,8,0,0,14
-53.360708,-26.173402,8,0,1,285
-52.317730,-15.865316,8,0,0,19
-49.761815,-28.998258,8,0,2,72
-49.454046,-16.915676,8,0,1,219
-38.949501,-4.211581,8,0,2,84
-41.348681,-20.797866,8,0,2,59
-52.031841,-25.833488,8,0,2,140
-43.575721,-3.475460,8,0,0,14
-53.360753,-26.173493,8,0,1,104
-52.023728,-13.703571,8,0,2,26
-49.763255,-28.999147,8,0,2,38
-49.452853,-16.914379,8,0,1,39
-38.950983,-4.211257,8,0,2,94
-42.698727,-18.832863,8,0,0,107
-52.118294,-25.742683,8,0,2,163
-43.575436,-3.474337,8,0,0,14
-53.359658,-26.173675,8,0,2,282
-52.024658,-13.705476,8,0,2,26
-39.312672,-5.197427,8,0,0,81
-43.167315,-19.845369,8,0,2,134
-40.079117,-13.864835,8,0,1,117
-42.490071,-19.161449,8,0,0,106
-52.118466,-25.740717,8,0,2,169
-43.575131,-3.473278,8,0,2,24
-53.358791,-26.173848,8,0,2,282
-52.025565,-13.707329,8,0,2,26
-39.306519,-5.192244,8,0,2,64
-43.166615,-19.845985,8,0,2,134
-40.071019,-13.867277,8,0,2,94
-42.484772,-19.163451,8,0,0,112
-52.118251,-25.736928,8,0,1,25
-43.527379,-3.334676,8,0,2,3
-53.313873,-26.145014,8,0,2,245
-44.123179,-19.862718,8,0,0,140
-54.185014,-23.486967,8,0,0,174
-45.398742,-23.838981,8,0,0,72
-40.064033,-13.867651,8,0,2,93
-42.479485,-19.168200,8,0,0,142
-43.755963,-2.774096,8,0,2,74
-43.527370,-3.333213,8,0,2,178
-58.809825,-13.539664,8,0,2,91
-44.121333,-19.864780,8,0,0,137
-54.185958,-23.483443,8,0,1,167
-45.400160,-23.840001,8,0,0,27
-38.885633,-4.233720,8,0,2,123
-42.478258,-19.169625,8,0,0,139
-43.735129,-2.764245,8,0,2,36
-43.527395,-3.332709,8,0,2,178
-58.808679,-13.539676,8,0,2,90
-52.240549,-13.550581,8,0,0,79
-54.185828,-23.483418,8,0,1,347
-45.412292,-23.853480,8,0,2,180
-50.366356,-27.584232,8,0,1,154
-41.885835,-21.197382,8,0,0,51
-43.514475,-2.724366,8,0,0,68
-43.527338,-3.331656,8,0,2,6
-52.182397,-25.942672,8,0,2,63
-52.354927,-14.681223,8,0,2,126
-54.187260,-23.477835,8,0,1,347
-67.760814,-10.012160,8,0,2,91
-50.363723,-27.588972,8,0,1,154
-41.884641,-21.196647,8,0,2,60
-43.733396,-2.762091,8,0,2,38
-43.526020,-3.329686,8,0,2,54
-53.805577,-25.679371,8,0,1,345
-52.357100,-14.648835,8,0,2,5
-54.187354,-23.478002,8,0,1,167
-49.659400,-16.913604,8,0,1,231
-53.796985,-25.684014,8,0,1,285
-51.913352,-27.430982,8,0,0,124
-43.756987,-2.774398,8,0,2,72
-43.524164,-3.328450,8,0,0,57
-52.343343,-25.957068,8,0,1,95
-52.357207,-14.650018,8,0,2,5
-54.188606,-23.472858,8,0,1,167
-44.864651,-22.291944,8,0,2,141
-53.804128,-25.682240,8,0,1,286
-35.239522,-5.754840,8,0,1,239
-43.816966,-2.806952,8,0,2,68
-43.521832,-3.326929,8,0,2,57
-52.341218,-25.957270,8,0,1,94
-52.357424,-14.652538,8,0,2,5
-54.188473,-23.472841,8,0,1,347
-44.866253,-22.290220,8,0,2,128
-53.807430,-25.663077,8,0,1,16
-52.887609,-20.443133,8,0,2,95
-43.817902,-2.807365,8,0,2,64
-41.886615,-21.198416,8,0,0,3
-52.339620,-25.958225,8,0,0,138
-52.357529,-14.653708,8,0,2,5
-50.824592,-26.045181,8,0,2,133
-44.867833,-22.289173,8,0,2,132
-53.806695,-25.660650,8,0,1,16
-52.222604,-31.736619,8,0,2,47
-43.966794,-2.850466,8,0,2,103
-37.290595,-7.031315,8,0,2,74
-52.339117,-25.958727,8,0,0,130
-52.357765,-14.656368,8,0,2,5
-51.085976,-26.252449,8,0,1,32
-44.868616,-22.287508,8,0,2,168
-53.806250,-25.658695,8,0,1,195
-53.770081,-20.457545,8,0,2,95
-54.310030,-27.634628,8,0,1,196
-37.292881,-7.031878,8,0,2,74
-52.336494,-25.959354,8,0,0,96
-52.358031,-14.659357,8,0,2,5
-51.083353,-26.250309,8,0,1,302
-44.869123,-22.285694,8,0,2,168
-53.808607,-25.666391,8,0,1,195
-53.753428,-20.456634,8,0,0,85
-35.250898,-8.385937,8,0,1,224
-37.925517,-7.195050,8,0,2,14
-53.502152,-27.552502,8,0,1,230
-52.358127,-14.660486,8,0,2,5
-51.084056,-26.223274,8,0,1,154
-44.869689,-22.283509,8,0,2,165
-53.806368,-25.677260,8,0,1,165
-52.874824,-20.445358,8,0,2,104
-41.492381,-17.601375,8,0,2,1
-37.926041,-7.197051,8,0,2,11
-53.281459,-27.634971,8,0,2,15
-52.358419,-14.663828,8,0,2,5
-51.083530,-26.224067,8,0,1,335
-44.870455,-22.282049,8,0,2,139
-53.804783,-25.682130,8,0,1,125
-51.641623,-20.782386,8,0,2,91
-48.688868,-26.932323,8,0,1,53
-37.926190,-7.198420,8,0,2,7
-53.502118,-27.552557,8,0,1,50
-52.358527,-14.665045,8,0,2,5
-51.080378,-26.229926,8,0,2,154
-44.871880,-22.280595,8,0,2,138
-53.800824,-25.683175,8,0,1,105
-51.642632,-20.782352,8,0,2,91
-48.688833,-26.932198,8,0,1,233
-37.925972,-7.203491,8,0,0,157
-52.778547,-27.373120,8,0,2,65
-52.358731,-14.667388,8,0,2,5
-51.075695,-26.241126,8,0,2,142
-44.873210,-22.279234,8,0,0,140
-53.797347,-25.684052,8,0,1,105
-51.633818,-20.781676,8,0,0,51
-55.149738,-22.546070,8,0,2,45
-37.926489,-7.201716,8,0,2,4
-52.774853,-27.371602,8,0,2,65
-52.359382,-14.677352,8,0,1,168
-49.887149,-25.544515,8,0,1,329
-44.874209,-22.277808,8,0,2,151
-52.904066,-26.420285,8,0,2,117
-51.624731,-20.774375,8,0,0,54
-44.654084,-3.580920,8,0,2,109
-37.926366,-7.200352,8,0,2,5
-52.900479,-27.524629,8,0,1,335
-56.009385,-15.645862,8,0,1,298
-49.887463,-25.543952,8,0,2,162
-44.875106,-22.276320,8,0,2,150
-45.171579,-23.491394,8,0,2,63
-51.658028,-20.782045,8,0,1,91
-45.033331,-3.586770,8,0,2,106
-36.339779,-7.959356,8,0,2,128
-52.900572,-27.524667,8,0,1,155
-56.011962,-15.645025,8,0,1,120
-50.301524,-25.680386,8,0,2,53
-44.876176,-22.274582,8,0,2,150
-53.432089,-26.579571,8,0,0,70
-49.850715,-23.702978,8,0,0,13
-45.575043,-3.570938,8,0,2,130
-36.341557,-7.958079,8,0,2,137
-52.847318,-27.612284,8,0,1,300
-56.019612,-15.641721,8,0,1,302
-50.297039,-25.679449,8,0,2,85
-44.934037,-22.251339,8,0,0,121
-45.174406,-23.492844,8,0,2,62
-49.849913,-23.701892,8,0,0,54
-44.774860,-3.463813,8,0,2,146
-36.343972,-7.953340,8,0,2,158
-52.847875,-27.612098,8,0,1,120
-56.022159,-15.640915,8,0,1,117
-50.200142,-25.619221,8,0,2,35
-44.935219,-22.249787,8,0,2,178
-45.403411,-23.619180,8,0,1,254
-49.564752,-23.626955,8,0,2,130
-44.747186,-3.533525,8,0,2,155
-36.344420,-7.952212,8,0,2,158
-52.846372,-27.612946,8,0,1,125
-34.830915,-6.978268,8,0,2,165
-50.407308,-25.871418,8,0,2,74
-44.935251,-22.248065,8,0,2,179
-45.424113,-23.625580,8,0,1,263
-49.563644,-23.627796,8,0,0,130
-53.198517,-27.067943,8,0,2,85
-36.346497,-7.949521,8,0,2,123
-52.845796,-27.613143,8,0,1,300
-34.831682,-6.975501,8,0,2,165
-50.391544,-25.868111,8,0,2,89
-44.935270,-22.246858,8,0,0,179
-45.173220,-23.492220,8,0,2,59
-49.562632,-23.628583,8,0,2,130
-42.100912,-21.177618,8,0,2,30
-36.347830,-7.948335,8,0,2,153
-52.844027,-27.614150,8,0,1,300
-45.130277,-23.500563,8,0,2,144
-50.388299,-25.868173,8,0,1,90
-44.970915,-22.198217,8,0,0,113
-40.864041,-21.033941,8,0,0,100
-49.560999,-23.629831,8,0,2,130
-42.124378,-21.202495,8,0,2,2
-36.444099,-7.986061,8,0,2,80
-52.842780,-27.614974,8,0,1,120
-36.908311,-6.874338,8,0,0,131
-50.387368,-25.868116,8,0,1,270
-44.972810,-22.197549,8,0,2,107
-40.861803,-21.034422,8,0,2,106
-49.559946,-23.630610,8,0,0,126
-42.118602,-21.209229,8,0,2,126
-36.445121,-7.986214,8,0,2,81
-52.842476,-27.615033,8,0,1,305
-36.912605,-6.870503,8,0,2,132
-50.384136,-25.870610,8,0,1,1
-44.973559,-22.197141,8,0,2,127
-43.050846,-20.410355,8,0,2,114
-49.558784,-23.631388,8,0,2,125
-42.101486,-21.178564,8,0,2,30
-36.499149,-7.983321,8,0,2,117
-42.432626,-3.364243,8,0,2,72
-36.924234,-6.870179,8,0,2,49
-50.384922,-25.874929,8,0,2,66
-44.974211,-22.196593,8,0,2,130
-43.049923,-20.410716,8,0,2,114
-49.557553,-23.632176,8,0,2,125
-50.980272,-23.259652,8,0,1,324
-36.500827,-7.982474,8,0,2,109
-42.565165,-3.501220,8,0,2,90
-36.925627,-6.871376,8,0,2,49
-50.384160,-25.865620,8,0,1,180
-44.974954,-22.195687,8,0,2,167
-43.003962,-20.411391,8,0,0,136
-43.809606,-20.648796,8,0,1,172
-49.235014,-15.173655,8,0,2,76
-36.501944,-7.981951,8,0,2,116
-44.751381,-3.524535,8,0,2,147
-36.928602,-6.873946,8,0,0,49
-50.384098,-25.865463,8,0,1,1
-44.975277,-22.193968,8,0,0,171
-43.003306,-20.412488,8,0,0,167
-52.836157,-26.864361,8,0,0,96
-49.236116,-15.173926,8,0,2,76
-54.306143,-22.461705,8,0,0,116
-45.123263,-3.606231,8,0,2,55
-36.712055,-6.995110,8,0,0,144
-50.384090,-25.862906,8,0,1,1
-45.040074,-22.122854,8,0,2,151
-51.483280,-27.161640,8,0,1,249
-44.216024,-20.026165,8,0,0,42
-49.597023,-14.607427,8,0,2,21
-54.304021,-22.462617,8,0,0,116
-45.121146,-3.605049,8,0,2,54
-36.713022,-6.993811,8,0,0,144
-50.384160,-25.861017,8,0,1,180
-45.040441,-22.122240,8,0,0,151
-51.117298,-26.251344,8,0,2,107
-44.213658,-20.034980,8,0,0,167
-49.694334,-14.445840,8,0,2,124
-36.658928,-7.801863,8,0,1,345
-45.063490,-3.585358,8,0,2,77
-36.714674,-6.991766,8,0,0,133
-50.384069,-25.860311,8,0,1,1
-42.591552,-5.648062,8,0,0,177
-49.079207,-5.357800,8,0,2,173
-44.187993,-20.052634,8,0,2,178
-49.596708,-14.606290,8,0,2,6
-36.659030,-7.801871,8,0,1,164
-45.060827,-3.585108,8,0,2,82
-36.716390,-6.990552,8,0,0,120
-50.384096,-25.858464,8,0,2,1
-42.591779,-5.644255,8,0,0,176
-49.079272,-5.357160,8,0,2,173
-44.188785,-20.056153,8,0,2,55
-42.506989,-22.267024,8,0,2,1
-36.659630,-7.799343,8,0,1,345
-45.058143,-3.584862,8,0,2,84
-42.183368,-20.197178,8,0,2,174
-50.382784,-25.848733,8,0,2,177
-42.612969,-5.561994,8,0,0,193
-49.079733,-5.353612,8,0,2,173
-44.191083,-20.057307,8,0,2,65
-42.501194,-22.272417,8,0,2,137
-36.659244,-7.800735,8,0,1,345
-45.030913,-3.587492,8,0,2,106
-42.183208,-20.198570,8,0,2,174
-50.382063,-25.842216,8,0,2,1
-42.613521,-5.564318,8,0,2,193
-49.081876,-5.340822,8,0,0,155
-44.192143,-20.057790,8,0,2,64
-42.500829,-22.272800,8,0,2,140
-36.659686,-7.799356,8,0,1,165
-39.747175,-18.567419,8,0,0,71
-42.335146,-20.292553,8,0,0,173
-50.380389,-25.839914,8,0,2,57
-42.592000,-5.640538,8,0,0,177
-49.082487,-5.339479,8,0,2,156
-44.192965,-20.058158,8,0,2,64
-42.420617,-22.164648,8,0,2,170
-36.659325,-7.800719,8,0,1,165
-39.747835,-18.567633,8,0,1,70
-42.335117,-20.293530,8,0,0,180
-50.395144,-25.866213,8,0,2,1
-41.788702,-4.184523,8,0,2,157
-54.341065,-15.742252,8,0,0,27
-44.199666,-20.123210,8,0,0,164
-54.052529,-25.386202,8,0,1,349
-36.660172,-7.797742,8,0,1,307
-39.747851,-18.567584,8,0,1,250
-35.983318,-7.182936,8,0,2,120
-50.395007,-25.860671,8,0,2,177
-40.376855,-7.078397,8,0,2,88
-54.340218,-15.736801,8,0,0,179
-44.199212,-20.124323,8,0,2,159
-54.052626,-25.386206,8,0,1,169
-36.660701,-7.797351,8,0,1,307
-39.753430,-18.567857,8,0,2,102
-35.984032,-7.182529,8,0,2,120
-50.395570,-25.858844,8,0,2,151
-40.373814,-7.076348,8,0,2,47
-54.396959,-15.817927,8,0,1,216
-44.199437,-20.136124,8,0,2,72
-54.053082,-25.383718,8,0,1,348
-36.660741,-7.797384,8,0,1,127
-39.752341,-18.568075,8,0,2,102
-35.984769,-7.182101,8,0,2,120
-50.403909,-25.852655,8,0,2,169
-40.371385,-7.074198,8,0,2,50
-63.868166,-8.779948,8,0,1,300
-44.201989,-20.137295,8,0,2,47
-54.053540,-25.381670,8,0,1,349
-36.660208,-7.797781,8,0,1,127
-39.759414,-18.566614,8,0,2,102
-35.985971,-7.181422,8,0,0,120
-50.405259,-25.846030,8,0,2,170
-40.159670,-6.894737,8,0,2,128
-49.085494,-5.324564,8,0,2,22
-44.202409,-20.137793,8,0,2,10
-54.053704,-25.381413,8,0,1,169
-36.661386,-7.796859,8,0,2,127
-52.568200,-26.860390,8,0,2,180
-35.952518,-7.200847,8,0,0,150
-53.317741,-27.069625,8,0,2,100
-40.158023,-6.896083,8,0,2,124
-49.075608,-5.294711,8,0,2,165
-44.202068,-20.138499,8,0,2,144
-54.054589,-25.376992,8,0,1,348
-36.661656,-7.796642,8,0,2,127
-52.567327,-26.720413,8,0,2,310
-35.952958,-7.200089,8,0,2,150
-53.244446,-27.079648,8,0,2,151
-39.989202,-6.780435,8,0,2,27
-49.076255,-5.292105,8,0,2,166
-44.201284,-20.139473,8,0,2,144
-54.054718,-25.376853,8,0,1,168
-36.889739,-7.680172,8,0,2,53
-52.687288,-26.447889,8,0,1,207
-36.575467,-7.069430,8,0,2,76
-53.238186,-27.081653,8,0,1,53
-39.987726,-6.777490,8,0,2,27
-49.076205,-5.288799,8,0,2,17
-43.811914,-20.643233,8,0,0,149
-54.089039,-25.297574,8,0,1,120
-37.109776,-7.890121,8,0,2,42
-52.690142,-26.452958,8,0,1,205
-36.580428,-7.069302,8,0,2,92
-53.158452,-27.067068,8,0,2,24
-39.985670,-6.773721,8,0,1,27
-49.075412,-5.286484,8,0,2,19
-40.027436,-11.523448,8,0,0,23
-54.089106,-25.297406,8,0,1,299
-37.110389,-7.890817,8,0,2,41
-52.536391,-26.555559,8,0,2,145
-36.579556,-7.069337,8,0,2,92
-42.671274,-22.069100,8,0,2,99
-39.985743,-6.773668,8,0,1,207
-51.169017,-17.448380,8,0,0,153
-38.999213,-11.662210,8,0,2,33
-54.090828,-25.296624,8,0,1,120
-37.113816,-7.894715,8,0,2,41
-52.535361,-26.556962,8,0,2,145
-36.578511,-7.069378,8,0,2,92
-47.957275,-16.100853,8,0,1,231
-39.956038,-6.737283,8,0,2,8
-49.438041,-15.038403,8,0,0,30
-38.978276,-11.944298,8,0,0,169
-54.107968,-24.943686,8,0,2,159
-37.113105,-7.893905,8,0,2,41
-52.532971,-26.559195,8,0,2,170
-36.577628,-7.069412,8,0,2,92
-47.925237,-16.100004,8,0,2,32
-39.842326,-6.579909,8,0,0,89
-50.833534,-25.900981,8,0,0,177
-38.972179,-11.980224,8,0,0,178
-54.102721,-24.946313,8,0,1,280
-37.119053,-7.900718,8,0,2,40
-52.533165,-26.558134,8,0,2,170
-36.576549,-7.069462,8,0,2,92
-42.567647,-22.139443,8,0,2,53
-39.816309,-6.568279,8,0,0,81
-43.552069,-22.793800,8,0,2,30
-38.972118,-11.981907,8,0,0,178
-54.105234,-24.944527,8,0,1,280
-37.119627,-7.901374,8,0,2,41
-52.532781,-26.560288,8,0,2,170
-36.354453,-7.061976,8,0,2,143
-42.566601,-22.139715,8,0,2,159
-39.764412,-6.549300,8,0,0,95
-47.680227,-22.844970,8,0,1,207
-38.969347,-12.083763,8,0,2,179
-54.101042,-24.947318,8,0,2,131
-35.267199,-7.843401,8,0,2,110
-52.532577,-26.561429,8,0,2,170
-36.367533,-7.056491,8,0,0,113
-44.862757,-22.680613,8,0,2,66
-39.756505,-6.549318,8,0,0,83
-47.680576,-22.845739,8,0,1,200
-38.971556,-12.061347,8,0,0,127
-54.059833,-24.835249,8,0,1,268
-35.317719,-7.847547,8,0,0,91
-52.532174,-26.563660,8,0,2,170
-36.363469,-7.057697,8,0,2,95
-49.107878,-16.020754,8,0,2,123
-39.644492,-6.538446,8,0,0,110
-47.680154,-22.845737,8,0,1,22
-38.973404,-12.059981,8,0,2,127
-54.060637,-24.835264,8,0,1,268
-35.404074,-7.853372,8,0,0,72
-52.528751,-26.566872,8,0,2,273
-36.356012,-7.059928,8,0,2,143
-49.114098,-16.016615,8,0,2,124
-39.534064,-6.527222,8,0,2,70
-47.680538,-22.846563,8,0,1,30
-39.098390,-11.979323,8,0,0,110
-54.062276,-24.835307,8,0,1,268
-35.771586,-7.855656,8,0,0,99
-52.456481,-26.628533,8,0,2,133
-37.723416,-6.891427,8,0,2,118
-49.700749,-15.355349,8,0,2,111
-39.530457,-6.527189,8,0,2,43
-48.797341,-26.029422,8,0,0,103
-39.105628,-11.977892,8,0,0,92
-54.064411,-24.835344,8,0,1,277
-35.653691,-7.830892,8,0,0,108
-52.455841,-26.629062,8,0,2,132
-36.358998,-7.057934,8,0,0,109
-49.712556,-15.350512,8,0,2,112
-41.789733,-4.180593,8,0,2,1
-63.816502,-10.218882,8,0,0,1
-39.108206,-11.977836,8,0,2,91
-54.067429,-24.834917,8,0,1,287
-35.754717,-7.843662,8,0,1,196
-52.454699,-26.631869,8,0,2,185
-37.725355,-6.890469,8,0,0,108
-44.861722,-22.679579,8,0,2,37
-41.781216,-4.133365,8,0,2,167
-63.801931,-10.227864,8,0,0,1
-39.114816,-11.977650,8,0,0,95
-54.073547,-24.832514,8,0,2,114
-35.754544,-7.843741,8,0,1,41
-52.393194,-26.737196,8,0,2,200
-37.728151,-6.889728,8,0,0,115
-44.859226,-22.676652,8,0,2,46
-41.781858,-4.131610,8,0,2,158
-63.774033,-10.257928,8,0,0,1
-39.117819,-11.977054,8,0,0,115
-45.395932,-21.830013,8,0,1,289
-35.755418,-7.844932,8,0,2,36
-53.572977,-25.367973,8,0,1,357
-37.798686,-6.779251,8,0,0,5
-44.856949,-22.674687,8,0,2,31
-41.666504,-2.888636,8,0,2,31
-63.770858,-10.258702,8,0,0,1
-39.218129,-11.938747,8,0,0,116
-45.396924,-21.829725,8,0,1,267
-35.650630,-7.831629,8,0,0,95
-53.573070,-25.366893,8,0,1,177
-37.798495,-6.776850,8,0,0,5
-44.854646,-22.672524,8,0,2,50
-41.656032,-2.882371,8,0,2,108
-63.657353,-10.339771,8,0,0,1
-39.219303,-11.938182,8,0,0,116
-45.398335,-21.830134,8,0,1,254
-35.600932,-7.834719,8,0,0,79
-55.938108,-13.080519,8,0,1,43
-37.797856,-6.771817,8,0,2,9
-44.852577,-22.671320,8,0,2,49
-41.760492,-4.256303,8,0,2,149
-63.288453,-10.258938,8,0,0,1
-39.528453,-11.702526,8,0,0,133
-45.398308,-21.830208,8,0,1,74
-35.755773,-7.845384,8,0,2,38
-54.226969,-22.408868,8,0,2,22
-37.795707,-6.768518,8,0,2,20
-44.850519,-22.665297,8,0,2,20
-41.789222,-4.183258,8,0,0,158
-63.212464,-10.074315,8,0,0,1
-39.524797,-11.705905,8,0,2,133
-42.181588,-21.931241,8,0,2,20
-41.567626,-21.153609,8,0,2,172
-54.234543,-22.425381,8,0,2,23
-37.796852,-6.770482,8,0,2,54
-44.850455,-22.662839,8,0,2,1
-41.443966,-3.080106,8,0,0,51
-63.655853,-10.343659,8,0,2,87
-39.416955,-11.793841,8,0,0,112
-50.151140,-15.947532,8,0,2,141
-35.518086,-7.802656,8,0,0,125
-46.971924,-22.448682,8,0,2,86
-37.791344,-6.766233,8,0,2,42
-44.851300,-22.659472,8,0,2,2
-41.439450,-3.078397,8,0,0,83
-63.768316,-10.258926,8,0,0,1
-39.413725,-11.795205,8,0,0,112
-50.151746,-15.946828,8,0,2,138
-35.472513,-7.826251,8,0,0,119
-46.968760,-22.448409,8,0,2,86
-37.793718,-6.768233,8,0,2,54
-44.851577,-22.667118,8,0,2,11
-41.144179,-7.355840,8,0,2,11
-36.016176,-8.306252,8,0,1,253
-39.402062,-11.800223,8,0,0,112
-50.596797,-15.821762,8,0,2,129
-35.471772,-7.826662,8,0,0,119
-46.963022,-22.447951,8,0,2,86
-37.096952,-6.938350,8,0,0,58
-47.849809,-23.340501,8,0,1,102
-41.149035,-7.371675,8,0,0,41
-36.023176,-8.308245,8,0,1,254
-39.626120,-11.608453,8,0,2,148
-50.608861,-15.817127,8,0,2,99
-41.564223,-21.157518,8,0,1,151
-46.961242,-22.447953,8,0,2,98
-37.093865,-6.936435,8,0,0,58
-47.849331,-23.341008,8,0,1,180
-41.245845,-7.678269,8,0,0,162
-36.024112,-8.308495,8,0,1,253
-39.623721,-11.612314,8,0,0,142
-50.616042,-15.815989,8,0,2,99
-41.564169,-21.157502,8,0,1,331
-44.259139,-21.151599,8,0,0,68
-42.176126,-21.544120,8,0,2,145
-47.843942,-23.348754,8,0,2,145
-57.278300,-14.795215,8,0,0,111
-45.728535,-21.562657,8,0,2,118
-39.397914,-11.802031,8,0,0,112
-49.810570,-16.025020,8,0,1,111
-35.437723,-7.864242,8,0,0,126
-46.979870,-22.448081,8,0,1,61
-37.518736,-6.904249,8,0,2,100
-47.840174,-23.350556,8,0,1,266
-57.177302,-14.872681,8,0,2,145
-45.745262,-21.549562,8,0,2,91
-39.627427,-11.606770,8,0,2,134
-49.810536,-16.024941,8,0,1,291
-41.459563,-21.205149,8,0,2,121
-46.979393,-22.447735,8,0,1,241
-37.522706,-6.904472,8,0,2,82
-47.838349,-23.350598,8,0,1,89
-57.286764,-14.783334,8,0,1,352
-51.638216,-23.595013,8,0,2,109
-39.629258,-11.605437,8,0,2,121
-49.806933,-16.026400,8,0,1,111
-35.440775,-7.861920,8,0,0,126
-42.866986,-20.711780,8,0,2,156
-37.525767,-6.904870,8,0,2,82
-53.741058,-25.819796,8,0,2,112
-57.285384,-14.777531,8,0,2,36
-51.423357,-23.426250,8,0,2,172
-39.632914,-11.603234,8,0,0,121
-50.893541,-15.876627,8,0,0,98
-35.436457,-7.864882,8,0,0,111
-42.867446,-20.710480,8,0,2,166
-42.327975,-22.349132,8,0,0,12
-47.849334,-23.342989,8,0,1,291
-57.282230,-14.773437,8,0,2,36
-51.423437,-23.425684,8,0,2,172
-39.635722,-11.601541,8,0,2,121
-52.796267,-29.640022,8,0,2,17
-41.460020,-21.204904,8,0,2,118
-49.329219,-25.217682,8,0,2,91
-42.329375,-22.350269,8,0,0,77
-47.847875,-23.345249,8,0,1,331
-41.663515,-2.881123,8,0,1,255
-51.423789,-23.423344,8,0,2,168
-39.391749,-11.804570,8,0,0,122
-52.796264,-29.636703,8,0,2,163
-35.433974,-7.865309,8,0,0,87
-49.309957,-25.199104,8,0,0,172
-42.332964,-22.350690,8,0,0,60
-47.848322,-23.344526,8,0,1,330
-67.813448,-10.018122,8,0,2,26
-51.424008,-23.422767,8,0,2,155
-39.637145,-11.600412,8,0,0,134
-58.835110,-13.539416,8,0,2,90
-35.765986,-7.855306,8,0,2,68
-49.303307,-25.220574,8,0,2,174
-42.383832,-22.352032,8,0,0,117
-47.848802,-23.343751,8,0,1,331
-41.244977,-7.680904,8,0,2,162
-51.426478,-23.417765,8,0,2,156
-39.680938,-11.559317,8,0,2,133
-58.819701,-13.539564,8,0,2,90
-41.460646,-21.205521,8,0,2,23
-49.298168,-25.230509,8,0,0,130
-42.383323,-22.352122,8,0,0,73
-47.867136,-23.329216,8,0,2,134
-40.822511,-7.120405,8,0,2,89
-51.427405,-23.411403,8,0,2,172
-39.390367,-11.806474,8,0,2,159
-58.804415,-13.539742,8,0,2,90
-41.462889,-21.205190,8,0,2,148
-54.505912,-22.380304,8,0,2,115
-42.403563,-22.349782,8,0,0,95
-47.871867,-23.324880,8,0,2,133
-40.821106,-7.120402,8,0,2,90
-51.427472,-23.411031,8,0,2,171
-39.386473,-11.811729,8,0,0,119
-40.368846,-19.827400,8,0,1,169
-41.463432,-21.204405,8,0,2,150
-49.856256,-22.985330,8,0,1,161
-42.506026,-22.336651,8,0,0,95
-47.873805,-23.323102,8,0,2,135
-40.819832,-7.120389,8,0,2,92
-51.672224,-23.535732,8,0,2,151
-39.384656,-11.812736,8,0,2,119
-40.603375,-19.518022,8,0,2,95
-41.562665,-21.159141,8,0,2,127
-52.095517,-27.050496,8,0,2,95
-48.057919,-16.056368,8,0,1,237
-47.877101,-23.319206,8,0,2,150
-40.620551,-7.089724,8,0,0,75
-51.673229,-23.533291,8,0,2,163
-39.382017,-11.814195,8,0,2,119
-40.613087,-19.517928,8,0,2,72
-41.563361,-21.158678,8,0,2,126
-52.092873,-27.052385,8,0,2,150
-48.063125,-16.061260,8,0,1,190
-44.987254,-19.245706,8,0,2,1
-40.619175,-7.089359,8,0,2,75
-51.675588,-23.528750,8,0,2,129
-39.681749,-11.558576,8,0,0,132
-46.404677,-23.741206,8,0,0,134
-41.565206,-21.155918,8,0,2,153
-52.087758,-27.056230,8,0,2,240
-48.064445,-16.068064,8,0,1,187
-43.299027,-19.694035,8,0,0,75
-40.617808,-7.089045,8,0,1,77
-51.680611,-23.519303,8,0,2,155
-39.784267,-11.474287,8,0,2,127
-46.401822,-23.745973,8,0,2,154
-41.566078,-21.154287,8,0,2,153
-52.086303,-27.053420,8,0,2,20
-48.064940,-16.071630,8,0,1,187
-44.987365,-19.244740,8,0,2,173
-40.617856,-7.088970,8,0,1,257
-52.127393,-27.196988,8,0,0,91
-39.893664,-12.089047,8,0,0,114
-46.399676,-23.749702,8,0,2,154
-41.568400,-21.151970,8,0,2,155
-52.085767,-27.052077,8,0,2,20
-48.065497,-16.075737,8,0,1,187
-44.991475,-19.233326,8,0,2,158
-40.616429,-7.088794,8,0,1,83
-52.125430,-27.196958,8,0,0,91
-39.851984,-12.107745,8,0,0,114
-46.399085,-23.750762,8,0,2,154
-41.569320,-21.150923,8,0,2,124
-52.085002,-27.051563,8,0,2,90
-48.066163,-16.081095,8,0,1,188
-44.992509,-19.231025,8,0,2,157
-40.616448,-7.088717,8,0,1,263
-53.837704,-24.063506,8,0,0,78
-36.697409,-9.677881,8,0,2,4
-47.394093,-18.915826,8,0,2,86
-41.570166,-21.150380,8,0,2,123
-52.082899,-27.051596,8,0,2,90
-48.067184,-16.085629,8,0,1,194
-44.995368,-19.224691,8,0,2,158
-40.615075,-7.088680,8,0,1,85
-49.971425,-16.457940,8,0,2,108
-36.696952,-9.679810,8,0,2,150
-53.615657,-26.939622,8,0,1,57
-41.572755,-21.149736,8,0,2,90
-52.081235,-27.051080,8,0,2,85
-48.067230,-16.086221,8,0,1,14
-44.996348,-19.222472,8,0,2,157
-40.615083,-7.088597,8,0,1,265
-49.968780,-16.458810,8,0,2,108
-36.755782,-9.629210,8,0,2,145
-53.614645,-26.939038,8,0,1,242
-41.574049,-21.149586,8,0,2,110
-52.076751,-27.047580,8,0,2,17
-48.066123,-16.081682,8,0,1,10
-44.996997,-19.220969,8,0,2,158
-40.612320,-7.088699,8,0,2,100
-49.965505,-16.459888,8,0,2,108
-36.731076,-9.656631,8,0,2,130
-40.618681,-19.527989,8,0,2,43
-41.578981,-21.147698,8,0,2,113
-52.075830,-27.045238,8,0,2,23
-48.058358,-16.056797,8,0,1,56
-44.997968,-19.218972,8,0,2,144
-40.610923,-7.088943,8,0,2,100
-49.961989,-16.461045,8,0,2,108
-39.848028,-12.856573,8,0,0,35
-40.617965,-19.527340,8,0,2,44
-41.620827,-21.146712,8,0,2,125
-51.888033,-27.024474,8,0,1,280
-48.064917,-16.072333,8,0,1,7
-45.001332,-19.214690,8,0,2,141
-40.609383,-7.089213,8,0,2,100
-49.960083,-16.461677,8,0,2,108
-48.996014,-26.896777,8,0,2,134
-46.600434,-23.327173,8,0,2,60
-41.621561,-21.146302,8,0,2,117
-51.890966,-27.024022,8,0,1,280
-48.064439,-16.068734,8,0,1,7
-45.002696,-19.212911,8,0,2,144
-40.608037,-7.089448,8,0,2,100
-49.957475,-16.462541,8,0,2,108
-48.836949,-26.904216,8,0,0,76
-51.455253,-23.533291,8,0,2,34
-35.765698,-7.855186,8,0,2,68
-51.890987,-27.024081,8,0,1,100
-48.063198,-16.062111,8,0,1,11
-45.004993,-19.210259,8,0,2,134
-40.460189,-7.078654,8,0,0,77
-49.954292,-16.463574,8,0,2,107
-41.523313,-17.837615,8,0,2,41
-51.455911,-23.534471,8,0,2,17
-35.761097,-7.852421,8,0,2,35
-51.893391,-27.023672,8,0,1,279
-48.051473,-16.051842,8,0,1,58
-45.006649,-19.208796,8,0,2,135
-40.459267,-7.078487,8,0,0,83
-51.409714,-26.902820,8,0,2,176
-42.073884,-17.837621,8,0,2,153
-45.484692,-7.023991,8,0,2,58
-35.760898,-7.852152,8,0,2,37
-51.894922,-27.023732,8,0,1,262
-48.062145,-16.059294,8,0,1,46
-45.007212,-19.207483,8,0,2,159
-47.753423,-15.753461,8,0,0,122
-51.415888,-26.895760,8,0,0,1
-41.848191,-17.817850,8,0,0,92
-45.480929,-7.022234,8,0,2,65
-35.759323,-7.850130,8,0,2,36
-51.894921,-27.023782,8,0,1,82
-48.055925,-16.054838,8,0,1,48
-45.008127,-19.205872,8,0,2,136
-47.744068,-15.759264,8,0,2,122
-51.401777,-26.907584,8,0,1,260
-41.801287,-17.815568,8,0,2,65
-45.480074,-7.021855,8,0,2,65
-35.759085,-7.849794,8,0,2,37
-51.897149,-27.023963,8,0,1,265
-48.051027,-16.051475,8,0,1,238
-45.007049,-19.205848,8,0,2,18
-41.482135,-18.770506,8,0,0,6
-45.944388,-23.305642,8,0,2,143
-41.789025,-17.806930,8,0,1,21
-45.475763,-7.019601,8,0,2,38
-35.651941,-7.831433,8,0,2,100
-51.897731,-27.024075,8,0,1,250
-46.911347,-22.742096,8,0,2,48
-45.006644,-19.204185,8,0,2,1
-41.482374,-18.772902,8,0,0,17
-45.951875,-23.297468,8,0,1,100
-41.789092,-17.806889,8,0,1,200
-44.093820,-6.606269,8,0,2,44
-35.604022,-7.835244,8,0,0,85
-51.897705,-27.024134,8,0,1,70
-46.983721,-22.708243,8,0,1,48
-39.756748,-17.530992,8,0,1,109
-43.321229,-19.706897,8,0,2,70
-45.377308,-23.822262,8,0,1,100
-41.788677,-17.806071,8,0,1,20
-44.090435,-6.602796,8,0,2,43
-35.555460,-7.806755,8,0,0,61
-51.899717,-27.024059,8,0,1,298
-46.912046,-22.743017,8,0,2,31
-39.756719,-17.530926,8,0,1,289
-43.322272,-19.707003,8,0,2,94
-45.431761,-23.867685,8,0,0,1
-41.788773,-17.806038,8,0,1,200
-44.087227,-6.599602,8,0,1,48
-35.442933,-7.860292,8,0,0,126
-51.899851,-27.024078,8,0,1,117
-46.244950,-23.543256,8,0,1,239
-39.750067,-17.537271,8,0,2,140
-43.324010,-19.706559,8,0,0,104
-45.436257,-23.871346,8,0,2,73
-41.787759,-17.803695,8,0,2,22
-44.087291,-6.599527,8,0,1,228
-35.407475,-7.854468,8,0,0,72
-51.901526,-27.023153,8,0,1,298
-46.257019,-23.544105,8,0,1,280
-39.749169,-17.537979,8,0,2,120
-43.324890,-19.706536,8,0,0,79
-45.439017,-23.872878,8,0,2,59
-41.787028,-17.802085,8,0,2,13
-44.083096,-6.596267,8,0,1,50
-36.064106,-8.007470,8,0,2,98
-51.903289,-27.017052,8,0,2,159
-46.305564,-23.557135,8,0,2,84
-47.839788,-23.350669,8,0,1,86
-43.438734,-19.732046,8,0,0,40
-45.443067,-23.875516,8,0,0,1
-41.786781,-17.800838,8,0,2,11
-44.083161,-6.596193,8,0,1,231
-36.071856,-8.006328,8,0,2,98
-51.903540,-27.016435,8,0,2,158
-46.304671,-23.557060,8,0,2,88
-39.744594,-17.540186,8,0,2,101
-43.440090,-19.733586,8,0,0,41
-52.314132,-27.146808,8,0,1,161
-41.786565,-17.799619,8,0,2,9
-44.079111,-6.592331,8,0,1,43
-36.117754,-7.967281,8,0,1,91
-51.906114,-27.012712,8,0,2,150
-46.308472,-23.586290,8,0,1,349
-39.740868,-17.539732,8,0,2,76
-43.287610,-19.690346,8,0,0,68
-53.508813,-27.027239,8,0,2,160
-41.786294,-17.798598,8,0,2,19
-44.079186,-6.592261,8,0,1,224
-36.130294,-7.955168,8,0,2,75
-51.907353,-27.011507,8,0,2,153
-44.950727,-22.356671,8,0,0,18
-39.723215,-17.535422,8,0,2,76
-42.702454,-22.729638,8,0,1,258
-40.888260,-14.840431,8,0,2,8
-41.785750,-17.797478,8,0,2,27
-44.075862,-6.589030,8,0,2,52
-36.131056,-7.955363,8,0,2,75
-51.811437,-27.217143,8,0,2,173
-44.950984,-22.357385,8,0,2,18
-39.722578,-17.535270,8,0,1,83
-58.341512,-15.811119,8,0,2,97
-37.538870,-11.528946,8,0,0,1
-41.781665,-17.793493,8,0,2,37
-44.059397,-6.582077,8,0,2,85
-36.131979,-7.955607,8,0,2,75
-51.811946,-27.215392,8,0,1,153
-44.951258,-22.358171,8,0,2,18
-39.719817,-17.534162,8,0,2,54
-58.301983,-15.687134,8,0,2,5
-37.568444,-11.541105,8,0,2,16
-41.780527,-17.792750,8,0,2,74
-43.878404,-6.515009,8,0,2,58
-36.133060,-7.955925,8,0,2,68
-51.115062,0.031767,8,0,2,120
-44.951598,-22.359135,8,0,0,18
-39.716217,-17.531519,8,0,2,50
-58.301927,-15.686015,8,0,2,5
-37.569623,-11.545215,8,0,2,15
-41.777042,-17.792048,8,0,2,78
-43.693232,-6.496229,8,0,1,84
-36.134305,-7.956856,8,0,0,36
-51.170425,0.017230,8,0,2,13
-44.122266,-19.863724,8,0,2,139
-39.713841,-17.529709,8,0,2,51
-58.311313,-15.774119,8,0,2,5
-37.624805,-11.791671,8,0,2,60
-41.771825,-17.789058,8,0,2,49
-43.693237,-6.496142,8,0,1,265
-36.135112,-7.958161,8,0,2,29
-51.158955,0.024130,8,0,0,111
-44.102562,-19.881836,8,0,0,122
-39.710888,-17.527485,8,0,2,52
-58.310279,-15.764225,8,0,2,5
-37.627287,-11.793731,8,0,2,20
-41.753689,-17.794339,8,0,2,66
-43.698765,-6.495869,8,0,1,288
-36.135632,-7.959053,8,0,2,29
-41.672694,-20.774534,8,0,2,81
-43.803071,-19.887408,8,0,2,36
-39.747832,-17.538701,8,0,2,118
-58.097587,-15.665536,8,0,0,157
-37.627327,-11.795071,8,0,0,1
-41.642598,-17.814203,8,0,2,104
-43.698800,-6.495956,8,0,1,108
-36.137750,-7.960831,8,0,2,67
-54.114674,-15.147868,8,0,0,3
-43.554700,-22.528692,8,0,0,94
-41.888088,-21.213897,8,0,2,3
-47.351783,-15.585077,8,0,2,167
-37.635623,-11.825618,8,0,1,180
-41.639103,-17.813674,8,0,2,107
-43.702196,-6.494832,8,0,1,108
-36.139483,-7.961479,8,0,0,69
-54.012814,-14.609497,8,0,0,40
-46.981741,-22.705629,8,0,1,261
-41.768788,-21.257730,8,0,2,55
-42.615009,-22.268234,8,0,2,123
-37.635097,-11.825601,8,0,1,1
-41.608882,-17.839403,8,0,2,69
-43.702164,-6.494744,8,0,1,288
-36.178960,-7.958648,8,0,2,76
-54.011342,-14.606395,8,0,0,20
-46.983489,-22.707050,8,0,1,198
-41.664146,-21.133749,8,0,1,122
-42.616692,-22.266825,8,0,2,132
-43.909350,-19.659450,8,0,1,313
-41.569454,-17.822131,8,0,2,65
-43.705055,-6.493762,8,0,1,288
-36.180633,-7.958985,8,0,2,83
-54.063487,-14.965950,8,0,0,168
-46.987286,-22.708001,8,0,1,288
-41.664182,-21.133639,8,0,1,302
-42.657750,-22.249554,8,0,0,60
-43.909444,-19.659553,8,0,1,132
-41.553965,-17.822834,8,0,2,106
-43.705087,-6.493846,8,0,1,109
-36.193045,-7.955913,8,0,2,77
-54.063472,-14.969506,8,0,0,16
-46.995538,-22.703028,8,0,1,317
-41.665272,-21.133196,8,0,1,288
-42.659475,-22.250983,8,0,0,39
-43.904276,-19.635847,8,0,1,201
-41.541889,-17.831217,8,0,2,159
-43.709389,-6.492778,8,0,1,280
-36.195052,-7.956339,8,0,2,79
-54.114901,-15.152320,8,0,0,3
-47.058551,-22.622980,8,0,2,116
-41.665222,-21.133281,8,0,1,105
-42.661138,-22.251674,8,0,0,104
-43.904536,-19.636571,8,0,1,214
-41.527982,-17.842621,8,0,2,92
-43.709416,-6.492857,8,0,1,100
-36.197152,-7.955131,8,0,2,129
-54.295909,-15.559251,8,0,2,5
-47.061189,-22.621760,8,0,2,116
-41.666339,-21.133055,8,0,1,100
-42.550007,-22.256716,8,0,2,53
-43.904997,-19.638041,8,0,1,177
-41.526701,-17.842349,8,0,2,67
-43.713904,-6.491936,8,0,1,284
-36.197811,-7.954606,8,0,2,129
-55.173598,-15.563253,8,0,2,21
-47.086246,-22.611208,8,0,2,122
-41.667883,-21.132781,8,0,1,277
-42.548634,-22.255796,8,0,0,53
-43.904868,-19.639861,8,0,1,176
-41.524135,-17.838521,8,0,2,41
-43.713933,-6.492009,8,0,1,105
-36.201092,-7.951928,8,0,1,309
-55.172609,-15.560676,8,0,2,21
-47.094811,-22.606117,8,0,2,122
-41.669047,-21.132703,8,0,1,97
-42.547054,-22.254761,8,0,2,53
-43.904689,-19.642091,8,0,1,176
-41.521187,-17.836649,8,0,2,91
-43.718128,-6.490393,8,0,1,293
-36.201164,-7.951990,8,0,1,129
-55.156609,-15.545300,8,0,2,65
-47.050735,-22.626612,8,0,0,116
-42.181120,-21.930101,8,0,2,19
-48.304433,-18.910740,8,0,1,109
-43.904619,-19.642082,8,0,1,357
-40.113692,-13.856665,8,0,2,175
-43.718174,-6.490474,8,0,1,112
-36.201547,-7.951566,8,0,1,308
-55.155842,-15.544940,8,0,2,65
-47.093864,-22.606701,8,0,2,122
-54.128930,-31.285856,8,0,0,19
-48.308165,-18.939283,8,0,2,74
-43.904541,-19.644589,8,0,1,177
-51.441831,-23.557477,8,0,2,134
-43.031548,-6.752409,8,0,2,109
-36.201606,-7.951625,8,0,1,128
-57.961491,-14.320254,8,0,2,171
-47.160175,-22.583582,8,0,2,132
-54.575758,-16.467318,8,0,1,258
-48.328023,-18.944802,8,0,0,73
-43.904477,-19.644560,8,0,1,357
-51.444364,-23.555262,8,0,2,134
-43.028091,-6.753571,8,0,2,108
-43.521429,-3.326657,8,0,2,55
-57.962067,-14.317420,8,0,2,171
-47.154821,-22.585731,8,0,1,287
-54.584443,-16.470790,8,0,1,240
-48.326408,-18.944356,8,0,0,74
-43.904589,-19.645713,8,0,1,203
-51.447314,-23.552765,8,0,2,125
-43.025677,-6.754395,8,0,2,108
-43.519859,-3.324868,8,0,2,35
-42.115161,-21.211927,8,0,2,159
-47.158043,-22.584812,8,0,0,109
-54.607312,-16.481399,8,0,1,262
-48.317904,-18.941990,8,0,0,74
-43.904509,-19.645734,8,0,1,17
-51.422793,-23.429955,8,0,0,172
-43.021651,-6.755397,8,0,2,91
-43.517447,-3.321480,8,0,2,35
-39.213755,-17.745952,8,0,0,75
-47.154840,-22.585784,8,0,1,107
-55.162146,-15.547807,8,0,2,64
-45.002781,-19.235197,8,0,0,54
-43.904557,-19.665011,8,0,1,168
-52.998404,-26.928032,8,0,2,73
-43.010378,-6.762904,8,0,2,160
-43.516749,-3.320504,8,0,2,35
-40.018691,-17.897937,8,0,2,99
-43.870535,-19.876341,8,0,2,105
-44.747498,-19.442206,8,0,2,192
-44.985544,-19.227659,8,0,2,94
-43.904406,-19.664987,8,0,1,356
-48.205625,-15.812191,8,0,2,41
-43.010067,-6.763755,8,0,2,161
-43.515584,-3.319385,8,0,2,50
-39.216111,-17.746577,8,0,0,71
-43.578875,-18.200693,8,0,0,29
-44.749190,-19.450069,8,0,2,162
-44.990589,-19.227565,8,0,2,79
-62.484940,-10.428983,8,0,2,125
-48.207440,-15.814148,8,0,2,41
-43.009764,-6.764681,8,0,2,159
-43.513669,-3.317866,8,0,2,52
-40.186844,-17.838761,8,0,0,116
-43.579130,-18.201120,8,0,0,29
-44.748346,-19.446042,8,0,2,10
-44.997227,-19.231313,8,0,2,53
-62.482419,-10.430631,8,0,2,123
-48.212295,-15.819885,8,0,2,26
-47.861187,-6.191729,8,0,2,19
-43.511951,-3.316596,8,0,2,54
-40.187625,-17.838409,8,0,0,113
-42.870794,-20.748613,8,0,2,80
-44.754238,-19.452676,8,0,2,52
-44.995559,-19.230123,8,0,2,53
-62.474625,-10.435564,8,0,2,123
-48.152031,-15.884831,8,0,2,163
-47.860260,-6.189019,8,0,2,17
-43.510370,-3.315436,8,0,2,53
-39.195655,-17.737749,8,0,0,70
-42.871872,-20.748557,8,0,2,110
-44.754855,-19.453562,8,0,2,28
-43.452899,-18.521581,8,0,0,151
-62.470918,-10.438139,8,0,2,123
-48.151814,-15.885511,8,0,2,163
-47.859621,-6.186405,8,0,2,8
-36.220412,-7.949773,8,0,1,92
-42.120001,-21.208371,8,0,0,114
-42.873649,-20.747792,8,0,2,114
-44.753265,-19.452037,8,0,2,57
-51.122828,-26.243085,8,0,2,160
-62.469236,-10.439518,8,0,2,135
-48.151044,-15.887916,8,0,2,163
-43.969150,-2.850225,8,0,2,82
-36.220412,-7.949695,8,0,1,272
-42.124315,-21.201513,8,0,0,17
-42.875734,-20.747866,8,0,2,87
-44.748644,-19.447463,8,0,2,11
-51.121773,-26.245555,8,0,2,160
-62.466087,-10.444028,8,0,2,147
-48.150773,-15.888784,8,0,2,163
-43.971254,-2.850626,8,0,2,82
-36.221744,-7.949627,8,0,1,271
-42.416944,-18.172895,8,0,0,167
-42.879901,-20.744346,8,0,2,12
-44.755529,-19.454764,8,0,2,27
-51.114644,-26.251226,8,0,0,77
-62.461372,-10.451269,8,0,2,148
-48.148849,-15.894905,8,0,2,163
-49.605655,-15.925764,8,0,2,172
-36.221744,-7.949709,8,0,1,91
-42.417387,-18.170375,8,0,0,174
-42.879536,-20.742993,8,0,2,16
-44.756025,-19.455646,8,0,2,28
-51.112131,-26.250694,8,0,0,74
-62.258390,-10.705997,8,0,2,139
-48.148583,-15.895735,8,0,2,163
-49.606063,-15.922625,8,0,1,354
-36.223521,-7.949531,8,0,1,274
-42.417301,-18.171160,8,0,0,173
-42.879327,-20.741727,8,0,2,1
-53.005402,-25.974769,8,0,1,158
-51.100997,-26.251258,8,0,2,96
-62.250373,-10.715657,8,0,2,141
-48.148229,-15.896851,8,0,2,163
-49.606597,-15.918774,8,0,1,352
-36.223518,-7.949616,8,0,1,94
-42.417148,-18.172064,8,0,0,169
-42.879240,-20.740220,8,0,2,5
-53.007639,-25.983455,8,0,2,58
-51.097398,-26.253010,8,0,2,117
-43.819017,-22.484593,8,0,1,195
-48.147700,-15.898536,8,0,2,164
-49.607508,-15.912337,8,0,2,353
-36.226097,-7.949313,8,0,1,278
-39.231893,-17.746450,8,0,2,141
-42.878982,-20.736934,8,0,2,2
-53.028612,-25.992891,8,0,2,55
-51.096386,-26.253486,8,0,2,117
-43.818730,-22.483970,8,0,1,202
-48.147352,-15.899659,8,0,2,164
-49.634240,-15.770642,8,0,1,23
-36.226674,-7.949557,8,0,1,96
-39.220055,-17.511958,8,0,2,67
-42.879882,-20.738318,8,0,2,173
-50.995807,-25.205348,8,0,1,71
-52.260735,-15.909165,8,0,2,36
-43.817109,-22.487873,8,0,2,159
-48.146555,-15.902176,8,0,2,164
-49.631931,-15.766181,8,0,2,24
-36.263805,-7.946948,8,0,2,106
-39.594809,-17.763771,8,0,2,29
-42.877586,-20.747260,8,0,0,119
-50.983870,-25.202800,8,0,1,73
-52.259519,-15.907541,8,0,2,35
-43.813619,-22.492768,8,0,0,172
-43.812389,-20.572586,8,0,1,21
-48.671921,-14.975176,8,0,2,41
-43.419213,-3.220796,8,0,0,40
-40.017855,-17.898059,8,0,2,99
-48.640570,-26.948787,8,0,1,357
-39.705708,-17.523598,8,0,2,52
-52.258223,-15.905780,8,0,2,35
-43.813247,-22.495431,8,0,2,146
-52.991363,-26.926754,8,0,2,76
-48.670185,-14.973229,8,0,2,41
-43.418234,-3.219683,8,0,0,40
-40.019619,-17.897797,8,0,2,99
-48.640662,-26.948717,8,0,1,180
-39.682725,-17.520822,8,0,2,84
-52.257248,-15.901812,8,0,2,5
-43.811683,-22.498290,8,0,2,124
-52.992111,-26.855144,8,0,2,44
-48.668871,-14.971859,8,0,2,41
-43.413986,-3.214728,8,0,2,41
-40.025784,-17.896878,8,0,2,99
-48.640360,-26.952183,8,0,1,358
-39.706512,-17.524199,8,0,2,52
-52.256910,-15.900128,8,0,2,178
-43.817226,-22.505514,8,0,0,74
-52.979476,-27.068385,8,0,2,99
-48.631432,-14.789423,8,0,2,10
-43.412251,-3.213441,8,0,0,56
-42.117669,-21.209818,8,0,2,116
-48.640445,-26.952137,8,0,1,178
-44.751001,-19.450813,8,0,2,75
-52.257065,-15.899203,8,0,2,169
-43.817368,-22.507111,8,0,0,75
-52.977854,-27.068643,8,0,2,99
-48.631628,-14.790372,8,0,2,10
-43.409792,-3.211643,8,0,1,223
-42.121786,-21.207042,8,0,2,173
-48.649810,-26.924590,8,0,1,290
-52.356604,-14.643233,8,0,0,5
-52.257143,-15.897911,8,0,0,19
-43.811175,-22.508966,8,0,2,172
-53.049831,-27.077949,8,0,1,268
-48.631118,-14.787855,8,0,2,11
-43.409745,-3.211670,8,0,1,43
-42.121956,-21.206376,8,0,2,138
-48.650402,-26.924439,8,0,1,120
-52.358745,-14.677804,8,0,1,324
-52.702938,-26.894304,8,0,2,8
-43.808873,-22.514970,8,0,0,151
-53.049839,-27.077996,8,0,1,87
-48.631016,-14.787372,8,0,2,10
-44.325206,-3.139146,8,0,1,4
-42.122185,-21.206122,8,0,2,139
-55.823993,-21.142555,8,0,2,42
-52.357010,-14.679412,8,0,1,311
-52.796947,-26.649681,8,0,2,29
-43.806049,-22.518502,8,0,2,126
-53.052962,-27.078523,8,0,1,248
-48.625384,-14.771265,8,0,2,25
-44.356524,-3.398569,8,0,1,338
-42.123155,-21.205160,8,0,2,137
-56.108963,-21.451344,8,0,1,245
-52.349058,-14.685345,8,0,2,126
-52.795434,-26.647443,8,0,2,46
-43.808924,-22.527481,8,0,2,55
-53.052952,-27.078598,8,0,1,70
-48.624330,-14.769078,8,0,2,20
-43.525012,-3.337702,8,0,1,177
-42.124120,-21.204571,8,0,2,115
-56.110926,-21.452709,8,0,1,57
-42.272851,-21.636836,8,0,2,52
-52.857197,-26.350701,8,0,2,40
-45.572021,-21.077439,8,0,2,163
-53.055047,-27.079312,8,0,1,69
-48.541229,-14.537080,8,0,2,53
-43.524947,-3.337661,8,0,1,355
-44.042242,-22.959066,8,0,2,89
-56.479158,-21.132727,8,0,2,153
-42.340840,-21.658205,8,0,2,111
-48.767164,-26.620508,8,0,2,92
-45.571901,-21.077768,8,0,2,163
-53.055066,-27.079220,8,0,1,247
-48.540172,-14.536327,8,0,2,55
-43.525156,-3.336596,8,0,1,175
-44.039643,-22.959947,8,0,0,104
-56.517529,-21.117010,8,0,0,94
-42.343860,-21.658540,8,0,2,74
-48.768479,-26.620472,8,0,2,92
-45.571746,-21.078301,8,0,0,166
-39.047748,-16.407843,8,0,2,39
-48.431405,-14.366045,8,0,2,1
-43.525068,-3.336573,8,0,1,355
-44.036834,-22.960817,8,0,0,151
-56.508972,-21.116847,8,0,2,100
-42.346884,-21.658820,8,0,2,83
-41.961232,-20.329360,8,0,0,27
-45.571245,-21.082733,8,0,2,177
-39.041862,-16.397629,8,0,0,14
-48.432065,-14.361320,8,0,2,153
-43.499004,-3.160794,8,0,0,112
-44.033452,-22.962359,8,0,2,59
-54.856719,-21.937453,8,0,1,311
-42.348776,-21.658354,8,0,2,129
-43.665814,-20.352784,8,0,2,125
-45.571210,-21.083705,8,0,1,177
-41.759192,-19.906860,8,0,2,51
-48.432977,-14.359828,8,0,2,147
-43.420104,-3.204287,8,0,0,110
-44.031921,-22.961459,8,0,0,57
-54.813258,-22.640570,8,0,2,144
-42.350077,-21.657565,8,0,2,74
-42.912110,-20.390539,8,0,0,33
-45.571190,-21.085207,8,0,2,3
-41.757950,-19.906690,8,0,2,89
-47.667275,-23.266607,8,0,2,79
-43.416387,-3.205648,8,0,2,108
-44.030995,-22.960929,8,0,2,59
-54.815667,-22.637427,8,0,2,144
-42.354258,-21.656609,8,0,2,130
-42.910291,-20.386416,8,0,0,45
-45.571901,-21.087161,8,0,2,68
-41.709888,-19.789565,8,0,2,8
-47.664798,-23.266168,8,0,2,79
-43.414059,-3.206399,8,0,0,107
-44.024276,-22.954051,8,0,0,179
-54.819068,-22.629552,8,0,2,177
-42.118552,-21.105823,8,0,2,36
-42.906303,-20.384671,8,0,0,134
-45.572787,-21.087491,8,0,2,68
-41.228245,-19.567820,8,0,2,41
-47.659397,-23.265178,8,0,2,79
-43.412960,-3.206742,8,0,0,107
-44.022589,-22.952425,8,0,2,125
-54.818952,-22.632824,8,0,2,177
-39.886945,-14.017362,8,0,2,83
-42.774859,-20.338731,8,0,0,51
-45.574533,-21.088303,8,0,2,47
-41.224414,-19.565690,8,0,2,59
-47.677094,-23.269277,8,0,2,65
-43.412171,-3.207001,8,0,2,107
-44.019969,-22.952663,8,0,0,155
-54.818448,-22.633854,8,0,2,144
-41.950025,-20.359415,8,0,0,1
-42.774257,-20.338226,8,0,2,48
-52.595158,-27.107569,8,0,2,132
-41.215599,-19.558088,8,0,2,149
-47.682180,-23.271392,8,0,2,65
-43.411317,-3.207264,8,0,2,111
-44.007528,-22.941105,8,0,0,48
-55.790551,-14.873630,8,0,2,148
-41.950080,-20.358610,8,0,0,175
-42.773907,-20.337934,8,0,2,48
-42.950148,-22.415282,8,0,1,26
-41.216602,-19.556639,8,0,2,145
-47.683996,-23.272134,8,0,2,65
-43.410593,-3.207499,8,0,1,300
-44.005138,-22.939103,8,0,2,48
-55.790291,-14.873996,8,0,2,137
-41.950120,-20.357841,8,0,2,6
-42.773242,-20.337362,8,0,0,48
-49.017439,-28.259184,8,0,2,107
-41.068845,-19.499555,8,0,2,91
-47.688876,-23.274148,8,0,2,65
-43.410658,-3.207568,8,0,1,120
-45.384188,-23.826375,8,0,0,31
-57.174941,-14.876836,8,0,2,2
-41.949967,-20.356889,8,0,2,8
-49.718259,-25.932572,8,0,0,149
-49.019748,-28.261108,8,0,1,187
-40.701070,-19.526175,8,0,2,129
-47.694204,-23.276357,8,0,2,65
-43.409319,-3.208054,8,0,1,293
-57.287268,-14.780209,8,0,1,195
-54.245349,-25.033641,8,0,1,44
-44.294726,-21.745291,8,0,2,141
-49.719934,-25.930074,8,0,0,149
-49.019773,-28.261348,8,0,1,7
-40.064117,-19.355904,8,0,2,5
-47.706137,-23.281189,8,0,2,70
-43.409410,-3.208248,8,0,1,118
-57.283806,-14.775483,8,0,2,36
-54.298284,-24.793305,8,0,1,242
-46.175284,-23.942553,8,0,2,176
-49.673255,-25.989430,8,0,0,134
-49.019894,-28.263910,8,0,1,0
-40.067015,-19.335620,8,0,2,152
-47.823092,-23.320662,8,0,2,65
-35.855089,-7.863284,8,0,0,92
-57.286685,-14.779214,8,0,2,36
-54.297348,-24.792981,8,0,1,62
-46.176334,-23.941426,8,0,0,123
-37.106289,-10.927826,8,0,1,257
-49.020402,-28.267375,8,0,2,24
-39.713012,-17.535693,8,0,2,27
-47.819464,-23.319139,8,0,2,65
-35.866547,-7.862814,8,0,0,93
-57.286336,-14.784413,8,0,2,153
-54.295779,-24.792072,8,0,1,242
-46.176921,-23.941069,8,0,0,125
-37.106954,-10.927974,8,0,1,256
-49.020761,-28.270080,8,0,0,3
-39.540577,-17.024091,8,0,2,168
-47.833566,-23.351045,8,0,2,90
-35.883637,-7.868052,8,0,0,64
-56.339543,-15.134289,8,0,0,159
-54.299749,-24.794154,8,0,1,62
-46.177504,-23.940669,8,0,0,128
-37.107659,-10.928137,8,0,1,256
-49.020961,-28.273216,8,0,0,3
-39.541470,-17.019923,8,0,2,168
-47.669266,-23.266933,8,0,1,258
-35.884340,-7.868351,8,0,0,67
-57.182458,-15.059449,8,0,2,2
-49.921146,-23.510274,8,0,0,153
-46.178132,-23.940206,8,0,0,132
-37.109808,-10.929399,8,0,1,230
-46.603192,-20.736896,8,0,1,163
-39.485973,-16.839782,8,0,2,136
-47.516484,-23.383914,8,0,0,163
-36.685703,-8.367108,8,0,2,98
-57.357888,-14.661214,8,0,2,86
-49.923849,-23.507377,8,0,0,137
-46.178653,-23.939769,8,0,0,134
-37.107547,-10.928235,8,0,1,76
-46.602965,-20.737274,8,0,1,343
-53.011741,-27.084093,8,0,1,98
-47.517291,-23.382179,8,0,0,151
-36.687911,-8.366802,8,0,0,98
-36.492829,-9.648611,8,0,2,58
-54.245442,-25.033566,8,0,1,224
-49.699866,-15.365928,8,0,2,2
-37.104940,-10.925479,8,0,1,1
-46.824195,-20.722736,8,0,1,326
-53.000272,-27.085481,8,0,1,54
-49.606245,-15.921937,8,0,1,172
-36.692418,-8.366147,8,0,0,98
-36.523070,-9.666494,8,0,0,64
-48.645682,-26.928185,8,0,1,156
-49.804715,-16.026975,8,0,1,278
-37.105071,-10.924957,8,0,1,178
-46.824511,-20.722718,8,0,1,146
-53.235740,-27.078355,8,0,2,30
-49.606776,-15.918111,8,0,1,173
-36.685465,-8.361209,8,0,2,150
-36.541849,-9.674910,8,0,2,59
-48.645559,-26.928282,8,0,1,336
-49.793625,-16.037342,8,0,1,334
-44.699578,-23.152299,8,0,0,156
-46.381401,-20.857304,8,0,2,137
-44.315482,-3.021325,8,0,2,5
-45.302983,-10.032031,8,0,2,145
-39.437111,-3.598987,8,0,0,1
-36.543254,-9.675754,8,0,0,59
-50.936728,-27.017745,8,0,1,113
-48.253478,-15.942804,8,0,2,98
-42.619409,-21.524564,8,0,2,31
-46.379648,-20.859415,8,0,0,161
-44.356827,-3.398134,8,0,1,157
-45.303431,-10.028060,8,0,2,16
-39.438271,-3.595635,8,0,0,137
-53.190571,-26.774926,8,0,1,201
-50.933065,-27.019462,8,0,2,111
-48.242031,-15.942495,8,0,2,90
-42.629457,-21.527963,8,0,2,122
-46.380042,-20.862208,8,0,0,24
-44.355289,-3.401713,8,0,1,155
-45.307863,-9.755923,8,0,2,12
-49.302279,-25.258361,8,0,2,8
-53.185106,-26.768403,8,0,1,250
-50.928483,-27.020868,8,0,2,108
-48.240904,-15.942507,8,0,2,90
-49.394757,-26.199275,8,0,2,1
-44.326496,-21.038218,8,0,0,146
-44.353517,-3.403964,8,0,1,128
-45.307476,-9.754148,8,0,2,12
-49.302908,-25.262273,8,0,2,8
-61.657941,-11.726511,8,0,2,90
-50.925836,-27.020757,8,0,2,58
-48.235603,-15.940809,8,0,2,61
-49.394352,-26.196697,8,0,2,2
-44.325106,-21.040559,8,0,0,152
-43.334494,-3.735005,8,0,2,77
-50.839224,-24.653514,8,0,2,57
-49.304176,-25.292806,8,0,2,158
-61.659721,-11.726503,8,0,2,90
-50.917515,-27.029612,8,0,2,142
-44.445384,-4.224873,8,0,2,156
-49.388298,-26.161532,8,0,2,178
-44.173555,-21.144928,8,0,0,16
-43.322667,-3.732584,8,0,2,78
-50.841877,-24.654200,8,0,2,82
-49.304071,-25.302935,8,0,0,10
-61.471340,-11.450077,8,0,2,7
-50.915268,-27.032090,8,0,2,138
-44.339405,-4.379856,8,0,2,2
-49.387563,-26.158677,8,0,1,16
-44.172800,-21.142626,8,0,0,16
-43.194447,-3.715816,8,0,2,82
-50.844023,-24.654689,8,0,2,74
-49.304527,-25.305240,8,0,0,10
-61.792131,-11.906369,8,0,2,93
-50.912781,-27.035446,8,0,2,149
-44.340071,-4.382693,8,0,2,17
-49.387238,-26.157340,8,0,1,194
-44.170101,-21.123732,8,0,0,34
-43.021770,-3.693843,8,0,2,82
-50.845388,-24.655002,8,0,2,75
-49.298257,-25.243406,8,0,2,25
-61.793067,-11.906218,8,0,2,107
-57.626957,-19.014432,8,0,2,121
-46.214065,-23.506081,8,0,1,108
-49.387427,-26.120789,8,0,1,325
-44.169630,-21.122171,8,0,0,9
-43.017364,-3.693316,8,0,2,82
-50.846737,-24.655343,8,0,2,74
-46.919212,-18.828630,8,0,0,21
-61.852057,-11.906070,8,0,2,90
-57.622213,-19.017128,8,0,0,121
-46.213734,-23.506085,8,0,1,289
-49.388660,-26.120025,8,0,1,101
-43.367203,-21.798976,8,0,1,62
-42.947868,-3.684574,8,0,2,83
-50.847502,-24.655515,8,0,2,75
-46.920480,-18.831694,8,0,0,21
-61.853584,-11.906069,8,0,2,90
-57.623149,-19.016603,8,0,0,121
-43.309971,-19.696836,8,0,2,55
-49.385374,-26.151658,8,0,0,6
-43.373567,-21.805063,8,0,1,81
-42.796811,-3.667794,8,0,2,78
-50.849025,-24.655845,8,0,2,77
-46.920255,-18.831157,8,0,0,21
-61.356000,-11.513515,8,0,2,125
-54.294465,-15.541968,8,0,2,5
-54.091725,-24.174735,8,0,1,157
-49.410157,-26.115007,8,0,2,151
-44.969302,-21.954856,8,0,0,72
-42.795408,-3.667513,8,0,2,78
-50.850825,-24.656359,8,0,2,63
-46.919801,-18.830028,8,0,0,21
-61.358705,-11.511573,8,0,2,125
-54.295213,-15.550833,8,0,2,5
-54.091598,-24.174701,8,0,1,337
-49.418007,-26.100415,8,0,2,1
-44.970954,-21.955344,8,0,0,72
-42.791496,-3.666704,8,0,2,78
-50.853381,-24.657618,8,0,2,61
-46.919442,-18.829169,8,0,0,21
-61.739826,-11.725957,8,0,2,90
-52.306242,-15.878222,8,0,1,92
-49.547200,-15.173434,8,0,2,75
-49.419318,-26.096712,8,0,2,154
-45.041077,-22.121523,8,0,0,125
-52.999834,-27.085109,8,0,1,234
-50.857436,-24.657945,8,0,2,101
-43.762398,-19.564075,8,0,0,40
-61.974424,-11.929057,8,0,2,89
-52.287270,-15.878489,8,0,1,283
-49.683815,-15.668893,8,0,2,163
-49.419027,-26.077422,8,0,2,21
-45.054808,-22.115839,8,0,1,262
-53.005588,-27.086844,8,0,1,280
-50.862063,-24.657917,8,0,2,70
-43.764050,-19.566491,8,0,0,30
-61.778436,-11.749821,8,0,1,181
-52.282694,-15.879582,8,0,1,283
-48.228397,-15.937492,8,0,2,74
-49.362084,-26.017895,8,0,2,1
-45.056979,-22.117173,8,0,1,82
-42.294401,-4.221354,8,0,2,7
-50.855878,-24.653770,8,0,2,37
-43.810509,-19.701468,8,0,0,25
-61.778363,-11.750749,8,0,1,4
-57.672425,-16.110251,8,0,2,134
-48.231300,-15.938583,8,0,2,64
-49.361379,-26.011941,8,0,2,32
-45.058589,-22.116327,8,0,1,262
-42.294602,-4.222866,8,0,2,7
-50.858145,-24.655209,8,0,2,57
-43.811354,-19.703026,8,0,2,31
-61.814849,-11.725248,8,0,1,270
-57.693412,-16.089304,8,0,2,103
-48.232022,-15.938956,8,0,2,64
-49.338815,-25.987775,8,0,2,44
-44.985948,-22.581378,8,0,2,126
-42.295253,-4.227680,8,0,1,187
-50.853236,-24.651227,8,0,1,243
-43.834170,-19.752234,8,0,2,44
-61.814861,-11.725334,8,0,1,90
-57.697151,-16.085149,8,0,2,152
-49.872109,-26.178692,8,0,0,134
-49.336817,-25.983001,8,0,2,2
-44.984443,-22.582366,8,0,2,126
-42.295419,-4.228824,8,0,1,186
-50.853475,-24.651411,8,0,1,63
-56.370554,-14.859143,8,0,0,164
-61.554678,-11.726675,8,0,2,90
-57.697472,-16.084572,8,0,2,152
-50.280685,-29.578058,8,0,2,1
-49.337787,-25.976643,8,0,2,164
-48.473998,-25.693699,8,0,2,24
-42.296278,-4.239003,8,0,2,166
-50.852214,-24.650754,8,0,1,242
-56.370593,-14.860821,8,0,0,25
-61.550723,-11.726659,8,0,2,90
-57.674662,-19.008866,8,0,2,72
-50.206851,-29.671207,8,0,1,179
-49.340803,-25.970201,8,0,0,167
-49.220394,-16.398056,8,0,1,349
-42.294596,-4.240997,8,0,2,109
-50.851375,-24.650434,8,0,1,63
-56.376882,-14.999305,8,0,0,148
-61.427422,-11.453460,8,0,2,134
-57.673938,-19.008640,8,0,2,72
-50.206751,-29.671771,8,0,1,358
-49.335461,-25.986902,8,0,2,152
-45.783683,-22.352752,8,0,2,152
-42.293697,-4.241315,8,0,2,110
-50.851018,-24.650164,8,0,1,242
-56.376434,-14.999997,8,0,0,148
-45.051434,-22.697732,8,0,2,11
-57.701656,-16.077366,8,0,2,151
-50.206718,-29.674438,8,0,1,178
-49.334323,-25.988673,8,0,2,148
-45.782420,-22.355901,8,0,2,145
-42.295924,-4.233456,8,0,1,6
-51.661866,-24.526921,8,0,2,47
-43.796702,-19.680624,8,0,0,39
-51.424358,-23.574655,8,0,2,134
-45.429017,-23.635661,8,0,1,205
-50.206616,-29.674639,8,0,1,358
-49.332226,-25.989289,8,0,2,57
-45.776107,-22.366259,8,0,2,118
-42.295999,-4.233433,8,0,1,186
-51.697609,-24.528901,8,0,2,93
-43.797032,-19.681388,8,0,0,179
-39.595137,-17.764280,8,0,2,33
-45.428941,-23.635703,8,0,1,25
-50.206902,-29.680875,8,0,2,6
-49.329899,-25.987205,8,0,0,34
-45.774654,-22.366830,8,0,2,113
-42.295317,-4.228804,8,0,1,7
-51.699637,-24.528790,8,0,2,92
-43.796692,-19.682473,8,0,0,158
-47.178726,-22.805503,8,0,2,49
-42.865072,-20.727030,8,0,2,177
-45.496687,-22.525285,8,0,2,161
-49.302596,-25.987185,8,0,0,39
-45.797851,-22.417875,8,0,1,357
-42.295175,-4.227684,8,0,1,7
-50.861140,-25.008547,8,0,2,171
-43.796289,-19.683426,8,0,0,159
-47.177868,-22.804331,8,0,1,207
-42.864977,-20.728985,8,0,2,176
-42.107532,-22.945691,8,0,2,103
-49.301446,-25.985732,8,0,0,33
-45.797893,-22.416999,8,0,1,357
-42.292443,-4.241796,8,0,2,109
-50.860920,-25.009963,8,0,2,171
-43.840320,-19.754796,8,0,2,64
-51.609421,-27.337444,8,0,2,55
-42.864679,-20.732373,8,0,0,171
-42.110187,-22.945313,8,0,2,97
-43.328637,-22.934200,8,0,1,47
-45.785242,-22.411762,8,0,2,29
-42.078676,-4.022366,8,0,2,113
-50.860673,-25.011466,8,0,2,172
-43.743311,-19.528608,8,0,2,164
-51.602571,-27.332983,8,0,2,65
-42.902685,-20.531458,8,0,0,49
-42.111764,-22.945515,8,0,2,72
-49.227799,-25.955129,8,0,2,49
-45.796130,-22.422351,8,0,2,158
-42.087763,-4.014003,8,0,2,134
-50.856926,-25.012384,8,0,2,82
-43.743902,-19.526600,8,0,0,165
-51.599206,-27.331217,8,0,2,55
-42.900226,-20.526549,8,0,0,25
-42.113835,-22.945071,8,0,2,106
-49.227059,-25.954141,8,0,2,31
-45.795619,-22.423506,8,0,2,153
-42.091374,-4.010420,8,0,2,134
-50.855397,-25.012037,8,0,2,66
-43.744513,-19.524699,8,0,2,164
-51.598879,-27.328960,8,0,2,135
-42.898962,-20.523185,8,0,2,171
-50.083209,-23.037590,8,0,1,71
-49.224643,-25.951251,8,0,2,1
-45.775138,-22.538882,8,0,0,2
-42.427039,-4.624225,8,0,2,64
-50.852154,-25.010250,8,0,2,51
-43.744835,-19.523261,8,0,2,164
-51.601593,-27.328746,8,0,2,62
-57.891724,-13.663729,8,0,1,1
-53.634801,-26.252779,8,0,2,140
-49.224409,-25.949896,8,0,2,37
-45.774990,-22.546290,8,0,0,150
-43.347664,-4.884667,8,0,1,47
-54.659307,-16.463004,8,0,1,157
-41.303784,-21.198340,8,0,0,118
-51.561214,-27.263340,8,0,2,65
-58.019395,-13.642915,8,0,0,95
-53.635514,-26.252090,8,0,2,140
-49.220606,-25.947689,8,0,2,76
-45.774573,-22.546905,8,0,0,155
-43.347731,-4.884594,8,0,1,227
-50.799469,-25.029651,8,0,2,121
-41.666682,-21.124043,8,0,0,66
-51.558960,-27.262162,8,0,2,39
-58.398364,-13.566526,8,0,0,145
-51.021519,-26.790119,8,0,1,16
-49.219603,-25.947795,8,0,2,107
-45.770196,-22.552898,8,0,2,135
-43.352232,-4.886284,8,0,1,266
-50.800343,-25.029149,8,0,2,122
-41.667345,-21.124333,8,0,2,65
-51.557165,-27.261639,8,0,2,90
-52.276756,-15.881776,8,0,1,299
-42.675571,-20.843051,8,0,2,60
-49.210627,-25.946740,8,0,2,37
-45.769418,-22.553636,8,0,2,135
-43.352234,-4.886382,8,0,1,87
-50.802022,-25.028220,8,0,2,120
-41.668323,-21.124752,8,0,2,66
-51.555637,-27.261608,8,0,2,88
-52.276827,-15.881881,8,0,1,119
-43.983497,-19.803653,8,0,1,92
-49.181189,-25.931846,8,0,2,32
-45.767116,-22.602244,8,0,0,148
-44.472225,-4.105595,8,0,2,177
-50.703395,-25.111868,8,0,2,115
-41.672053,-21.126296,8,0,2,66
-51.547594,-27.261793,8,0,2,100
-57.642835,-19.039652,8,0,2,134
-56.033781,-15.640281,8,0,1,82
-49.180590,-25.929358,8,0,2,14
-45.757987,-22.626638,8,0,0,161
-44.468850,-4.041738,8,0,2,16
-50.705420,-25.111017,8,0,2,112
-41.673358,-21.126811,8,0,2,66
-51.408415,-26.910325,8,0,2,80
-57.642000,-19.040578,8,0,2,144
-38.801322,-10.988045,8,0,2,31
-49.179361,-25.927057,8,0,2,22
-45.757409,-22.629237,8,0,0,177
-44.467764,-4.038086,8,0,2,16
-57.281640,-14.768241,8,0,0,166
-41.674187,-21.127467,8,0,2,26
-51.406129,-26.908803,8,0,2,3
-37.824888,-12.212473,8,0,2,75
-38.802269,-10.989591,8,0,2,31
-49.179020,-25.926348,8,0,2,22
-45.751451,-22.645602,8,0,0,150
-44.466895,-4.035143,8,0,2,17
-50.653946,-25.177136,8,0,2,136
-41.675087,-21.130067,8,0,2,21
-51.406174,-26.906731,8,0,1,353
-38.041141,-12.056547,8,0,0,119
-38.826963,-11.029679,8,0,2,31
-49.178642,-25.925316,8,0,2,9
-45.750962,-22.646406,8,0,0,150
-37.488691,-11.021511,8,0,2,118
-50.655834,-25.175460,8,0,2,132
-41.675954,-21.131536,8,0,2,33
-51.403741,-26.907510,8,0,2,132
-38.041610,-12.056282,8,0,0,119
-38.825678,-11.027580,8,0,2,31
-49.178439,-25.924077,8,0,2,4
-45.749950,-22.648076,8,0,0,151
-37.210932,-11.202937,8,0,2,128
-50.658565,-25.173256,8,0,2,132
-41.676702,-21.132567,8,0,2,36
-51.337977,-26.923868,8,0,1,133
-38.017996,-12.071603,8,0,0,130
-38.837825,-11.066755,8,0,2,168
-49.178315,-25.922883,8,0,2,7
-45.749355,-22.649066,8,0,0,151
-37.210736,-11.205808,8,0,2,37
-50.661303,-25.171058,8,0,2,130
-42.829064,-5.102827,8,0,2,172
-51.337073,-26.926484,8,0,2,169
-38.019568,-12.066152,8,0,2,177
-38.838399,-11.063673,8,0,2,170
-49.176516,-25.920203,8,0,2,62
-45.744964,-22.670289,8,0,0,165
-37.214385,-11.209923,8,0,2,38
-50.651215,-25.179442,8,0,2,128
-42.830282,-5.098665,8,0,1,334
-51.336819,-26.928765,8,0,2,175
-38.019855,-12.065961,8,0,2,91
-38.961287,-11.351001,8,0,2,7
-49.159716,-25.908690,8,0,2,15
-45.743370,-22.675678,8,0,0,165
-37.217233,-11.213269,8,0,2,38
-50.648506,-25.181409,8,0,2,127
-42.830357,-5.098707,8,0,1,154
-51.332150,-26.929943,8,0,2,75
-38.027030,-12.062580,8,0,2,130
-38.961036,-11.349167,8,0,2,7
-49.146369,-25.864831,8,0,2,19
-45.726806,-22.721588,8,0,0,170
-37.221388,-11.218252,8,0,2,38
-50.592942,-25.220279,8,0,2,46
-42.831522,-5.096245,8,0,1,333
-51.329750,-26.929389,8,0,2,78
-38.028159,-12.061678,8,0,2,124
-38.959203,-11.340457,8,0,2,27
-49.146388,-25.862891,8,0,2,175
-45.726752,-22.723202,8,0,0,180
-36.138661,-9.662028,8,0,2,103
-50.594369,-25.221476,8,0,2,47
-42.831597,-5.096283,8,0,1,153
-50.564557,-27.300862,8,0,2,155
-38.095308,-12.005374,8,0,0,177
-42.963926,-21.124375,8,0,1,111
-49.127111,-25.828574,8,0,2,39
-45.739421,-22.741516,8,0,0,153
-36.135996,-9.662322,8,0,2,94
-50.597815,-25.224409,8,0,2,47
-42.832353,-5.094607,8,0,1,332
-57.627817,-19.013941,8,0,2,122
-38.094914,-12.006577,8,0,0,144
-42.963864,-21.124306,8,0,1,292
-49.126309,-25.827369,8,0,2,19
-45.693805,-22.769037,8,0,0,47
-36.134687,-9.662432,8,0,2,94
-50.599942,-25.227611,8,0,2,39
-42.832449,-5.094627,8,0,1,155
-57.651173,-19.010948,8,0,1,252
-38.033658,-12.059250,8,0,0,103
-42.278966,-22.927811,8,0,2,80
-49.225018,-28.343386,8,0,1,184
-45.695052,-22.771226,8,0,0,28
-36.129582,-9.662825,8,0,2,94
-50.603898,-25.230351,8,0,2,127
-42.833183,-5.092993,8,0,1,334
-57.651432,-19.011104,8,0,1,73
-38.031810,-12.059718,8,0,0,115
-42.098710,-22.945303,8,0,2,104
-49.613743,-28.339036,8,0,2,108
-45.699837,-22.773581,8,0,0,73
-35.964354,-9.590048,8,0,2,92
-50.605728,-25.229348,8,0,1,262
-42.833253,-5.093060,8,0,1,153
-57.665556,-19.005974,8,0,2,73
-38.029583,-12.060782,8,0,0,120
-42.106605,-22.945844,8,0,2,93
-50.210282,-16.122914,8,0,1,261
-45.697402,-22.773743,8,0,2,102
-35.963442,-9.590093,8,0,2,92
-50.609518,-25.229866,8,0,1,260
-42.834126,-5.091363,8,0,1,153
-51.334873,-27.635772,8,0,2,145
-57.622546,-19.095149,8,0,0,177
-42.284995,-22.929025,8,0,2,79
-50.210271,-16.123000,8,0,1,81
-45.696421,-22.773373,8,0,2,32
-35.959857,-9.590206,8,0,2,92
-50.609504,-25.229938,8,0,1,81
-42.834039,-5.091331,8,0,1,333
-49.951481,-28.290069,8,0,2,85
-57.622522,-19.094618,8,0,0,11
-42.283608,-22.928764,8,0,1,77
-50.213462,-16.123394,8,0,1,257
-45.618955,-22.746572,8,0,2,66
-35.956236,-9.590329,8,0,2,92
-50.610510,-25.230002,8,0,1,261
-44.466193,-4.021744,8,0,2,167
-49.936317,-28.296584,8,0,2,16
-39.733566,-4.211899,8,0,0,77
-42.283624,-22.928681,8,0,1,257
-50.213452,-16.123508,8,0,1,60
-45.620208,-22.747416,8,0,2,53
-41.788181,-17.804777,8,0,1,20
-50.610494,-25.230064,8,0,1,80
-44.469916,-4.045190,8,0,2,15
-44.189985,-20.056809,8,0,2,65
-46.991917,-22.705220,8,0,1,111
-38.997313,-11.491079,8,0,2,173
-50.215070,-16.128409,8,0,1,345
-45.617997,-22.746309,8,0,2,73
-41.788261,-17.804745,8,0,1,200
-41.430206,-21.836441,8,0,2,105
-44.453384,-4.205550,8,0,2,160
-44.188490,-20.055939,8,0,2,49
-46.995762,-22.703447,8,0,1,140
-38.997601,-11.488022,8,0,2,1
-50.215161,-16.128421,8,0,1,166
-45.615646,-22.745561,8,0,2,77
-54.864547,-22.499304,8,0,1,3
-42.675148,-22.058327,8,0,0,150
-44.461662,-4.195409,8,0,0,89
-53.010871,-26.928730,8,0,2,65
-46.996692,-22.701170,8,0,1,164
-38.992020,-11.471703,8,0,2,20
-50.215706,-16.132452,8,0,1,19
-45.582621,-22.730012,8,0,1,26
-54.865080,-22.495426,8,0,1,187
-42.692017,-21.969243,8,0,2,171
-44.465409,-4.195447,8,0,0,89
-53.009839,-26.928015,8,0,2,180
-47.119178,-22.595546,8,0,0,35
-38.997489,-11.489512,8,0,2,173
-52.575886,-25.292598,8,0,1,311
-45.584586,-22.732829,8,0,1,208
-44.446139,-19.527025,8,0,2,133
-42.516082,-22.212294,8,0,2,5
-44.471669,-4.116332,8,0,0,178
-52.994145,-26.883026,8,0,2,154
-47.119905,-22.596340,8,0,2,41
-38.992760,-11.473539,8,0,2,21
-50.029520,-16.412915,8,0,0,145
-45.584302,-22.732995,8,0,1,33
-44.448043,-19.525226,8,0,2,157
-42.516579,-22.213151,8,0,2,36
-44.468098,-4.185473,8,0,2,178
-45.544750,-20.297396,8,0,2,150
-47.201958,-22.639293,8,0,0,143
-38.982806,-11.618408,8,0,2,174
-50.030290,-16.411818,8,0,0,145
-45.584900,-22.733590,8,0,1,62
-44.449843,-19.524643,8,0,2,78
-50.611920,-25.229795,8,0,1,302
-44.452168,-4.208465,8,0,2,157
-57.633495,-19.010657,8,0,2,121
-41.130252,-20.339216,8,0,2,172
-38.982613,-11.620205,8,0,2,174
-48.668286,-26.917995,8,0,1,232
-45.608635,-22.747657,8,0,2,109
-54.040744,-19.521285,8,0,2,27
-50.613913,-25.228406,8,0,2,119
-44.450154,-4.213333,8,0,2,157
-45.537505,-20.310998,8,0,2,24
-41.130184,-20.339733,8,0,2,172
-38.992896,-11.652694,8,0,2,33
-48.669447,-26.918767,8,0,1,235
-45.601641,-22.744660,8,0,1,250
-54.044006,-19.529528,8,0,2,170
-50.616399,-25.227220,8,0,2,117
-44.449073,-4.215949,8,0,2,158
-45.537985,-20.305061,8,0,2,134
-41.130567,-20.342712,8,0,2,33
-39.000757,-11.665428,8,0,2,10
-48.669347,-26.918871,8,0,1,51
-45.602540,-22.745234,8,0,1,66
-37.240172,-11.150997,8,0,2,18
-50.618993,-25.224328,8,0,2,113
-44.440735,-4.235941,8,0,0,158
-45.549915,-20.288013,8,0,2,131
-48.648113,-26.925667,8,0,1,303
-39.000736,-11.668468,8,0,1,161
-48.676761,-26.923815,8,0,1,232
-45.606312,-22.747786,8,0,1,229
-37.239472,-11.148756,8,0,2,19
-50.622740,-25.222527,8,0,2,105
-44.436730,-4.245589,8,0,0,158
-53.015467,-26.931241,8,0,0,73
-48.648230,-26.925686,8,0,1,129
-38.993644,-11.679556,8,0,2,148
-48.690459,-26.933396,8,0,1,49
-45.600226,-22.744415,8,0,1,68
-37.238852,-11.146719,8,0,2,7
-50.633916,-25.216161,8,0,2,116
-42.829355,-5.100997,8,0,2,170
-53.018216,-26.932511,8,0,2,9
-41.131316,-20.344392,8,0,2,171
-49.425402,-28.387852,8,0,2,129
-52.854280,-25.109546,8,0,1,290
-45.598775,-22.743688,8,0,1,249
-37.327714,-11.026414,8,0,2,126
-50.612858,-25.231000,8,0,2,27
-56.296288,-15.680818,8,0,0,31
-50.365589,-27.805730,8,0,1,18
-41.130888,-20.345591,8,0,0,161
-39.795936,-17.518100,8,0,2,107
-52.857422,-25.108508,8,0,1,111
-45.597342,-22.743322,8,0,1,69
-41.953927,-20.345582,8,0,0,162
-50.613789,-25.232682,8,0,2,23
-44.430446,-4.260616,8,0,0,158
-50.365523,-27.805359,8,0,1,198
-41.130290,-20.347226,8,0,0,161
-39.792280,-17.519220,8,0,2,107
-51.423034,-23.428399,8,0,0,172
-45.609813,-22.754955,8,0,1,199
-44.396200,-19.511615,8,0,2,19
-50.616369,-25.236335,8,0,2,37
-44.427972,-4.266601,8,0,2,160
-54.499832,-27.883171,8,0,2,69
-41.194798,-20.579459,8,0,0,1
-39.013076,-10.498293,8,0,1,160
-51.426216,-23.418289,8,0,1,156
-45.609964,-22.755359,8,0,1,19
-44.396482,-19.512357,8,0,2,19
-50.642867,-25.213479,8,0,2,86
-44.426631,-4.269797,8,0,2,158
-54.938316,-28.102881,8,0,2,180
-41.200357,-20.587470,8,0,0,32
-39.122504,-10.118774,8,0,2,154
-51.427015,-23.416162,8,0,2,165
-45.656547,-22.826106,8,0,0,85
-44.391787,-19.491445,8,0,2,48
-50.644052,-25.212230,8,0,2,7
-44.423408,-4.277685,8,0,0,157
-45.123559,-4.550885,8,0,1,198
-41.201174,-20.588533,8,0,0,35
-39.121463,-10.120876,8,0,2,154
-51.679589,-23.523476,8,0,1,155
-45.660557,-22.826008,8,0,1,109
-44.391182,-19.490912,8,0,2,47
-50.618547,-25.452598,8,0,2,23
-44.377701,-4.347487,8,0,0,121
-45.125905,-4.558774,8,0,1,196
-41.206096,-20.595012,8,0,0,35
-39.163335,-9.961175,8,0,1,169
-50.299102,-16.212543,8,0,1,319
-45.661735,-22.825630,8,0,1,108
-44.390491,-19.490301,8,0,2,46
-50.619604,-25.454874,8,0,1,23
-44.368589,-4.353220,8,0,0,121
-45.127310,-4.563445,8,0,1,197
-41.204889,-20.611931,8,0,1,31
-39.163138,-9.961211,8,0,1,1
-50.303996,-16.206981,8,0,1,322
-45.663337,-22.825392,8,0,1,87
-44.327010,-19.443464,8,0,2,108
-47.769829,-23.394124,8,0,2,149
-56.295796,-15.680026,8,0,0,31
-45.130077,-4.568790,8,0,2,55
-41.204253,-20.617597,8,0,2,178
-39.163145,-9.963729,8,0,1,176
-50.304063,-16.207008,8,0,1,143
-45.663978,-22.824960,8,0,1,257
-44.329335,-19.443253,8,0,2,90
-47.769465,-23.394675,8,0,2,149
-44.265236,-4.403893,8,0,2,119
-44.650271,-4.212687,8,0,2,100
-41.204198,-20.618925,8,0,2,176
-39.163076,-9.965910,8,0,1,181
-50.305667,-16.204593,8,0,1,327
-45.665020,-22.825086,8,0,1,261
-44.335620,-19.441781,8,0,2,106
-47.740960,-23.468228,8,0,1,220
-44.263280,-4.404959,8,0,2,120
-42.123079,-6.186272,8,0,2,139
-41.202513,-20.623356,8,0,0,168
-39.162887,-9.966011,8,0,1,356
-50.311311,-16.196594,8,0,1,194
-45.664739,-22.825582,8,0,1,84
-44.389179,-19.453247,8,0,2,60
-47.740870,-23.468300,8,0,1,30
-43.991457,-4.560307,8,0,2,135
-42.119866,-6.189818,8,0,2,139
-41.202260,-20.624400,8,0,0,167
-39.100361,-9.599792,8,0,2,177
-50.311006,-16.198783,8,0,1,294
-45.666554,-22.825146,8,0,1,117
-44.391872,-19.454706,8,0,2,60
-47.741835,-23.470306,8,0,1,191
-44.555794,-3.624085,8,0,2,153
-41.760265,-6.389980,8,0,2,150
-41.203638,-20.629443,8,0,0,27
-44.742071,-19.454149,8,0,2,129
-50.311046,-16.198844,8,0,1,114
-45.667527,-22.824743,8,0,2,107
-44.390986,-19.458861,8,0,2,159
-47.741746,-23.471646,8,0,1,358
-44.554741,-3.626257,8,0,2,155
-41.758126,-6.393561,8,0,2,150
-41.204842,-20.631763,8,0,2,25
-44.745368,-19.451627,8,0,1,128
-50.080883,-16.335189,8,0,2,160
-45.670301,-22.823747,8,0,2,105
-44.389091,-19.462697,8,0,2,143
-47.741485,-23.480045,8,0,1,358
-44.553258,-3.629237,8,0,2,156
-41.755785,-6.399727,8,0,2,171
-41.205747,-20.633367,8,0,2,30
-44.745309,-19.451561,8,0,1,310
-48.969313,-15.866618,8,0,0,175
-45.669560,-22.824032,8,0,2,116
-44.387756,-19.466967,8,0,2,169
-47.835572,-23.350987,8,0,1,271
-42.827842,-5.107990,8,0,2,164
-41.750776,-6.430077,8,0,2,171
-41.209527,-20.638402,8,0,0,2
-39.147290,-9.090130,8,0,0,154
-48.968315,-15.856441,8,0,2,37
-45.671593,-22.823413,8,0,2,107
-44.386663,-19.472770,8,0,2,133
-47.835577,-23.351039,8,0,1,91
-42.827308,-5.109736,8,0,2,164
-41.750309,-6.432858,8,0,2,171
-41.209561,-20.639238,8,0,2,8
-44.748426,-19.448848,8,0,2,101
-48.971344,-15.853986,8,0,2,110
-45.672671,-22.822903,8,0,0,122
-44.382729,-19.475307,8,0,2,120
-46.727122,-23.117116,8,0,0,43
-42.826056,-5.113788,8,0,2,164
-53.087280,-26.392988,8,0,2,67
-41.209614,-20.640586,8,0,2,2
-44.748023,-19.449058,8,0,1,7
-51.680521,-23.521669,8,0,1,155
-60.461422,0.584754,8,0,2,177
-44.382198,-19.477478,8,0,2,195
-46.725021,-23.113698,8,0,1,202
-42.828855,-5.104177,8,0,2,171
-53.076300,-26.392521,8,0,2,100
-41.209462,-20.641907,8,0,2,170
-44.748104,-19.449048,8,0,1,190
-51.681292,-23.520179,8,0,1,155
-60.461460,0.586555,8,0,2,177
-44.384407,-19.481452,8,0,2,37
-46.724890,-23.113726,8,0,1,7
-42.824791,-5.117892,8,0,2,164
-53.069849,-26.393597,8,0,2,100
-51.978133,-23.437883,8,0,1,42
-44.747899,-19.449578,8,0,2,130
-51.684135,-23.517327,8,0,2,93
-60.987864,1.559997,8,0,0,149
-44.386351,-19.486820,8,0,2,6
-44.236249,-19.940192,8,0,2,92
-41.094187,-3.574607,8,0,2,174
-53.073390,-26.392990,8,0,2,99
-41.208695,-20.647214,8,0,0,175
-44.746470,-19.450759,8,0,1,130
-51.687698,-23.516858,8,0,2,103
-60.989350,1.562702,8,0,0,153
-44.386512,-19.488034,8,0,2,190
-43.804187,-20.593970,8,0,2,1
-41.092350,-3.564981,8,0,2,155
-53.073883,-26.392926,8,0,2,99
-41.208613,-20.648024,8,0,2,175
-44.746424,-19.450684,8,0,1,310
-51.696958,-23.514849,8,0,2,103
-61.009802,4.188019,8,0,0,172
-48.635185,-27.241100,8,0,1,232
-43.812325,-20.561695,8,0,2,166
-41.093971,-3.576447,8,0,2,174
-53.068352,-26.393846,8,0,2,99
-41.205958,-20.672811,8,0,2,121
-40.762253,-17.721312,8,0,2,57
-51.434874,-23.199170,8,0,2,131
-61.009900,4.188737,8,0,0,172
-48.639595,-27.244081,8,0,1,232
-51.656760,-29.962256,8,0,2,95
-41.744302,-6.941132,8,0,0,67
-42.037500,-20.267580,8,0,2,66
-41.205213,-20.673223,8,0,2,121
-40.760022,-17.719995,8,0,2,62
-51.438044,-23.196878,8,0,2,128
-61.015362,4.228823,8,0,2,172
-48.641456,-27.245362,8,0,1,232
-51.655378,-29.962353,8,0,2,93
-41.861785,-6.928797,8,0,0,115
-42.111561,-19.381060,8,0,2,38
-41.204451,-20.673649,8,0,2,121
-41.286994,-17.896889,8,0,0,169
-51.439830,-23.195542,8,0,1,309
-61.015723,4.231098,8,0,2,165
-48.644018,-27.247098,8,0,1,232
-51.699570,-29.961594,8,0,1,29
-41.864072,-6.928068,8,0,0,93
-41.945959,-18.888233,8,0,2,10
-41.203622,-20.674118,8,0,2,121
-41.286941,-17.895079,8,0,0,8
-51.440168,-23.195387,8,0,1,127
-61.156754,4.419737,8,0,0,42
-48.645754,-27.248302,8,0,1,232
-51.697657,-29.960066,8,0,1,257
-41.872206,-6.929619,8,0,0,78
-41.946920,-18.885184,8,0,2,139
-49.020095,-28.637178,8,0,2,165
-41.479018,-17.848752,8,0,0,144
-51.441280,-23.194477,8,0,1,307
-61.120705,4.441494,8,0,0,131
-48.647776,-27.249708,8,0,1,232
-51.137375,-29.126980,8,0,2,128
-41.881090,-6.931531,8,0,0,78
-41.947458,-18.884716,8,0,2,124
-48.960421,-26.457591,8,0,2,149
-39.734436,-17.573879,8,0,2,29
-51.441332,-23.194546,8,0,1,128
-61.122113,4.442704,8,0,0,130
-48.652247,-27.252458,8,0,1,225
-51.138657,-29.126122,8,0,2,128
-42.121652,-7.006910,8,0,0,65
-41.948752,-18.884120,8,0,2,105
-44.333040,-4.369418,8,0,2,21
-39.735246,-17.575298,8,0,2,28
-51.442608,-23.193603,8,0,2,130
-43.217557,-12.177596,8,0,2,73
-48.655900,-27.253960,8,0,1,275
-50.634082,-25.469867,8,0,2,44
-41.887157,-6.932824,8,0,0,78
-37.112803,-10.931805,8,0,1,229
-44.331356,-4.365531,8,0,2,37
-39.766696,-17.729827,8,0,2,176
-51.443407,-23.192884,8,0,2,135
-43.219002,-12.178033,8,0,2,73
-48.661818,-27.254541,8,0,1,248
-50.641284,-25.483356,8,0,2,11
-42.110880,-6.998048,8,0,2,59
-37.117811,-10.936034,8,0,1,230
-44.330192,-4.364344,8,0,2,49
-39.766856,-17.727498,8,0,2,176
-51.899299,-23.360351,8,0,0,176
-43.220742,-12.178572,8,0,2,72
-48.764133,-27.265842,8,0,2,94
-50.645120,-25.488986,8,0,2,16
-42.114634,-7.000610,8,0,0,39
-37.110602,-10.930471,8,0,1,49
-44.328665,-4.363030,8,0,2,49
-39.767000,-17.725396,8,0,2,175
-51.445895,-23.040793,8,0,2,167
-51.802073,-27.953255,8,0,2,140
-49.757393,-25.774565,8,0,2,83
-50.647172,-25.494818,8,0,2,17
-42.802626,-6.913375,8,0,0,111
-37.114730,-10.933597,8,0,1,49
-44.327759,-4.362142,8,0,2,38
-40.227211,-18.403824,8,0,2,122
-51.446707,-23.037489,8,0,2,167
-39.306599,-14.956905,8,0,0,11
-49.644954,-25.718001,8,0,2,106
-50.647807,-25.496579,8,0,2,17
-42.116355,-7.003066,8,0,2,35
-40.810691,-20.967507,8,0,2,6
-44.327142,-4.361260,8,0,2,33
-40.228281,-18.403206,8,0,2,122
-46.120217,-22.828815,8,0,0,51
-40.243429,-14.146485,8,0,2,28
-49.535548,-25.685851,8,0,1,63
-50.648373,-25.498151,8,0,2,18
-42.670479,-6.971228,8,0,0,148
-40.799334,-20.931162,8,0,2,28
-44.326718,-4.360615,8,0,2,33
-40.229311,-18.402610,8,0,2,122
-46.154726,-22.771011,8,0,0,61
-39.341143,-15.084141,8,0,2,28
-49.516327,-25.675478,8,0,1,61
-50.648934,-25.499720,8,0,2,18
-42.142946,-7.018578,8,0,2,52
-40.783323,-20.907767,8,0,2,42
-44.298923,-4.334276,8,0,2,49
-40.231124,-18.401527,8,0,2,121
-46.153750,-22.770373,8,0,0,45
-43.416139,-19.974859,8,0,1,12
-48.778507,-27.266620,8,0,2,67
-50.649781,-25.502147,8,0,2,18
-42.149046,-7.017595,8,0,0,127
-40.782037,-20.906449,8,0,2,42
-44.294586,-4.329728,8,0,2,34
-38.791359,-10.963442,8,0,2,175
-46.152080,-22.769664,8,0,0,92
-43.416216,-19.974846,8,0,1,188
-48.792459,-27.269601,8,0,0,85
-50.652123,-25.508656,8,0,2,16
-42.152432,-7.015064,8,0,0,127
-40.780916,-20.905302,8,0,2,42
-44.293652,-4.328340,8,0,2,34
-38.791736,-10.959949,8,0,2,167
-46.144506,-22.760288,8,0,2,11
-43.469506,-19.958069,8,0,0,329
-48.834087,-27.261929,8,0,2,98
-50.654175,-25.515362,8,0,2,13
-42.797946,-6.915202,8,0,0,111
-40.779100,-20.902999,8,0,2,18
-44.248718,-4.251786,8,0,2,51
-38.992529,-11.681283,8,0,0,148
-46.144196,-22.758943,8,0,2,11
-43.471381,-19.957473,8,0,0,249
-48.854258,-27.280460,8,0,2,22
-50.653990,-25.530511,8,0,2,22
-42.674980,-6.963213,8,0,0,113
-46.785139,-23.721348,8,0,1,353
-44.182544,-4.183032,8,0,2,40
-39.163008,-9.965065,8,0,1,356
-46.145154,-22.757643,8,0,2,72
-37.792450,-9.676351,8,0,2,155
-48.855154,-27.284154,8,0,2,6
-50.654379,-25.531383,8,0,2,23
-42.672209,-6.965654,8,0,0,153
-41.964733,-20.380706,8,0,0,177
-44.182214,-4.182642,8,0,2,39
-51.943060,-23.458776,8,0,2,94
-46.144097,-22.758544,8,0,2,11
-37.792829,-9.675441,8,0,2,155
-48.856587,-27.287941,8,0,0,42
-50.647322,-25.494768,8,0,2,175
-42.080942,-21.503534,8,0,0,38
-41.965667,-20.382614,8,0,0,36
-44.164860,-4.161908,8,0,2,42
-50.571767,-23.040432,8,0,2,19
-51.392372,-22.872415,8,0,2,42
-37.793525,-9.670806,8,0,2,178
-48.858507,-27.290420,8,0,2,18
-50.647241,-25.491337,8,0,2,14
-42.067723,-21.679259,8,0,0,129
-41.954542,-20.426283,8,0,0,66
-44.162061,-4.158921,8,0,2,43
-50.570855,-23.037374,8,0,2,175
-51.388850,-22.867397,8,0,2,17
-37.793311,-9.666773,8,0,2,17
-48.860061,-27.294041,8,0,2,22
-50.650506,-25.485567,8,0,2,121
-55.950224,-13.015347,8,0,1,329
-41.953461,-20.425846,8,0,0,70
-44.158539,-4.155132,8,0,2,41
-50.585575,-22.955390,8,0,1,150
-51.387990,-22.864806,8,0,2,17
-40.952223,-14.835153,8,0,0,134
-48.861135,-27.297519,8,0,2,3
-50.656125,-25.488193,8,0,2,42
-42.085782,-21.825922,8,0,0,161
-41.907224,-20.447333,8,0,0,130
-44.140289,-4.136371,8,0,2,55
-50.585471,-22.955346,8,0,1,330
-51.387222,-22.861915,8,0,2,9
-37.792751,-9.665029,8,0,2,18
-48.852778,-27.307192,8,0,0,139
-50.658104,-25.489700,8,0,2,57
-41.888596,-21.223732,8,0,2,65
-41.900861,-20.455607,8,0,0,98
-44.136291,-4.133800,8,0,2,42
-39.249289,-8.630033,8,0,2,45
-51.386678,-22.858851,8,0,2,8
-37.792162,-9.663222,8,0,2,19
-48.852018,-27.309226,8,0,0,163
-50.659936,-25.490912,8,0,2,40
-41.887280,-21.221322,8,0,2,171
-41.899245,-20.455217,8,0,0,59
-44.133767,-4.132404,8,0,2,73
-39.240681,-8.620782,8,0,2,12
-53.045256,-23.793778,8,0,0,63
-37.791686,-9.662282,8,0,2,30
-48.895026,-27.363351,8,0,0,144
-50.661513,-25.493162,8,0,2,27
-41.887402,-21.218970,8,0,0,2
-41.880731,-20.449869,8,0,0,87
-50.282648,-23.776666,8,0,2,115
-39.226843,-8.550499,8,0,2,20
-53.048927,-23.796283,8,0,0,49
-40.212692,-15.251371,8,0,2,49
-48.894314,-27.364207,8,0,0,144
-44.275644,-19.904642,8,0,2,135
-41.887433,-21.219493,8,0,2,2
-53.787672,-29.692376,8,0,1,267
-50.234937,-24.268872,8,0,0,121
-39.136699,-8.339234,8,0,2,20
-53.054490,-23.798519,8,0,2,81
-40.213752,-15.252298,8,0,2,48
-48.893567,-27.365153,8,0,2,144
-44.270923,-19.925003,8,0,2,170
-41.064202,-19.499634,8,0,0,91
-53.791859,-29.689845,8,0,1,317
-50.236655,-24.260980,8,0,0,1
-39.132855,-8.073891,8,0,2,163
-53.058100,-23.798876,8,0,2,94
-37.789727,-9.657567,8,0,2,16
-48.892944,-27.366529,8,0,0,27
-42.583333,-22.118563,8,0,2,5
-51.103924,-26.251926,8,0,2,91
-53.792985,-29.689566,8,0,1,106
-50.240240,-24.251805,8,0,2,119
-48.059616,-15.962298,8,0,2,50
-38.871308,-12.346746,8,0,2,169
-37.785871,-9.641627,8,0,0,87
-48.893313,-27.367087,8,0,1,208
-42.583290,-22.117990,8,0,2,5
-51.110353,-26.250258,8,0,0,77
-42.671970,-21.361299,8,0,0,90
-50.242225,-24.250623,8,0,2,135
-50.358698,-23.124187,8,0,2,328
-38.876646,-12.335645,8,0,0,144
-48.788070,-26.615082,8,0,0,98
-48.942652,-27.406922,8,0,2,28
-42.582169,-22.120825,8,0,2,141
-51.088205,-26.254632,8,0,2,112
-42.648960,-21.316053,8,0,2,22
-50.244723,-24.248985,8,0,2,138
-38.724547,-7.444081,8,0,2,170
-38.878009,-12.334400,8,0,0,131
-48.785952,-26.617231,8,0,0,163
-48.946228,-27.410345,8,0,0,38
-42.582999,-22.119683,8,0,2,145
-51.084950,-26.250939,8,0,1,32
-42.648190,-21.315006,8,0,2,42
-50.245627,-24.246885,8,0,2,176
-38.725264,-7.441877,8,0,0,161
-46.848448,-17.228724,8,0,2,60
-48.784531,-26.619636,8,0,2,129
-48.949987,-27.414152,8,0,2,58
-42.516352,-22.189407,8,0,2,113
-51.085015,-26.250886,8,0,1,212
-42.646815,-21.314084,8,0,2,69
-50.241662,-24.244162,8,0,2,80
-38.725661,-7.449784,8,0,0,172
-46.847453,-17.228141,8,0,2,59
-48.782510,-26.620748,8,0,0,94
-48.951775,-27.415976,8,0,2,28
-42.513037,-22.194071,8,0,2,174
-51.085897,-26.252202,8,0,1,212
-42.645216,-21.313752,8,0,2,84
-50.237456,-24.242713,8,0,2,56
-38.725545,-7.441019,8,0,0,161
-46.831396,-17.167937,8,0,2,20
-41.611290,-20.521278,8,0,0,88
-48.952716,-27.417639,8,0,2,43
-42.512552,-22.196547,8,0,2,2
-38.929767,-4.225834,8,0,2,120
-42.632897,-21.305876,8,0,2,58
-41.224028,-7.111902,8,0,2,96
-51.910986,-23.377821,8,0,1,35
-46.831082,-17.167072,8,0,2,21
-41.612080,-20.521372,8,0,0,86
-48.953369,-27.418225,8,0,2,43
-42.508185,-22.199694,8,0,2,140
-38.921513,-4.225840,8,0,1,63
-42.631974,-21.305321,8,0,2,58
-41.221421,-7.112195,8,0,2,96
-49.394177,-25.578751,8,0,1,49
-51.777568,-22.710780,8,0,2,176
-41.661529,-20.537340,8,0,0,75
-44.253652,-19.482504,8,0,1,266
-42.508292,-22.200746,8,0,2,47
-48.436823,-16.797212,8,0,2,136
-42.622457,-21.206732,8,0,0,10
-41.086632,-7.127067,8,0,2,96
-44.539220,-19.142607,8,0,1,317
-51.777734,-22.709223,8,0,2,174
-41.662966,-20.538168,8,0,0,49
-49.651676,-25.717521,8,0,2,82
-42.513787,-22.205916,8,0,2,25
-49.674255,-15.179680,8,0,2,94
-42.622061,-21.202276,8,0,0,2
-41.040481,-7.132100,8,0,2,97
-44.539407,-19.142688,8,0,1,157
-53.094091,-23.782400,8,0,2,150
-41.664034,-20.538280,8,0,0,106
-48.954265,-27.419045,8,0,2,44
-42.668340,-22.072963,8,0,2,27
-49.668647,-16.367282,8,0,2,142
-42.620670,-21.190291,8,0,2,86
-40.864160,-7.239522,8,0,2,140
-44.540576,-19.140689,8,0,1,326
-53.095844,-23.779796,8,0,2,141
-41.665706,-20.538592,8,0,0,106
-48.956157,-27.421390,8,0,2,17
-50.796140,-25.724787,8,0,2,12
-49.607864,-16.406858,8,0,2,63
-42.618211,-21.190296,8,0,2,103
-40.857294,-7.247813,8,0,2,140
-44.540658,-19.140690,8,0,1,146
-51.759968,-22.646563,8,0,0,42
-45.949485,-23.299614,8,0,1,140
-48.957277,-27.423119,8,0,2,46
-50.795955,-25.724044,8,0,2,12
-49.606399,-16.406125,8,0,2,63
-42.612905,-21.186250,8,0,2,135
-39.095200,-8.057195,8,0,2,63
-44.264983,-18.110608,8,0,1,69
-52.426188,-23.068470,8,0,1,80
-45.950797,-23.298318,8,0,1,132
-48.959114,-27.424969,8,0,0,27
-50.702614,-25.615705,8,0,2,5
-42.187638,-21.410252,8,0,2,42
-42.703434,-21.066413,8,0,2,1
-38.038726,-8.039247,8,0,2,100
-44.541242,-19.139698,8,0,1,325
-52.433926,-23.072786,8,0,1,233
-45.949321,-23.299451,8,0,1,328
-48.995451,-27.495806,8,0,0,29
-50.702783,-25.616700,8,0,2,10
-42.188698,-21.410699,8,0,2,79
-42.703506,-21.065823,8,0,2,160
-38.029064,-8.036595,8,0,2,56
-44.541298,-19.139737,8,0,1,145
-52.447820,-23.081834,8,0,1,245
-41.592322,-20.762594,8,0,0,142
-48.984527,-27.570542,8,0,0,174
-50.837580,-25.884186,8,0,2,15
-42.940250,-22.350177,8,0,1,17
-42.703869,-21.065307,8,0,2,142
-37.837658,-8.050326,8,0,2,119
-44.265023,-18.110292,8,0,1,249
-52.459099,-23.087687,8,0,1,62
-41.593052,-20.761609,8,0,2,159
-48.983362,-27.579600,8,0,0,13
-50.837974,-25.885458,8,0,2,15
-42.923115,-21.998481,8,0,2,63
-42.702782,-21.060037,8,0,0,144
-37.653476,-8.083629,8,0,0,94
-44.260210,-18.108615,8,0,1,49
-53.320203,-23.807270,8,0,0,34
-41.660052,-20.539477,8,0,2,87
-48.984025,-27.582389,8,0,0,179
-54.558995,-18.110800,8,0,0,23
-50.963115,-17.824977,8,0,1,264
-42.703489,-21.058763,8,0,0,166
-37.644302,-8.084819,8,0,0,108
-44.260376,-18.108355,8,0,1,229
-53.319566,-23.806230,8,0,0,25
-41.660921,-20.539512,8,0,2,87
-48.984340,-27.586524,8,0,2,17
-54.558646,-18.110009,8,0,0,23
-50.961245,-17.824796,8,0,1,264
-42.705902,-21.053281,8,0,2,171
-37.641256,-8.085800,8,0,2,108
-44.258735,-18.106943,8,0,1,35
-43.905179,-19.663458,8,0,1,150
-41.661480,-20.539527,8,0,2,87
-48.984960,-27.588337,8,0,0,24
-54.557963,-18.108534,8,0,0,23
-50.373353,-27.818482,8,0,1,35
-42.706377,-21.051814,8,0,2,150
-37.638324,-8.086755,8,0,0,108
-44.172761,-17.871315,8,0,1,6
-43.908494,-19.660166,8,0,1,311
-41.661797,-20.539625,8,0,2,46
-48.985497,-27.591315,8,0,0,177
-54.557256,-18.107000,8,0,0,23
-42.147921,-20.728217,8,0,0,79
-42.729619,-21.003513,8,0,2,125
-37.634024,-8.088167,8,0,0,105
-44.172887,-17.871236,8,0,1,176
-43.907705,-19.651513,8,0,1,208
-41.662430,-20.539897,8,0,0,101
-49.066935,-27.869203,8,0,0,40
-49.324449,-25.778299,8,0,1,18
-42.147055,-20.728032,8,0,0,76
-42.732458,-21.001368,8,0,2,113
-37.626654,-8.088792,8,0,2,94
-44.172874,-17.873961,8,0,1,2
-43.907973,-19.652193,8,0,1,27
-41.663878,-20.540362,8,0,0,65
-49.068687,-27.870327,8,0,2,34
-57.697992,-16.083711,8,0,2,151
-42.146066,-20.727811,8,0,0,77
-42.734457,-20.999144,8,0,2,155
-37.621790,-8.089138,8,0,0,94
-44.172982,-17.873921,8,0,1,181
-43.904733,-19.637771,8,0,1,13
-41.665080,-20.540655,8,0,2,77
-39.668052,-17.522617,8,0,2,93
-57.854190,-15.685198,8,0,0,1
-42.145103,-20.727436,8,0,0,63
-42.738445,-20.995325,8,0,2,115
-37.472730,-8.139169,8,0,0,140
-45.414507,-21.824950,8,0,1,315
-43.904205,-19.636641,8,0,1,36
-41.665861,-20.539532,8,0,2,164
-39.663975,-17.522817,8,0,2,93
-57.854144,-15.683811,8,0,0,1
-42.144331,-20.727076,8,0,2,65
-42.739936,-20.994679,8,0,2,113
-37.471595,-8.140534,8,0,0,140
-45.414560,-21.825004,8,0,1,135
-43.902869,-19.634340,8,0,1,245
-41.610036,-20.521243,8,0,0,89
-39.639911,-17.509786,8,0,2,74
-54.185561,-25.177159,8,0,0,153
-42.140722,-20.726237,8,0,0,78
-42.702923,-21.059833,8,0,0,144
-35.730587,-8.464560,8,0,0,45
-44.297118,-21.742618,8,0,2,141
-43.900936,-19.630179,8,0,1,2
-46.970585,-18.911941,8,0,0,45
-39.630287,-17.507537,8,0,2,59
-54.186038,-25.176260,8,0,0,153
-47.368896,-15.545536,8,0,0,1
-42.674324,-21.365107,8,0,0,6
-37.351738,-8.316986,8,0,2,118
-43.984830,-21.174756,8,0,2,80
-43.900520,-19.629387,8,0,1,231
-40.226695,-10.044365,8,0,2,13
-45.563051,-21.601177,8,0,2,104
-35.996605,-8.300811,8,0,1,77
-47.502234,-15.458337,8,0,0,1
-42.674011,-21.362695,8,0,0,16
-37.053899,-8.424323,8,0,2,52
-42.903071,-16.227995,8,0,0,58
-43.900477,-19.629461,8,0,1,50
-40.226317,-10.042770,8,0,2,13
-45.564416,-21.601067,8,0,2,85
-36.129671,-8.332669,8,0,1,247
-47.530587,-15.518551,8,0,0,1
-42.621912,-21.197202,8,0,0,2
-37.051839,-8.423220,8,0,2,82
-41.325019,-15.684902,8,0,0,30
-43.899766,-19.628806,8,0,1,232
-40.285285,-9.875493,8,0,2,154
-49.128601,-27.898907,8,0,0,157
-36.131578,-8.333478,8,0,1,244
-47.531271,-15.520747,8,0,0,1
-42.621844,-21.194543,8,0,2,2
-37.049982,-8.422955,8,0,2,83
-41.238601,-15.515995,8,0,0,35
-43.899704,-19.628891,8,0,1,50
-40.286047,-9.873949,8,0,2,154
-49.127143,-27.902132,8,0,2,153
-36.134684,-8.334264,8,0,1,274
-49.816639,-16.902662,8,0,2,144
-42.619851,-21.190266,8,0,0,89
-37.048059,-8.422675,8,0,2,83
-41.235194,-15.505325,8,0,2,1
-43.898881,-19.628255,8,0,1,53
-40.188610,-10.259500,8,0,2,308
-49.120697,-28.036271,8,0,0,50
-36.136513,-8.333866,8,0,1,294
-60.711634,2.839400,8,0,2,34
-42.704039,-21.065009,8,0,0,157
-36.954899,-8.416293,8,0,2,104
-41.235165,-15.503362,8,0,2,1
-43.898060,-19.627486,8,0,1,231
-42.878913,-22.931282,8,0,1,82
-49.118925,-28.132949,8,0,0,160
-36.229318,-8.486830,8,0,2,48
-60.709439,2.842668,8,0,2,33
-42.703488,-21.058037,8,0,0,1
-36.563446,-8.365762,8,0,2,67
-40.867055,-14.898343,8,0,2,31
-43.897229,-19.626989,8,0,1,51
-42.878923,-22.931167,8,0,1,263
-49.117013,-28.135872,8,0,0,151
-36.233203,-8.490126,8,0,2,48
-42.827013,-18.246105,8,0,0,1
-42.707100,-21.050703,8,0,0,158
-36.561997,-8.365146,8,0,2,67
-40.865873,-14.896416,8,0,2,31
-43.896400,-19.626346,8,0,1,51
-41.416667,-13.316360,8,0,0,167
-49.115961,-28.138084,8,0,2,169
-36.238365,-8.494571,8,0,0,1
-42.829140,-18.243684,8,0,2,148
-48.925958,-26.313531,8,0,0,46
-36.556796,-8.362908,8,0,2,68
-40.847994,-14.846195,8,0,2,9
-43.895651,-19.625565,8,0,1,37
-41.342191,-13.546866,8,0,2,154
-49.115668,-28.139289,8,0,2,173
-42.150965,-20.303835,8,0,0,328
-42.813807,-18.261305,8,0,2,19
-49.406003,-28.652080,8,0,2,152
-36.555308,-8.362321,8,0,2,71
-40.847091,-14.843734,8,0,2,37
-43.904747,-19.664383,8,0,1,161
-41.334564,-13.624180,8,0,2,156
-49.116122,-28.141173,8,0,2,15
-42.149722,-20.301736,8,0,0,96
-42.625373,-18.358301,8,0,2,103
-49.405086,-28.653656,8,0,2,152
-36.433298,-8.345388,8,0,2,77
-40.843519,-14.839149,8,0,2,41
-35.816612,-9.709365,8,0,1,240
-41.333501,-13.626214,8,0,2,124
-49.117172,-28.147758,8,0,0,2
-42.147297,-20.295514,8,0,0,154
-42.626494,-18.358536,8,0,2,51
-49.422713,-28.677998,8,0,1,268
-36.428954,-8.344515,8,0,2,79
-40.845235,-14.841339,8,0,2,37
-35.816792,-9.709572,8,0,1,59
-41.331620,-13.626682,8,0,2,99
-49.438863,-28.051504,8,0,0,86
-42.147273,-20.294329,8,0,0,30
-45.263147,-21.726914,8,0,2,7
-49.425320,-28.678069,8,0,1,91
-36.425837,-8.343897,8,0,2,79
-40.797650,-14.812610,8,0,2,60
-45.762791,-21.244499,8,0,1,329
-41.330930,-13.626783,8,0,2,100
-49.499793,-28.023134,8,0,2,147
-42.028592,-20.697914,8,0,2,34
-45.262990,-21.725764,8,0,2,7
-49.464722,-28.662186,8,0,1,268
-36.410784,-8.347958,8,0,2,117
-40.793484,-14.810427,8,0,2,55
-45.763172,-21.243708,8,0,1,343
-41.328291,-13.627221,8,0,2,57
-49.511771,-28.019129,8,0,0,66
-42.030148,-20.700090,8,0,2,33
-46.157455,-21.363296,8,0,2,45
-49.465413,-28.662228,8,0,1,88
-36.408462,-8.349059,8,0,2,110
-40.790003,-14.808616,8,0,2,61
-45.763430,-21.242707,8,0,1,345
-41.327890,-13.626980,8,0,2,57
-49.548997,-28.000515,8,0,0,115
-42.034089,-20.712212,8,0,1,202
-46.189907,-21.096762,8,0,2,53
-51.054017,-26.274960,8,0,1,348
-36.283348,-8.334469,8,0,2,68
-40.477962,-14.670835,8,0,2,76
-37.392022,-11.034911,8,0,2,81
-41.327197,-13.626621,8,0,1,69
-49.531344,-28.013851,8,0,0,169
-36.135393,-8.334303,8,0,1,98
-46.192042,-21.098172,8,0,2,55
-51.086211,-26.252787,8,0,1,32
-36.137137,-8.333718,8,0,1,114
-40.475719,-14.670353,8,0,2,76
-45.762740,-21.239826,8,0,2,24
-41.325843,-13.626502,8,0,1,85
-49.580212,-27.991173,8,0,2,107
-36.133215,-8.334250,8,0,1,75
-46.156245,-21.362325,8,0,2,49
-51.086308,-26.252739,8,0,1,210
-35.737060,-8.312113,8,0,2,34
-40.474737,-14.670124,8,0,2,76
-45.762263,-21.238877,8,0,2,25
-41.325445,-13.626195,8,0,1,355
-49.139254,-28.072579,8,0,0,34
-36.130228,-8.333043,8,0,1,66
-46.155281,-21.361529,8,0,2,48
-49.407485,-28.675346,8,0,2,73
-35.738435,-8.314083,8,0,2,36
-40.473147,-14.669780,8,0,2,76
-45.757650,-21.239006,8,0,1,110
-41.324103,-13.625976,8,0,2,85
-49.586972,-28.000851,8,0,1,199
-36.085262,-8.321521,8,0,1,84
-53.384482,-24.374203,8,0,2,28
-49.408003,-28.675490,8,0,2,74
-35.751797,-8.330768,8,0,2,35
-50.280660,-29.581666,8,0,2,1
-45.754967,-21.239923,8,0,1,110
-41.319498,-13.625722,8,0,2,66
-49.587026,-28.001209,8,0,1,19
-36.024008,-8.308585,8,0,1,75
-52.030336,-27.203224,8,0,0,54
-36.485359,-8.879290,8,0,2,73
-35.754630,-8.331504,8,0,2,111
-51.356165,-23.671077,8,0,2,157
-45.754734,-21.239907,8,0,1,289
-41.318639,-13.625132,8,0,2,54
-37.441300,-11.261713,8,0,2,9
-36.023206,-8.308378,8,0,1,75
-51.982713,-27.221066,8,0,2,139
-36.486088,-8.879706,8,0,2,50
-35.761565,-8.361345,8,0,2,174
-51.357971,-23.668796,8,0,1,317
-45.756885,-21.239170,8,0,1,289
-41.317773,-13.624829,8,0,1,89
-37.441526,-11.263051,8,0,2,9
-36.019081,-8.307210,8,0,1,74
-49.011376,-26.612194,8,0,1,209
-49.473291,-28.663670,8,0,2,73
-35.761172,-8.364936,8,0,2,178
-51.359290,-23.667344,8,0,1,325
-47.647231,-24.149338,8,0,2,31
-41.317759,-13.624764,8,0,1,270
-49.162595,-28.238809,8,0,0,11
-36.017099,-8.306648,8,0,1,74
-48.683275,-26.928467,8,0,1,52
-49.476318,-28.696521,8,0,0,168
-35.761042,-8.366127,8,0,2,177
-51.360012,-23.666290,8,0,1,328
-47.507231,-23.963353,8,0,2,17
-41.315736,-13.624834,8,0,1,90
-49.173374,-28.269267,8,0,1,138
-35.999412,-8.301583,8,0,1,73
-48.683236,-26.928343,8,0,1,232
-49.475553,-28.727558,8,0,2,15
-35.728857,-8.462859,8,0,2,40
-51.360338,-23.665988,8,0,1,139
-47.627430,-24.116848,8,0,2,152
-41.315601,-13.624767,8,0,1,270
-49.172816,-28.269734,8,0,1,318
-36.476360,-8.879441,8,0,1,195
-48.677480,-26.924482,8,0,1,61
-49.476089,-28.729338,8,0,2,14
-35.732713,-8.466538,8,0,2,47
-51.363602,-23.664455,8,0,2,117
-47.591383,-24.064111,8,0,0,31
-41.311694,-13.625613,8,0,1,138
-49.169701,-28.272827,8,0,1,138
-36.470151,-8.874534,8,0,1,74
-48.691881,-26.934414,8,0,1,53
-49.396723,-28.662338,8,0,1,125
-35.732697,-8.469444,8,0,1,143
-51.367479,-23.661740,8,0,0,128
-47.506781,-23.969552,8,0,2,165
-41.311635,-13.625590,8,0,1,333
-49.169209,-28.273190,8,0,1,318
-36.326219,-8.657476,8,0,2,77
-48.668275,-26.918107,8,0,1,53
-49.395349,-28.663285,8,0,1,314
-35.732323,-8.469916,8,0,1,143
-51.369960,-23.660112,8,0,0,123
-53.166936,-27.063375,8,0,1,118
-41.310796,-13.627440,8,0,2,156
-49.169179,-28.274202,8,0,2,46
-36.321243,-8.654087,8,0,2,37
-48.663679,-26.914886,8,0,1,52
-49.417224,-28.677642,8,0,2,77
-35.724214,-8.489798,8,0,2,59
-51.422573,-23.576260,8,0,0,134
-53.165775,-27.063899,8,0,1,296
-41.309301,-13.633040,8,0,2,179
-49.170420,-28.275191,8,0,2,46
-36.329680,-8.658272,8,0,0,77
-48.663434,-26.914619,8,0,1,233
-49.474988,-28.746561,8,0,2,163
-35.735450,-8.469737,8,0,2,22
-51.423820,-23.575178,8,0,2,134
-49.335058,-16.756210,8,0,1,314
-41.303016,-13.807890,8,0,0,141
-49.159268,-28.282775,8,0,1,318
-35.995955,-8.300554,8,0,1,259
-48.898398,-27.130600,8,0,2,7
-49.475740,-28.744420,8,0,2,163
-35.735990,-8.471042,8,0,2,24
-51.425630,-23.573557,8,0,2,134
-49.330801,-16.760123,8,0,1,314
-41.300957,-13.810387,8,0,0,141
-49.149073,-28.304592,8,0,1,353
-35.998954,-8.301338,8,0,1,254
-48.901836,-27.155882,8,0,2,175
-49.406283,-28.632151,8,0,2,170
-35.730807,-8.471636,8,0,1,320
-51.433765,-23.564700,8,0,1,349
-49.326169,-16.764376,8,0,1,314
-41.299644,-13.811990,8,0,2,141
-49.149215,-28.304050,8,0,1,168
-36.332727,-8.658950,8,0,0,77
-48.902545,-27.157258,8,0,2,36
-49.422544,-28.606478,8,0,1,94
-35.731338,-8.470961,8,0,1,321
-51.434020,-23.564096,8,0,1,169
-49.342722,-16.747235,8,0,1,157
-41.295811,-13.814075,8,0,2,165
-49.494219,-25.877606,8,0,1,299
-36.335226,-8.659502,8,0,0,77
-48.897404,-27.209715,8,0,0,5
-49.477363,-28.739307,8,0,2,178
-38.123059,-8.032715,8,0,2,96
-51.434594,-23.561117,8,0,0,167
-47.419393,-23.758736,8,0,2,143
-41.295628,-13.814712,8,0,2,165
-49.495373,-25.876890,8,0,1,299
-36.338678,-8.660284,8,0,0,77
-48.899152,-27.215947,8,0,0,7
-49.476446,-28.742475,8,0,2,163
-38.294018,-7.981962,8,0,2,85
-51.438172,-23.559107,8,0,2,100
-47.418434,-23.759925,8,0,2,143
-41.295290,-13.816669,8,0,2,180
-49.497674,-25.875810,8,0,1,119
-36.419226,-8.709690,8,0,2,24
-48.899220,-27.216364,8,0,0,9
-53.473345,-23.890015,8,0,0,98
-41.029845,-7.133263,8,0,2,97
-37.468229,-11.024714,8,0,2,100
-47.513420,-23.899254,8,0,2,32
-41.295295,-13.817895,8,0,2,180
-49.498661,-25.875099,8,0,1,319
-36.419947,-8.711349,8,0,2,23
-48.899247,-27.216585,8,0,0,9
-53.477036,-23.889187,8,0,0,110
-41.228001,-7.111483,8,0,2,102
-37.475221,-11.024521,8,0,2,81
-47.507655,-23.964617,8,0,2,17
-41.295317,-13.819154,8,0,2,1
-49.499015,-25.874826,8,0,1,144
-36.430844,-8.754070,8,0,2,175
-48.621678,-27.827978,8,0,0,93
-46.192018,-22.098112,8,0,2,97
-39.001048,-12.617786,8,0,2,115
-37.439817,-11.027049,8,0,0,90
-45.298804,-21.849647,8,0,2,107
-41.295368,-13.820418,8,0,2,1
-49.501166,-25.871767,8,0,1,327
-36.430799,-8.754709,8,0,2,175
-48.619523,-27.828072,8,0,0,94
-46.193289,-22.096876,8,0,2,156
-39.000148,-12.618217,8,0,2,115
-37.480263,-11.024587,8,0,2,103
-45.297106,-21.845851,8,0,1,347
-41.245503,-14.012835,8,0,2,164
-49.533956,-25.684848,8,0,1,259
-36.430740,-8.755406,8,0,2,175
-36.558106,-8.363479,8,0,2,68
-46.190075,-22.098135,8,0,2,91
-38.998549,-12.618601,8,0,2,80
-45.997568,-19.615850,8,0,0,134
-45.297218,-21.845877,8,0,1,153
-41.245433,-14.014611,8,0,2,24
-49.535354,-25.683642,8,0,2,164
-36.322726,-8.656022,8,0,2,37
-49.364914,-26.785247,8,0,2,4
-46.189197,-22.098156,8,0,2,91
-38.950491,-12.590850,8,0,2,61
-45.996380,-19.616892,8,0,0,129
-45.297249,-21.844072,8,0,1,204
-41.246192,-14.015921,8,0,2,30
-49.536459,-25.680058,8,0,2,163
-36.324423,-8.657081,8,0,2,77
-49.364508,-26.782226,8,0,2,160
-46.206323,-22.089985,8,0,2,78
-38.943433,-12.586033,8,0,2,97
-45.994505,-19.617945,8,0,2,110
-54.282610,-23.780241,8,0,2,138
-41.246832,-14.016822,8,0,1,214
-49.534198,-25.686124,8,0,2,146
-42.866247,-20.704118,8,0,0,1
-49.365736,-26.780239,8,0,2,147
-46.194986,-22.095210,8,0,2,121
-38.892483,-12.572355,8,0,2,58
-45.991544,-19.617595,8,0,2,90
-54.285093,-23.777786,8,0,2,135
-41.246732,-14.016879,8,0,1,31
-49.738751,-25.765011,8,0,1,34
-63.152760,-10.001361,8,0,0,41
-49.364636,-26.775776,8,0,2,28
-46.196559,-22.094291,8,0,2,121
-38.891756,-12.571955,8,0,2,58
-45.990683,-19.617492,8,0,2,57
-54.289317,-23.774018,8,0,0,135
-41.247140,-14.017861,8,0,2,173
-49.736573,-25.762826,8,0,1,227
-63.156728,-10.005844,8,0,0,41
-49.373413,-26.775873,8,0,0,1
-46.187147,-22.098084,8,0,2,74
-38.850752,-12.544281,8,0,2,91
-45.990069,-19.616304,8,0,0,22
-48.493119,-20.936258,8,0,0,20
-41.246895,-14.019550,8,0,1,168
-49.730147,-25.757215,8,0,1,225
-63.298117,-10.267664,8,0,2,47
-49.374682,-26.780165,8,0,2,158
-46.186119,-22.097677,8,0,2,65
-38.825485,-12.544483,8,0,2,107
-45.988830,-19.614021,8,0,0,15
-45.262554,-21.722467,8,0,2,7
-41.246820,-14.019459,8,0,1,332
-49.725152,-25.752935,8,0,1,47
-63.796467,-10.232074,8,0,0,1
-49.427551,-26.773954,8,0,0,1
-46.183402,-22.098701,8,0,0,168
-38.824408,-12.544922,8,0,2,119
-44.051759,-20.330269,8,0,0,80
-45.262332,-21.720687,8,0,2,5
-41.245487,-14.021301,8,0,1,159
-49.723717,-25.751510,8,0,1,229
-42.006148,-19.274523,8,0,0,1
-49.484553,-26.719520,8,0,0,1
-46.203627,-22.090335,8,0,0,122
-38.818528,-12.552516,8,0,2,145
-44.051300,-20.330192,8,0,0,80
-45.262638,-21.718115,8,0,2,173
-41.245234,-14.021851,8,0,1,159
-49.738327,-25.762441,8,0,2,138
-49.127039,-15.294153,8,0,2,126
-49.485253,-26.717341,8,0,2,164
-46.044668,-22.150783,8,0,2,81
-38.815768,-12.556540,8,0,2,145
-44.050283,-20.329580,8,0,0,50
-45.262592,-21.716965,8,0,2,3
-41.244954,-14.021989,8,0,1,338
-49.736372,-25.765154,8,0,2,110
-54.192483,-16.793223,8,0,0,151
-49.485664,-26.714877,8,0,2,16
-46.038408,-22.150352,8,0,2,88
-38.789955,-12.578083,8,0,2,119
-44.048760,-20.329136,8,0,0,87
-45.262875,-21.714508,8,0,2,175
-41.245275,-14.021226,8,0,1,338
-49.735900,-25.765316,8,0,2,113
-54.199178,-16.792041,8,0,0,142
-49.281822,-26.820813,8,0,0,1
-45.176655,-22.614127,8,0,2,122
-38.789448,-12.578363,8,0,2,119
-44.047427,-20.328793,8,0,0,80
-45.263484,-21.712139,8,0,2,167
-41.244975,-14.022562,8,0,1,159
-49.734991,-25.767498,8,0,2,164
-53.529439,-16.945683,8,0,2,155
-49.219374,-26.743863,8,0,1,13
-52.691709,-22.942975,8,0,1,31
-38.726956,-12.588709,8,0,2,86
-44.045978,-20.328537,8,0,0,81
-45.259164,-21.689407,8,0,2,122
-41.244591,-14.023581,8,0,1,159
-49.734438,-25.768469,8,0,2,162
-50.380547,-26.190093,8,0,2,85
-49.219420,-26.743848,8,0,1,192
-52.690424,-22.941071,8,0,1,31
-38.725558,-12.588643,8,0,2,86
-44.044989,-20.328071,8,0,0,38
-45.258511,-21.689703,8,0,1,278
-41.240253,-14.029057,8,0,0,147
-49.733891,-25.773147,8,0,2,173
-51.074391,-26.256142,8,0,1,322
-48.601734,-27.885985,8,0,0,134
-52.690385,-22.940805,8,0,1,211
-38.687304,-12.549974,8,0,2,56
-44.043975,-20.326875,8,0,0,35
-45.260286,-21.688253,8,0,1,340
-41.239489,-14.030185,8,0,0,147
-49.734333,-25.775761,8,0,2,43
-51.075454,-26.255572,8,0,1,117
-48.557301,-25.798434,8,0,2,151
-52.691782,-22.942896,8,0,1,211
-38.688640,-12.550859,8,0,2,56
-44.043084,-20.325246,8,0,0,23
-45.260411,-21.688185,8,0,1,159
-41.238460,-14.031699,8,0,0,147
-51.114052,-26.199772,8,0,2,168
-51.086469,-26.253171,8,0,1,31
-49.685459,-25.977418,8,0,2,127
-52.689703,-22.939752,8,0,1,211
-38.689860,-12.551673,8,0,2,56
-44.042778,-20.324707,8,0,2,50
-45.248174,-21.692678,8,0,2,56
-41.236811,-14.034104,8,0,0,147
-51.114497,-26.197013,8,0,2,174
-51.086526,-26.253130,8,0,1,212
-49.686899,-25.974367,8,0,2,149
-52.689430,-22.939561,8,0,1,31
-38.706294,-12.560325,8,0,2,42
-44.042478,-20.324547,8,0,0,82
-45.263548,-21.684630,8,0,1,312
-41.189029,-14.079045,8,0,2,119
-44.616516,-4.211799,8,0,2,88
-51.863237,-27.159503,8,0,2,71
-49.182196,-28.328762,8,0,2,88
-52.688615,-22.938345,8,0,1,31
-38.706803,-12.560889,8,0,2,42
-44.041389,-20.324925,8,0,2,113
-45.263702,-21.684632,8,0,1,137
-41.188344,-14.079415,8,0,2,119
-44.634430,-4.215407,8,0,2,99
-45.356912,-22.903373,8,0,1,320
-48.795952,-25.524690,8,0,2,1
-52.688241,-22.937569,8,0,1,211
-38.712435,-12.569262,8,0,2,46
-52.999859,-26.927794,8,0,2,112
-45.264377,-21.683759,8,0,1,322
-41.194675,-14.100692,8,0,0,11
-44.745321,-4.221290,8,0,2,86
-45.356397,-22.903908,8,0,1,320
-49.286389,-28.366676,8,0,2,117
-52.686936,-22.935815,8,0,1,31
-38.713505,-12.570435,8,0,2,35
-53.001574,-26.927143,8,0,2,112
-45.264538,-21.683714,8,0,1,144
-41.194885,-14.101830,8,0,0,11
-44.775673,-4.224319,8,0,2,122
-53.334552,-22.229953,8,0,1,13
-48.829545,-25.480856,8,0,0,176
-52.687023,-22.935724,8,0,1,211
-38.714565,-12.572220,8,0,2,30
-53.004636,-26.926039,8,0,2,112
-42.895152,-20.735749,8,0,0,107
-41.200260,-14.149066,8,0,0,144
-44.777269,-4.223276,8,0,2,123
-42.868784,-20.636624,8,0,2,129
-48.829838,-25.479174,8,0,2,147
-52.686165,-22.934550,8,0,2,31
-38.719380,-12.584247,8,0,2,26
-53.006012,-26.926246,8,0,2,76
-45.254422,-21.688858,8,0,2,90
-41.198431,-14.151389,8,0,0,149
-44.785052,-4.222039,8,0,2,80
-42.876805,-20.498850,8,0,2,172
-49.341628,-28.377419,8,0,0,35
-52.685795,-22.933980,8,0,2,30
-38.668293,-12.618395,8,0,2,46
-51.659553,-24.525321,8,0,0,73
-45.247423,-21.692394,8,0,2,71
-41.209958,-14.161633,8,0,2,105
-44.788726,-4.222716,8,0,2,80
-42.879423,-20.482416,8,0,2,156
-49.381110,-28.390673,8,0,2,81
-52.685424,-22.933412,8,0,2,30
-38.667651,-12.617778,8,0,2,48
-37.509455,-11.008813,8,0,2,127
-45.251562,-21.689418,8,0,2,140
-41.211327,-14.161287,8,0,2,105
-44.794487,-4.223744,8,0,2,79
-42.926444,-20.419262,8,0,0,1
-49.387841,-28.391155,8,0,0,74
-52.684886,-22.932621,8,0,2,32
-38.666014,-12.616410,8,0,2,67
-37.518827,-11.001980,8,0,2,125
-45.245644,-21.692670,8,0,1,118
-41.645285,-14.214616,8,0,2,75
-44.800867,-4.224905,8,0,2,79
-43.891854,-19.500711,8,0,0,145
-49.393497,-28.394452,8,0,0,59
-47.611809,-16.760873,8,0,0,1
-38.663039,-12.615958,8,0,2,82
-37.517336,-11.003075,8,0,2,121
-45.245609,-21.692609,8,0,1,296
-41.646757,-14.214970,8,0,2,75
-44.893749,-4.251453,8,0,2,31
-43.915517,-19.563609,8,0,0,12
-49.404438,-28.392180,8,0,0,127
-47.615983,-16.766209,8,0,0,1
-38.661582,-12.615772,8,0,2,82
-37.521070,-11.000345,8,0,2,121
-45.243821,-21.693111,8,0,1,85
-41.733827,-14.249830,8,0,2,36
-44.900949,-4.263046,8,0,2,31
-43.917784,-19.568038,8,0,2,7
-49.440601,-28.381036,8,0,0,110
-45.118445,-23.404620,8,0,2,170
-38.659818,-12.615555,8,0,2,82
-45.167935,-22.790896,8,0,1,231
-45.243816,-21.693034,8,0,1,256
-41.763175,-14.255843,8,0,0,82
-44.902497,-4.265513,8,0,2,32
-43.918131,-19.574789,8,0,2,175
-49.765136,-25.738337,8,0,0,173
-45.470636,-22.924367,8,0,1,345
-38.656741,-12.614560,8,0,2,44
-45.167195,-22.790361,8,0,2,50
-45.266244,-21.681103,8,0,1,148
-41.763942,-14.255942,8,0,0,82
-44.903167,-4.266605,8,0,2,31
-43.918018,-19.576536,8,0,2,175
-49.616651,-28.340473,8,0,0,44
-45.470797,-22.923921,8,0,1,174
-38.654603,-12.612322,8,0,2,47
-45.169269,-22.791983,8,0,1,223
-45.266107,-21.681157,8,0,1,329
-40.875531,-14.911918,8,0,0,31
-44.903776,-4.267593,8,0,2,32
-43.917811,-19.578964,8,0,0,168
-49.620543,-28.340943,8,0,2,65
-45.470872,-22.922606,8,0,1,353
-38.653793,-12.611547,8,0,2,44
-40.246496,-14.152091,8,0,2,26
-45.243113,-21.692849,8,0,2,69
-40.875959,-14.912606,8,0,0,31
-44.936126,-4.321962,8,0,2,30
-43.913761,-19.587261,8,0,0,168
-49.623427,-28.340372,8,0,0,105
-45.471086,-22.921605,8,0,1,176
-38.547766,-12.667215,8,0,2,74
-40.243062,-14.145866,8,0,2,29
-45.241645,-21.692365,8,0,1,65
-42.224629,-14.171007,8,0,0,104
-39.007941,-7.691759,8,0,2,145
-43.912176,-19.589575,8,0,2,131
-49.627868,-28.340144,8,0,0,105
-45.471000,-22.921167,8,0,1,1
-38.542529,-12.663754,8,0,2,86
-40.242151,-14.144158,8,0,2,26
-45.241669,-21.692258,8,0,1,241
-42.225195,-14.170878,8,0,0,104
-44.936832,-4.323117,8,0,2,31
-54.958681,-15.969947,8,0,1,142
-49.644553,-28.339167,8,0,0,104
-45.470933,-22.918999,8,0,1,1
-38.531466,-12.665384,8,0,2,86
-40.113314,-13.861195,8,0,2,174
-45.268073,-21.678306,8,0,1,150
-42.479826,-14.065348,8,0,2,78
-44.937336,-4.323961,8,0,2,31
-45.069325,-22.120443,8,0,2,48
-49.647512,-28.338877,8,0,0,134
-45.471013,-22.918476,8,0,1,180
-38.495407,-12.689550,8,0,2,122
-40.113510,-13.858807,8,0,2,175
-45.267931,-21.678348,8,0,1,329
-42.480916,-14.065565,8,0,2,80
-44.937628,-4.324457,8,0,2,30
-63.812353,-10.221283,8,0,0,117
-48.001822,-24.694662,8,0,1,1
-45.470946,-22.916351,8,0,1,180
-38.478852,-12.697752,8,0,2,121
-40.113892,-13.854314,8,0,2,174
-45.241018,-21.692024,8,0,1,60
-42.482065,-14.065609,8,0,2,97
-44.946370,-4.339275,8,0,2,30
-63.851201,-8.789686,8,0,1,299
-48.001880,-24.696029,8,0,1,2
-45.527944,-22.884634,8,0,0,1
-42.176555,-4.833876,8,0,1,249
-49.105970,-26.476091,8,0,2,125
-45.241054,-21.691934,8,0,1,238
-42.483972,-14.065344,8,0,2,100
-44.956924,-4.357201,8,0,2,30
-63.808906,-10.223245,8,0,0,119
-48.002408,-24.694040,8,0,2,115
-45.531488,-22.885515,8,0,2,72
-41.398892,-20.794837,8,0,2,51
-52.438215,-23.762084,8,0,2,131
-45.240252,-21.691561,8,0,1,58
-42.675411,-14.164507,8,0,0,175
-44.958040,-4.359100,8,0,2,30
-49.953814,-24.537343,8,0,2,96
-48.002977,-24.693802,8,0,2,115
-45.545545,-22.887124,8,0,2,67
-43.462535,-19.917985,8,0,2,35
-52.462181,-23.765263,8,0,2,101
-45.240274,-21.691475,8,0,1,238
-42.734946,-14.181350,8,0,0,41
-44.957356,-4.357935,8,0,2,30
-49.952098,-24.537764,8,0,2,117
-48.409711,-24.601089,8,0,0,82
-45.546478,-22.887503,8,0,2,65
-43.463535,-19.919275,8,0,2,30
-52.464992,-23.764753,8,0,0,103
-45.239238,-21.690952,8,0,1,57
-42.735563,-14.182045,8,0,0,41
-38.941319,-7.762667,8,0,2,139
-54.641461,-28.297536,8,0,0,53
-48.408120,-24.600676,8,0,0,91
-45.550908,-22.887086,8,0,2,112
-43.657724,-19.851627,8,0,1,211
-52.448071,-23.767042,8,0,1,218
-45.239267,-21.690857,8,0,1,237
-42.736165,-14.182715,8,0,0,41
-52.025305,-29.456542,8,0,2,115
-54.638549,-28.294493,8,0,2,32
-48.221332,-24.596827,8,0,0,88
-45.584203,-22.866396,8,0,0,1
-43.655538,-19.849603,8,0,1,195
-42.763924,-22.836492,8,0,0,120
-45.269040,-21.676815,8,0,1,149
-42.737391,-14.184072,8,0,0,41
-52.026131,-29.456326,8,0,2,94
-54.633630,-28.287294,8,0,0,29
-48.218036,-24.596981,8,0,2,43
-45.584600,-22.865777,8,0,0,1
-52.551924,-27.107039,8,0,2,70
-42.763224,-22.837155,8,0,0,148
-45.268879,-21.676859,8,0,1,329
-42.737996,-14.184755,8,0,0,41
-52.032729,-29.455244,8,0,2,105
-54.631468,-28.283562,8,0,0,19
-48.215306,-24.595950,8,0,2,78
-45.426549,-22.915670,8,0,1,45
-52.553965,-27.108100,8,0,2,40
-42.763090,-22.838407,8,0,0,19
-45.271821,-21.673184,8,0,1,145
-42.738859,-14.185722,8,0,0,41
-52.037683,-29.455064,8,0,2,104
-54.621571,-28.261488,8,0,0,25
-48.433225,-24.554466,8,0,0,115
-45.425844,-22.914879,8,0,1,226
-52.485635,-27.096028,8,0,0,61
-40.057762,-13.516168,8,0,2,22
-45.271674,-21.673201,8,0,1,320
-42.756386,-14.201712,8,0,2,48
-52.040604,-29.454584,8,0,2,97
-54.619166,-28.257300,8,0,2,30
-48.433908,-24.554096,8,0,0,112
-45.415158,-22.905509,8,0,1,45
-52.315699,-27.144343,8,0,1,118
-40.056292,-13.512799,8,0,2,25
-39.152899,-13.748148,8,0,2,4
-42.759224,-14.204105,8,0,1,228
-52.054388,-29.458936,8,0,2,56
-52.877881,-20.444537,8,0,1,285
-48.116395,-24.524110,8,0,0,57
-45.414251,-22.904527,8,0,1,226
-45.746698,-21.549757,8,0,2,78
-40.055234,-13.510374,8,0,2,23
-39.152155,-13.746164,8,0,2,27
-42.759569,-14.204399,8,0,1,228
-52.017343,-29.460136,8,0,2,122
-52.878420,-20.444528,8,0,1,104
-48.114597,-24.523198,8,0,0,61
-45.390597,-22.892846,8,0,1,243
-45.726840,-21.563532,8,0,2,108
-39.341274,-6.410118,8,0,2,31
-39.153381,-13.756275,8,0,2,61
-42.759566,-14.204499,8,0,1,48
-52.003055,-29.460389,8,0,2,113
-52.880767,-20.443825,8,0,1,283
-48.112585,-24.522177,8,0,2,63
-45.387738,-22.891470,8,0,1,242
-50.207163,-16.122491,8,0,1,262
-39.342417,-6.411874,8,0,2,34
-39.151682,-13.756895,8,0,2,2
-42.759958,-14.204834,8,0,1,48
-51.997283,-29.460628,8,0,2,78
-52.881073,-20.443866,8,0,1,104
-49.724612,-29.319494,8,0,2,154
-45.388974,-22.892312,8,0,1,78
-50.207157,-16.122562,8,0,1,93
-49.741617,-18.221637,8,0,1,312
-39.154169,-13.775737,8,0,0,169
-42.761704,-14.206256,8,0,1,228
-51.995360,-29.460396,8,0,2,98
-52.882806,-20.443460,8,0,1,275
-49.722920,-29.322450,8,0,2,152
-45.383450,-22.890138,8,0,1,91
-48.596255,-27.844689,8,0,1,69
-49.745551,-18.218295,8,0,0,132
-39.070540,-14.670662,8,0,2,165
-42.762585,-14.207139,8,0,1,48
-51.994601,-29.460738,8,0,2,122
-52.883420,-20.443494,8,0,1,95
-51.635041,-23.597068,8,0,2,118
-45.376856,-22.890329,8,0,1,92
-48.897072,-27.211518,8,0,1,317
-38.323562,-6.408048,8,0,2,6
-39.072064,-14.665176,8,0,2,170
-42.764300,-14.208311,8,0,1,238
-51.996760,-29.479967,8,0,2,17
-52.885532,-20.443288,8,0,2,95
-47.617552,-15.518352,8,0,0,168
-45.376470,-22.890209,8,0,1,272
-40.892947,-18.708340,8,0,0,164
-38.323133,-6.406434,8,0,2,22
-39.058943,-14.595836,8,0,2,177
-42.768779,-14.209192,8,0,2,86
-51.997030,-29.480673,8,0,2,17
-53.758987,-20.457084,8,0,2,84
-47.618413,-15.524142,8,0,0,34
-45.374214,-22.890285,8,0,1,272
-40.893089,-18.706450,8,0,0,22
-38.322522,-6.405124,8,0,2,25
-39.058776,-14.592921,8,0,2,11
-42.769768,-14.209288,8,0,1,86
-51.991232,-29.513076,8,0,2,35
-53.764101,-20.457525,8,0,2,84
-47.615048,-15.491645,8,0,1,225
-45.372427,-22.890957,8,0,1,117
-47.845021,-23.347320,8,0,2,145
-38.320725,-6.401285,8,0,0,25
-39.052798,-14.573760,8,0,2,28
-42.780028,-14.209943,8,0,1,266
-51.981409,-29.521709,8,0,2,3
-37.478579,-10.597939,8,0,2,30
-47.615285,-15.492053,8,0,1,45
-45.371268,-22.891363,8,0,1,300
-41.502307,-16.557658,8,0,2,17
-39.961577,-13.076447,8,0,2,4
-39.054399,-14.580509,8,0,0,16
-42.781024,-14.210091,8,0,1,86
-53.972717,-27.569179,8,0,1,156
-37.478260,-10.597189,8,0,2,18
-52.260191,-21.725228,8,0,1,275
-45.369450,-22.892052,8,0,1,89
-51.384537,-21.519996,8,0,0,120
-39.961095,-13.071449,8,0,2,5
-39.141602,-13.828143,8,0,0,167
-42.786064,-14.210349,8,0,1,266
-53.974479,-27.565578,8,0,1,157
-37.453085,-10.538563,8,0,0,89
-52.260274,-21.725449,8,0,1,85
-45.369353,-22.891821,8,0,1,248
-37.654205,-10.935761,8,0,2,130
-39.961317,-13.073714,8,0,2,5
-38.153198,-7.936478,8,0,2,70
-42.790605,-14.210700,8,0,2,86
-48.171372,-23.851465,8,0,2,139
-37.448344,-10.539822,8,0,2,118
-56.139513,-21.479755,8,0,2,35
-51.809141,-27.165630,8,0,0,102
-37.658071,-10.932486,8,0,2,130
-41.694421,-20.794781,8,0,2,22
-37.539045,-10.989308,8,0,1,120
-42.765264,-14.208993,8,0,1,85
-42.082487,-21.823168,8,0,2,35
-37.445789,-10.540671,8,0,0,91
-56.101388,-21.446720,8,0,1,241
-51.856334,-27.156594,8,0,0,49
-37.661342,-10.929739,8,0,2,130
-41.692104,-20.791552,8,0,0,44
-37.538436,-10.989330,8,0,1,282
-42.764325,-14.208614,8,0,1,59
-42.083238,-21.823877,8,0,2,61
-37.442790,-10.540522,8,0,2,83
-56.136269,-21.475148,8,0,0,35
-51.859917,-27.158513,8,0,0,72
-37.666067,-10.925749,8,0,2,130
-39.858005,-12.880283,8,0,2,10
-39.071417,-14.667530,8,0,2,165
-42.764443,-14.211840,8,0,1,174
-41.752507,-21.645985,8,0,1,121
-37.439573,-10.540688,8,0,2,90
-56.139115,-21.479153,8,0,2,28
-40.888935,-14.844523,8,0,1,188
-37.667031,-10.924949,8,0,2,130
-39.857359,-12.877024,8,0,2,11
-39.053929,-14.578576,8,0,2,6
-42.763834,-14.213424,8,0,1,328
-41.761444,-21.641384,8,0,0,86
-37.438685,-10.540638,8,0,2,81
-56.152878,-21.481731,8,0,2,106
-40.888786,-14.843535,8,0,1,189
-37.670589,-10.921964,8,0,2,130
-39.856194,-12.871127,8,0,2,12
-39.150649,-13.741834,8,0,2,23
-42.762218,-14.221269,8,0,2,8
-41.762177,-21.640624,8,0,0,5
-37.438086,-10.539916,8,0,1,180
-51.669246,-20.781746,8,0,1,276
-40.890168,-14.935421,8,0,2,31
-37.671457,-10.921235,8,0,2,130
-39.522104,-12.585042,8,0,2,23
-39.055516,-14.777707,8,0,1,328
-42.764100,-14.226215,8,0,1,221
-41.762298,-21.639154,8,0,2,166
-54.700573,-18.501278,8,0,2,97
-52.264763,-21.725291,8,0,1,271
-40.839536,-14.901441,8,0,2,53
-35.669182,-8.953218,8,0,1,14
-39.523763,-12.588572,8,0,2,21
-39.056725,-14.775828,8,0,1,328
-42.764849,-14.227479,8,0,1,38
-41.763061,-21.637845,8,0,2,149
-54.696253,-18.501822,8,0,2,98
-52.264850,-21.725391,8,0,1,90
-40.854062,-14.900086,8,0,2,121
-35.657565,-8.942746,8,0,1,24
-39.520212,-12.582632,8,0,2,51
-39.064921,-14.799780,8,0,2,67
-42.766375,-14.231337,8,0,1,11
-41.764409,-21.634676,8,0,2,163
-54.680509,-18.500927,8,0,2,94
-52.268364,-21.725305,8,0,1,270
-40.845256,-14.902438,8,0,2,90
-35.657693,-8.942676,8,0,1,203
-39.516782,-12.581125,8,0,2,72
-39.065910,-14.800191,8,0,2,67
-42.767961,-14.235819,8,0,2,51
-41.764633,-21.633984,8,0,2,163
-37.556804,-6.662184,8,0,0,55
-52.268410,-21.725409,8,0,1,89
-40.841685,-14.902424,8,0,2,90
-37.645010,-10.943492,8,0,2,130
-57.433741,-14.653278,8,0,1,306
-39.089355,-14.792245,8,0,2,169
-42.768836,-14.236330,8,0,2,68
-41.764818,-21.633431,8,0,2,163
-48.475209,-17.319572,8,0,2,104
-42.913830,-21.130239,8,0,0,156
-40.843633,-14.902428,8,0,2,90
-35.626752,-8.802735,8,0,0,1
-49.177605,-17.626869,8,0,1,351
-39.096933,-14.781731,8,0,2,129
-42.772810,-14.239164,8,0,1,222
-41.764953,-21.632769,8,0,2,171
-49.355946,-16.718976,8,0,1,329
-42.916193,-21.125244,8,0,0,155
-40.855976,-14.898959,8,0,2,121
-37.640299,-10.947476,8,0,2,129
-49.177966,-17.625436,8,0,1,349
-39.097633,-14.781199,8,0,2,129
-42.773323,-14.239876,8,0,1,44
-41.765023,-21.631069,8,0,2,179
-47.682173,-23.314510,8,0,2,4
-51.997713,-29.516492,8,0,2,75
-41.514400,-17.855231,8,0,1,12
-37.637031,-10.950216,8,0,2,128
-49.608115,-15.926341,8,0,2,53
-39.101674,-14.780476,8,0,2,54
-42.781668,-14.247548,8,0,2,2
-41.765074,-21.629493,8,0,2,179
-45.124056,-22.119141,8,0,2,74
-52.001143,-29.516244,8,0,1,116
-41.514404,-17.854965,8,0,1,187
-37.628249,-10.956562,8,0,2,116
-49.636172,-15.775679,8,0,2,4
-39.102679,-14.781391,8,0,2,45
-42.781958,-14.252346,8,0,0,3
-42.089288,-21.677084,8,0,2,42
-45.122671,-22.118957,8,0,0,94
-45.563754,-21.157842,8,0,2,154
-40.871490,-14.872119,8,0,0,1
-37.622657,-10.959206,8,0,0,1
-49.672416,-15.513514,8,0,2,69
-39.104363,-14.782996,8,0,2,45
-42.782067,-14.254253,8,0,0,3
-42.092909,-21.680303,8,0,2,64
-45.297127,-21.996526,8,0,2,65
-45.564711,-21.155918,8,0,2,155
-40.871369,-14.873823,8,0,2,1
-37.570376,-10.981932,8,0,2,103
-50.715192,-17.876425,8,0,2,107
-39.107404,-14.785923,8,0,0,45
-42.782337,-14.258978,8,0,0,3
-42.090962,-21.678819,8,0,2,35
-45.293400,-21.995391,8,0,2,107
-45.578449,-21.066025,8,0,2,113
-40.871023,-14.879364,8,0,2,177
-37.565360,-10.983112,8,0,0,1
-50.709785,-17.877997,8,0,2,108
-39.110232,-14.789337,8,0,0,22
-42.782678,-14.265373,8,0,0,3
-42.255796,-21.847025,8,0,0,29
-45.290348,-21.996724,8,0,2,114
-45.576664,-21.066879,8,0,2,120
-40.244643,-14.148704,8,0,2,27
-37.562277,-10.983801,8,0,1,283
-50.162320,-17.817948,8,0,1,1
-39.111254,-14.791622,8,0,0,23
-42.692515,-14.488696,8,0,2,152
-42.130426,-21.714626,8,0,0,151
-45.286855,-21.997881,8,0,2,98
-45.775279,-21.029514,8,0,2,111
-41.341953,-15.721122,8,0,2,21
-37.558766,-10.984679,8,0,1,103
-50.161310,-17.816519,8,0,2,80
-39.148317,-14.803139,8,0,0,123
-42.691659,-14.490216,8,0,2,152
-42.131307,-21.712948,8,0,0,154
-45.047637,-22.118597,8,0,2,116
-45.774565,-21.029773,8,0,0,112
-41.342779,-15.723284,8,0,2,22
-37.556521,-10.985123,8,0,1,282
-50.160381,-17.816391,8,0,2,81
-38.996106,-14.281771,8,0,2,32
-42.691036,-14.491562,8,0,2,162
-42.258944,-21.851856,8,0,2,154
-45.046001,-22.119341,8,0,2,115
-45.815449,-20.961093,8,0,2,167
-41.343345,-15.724719,8,0,2,19
-37.552956,-10.986054,8,0,1,102
-49.626312,-17.996162,8,0,2,106
-38.998320,-14.288587,8,0,0,8
-42.775030,-14.374748,8,0,2,136
-42.267785,-21.905399,8,0,2,78
-45.043234,-22.120572,8,0,2,115
-45.815562,-20.960649,8,0,0,167
-41.395595,-15.924963,8,0,2,15
-37.551695,-10.986382,8,0,1,103
-49.624350,-17.996745,8,0,2,107
-38.998412,-14.289225,8,0,0,8
-42.776961,-14.371892,8,0,2,155
-42.264997,-21.904089,8,0,2,60
-45.035710,-22.123738,8,0,0,56
-45.247910,-21.227925,8,0,2,77
-41.503022,-16.559928,8,0,1,197
-37.551086,-10.986270,8,0,1,283
-49.365753,-17.995107,8,0,2,126
-38.998555,-14.290109,8,0,0,8
-42.775894,-14.373819,8,0,2,143
-42.606132,-18.342365,8,0,2,21
-45.035313,-22.121340,8,0,0,171
-45.249123,-21.228326,8,0,2,65
-41.502917,-16.559935,8,0,1,14
-37.550501,-10.986664,8,0,1,103
-49.364774,-17.995819,8,0,2,127
-38.998679,-14.290966,8,0,2,13
-42.774041,-14.375753,8,0,2,136
-42.607168,-18.343095,8,0,2,84
-48.800583,-21.080656,8,0,2,80
-45.240805,-21.228970,8,0,2,105
-41.504586,-16.564888,8,0,2,16
-37.549297,-10.986826,8,0,1,283
-54.094883,-24.168160,8,0,1,335
-38.999521,-14.292065,8,0,0,65
-42.690860,-14.495616,8,0,2,6
-42.916355,-18.752104,8,0,0,29
-48.797635,-21.080145,8,0,2,80
-45.244000,-21.228119,8,0,2,107
-41.483791,-17.070064,8,0,2,38
-37.546900,-10.987466,8,0,1,104
-54.094353,-24.169517,8,0,1,156
-39.024397,-14.312937,8,0,2,30
-42.693147,-14.647200,8,0,0,157
-42.917153,-18.753495,8,0,0,29
-46.889586,-13.256765,8,0,2,80
-44.987996,-20.713521,8,0,2,91
-41.485567,-17.072188,8,0,2,39
-37.544029,-10.988003,8,0,1,283
-54.095156,-24.167867,8,0,1,156
-39.024983,-14.314568,8,0,0,14
-42.692845,-14.647870,8,0,0,157
-44.962501,-4.366058,8,0,2,39
-46.894254,-13.257541,8,0,1,39
-44.986711,-20.714010,8,0,2,130
-41.485979,-17.076979,8,0,2,164
-37.542114,-10.988572,8,0,1,103
-50.337508,-23.113147,8,0,1,58
-39.040154,-14.463817,8,0,2,8
-42.662128,-14.765062,8,0,2,31
-44.966449,-4.370500,8,0,2,42
-46.894337,-13.257464,8,0,1,219
-44.858772,-20.698628,8,0,2,116
-41.514666,-17.843669,8,0,0,1
-37.539810,-10.989016,8,0,1,283
-42.114004,-21.213797,8,0,2,141
-39.142965,-13.819899,8,0,2,126
-42.662604,-14.766152,8,0,1,199
-44.967264,-4.371400,8,0,2,42
-47.459182,-13.795039,8,0,2,117
-44.854626,-20.699117,8,0,0,73
-41.515553,-17.846467,8,0,1,182
-42.164364,-4.833490,8,0,2,25
-42.141522,-20.726225,8,0,2,95
-39.040118,-14.465726,8,0,2,167
-42.662739,-14.766624,8,0,1,196
-44.965639,-4.369607,8,0,2,42
-47.521598,-14.143746,8,0,2,175
-44.851920,-20.698344,8,0,2,74
-41.514461,-17.851992,8,0,1,162
-40.261053,-3.798022,8,0,2,77
-42.142362,-20.726243,8,0,0,74
-39.101050,-14.213452,8,0,0,171
-42.663343,-14.768618,8,0,0,17
-44.968179,-4.372400,8,0,2,42
-47.522053,-14.138300,8,0,1,175
-44.848380,-20.696812,8,0,2,42
-41.515057,-17.858002,8,0,1,191
-40.259664,-3.797766,8,0,2,96
-42.143682,-20.726802,8,0,2,65
-39.263052,-14.782727,8,0,2,132
-42.663502,-14.769128,8,0,0,17
-44.979597,-4.384844,8,0,2,42
-47.522620,-14.131873,8,0,0,175
-45.762923,-21.037325,8,0,0,102
-41.520342,-17.873368,8,0,2,9
-47.682406,-23.317258,8,0,2,4
-42.148911,-20.728386,8,0,0,81
-39.262059,-14.783600,8,0,0,132
-42.757760,-14.851666,8,0,0,150
-44.992453,-4.392416,8,0,2,62
-47.267085,-13.781261,8,0,2,148
-44.845863,-20.694924,8,0,2,67
-41.514695,-17.856820,8,0,1,12
-52.694582,-27.098623,8,0,2,53
-42.277996,-20.727310,8,0,2,107
-39.176419,-14.798082,8,0,2,103
-42.790781,-14.896803,8,0,2,48
-44.993083,-4.392736,8,0,2,62
-47.269409,-13.778951,8,0,2,53
-44.844031,-20.694250,8,0,2,68
-38.778613,-10.977196,8,0,0,1
-52.715752,-27.113425,8,0,0,53
-42.278924,-20.727031,8,0,2,108
-39.177873,-14.797771,8,0,0,103
-42.809987,-14.906419,8,0,2,122
-44.992981,-4.392299,8,0,2,153
-47.267499,-13.778578,8,0,1,53
-44.842073,-20.693709,8,0,2,92
-38.544875,-10.824476,8,0,0,1
-52.720360,-27.116518,8,0,0,50
-42.113487,-21.215219,8,0,2,176
-39.261034,-14.784515,8,0,0,132
-42.817021,-14.909247,8,0,2,47
-44.994341,-4.393380,8,0,2,63
-47.267558,-13.778506,8,0,1,233
-44.839498,-20.693941,8,0,2,96
-38.449551,-10.696711,8,0,0,1
-52.702081,-27.103080,8,0,0,67
-49.474152,-28.705252,8,0,2,169
-39.107038,-13.953434,8,0,1,345
-42.861801,-15.151090,8,0,0,17
-45.001736,-4.399061,8,0,2,40
-47.265042,-13.776804,8,0,1,53
-44.838294,-20.694074,8,0,2,94
-38.373143,-10.593924,8,0,0,1
-52.704809,-27.104063,8,0,0,70
-49.446096,-28.749669,8,0,2,87
-39.114146,-13.947763,8,0,0,90
-42.862480,-15.152663,8,0,0,23
-45.020740,-4.421837,8,0,2,39
-47.265093,-13.776724,8,0,1,233
-44.834442,-20.693877,8,0,2,65
-38.373019,-10.591806,8,0,2,2
-52.709731,-27.109011,8,0,0,35
-49.455595,-28.750040,8,0,2,87
-39.110525,-13.943849,8,0,2,42
-42.895236,-15.277369,8,0,0,137
-45.033383,-4.436990,8,0,2,39
-47.261853,-13.774516,8,0,1,53
-44.833042,-20.693224,8,0,2,66
-38.373044,-10.590768,8,0,0,1
-52.711600,-27.111624,8,0,0,32
-49.472888,-28.752063,8,0,2,161
-39.108704,-13.942800,8,0,0,95
-42.892923,-15.284973,8,0,0,1
-45.070913,-4.482170,8,0,2,40
-47.261533,-13.774191,8,0,1,233
-44.828372,-20.691839,8,0,1,99
-38.447798,-10.695126,8,0,0,1
-47.685375,-23.333736,8,0,0,53
-49.473622,-28.750284,8,0,1,161
-39.103672,-13.942617,8,0,2,9
-42.860217,-15.384895,8,0,0,165
-45.072399,-4.483949,8,0,2,40
-47.259265,-13.772688,8,0,2,54
-44.826953,-20.692406,8,0,1,128
-38.383636,-10.532297,8,0,2,8
-47.682827,-23.332240,8,0,0,58
-49.473530,-28.750307,8,0,1,341
-39.104148,-13.940871,8,0,0,141
-42.859695,-15.386856,8,0,0,165
-45.073268,-4.485013,8,0,2,40
-47.257366,-13.771411,8,0,2,54
-44.825877,-20.693612,8,0,1,148
-38.383494,-10.531428,8,0,2,14
-52.642955,-27.180626,8,0,0,18
-49.474210,-28.748819,8,0,1,161
-39.107393,-13.937048,8,0,0,140
-42.855925,-15.394339,8,0,2,171
-45.074746,-4.486792,8,0,2,40
-47.254574,-13.769494,8,0,0,54
-44.825248,-20.694542,8,0,1,148
-38.379944,-10.442834,8,0,2,14
-56.434513,-14.417209,8,0,2,11
-49.474078,-28.748920,8,0,1,341
-39.111897,-13.932036,8,0,0,140
-42.857353,-15.397370,8,0,2,52
-45.075595,-4.487813,8,0,2,40
-47.253310,-13.768624,8,0,0,54
-44.824075,-20.696282,8,0,1,149
-38.198929,-9.422957,8,0,0,19
-58.085867,-15.698457,8,0,0,30
-37.665879,-11.379972,8,0,2,106
-39.123584,-13.922574,8,0,0,159
-42.946533,-15.641843,8,0,2,28
-45.103900,-4.524570,8,0,2,39
-47.447226,-13.795943,8,0,2,63
-44.823225,-20.697076,8,0,1,330
-38.199390,-9.424311,8,0,0,19
-43.991980,-22.683572,8,0,0,15
-37.667124,-11.379625,8,0,2,105
-39.124018,-13.921398,8,0,0,159
-42.947422,-15.643465,8,0,2,28
-45.106488,-4.527828,8,0,2,38
-47.459387,-13.793214,8,0,2,26
-44.825453,-20.693742,8,0,1,328
-37.118979,-9.130255,8,0,0,87
-43.992500,-22.684204,8,0,0,53
-37.668967,-11.379102,8,0,2,108
-39.124929,-13.918745,8,0,0,162
-47.363545,-23.397208,8,0,1,273
-45.106872,-4.528297,8,0,2,38
-46.892142,-13.257261,8,0,2,75
-44.826357,-20.692529,8,0,1,314
-36.994496,-9.102587,8,0,2,52
-44.020011,-22.690880,8,0,0,83
-37.671249,-11.378353,8,0,2,108
-39.138606,-13.892656,8,0,2,6
-47.363335,-23.397301,8,0,1,93
-45.108543,-4.530376,8,0,2,38
-48.570324,-18.130199,8,0,1,108
-44.828047,-20.691630,8,0,1,283
-36.982599,-9.094058,8,0,2,52
-44.016060,-22.691257,8,0,0,112
-37.679808,-11.375504,8,0,0,1
-39.137170,-13.879739,8,0,0,32
-44.474207,-4.064320,8,0,0,177
-47.854406,-23.338042,8,0,1,110
-48.569925,-18.130322,8,0,1,108
-44.829723,-20.691638,8,0,1,255
-36.867946,-9.009168,8,0,2,53
-42.766053,-18.550680,8,0,1,198
-37.682523,-11.374608,8,0,2,109
-39.142250,-13.821105,8,0,2,176
-43.651678,-4.757369,8,0,0,119
-40.677984,-19.451910,8,0,0,21
-48.570700,-18.130082,8,0,1,108
-44.832507,-20.692821,8,0,1,243
-36.866503,-9.008105,8,0,2,53
-42.765072,-18.548159,8,0,1,24
-37.684205,-11.374037,8,0,0,1
-39.142817,-13.826382,8,0,2,143
-43.134704,-22.333038,8,0,2,121
-40.678236,-19.455554,8,0,0,174
-48.637707,-17.981451,8,0,2,172
-43.361428,-22.810636,8,0,1,333
-36.720916,-8.942208,8,0,2,9
-42.765514,-18.549391,8,0,1,19
-37.693720,-11.377510,8,0,0,1
-39.105386,-13.939367,8,0,0,140
-43.134439,-22.331841,8,0,0,91
-40.678102,-19.457020,8,0,0,175
-48.637350,-17.982898,8,0,2,161
-44.820572,-20.702587,8,0,2,131
-36.720636,-8.936228,8,0,0,2
-45.511323,-21.246321,8,0,0,8
-37.725037,-11.357421,8,0,0,1
-39.294619,-14.818493,8,0,2,151
-43.136689,-22.331036,8,0,0,126
-49.732643,-24.265117,8,0,1,204
-48.563051,-18.141783,8,0,2,34
-44.818886,-20.703938,8,0,2,125
-36.720748,-8.940479,8,0,0,1
-45.489049,-21.365300,8,0,0,6
-37.725990,-11.357121,8,0,0,1
-39.293736,-14.819949,8,0,2,149
-43.137580,-22.330386,8,0,0,123
-49.733294,-24.266551,8,0,1,24
-48.562386,-18.148132,8,0,2,6
-44.815096,-20.706059,8,0,2,102
-36.709156,-8.917763,8,0,2,55
-45.488827,-21.363213,8,0,0,5
-37.750408,-11.331173,8,0,0,1
-40.113579,-13.857908,8,0,2,175
-43.138846,-22.328950,8,0,0,142
-42.081702,-21.676594,8,0,2,92
-48.562765,-18.151753,8,0,2,3
-44.812067,-20.707094,8,0,2,120
-36.676986,-8.908646,8,0,0,1
-45.488638,-21.361482,8,0,0,5
-37.750805,-11.329548,8,0,0,1
-39.149435,-13.739051,8,0,2,21
-43.140644,-22.327560,8,0,0,130
-42.080761,-21.676039,8,0,2,32
-48.253878,-18.607997,8,0,0,138
-44.810083,-20.708422,8,0,2,135
-36.675382,-8.908226,8,0,0,1
-49.159956,-26.826199,8,0,0,20
-37.751913,-11.327457,8,0,0,1
-39.149871,-13.739985,8,0,2,21
-43.142170,-22.326671,8,0,0,92
-42.080219,-21.675223,8,0,2,32
-48.247452,-18.614879,8,0,0,138
-44.829922,-20.691986,8,0,1,73
-36.654443,-8.902815,8,0,0,1
-43.578615,-18.200260,8,0,0,28
-37.765268,-11.307733,8,0,0,1
-39.150202,-13.740749,8,0,2,22
-43.143857,-22.325504,8,0,0,150
-42.130904,-21.713654,8,0,0,154
-48.191043,-18.640940,8,0,1,89
-49.012908,-28.424694,8,0,2,17
-36.649824,-8.901607,8,0,0,1
-41.956953,-20.434760,8,0,0,114
-37.765960,-11.306799,8,0,0,1
-54.755313,-20.478165,8,0,2,86
-43.128749,-22.334909,8,0,0,99
-37.102219,-10.615004,8,0,2,128
-48.185003,-18.640620,8,0,1,269
-49.021079,-28.463704,8,0,2,139
-36.648198,-8.901220,8,0,0,1
-41.955867,-20.436386,8,0,0,17
-53.357679,-24.432034,8,0,2,120
-40.851251,-14.872636,8,0,1,17
-43.131668,-22.335101,8,0,0,176
-37.112847,-10.603018,8,0,2,139
-48.183899,-18.640876,8,0,1,89
-49.019953,-28.464825,8,0,2,139
-36.496389,-8.878893,8,0,2,115
-42.138831,-20.725643,8,0,2,72
-53.359296,-24.431145,8,0,2,125
-40.851480,-14.872737,8,0,1,189
-36.653486,-9.468151,8,0,0,18
-37.130256,-10.571448,8,0,2,136
-48.176659,-18.640812,8,0,1,89
-49.017181,-28.467641,8,0,2,139
-36.495251,-8.879417,8,0,2,114
-42.137200,-20.725125,8,0,2,74
-53.387708,-24.386528,8,0,0,1
-40.852241,-14.874550,8,0,1,31
-36.652781,-9.466173,8,0,2,29
-37.133266,-10.569653,8,0,2,112
-48.207028,-18.641026,8,0,1,89
-45.168010,-22.618844,8,0,2,136
-38.379524,-10.441334,8,0,0,1
-42.080716,-20.707222,8,0,1,237
-53.385450,-24.386672,8,0,0,1
-40.852308,-14.874283,8,0,1,210
-36.651948,-9.465215,8,0,2,44
-37.139411,-10.568536,8,0,2,94
-48.207011,-18.640766,8,0,1,270
-45.237528,-22.560324,8,0,2,147
-38.337205,-10.369325,8,0,0,1
-42.080711,-20.707226,8,0,1,237
-53.392947,-24.388003,8,0,0,1
-40.853582,-14.876707,8,0,1,31
-35.989656,-7.909227,8,0,2,152
-37.197908,-10.497317,8,0,2,155
-48.215068,-18.642156,8,0,2,103
-45.433694,-22.441579,8,0,2,122
-38.336221,-10.367071,8,0,0,1
-51.043399,-26.782742,8,0,0,135
-53.385930,-24.377005,8,0,2,25
-40.853753,-14.876675,8,0,1,211
-35.992906,-7.907585,8,0,2,97
-37.198568,-10.490738,8,0,2,27
-48.164658,-18.644181,8,0,1,91
-45.436386,-22.438750,8,0,2,144
-38.311234,-10.309105,8,0,2,1
-51.297224,-26.758274,8,0,0,130
-53.383503,-24.373477,8,0,2,68
-40.854946,-14.878619,8,0,1,209
-35.761132,-8.363649,8,0,2,172
-37.197296,-10.488526,8,0,2,30
-48.159353,-18.643989,8,0,1,271
-45.238747,-22.557383,8,0,2,147
-38.311277,-10.306995,8,0,0,1
-51.296236,-26.758994,8,0,0,129
-53.380965,-24.372294,8,0,0,1
-40.855240,-14.879765,8,0,1,30
-35.764283,-8.367094,8,0,0,20
-37.195121,-10.484819,8,0,2,30
-48.182247,-18.694554,8,0,1,36
-45.437948,-22.435492,8,0,2,175
-38.320719,-10.091133,8,0,2,123
-51.208885,-26.765913,8,0,0,109
-49.439130,-28.751007,8,0,2,106
-40.858607,-14.884770,8,0,0,30
-35.764819,-8.368602,8,0,2,15
-37.194673,-10.484071,8,0,2,29
-47.396006,-18.915886,8,0,2,87
-45.446122,-22.430069,8,0,2,63
-38.321610,-10.090531,8,0,0,1
-51.203606,-26.766543,8,0,0,85
-49.405524,-28.740583,8,0,2,23
-53.191158,-26.776402,8,0,2,21
-35.760316,-8.367751,8,0,0,149
-37.193425,-10.481936,8,0,2,30
-48.472648,-25.691109,8,0,2,24
-45.445237,-22.429688,8,0,2,75
-38.325230,-10.025672,8,0,0,1
-51.045708,-26.781651,8,0,0,104
-49.404713,-28.739007,8,0,2,21
-53.093885,-26.689527,8,0,2,20
-40.514686,-9.392786,8,0,0,106
-37.192265,-10.476777,8,0,2,2
-48.468223,-25.684088,8,0,2,30
-45.441678,-22.431702,8,0,2,126
-38.323487,-10.022771,8,0,0,1
-44.104316,-2.547205,8,0,2,77
-49.404343,-28.735467,8,0,0,1
-53.094410,-26.691277,8,0,2,14
-40.270957,-8.988216,8,0,0,22
-37.192032,-10.471851,8,0,2,2
-48.418343,-25.617861,8,0,2,44
-45.294746,-22.506797,8,0,2,102
-38.310722,-9.973855,8,0,0,1
-44.101610,-2.546557,8,0,0,76
-49.404194,-28.730144,8,0,0,1
-39.560358,-15.905676,8,0,0,35
-35.480792,-8.572716,8,0,1,232
-37.196035,-10.424487,8,0,2,134
-48.420498,-25.619765,8,0,2,46
-53.548553,-26.314630,8,0,0,17
-38.310897,-9.974826,8,0,0,1
-54.750139,-28.130334,8,0,2,170
-49.404048,-28.725850,8,0,2,2
-39.560664,-15.908368,8,0,0,175
-35.481417,-8.573754,8,0,1,51
-37.199224,-10.420731,8,0,2,161
-48.414767,-25.614742,8,0,2,46
-53.547818,-26.312491,8,0,2,17
-38.243838,-9.749631,8,0,0,1
-54.749592,-28.133479,8,0,2,171
-49.404238,-28.716677,8,0,0,1
-53.251443,-26.690959,8,0,1,77
-38.774465,-8.848083,8,0,0,89
-37.208392,-10.403022,8,0,2,3
-46.531288,-18.666648,8,0,0,59
-53.850273,-24.285984,8,0,2,74
-38.243411,-9.747626,8,0,0,1
-54.748938,-28.139531,8,0,2,150
-49.405118,-28.705822,8,0,1,353
-53.251453,-26.690879,8,0,1,260
-38.772586,-8.848087,8,0,2,89
-37.209464,-10.397715,8,0,2,151
-46.530074,-18.665940,8,0,0,59
-53.852453,-24.286573,8,0,2,74
-38.225365,-9.671224,8,0,0,1
-54.735237,-28.147181,8,0,1,89
-53.300413,-17.795897,8,0,0,150
-39.579471,-16.355585,8,0,0,176
-38.765293,-8.850947,8,0,2,106
-37.227119,-10.378921,8,0,2,130
-46.236346,-19.021823,8,0,0,144
-53.853963,-24.286836,8,0,2,86
-38.225577,-9.669974,8,0,0,1
-54.732356,-28.147165,8,0,1,90
-53.298753,-17.798571,8,0,0,150
-53.254368,-26.691481,8,0,1,79
-38.763398,-8.851176,8,0,2,93
-37.234935,-10.373839,8,0,2,106
-46.235623,-19.022740,8,0,0,144
-45.087858,-22.612293,8,0,2,78
-38.225476,-9.666746,8,0,0,1
-54.732354,-28.147067,8,0,1,270
-53.287673,-17.816386,8,0,0,1
-53.253758,-26.691287,8,0,1,258
-38.758303,-8.851477,8,0,0,93
-37.256002,-10.359661,8,0,2,149
-48.465570,-25.680362,8,0,2,33
-45.088951,-22.612506,8,0,2,78
-38.223419,-9.572664,8,0,2,5
-54.727131,-28.147920,8,0,1,180
-62.959637,-10.097194,8,0,0,1
-53.255726,-26.691725,8,0,1,78
-38.755498,-8.851659,8,0,0,93
-37.304704,-10.264218,8,0,2,118
-48.464156,-25.678458,8,0,2,34
-45.046688,-22.611041,8,0,0,90
-38.223107,-9.569385,8,0,2,5
-54.727002,-28.147929,8,0,1,1
-40.191598,-10.256309,8,0,2,149
-53.257220,-26.691922,8,0,1,258
-36.620666,-9.056207,8,0,2,57
-37.306083,-10.263522,8,0,2,115
-48.463318,-25.677309,8,0,2,33
-45.044618,-22.610553,8,0,2,69
-38.220519,-9.542437,8,0,0,1
-52.746240,-28.568144,8,0,2,163
-40.191885,-10.255835,8,0,2,149
-53.258014,-26.692147,8,0,1,78
-43.027179,-7.606900,8,0,0,10
-37.310618,-10.261217,8,0,2,117
-48.462179,-25.675732,8,0,2,33
-45.043253,-22.610088,8,0,2,70
-38.221179,-9.539860,8,0,0,1
-52.748761,-28.565076,8,0,2,139
-40.168905,-10.360263,8,0,2,2
-53.199330,-26.732506,8,0,2,30
-43.029989,-7.597949,8,0,2,116
-37.312555,-10.259247,8,0,2,156
-48.460658,-25.673517,8,0,2,31
-45.042169,-22.609716,8,0,2,70
-37.431701,-11.241625,8,0,2,27
-52.750247,-28.562319,8,0,1,158
-40.168942,-10.361004,8,0,2,2
-53.199335,-26.733826,8,0,0,166
-42.129825,-7.010684,8,0,1,241
-37.313244,-10.257758,8,0,2,155
-48.459565,-25.671841,8,0,2,31
-53.732637,-24.022430,8,0,0,54
-37.434843,-11.247665,8,0,2,27
-52.749912,-28.559898,8,0,1,159
-40.168974,-10.361845,8,0,2,2
-53.180683,-26.751156,8,0,0,128
-49.392464,-26.171039,8,0,1,184
-37.392944,-10.217206,8,0,2,130
-48.457702,-25.668904,8,0,0,28
-44.969067,-22.592343,8,0,2,111
-37.440584,-11.258813,8,0,2,21
-52.749942,-28.559621,8,0,1,340
-40.178492,-10.397462,8,0,0,17
-53.324790,-26.679982,8,0,2,11
-49.392383,-26.171033,8,0,1,4
-37.394526,-10.215765,8,0,2,133
-48.449782,-25.656454,8,0,2,30
-44.964076,-22.592059,8,0,0,66
-37.450963,-11.284897,8,0,2,163
-52.750669,-28.558136,8,0,1,160
-40.178018,-10.396010,8,0,2,17
-39.486269,-16.835409,8,0,0,55
-47.573516,-1.358526,8,0,0,161
-37.397235,-10.213279,8,0,2,133
-48.446305,-25.651234,8,0,2,32
-44.961931,-22.586146,8,0,1,18
-37.451054,-11.287984,8,0,2,24
-52.750607,-28.558104,8,0,1,339
-40.177550,-10.394533,8,0,0,17
-39.486893,-16.838854,8,0,2,138
-62.249785,-10.716411,8,0,2,141
-37.403324,-10.208430,8,0,2,96
-48.443413,-25.647227,8,0,2,32
-44.962783,-22.585875,8,0,1,201
-37.451172,-11.288277,8,0,2,25
-52.767529,-28.522164,8,0,2,167
-43.452554,-17.747944,8,0,0,138
-45.435816,-23.703662,8,0,1,329
-44.482256,-22.295209,8,0,0,126
-37.405039,-10.208484,8,0,2,87
-48.441376,-25.643994,8,0,2,29
-44.962406,-22.584985,8,0,1,201
-37.622586,-11.790413,8,0,2,59
-52.768004,-28.520539,8,0,0,164
-43.453553,-17.746879,8,0,0,138
-45.435893,-23.703668,8,0,1,148
-43.676701,-12.201498,8,0,2,2
-37.410697,-10.209716,8,0,1,59
-48.440143,-25.642288,8,0,2,33
-44.961021,-22.583624,8,0,1,18
-37.451524,-11.289060,8,0,0,24
-52.768524,-28.518970,8,0,0,164
-43.451319,-17.749265,8,0,0,138
-45.939688,-23.274961,8,0,1,32
-43.676709,-12.203839,8,0,2,2
-37.410742,-10.209651,8,0,1,239
-48.437164,-25.638810,8,0,2,38
-46.449131,-21.829288,8,0,2,147
-37.451692,-11.296453,8,0,0,173
-52.769079,-28.517404,8,0,0,159
-35.011527,-8.397448,8,0,1,2
-45.939204,-23.274393,8,0,1,241
-49.311739,-26.826254,8,0,1,79
-37.413590,-10.211456,8,0,1,58
-48.434782,-25.635424,8,0,0,36
-46.449962,-21.828122,8,0,2,147
-37.449057,-11.351699,8,0,0,28
-52.855103,-28.561699,8,0,2,71
-35.011364,-8.393096,8,0,1,187
-49.335631,-16.658047,8,0,1,48
-49.308991,-26.827801,8,0,2,74
-37.413628,-10.211384,8,0,1,239
-48.430964,-25.630875,8,0,0,44
-44.959569,-22.579768,8,0,1,19
-37.450791,-11.354902,8,0,2,27
-52.858434,-28.564532,8,0,2,36
-42.757446,-18.542391,8,0,0,48
-49.334089,-16.656635,8,0,1,48
-49.284191,-26.828333,8,0,0,94
-37.415230,-10.212360,8,0,1,238
-48.424904,-25.624200,8,0,2,38
-53.538256,-26.737293,8,0,2,50
-37.496746,-11.457169,8,0,0,173
-52.857257,-28.574504,8,0,0,6
-40.186826,-10.441601,8,0,2,170
-49.332737,-16.655418,8,0,1,48
-49.279597,-26.829207,8,0,0,79
-37.416959,-10.213490,8,0,1,58
-48.422646,-25.621665,8,0,2,41
-40.119559,-2.883947,8,0,2,1
-37.511802,-11.516919,8,0,2,24
-53.573110,-28.645619,8,0,1,298
-40.186987,-10.440694,8,0,2,170
-49.332587,-16.655123,8,0,1,225
-49.276539,-26.828539,8,0,0,78
-37.417007,-10.213412,8,0,1,239
-48.362443,-25.581709,8,0,2,61
-42.543068,-3.463978,8,0,0,67
-37.512651,-11.518748,8,0,2,24
-53.573713,-28.645734,8,0,1,45
-35.843225,-9.758708,8,0,1,202
-50.390268,-16.512294,8,0,2,2
-49.274076,-26.830424,8,0,0,164
-37.418482,-10.214198,8,0,2,62
-48.366837,-25.583926,8,0,2,60
-42.544334,-3.464563,8,0,2,65
-37.514236,-11.518870,8,0,2,134
-53.652445,-28.426017,8,0,2,147
-35.843311,-9.759151,8,0,1,21
-40.615807,-6.842853,8,0,2,17
-49.272946,-26.836965,8,0,2,21
-37.418921,-10.214401,8,0,2,63
-48.380771,-25.588093,8,0,2,65
-42.644123,-3.517179,8,0,2,49
-37.533338,-11.526210,8,0,0,82
-53.654344,-28.423893,8,0,1,297
-35.837300,-9.744355,8,0,1,22
-40.615986,-6.843444,8,0,2,16
-49.255920,-26.823065,8,0,2,24
-37.420284,-10.215106,8,0,2,63
-48.393973,-25.598374,8,0,2,38
-42.949171,-3.684755,8,0,2,82
-37.536209,-11.526861,8,0,2,58
-53.654386,-28.423946,8,0,1,116
-35.837238,-9.744000,8,0,1,202
-40.645537,-6.869450,8,0,0,14
-49.253089,-26.816054,8,0,2,18
-37.421410,-10.215472,8,0,2,141
-45.958444,-20.466466,8,0,2,109
-43.118768,-3.671320,8,0,1,310
-40.435213,-19.659351,8,0,0,75
-53.655387,-28.421190,8,0,1,23
-35.830258,-9.727471,8,0,1,21
-40.645625,-6.869765,8,0,0,14
-49.367556,-26.940139,8,0,2,163
-37.422304,-10.214797,8,0,2,125
-45.969398,-20.461837,8,0,1,109
-53.252075,-27.074122,8,0,1,124
-40.436251,-19.660036,8,0,0,41
-53.655255,-28.420804,8,0,1,206
-35.830226,-9.727153,8,0,1,201
-40.653695,-6.880137,8,0,0,10
-49.367356,-26.940766,8,0,2,163
-37.422761,-10.214463,8,0,2,123
-45.971950,-20.460923,8,0,1,115
-53.252005,-27.074059,8,0,1,306
-40.436900,-19.660725,8,0,0,41
-53.652863,-28.416531,8,0,2,25
-39.222004,-17.153086,8,0,0,7
-40.653796,-6.880783,8,0,0,5
-49.365931,-26.919870,8,0,1,194
-37.424292,-10.213379,8,0,2,125
-45.972064,-20.460777,8,0,1,295
-53.253756,-27.070482,8,0,1,126
-40.437409,-19.661228,8,0,0,46
-53.644717,-28.410108,8,0,2,1
-39.254625,-17.528007,8,0,2,53
-40.633589,-6.894122,8,0,0,10
-47.601328,-15.471842,8,0,1,28
-37.424848,-10.213008,8,0,2,125
-45.972601,-20.460628,8,0,1,115
-53.395331,-27.101761,8,0,1,266
-42.325704,-22.859237,8,0,2,125
-53.644741,-28.409033,8,0,0,1
-39.430027,-17.493834,8,0,2,82
-40.633638,-6.895006,8,0,0,174
-47.601026,-15.470922,8,0,1,201
-37.426368,-10.211890,8,0,2,125
-45.975618,-20.459176,8,0,1,295
-35.748865,-9.673427,8,0,1,241
-42.323267,-22.861037,8,0,2,125
-53.652901,-28.387279,8,0,2,124
-39.432967,-17.494440,8,0,2,78
-40.616343,-7.076957,8,0,2,172
-47.602021,-15.472705,8,0,1,208
-37.428973,-10.210060,8,0,2,125
-42.880693,-20.737060,8,0,2,139
-35.749031,-9.673648,8,0,1,61
-42.325105,-22.859672,8,0,2,125
-53.663895,-28.346711,8,0,2,156
-39.434592,-17.494762,8,0,2,78
-40.615894,-7.080413,8,0,2,173
-47.603219,-15.474807,8,0,1,208
-37.434452,-10.206171,8,0,2,125
-44.528232,-2.500347,8,0,0,81
-52.730309,-26.396781,8,0,1,126
-41.652237,-21.041265,8,0,2,168
-53.664619,-28.345289,8,0,2,159
-39.431628,-17.494132,8,0,2,78
-40.615621,-7.082525,8,0,2,173
-47.604774,-15.477557,8,0,1,208
-37.548426,-10.117220,8,0,2,150
-44.546968,-2.496040,8,0,0,111
-52.727453,-26.398705,8,0,1,126
-41.676373,-21.126862,8,0,2,11
-52.790948,-28.310024,8,0,1,5
-45.068770,-22.119986,8,0,2,48
-40.615499,-7.083381,8,0,2,172
-47.606146,-15.480003,8,0,1,208
-37.550282,-10.101737,8,0,2,15
-44.556767,-2.492204,8,0,0,111
-52.726492,-26.399336,8,0,1,126
-41.676599,-21.125913,8,0,2,154
-52.791096,-28.310013,8,0,1,187
-35.980601,-7.177339,8,0,2,11
-40.615324,-7.084513,8,0,2,173
-47.605382,-15.478993,8,0,1,28
-37.558662,-10.034548,8,0,1,348
-44.562794,-2.490979,8,0,0,79
-52.723099,-26.401422,8,0,1,306
-45.261037,-20.888583,8,0,2,147
-52.792290,-28.306996,8,0,1,324
-43.915388,-19.581621,8,0,2,143
-40.614922,-7.087328,8,0,2,173
-47.603735,-15.476067,8,0,1,28
-37.558860,-10.033967,8,0,1,168
-44.563703,-2.491177,8,0,0,79
-52.725011,-26.400171,8,0,1,306
-45.502069,-21.248239,8,0,2,122
-52.793220,-28.306074,8,0,1,142
-43.909264,-19.592596,8,0,0,139
-40.614863,-7.087714,8,0,2,173
-47.602870,-15.474568,8,0,1,28
-37.559646,-10.030210,8,0,1,168
-44.583121,-2.490659,8,0,0,111
-52.726972,-26.398878,8,0,1,306
-45.510711,-21.242740,8,0,0,124
-52.797126,-28.303641,8,0,1,308
-43.908569,-19.593441,8,0,2,146
-42.657509,-22.474739,8,0,1,352
-47.603155,-15.465135,8,0,1,334
-37.560100,-10.028138,8,0,1,168
-42.042039,-18.644431,8,0,2,70
-52.688190,-26.449729,8,0,1,26
-45.500342,-21.249271,8,0,0,119
-52.797206,-28.303736,8,0,1,129
-43.908172,-19.594633,8,0,0,172
-42.657519,-22.472964,8,0,1,1
-47.603238,-15.465166,8,0,1,154
-37.560267,-10.026957,8,0,1,348
-44.586683,-2.489737,8,0,0,96
-52.689926,-26.456407,8,0,1,137
-49.342433,-28.642668,8,0,1,22
-52.798566,-28.300901,8,0,1,7
-43.907869,-19.596418,8,0,0,171
-42.657039,-22.471217,8,0,1,22
-47.603993,-15.463471,8,0,1,334
-37.560420,-10.026583,8,0,1,167
-44.638535,-2.537703,8,0,0,53
-52.689604,-26.456532,8,0,1,316
-49.342073,-28.641803,8,0,1,201
-52.798679,-28.300834,8,0,1,187
-43.907506,-19.598571,8,0,0,170
-42.656217,-22.469610,8,0,1,27
-47.604282,-15.463146,8,0,1,154
-37.560405,-10.024455,8,0,2,4
-44.641780,-2.540200,8,0,0,53
-52.687601,-26.457017,8,0,1,85
-44.207187,-19.475446,8,0,2,136
-52.797721,-28.296974,8,0,1,20
-43.905163,-19.608610,8,0,2,152
-42.655319,-22.467991,8,0,1,27
-47.605638,-15.460408,8,0,1,154
-37.560102,-10.021161,8,0,2,5
-44.645631,-2.541101,8,0,0,100
-52.686021,-26.456765,8,0,1,265
-44.206536,-19.476143,8,0,2,138
-52.797662,-28.296304,8,0,1,180
-43.905590,-19.607889,8,0,2,152
-42.654552,-22.466709,8,0,2,38
-47.606021,-15.459648,8,0,1,154
-37.558812,-10.007980,8,0,2,4
-44.651696,-2.540088,8,0,0,100
-52.687061,-26.456844,8,0,1,265
-63.008740,-9.925816,8,0,0,47
-52.801971,-28.293613,8,0,2,116
-43.906629,-19.606068,8,0,2,150
-42.652717,-22.463745,8,0,2,24
-47.606974,-15.457508,8,0,1,334
-37.566156,-9.988256,8,0,2,155
-44.661118,-2.539836,8,0,0,142
-52.682521,-26.457896,8,0,0,151
-43.081220,-18.896572,8,0,2,45
-52.803219,-28.293065,8,0,2,116
-43.907405,-19.604479,8,0,2,160
-42.652462,-22.462188,8,0,2,179
-47.607438,-15.456552,8,0,1,334
-37.566746,-9.987109,8,0,2,148
-44.664600,-2.535297,8,0,0,143
-52.681571,-26.462338,8,0,0,137
-43.082046,-18.902055,8,0,0,139
-52.809267,-28.290536,8,0,2,113
-43.907542,-19.603437,8,0,2,1
-42.652110,-22.460433,8,0,0,35
-47.607548,-15.456589,8,0,1,154
-37.592179,-9.970151,8,0,2,124
-44.689220,-2.518514,8,0,0,123
-39.546370,-17.009345,8,0,0,131
-54.003324,-24.197603,8,0,0,69
-52.813532,-28.290389,8,0,2,86
-43.907493,-19.602153,8,0,2,5
-42.651059,-22.459478,8,0,2,56
-49.369258,-26.935110,8,0,1,343
-37.595719,-9.967823,8,0,2,126
-44.738517,-2.505823,8,0,0,136
-39.545737,-17.009879,8,0,0,131
-54.007485,-24.199054,8,0,0,68
-52.890423,-28.291236,8,0,0,33
-43.907395,-19.600473,8,0,2,2
-42.649797,-22.456496,8,0,2,167
-49.369377,-26.925718,8,0,1,14
-52.189458,-12.600475,8,0,0,101
-44.739743,-2.504630,8,0,0,136
-41.503157,-16.752397,8,0,2,161
-54.015715,-24.201954,8,0,0,68
-52.889251,-28.290490,8,0,2,81
-43.899974,-19.619711,8,0,0,155
-42.649926,-22.455960,8,0,2,173
-49.368546,-26.923707,8,0,1,22
-37.597666,-9.966534,8,0,2,126
-44.741119,-2.503309,8,0,0,136
-41.516513,-17.301307,8,0,1,164
-54.095460,-24.166913,8,0,1,337
-49.976663,-27.160025,8,0,0,176
-43.898912,-19.620887,8,0,2,128
-42.657640,-22.473380,8,0,1,179
-49.365691,-26.919058,8,0,2,194
-37.599350,-9.965450,8,0,2,125
-44.742706,-2.501669,8,0,0,136
-41.516336,-17.301709,8,0,1,348
-54.097101,-24.163586,8,0,1,337
-49.108346,-15.332483,8,0,1,0
-43.895991,-19.622957,8,0,2,128
-42.657525,-22.472201,8,0,1,188
-49.369938,-26.927859,8,0,1,11
-37.615670,-9.943165,8,0,2,150
-44.791008,-2.482686,8,0,0,78
-52.568417,-26.862195,8,0,0,41
-54.097543,-24.162648,8,0,1,336
-49.108468,-15.332461,8,0,1,180
-53.834632,-25.143436,8,0,2,62
-42.655043,-22.467347,8,0,1,209
-49.370885,-26.926863,8,0,1,201
-37.622369,-9.929911,8,0,2,156
-44.836382,-2.477993,8,0,0,105
-52.566821,-26.856955,8,0,2,315
-54.097768,-24.162507,8,0,1,156
-44.813257,-21.844863,8,0,2,35
-45.760236,-21.238041,8,0,1,290
-41.379663,-15.811196,8,0,0,65
-49.369144,-26.923185,8,0,1,202
-37.623353,-9.928016,8,0,2,156
-44.838265,-2.477519,8,0,0,99
-52.577662,-26.686923,8,0,0,19
-54.097973,-24.161759,8,0,1,336
-45.115974,-21.656468,8,0,0,33
-45.763537,-21.241425,8,0,1,198
-41.380483,-15.811576,8,0,0,65
-43.526303,-20.408406,8,0,2,171
-37.624121,-9.926485,8,0,2,156
-44.880668,-2.499541,8,0,0,57
-52.576632,-26.686101,8,0,2,87
-54.098255,-24.161517,8,0,1,156
-45.115032,-21.655261,8,0,0,45
-45.763508,-21.242736,8,0,1,166
-50.363932,-16.532320,8,0,0,145
-43.525787,-20.406941,8,0,2,69
-37.625483,-9.923818,8,0,2,156
-44.881763,-2.500288,8,0,0,56
-52.530600,-26.691642,8,0,2,119
-54.099462,-24.158680,8,0,1,336
-45.114201,-21.654838,8,0,0,74
-45.763223,-21.243798,8,0,1,162
-40.174634,-10.385477,8,0,0,17
-43.521942,-20.403894,8,0,2,53
-37.658196,-9.859730,8,0,2,156
-44.896473,-2.511866,8,0,0,49
-52.529267,-26.690616,8,0,2,28
-50.107528,-21.396929,8,0,0,41
-46.519161,-20.645361,8,0,0,45
-45.762856,-21.244519,8,0,1,146
-40.174304,-10.384511,8,0,0,17
-43.526395,-20.407913,8,0,0,170
-37.681286,-9.814814,8,0,2,156
-44.898508,-2.513624,8,0,0,49
-52.537821,-26.672968,8,0,0,1
-50.107527,-21.396932,8,0,0,41
-46.518531,-20.644771,8,0,0,45
-45.761996,-21.237181,8,0,1,330
-49.154271,-26.847366,8,0,0,140
-43.525290,-20.406615,8,0,2,50
-37.614168,-9.946062,8,0,2,156
-44.900032,-2.514953,8,0,0,49
-52.536667,-26.671920,8,0,0,62
-50.105787,-21.395328,8,0,0,39
-46.509536,-20.640780,8,0,0,81
-38.390413,-9.125380,8,0,2,129
-50.934075,-18.754350,8,0,1,327
-43.523706,-20.405306,8,0,2,50
-50.162411,-17.817927,8,0,1,180
-44.916064,-2.529858,8,0,0,47
-52.507058,-26.662186,8,0,2,174
-44.677006,-22.499844,8,0,2,111
-46.507889,-20.640820,8,0,2,96
-38.207933,-9.441313,8,0,2,27
-54.501601,-27.883758,8,0,2,73
-43.433424,-21.646157,8,0,2,112
-45.912176,-21.685174,8,0,2,78
-44.917478,-2.531201,8,0,0,47
-52.505371,-26.661144,8,0,0,72
-44.675163,-22.500533,8,0,2,112
-46.504446,-20.641184,8,0,2,97
-42.482147,-19.194727,8,0,0,59
-54.497654,-27.882728,8,0,2,88
-39.079390,-13.437954,8,0,0,29
-45.913829,-21.685493,8,0,2,77
-44.918323,-2.532002,8,0,0,47
-52.458167,-26.634534,8,0,1,60
-44.932934,-22.251974,8,0,0,121
-46.501666,-20.641526,8,0,2,97
-42.478866,-19.192253,8,0,0,48
-54.783763,-28.067130,8,0,2,88
-39.245259,-14.785456,8,0,2,29
-52.222720,-26.464698,8,0,2,93
-44.940839,-2.580340,8,0,0,69
-52.456185,-26.633543,8,0,1,62
-54.271871,-25.373576,8,0,1,57
-46.277492,-20.370479,8,0,2,21
-42.476377,-19.190267,8,0,0,49
-54.938401,-28.099604,8,0,2,170
-39.246234,-14.787050,8,0,2,37
-52.221108,-26.464777,8,0,2,92
-44.988058,-2.571610,8,0,2,127
-52.456209,-26.633471,8,0,1,241
-52.697116,-26.162973,8,0,0,167
-46.276868,-20.369258,8,0,2,27
-42.472435,-19.188211,8,0,0,72
-42.944284,-22.899001,8,0,1,270
-49.367707,-26.920129,8,0,1,203
-53.059678,-26.596605,8,0,2,156
-44.989528,-2.570023,8,0,2,149
-52.449994,-26.640645,8,0,0,151
-52.620204,-22.732607,8,0,1,0
-45.964529,-20.465556,8,0,2,133
-42.473179,-19.178248,8,0,2,131
-42.944346,-22.899171,8,0,1,82
-49.371022,-26.931661,8,0,1,174
-53.057862,-26.600146,8,0,2,156
-44.990609,-2.568252,8,0,2,148
-52.452537,-26.636473,8,0,1,331
-52.620217,-22.731572,8,0,1,0
-45.964938,-20.465152,8,0,2,139
-42.685527,-18.828483,8,0,0,77
-42.924673,-22.926734,8,0,1,335
-43.418623,-20.362380,8,0,2,122
-53.057022,-26.602716,8,0,2,177
-45.032887,-2.551338,8,0,0,123
-52.452609,-26.636504,8,0,1,152
-52.620324,-22.731346,8,0,1,180
-45.965772,-20.464344,8,0,2,137
-42.776845,-18.724085,8,0,2,3
-42.924797,-22.926695,8,0,1,155
-39.918362,-14.988172,8,0,2,49
-53.057498,-26.606659,8,0,1,186
-45.034144,-2.550542,8,0,0,123
-52.494704,-26.585703,8,0,2,116
-52.620214,-22.730605,8,0,1,0
-44.810077,-21.832309,8,0,2,15
-42.776014,-18.723027,8,0,0,74
-43.682879,-22.764722,8,0,1,130
-39.925616,-14.989378,8,0,2,75
-53.057283,-26.609803,8,0,1,150
-43.322395,-21.778719,8,0,0,125
-52.496751,-26.583864,8,0,2,146
-52.620210,-22.729539,8,0,1,0
-44.990307,-21.719407,8,0,1,87
-42.763308,-18.565311,8,0,0,157
-43.682845,-22.764685,8,0,1,310
-39.971284,-15.065982,8,0,2,82
-53.057214,-26.609784,8,0,1,330
-43.324965,-21.778374,8,0,1,277
-52.641072,-26.475432,8,0,0,120
-52.620334,-22.729317,8,0,1,180
-44.990294,-21.719312,8,0,1,267
-42.763670,-18.564333,8,0,0,161
-43.648528,-22.794651,8,0,0,144
-39.972855,-15.065992,8,0,2,95
-53.056196,-26.611474,8,0,1,149
-43.324981,-21.778472,8,0,1,97
-52.643779,-26.470210,8,0,2,173
-52.620211,-22.728546,8,0,1,0
-50.158144,-30.015183,8,0,2,111
-42.764155,-18.562990,8,0,0,161
-43.649500,-22.793444,8,0,0,144
-39.974329,-15.065718,8,0,0,105
-53.056108,-26.611465,8,0,1,329
-43.325209,-21.778347,8,0,1,277
-52.641354,-26.583538,8,0,2,109
-52.620216,-22.727663,8,0,1,0
-49.243802,-16.608245,8,0,1,180
-42.764518,-18.561948,8,0,0,162
-43.637932,-22.805608,8,0,2,128
-40.059666,-15.120902,8,0,2,82
-53.053953,-26.614835,8,0,2,149
-43.325231,-21.778457,8,0,1,97
-52.641917,-26.583377,8,0,2,80
-52.620218,-22.726723,8,0,1,0
-46.528663,-22.576363,8,0,0,127
-42.765301,-18.559730,8,0,2,162
-43.626194,-22.812772,8,0,2,151
-40.063611,-15.120766,8,0,2,98
-53.050118,-26.626063,8,0,2,162
-43.325384,-21.778325,8,0,1,277
-52.674034,-26.632762,8,0,0,17
-52.620333,-22.726308,8,0,1,180
-48.502297,-27.664321,8,0,1,174
-42.765864,-18.557631,8,0,2,171
-43.625988,-22.813132,8,0,2,151
-40.067185,-15.120561,8,0,2,75
-48.894391,-27.064074,8,0,2,58
-43.325397,-21.778427,8,0,1,97
-41.492416,-17.599623,8,0,2,179
-52.620218,-22.725582,8,0,1,0
-48.502210,-27.664404,8,0,1,354
-42.766138,-18.556008,8,0,2,171
-48.216258,-21.340993,8,0,2,50
-40.068103,-15.121067,8,0,2,56
-48.633987,-27.243621,8,0,1,62
-50.498261,-18.071207,8,0,2,283
-41.511182,-17.834255,8,0,1,200
-52.620331,-22.725356,8,0,1,180
-49.482714,-16.659469,8,0,0,152
-42.766218,-18.555242,8,0,2,173
-48.218336,-21.342627,8,0,2,50
-40.068921,-15.121614,8,0,2,57
-48.637315,-27.245230,8,0,1,62
-50.502376,-18.070729,8,0,2,274
-41.515414,-17.847604,8,0,1,349
-52.620204,-22.724647,8,0,1,0
-49.481023,-16.662259,8,0,0,150
-42.766363,-18.554259,8,0,2,172
-39.144053,-8.019190,8,0,0,11
-40.070463,-15.122573,8,0,0,53
-48.640862,-27.247230,8,0,1,44
-50.577735,-17.798360,8,0,2,354
-40.238639,-18.732258,8,0,0,40
-52.620318,-22.723461,8,0,1,180
-49.480290,-16.663466,8,0,0,152
-42.766516,-18.552170,8,0,2,17
-39.142979,-8.030846,8,0,0,166
-40.072744,-15.127739,8,0,0,17
-48.645109,-27.250309,8,0,1,52
-49.089210,-26.823597,8,0,1,7
-40.691390,-18.612343,8,0,0,23
-52.620202,-22.722703,8,0,1,0
-39.823874,-13.281130,8,0,2,68
-42.764254,-18.547275,8,0,2,50
-48.291155,-21.244969,8,0,2,55
-40.259669,-15.255995,8,0,2,103
-48.648712,-27.253442,8,0,1,41
-49.089272,-26.823580,8,0,1,187
-40.790807,-18.661171,8,0,2,66
-52.620336,-22.722365,8,0,1,180
-49.239095,-16.801149,8,0,0,12
-42.911039,-18.739528,8,0,0,68
-48.293007,-21.246233,8,0,2,52
-40.260878,-15.255743,8,0,2,103
-48.650396,-27.255214,8,0,1,41
-49.601725,-27.405181,8,0,2,88
-40.791408,-18.661423,8,0,2,64
-52.620188,-22.720724,8,0,1,0
-49.501966,-16.664432,8,0,1,342
-51.074556,-26.255959,8,0,1,319
-47.292109,-19.336110,8,0,2,13
-40.264906,-15.254852,8,0,2,103
-48.655237,-27.257083,8,0,1,72
-49.598177,-27.411609,8,0,2,162
-40.792781,-18.662344,8,0,0,42
-52.620190,-22.718736,8,0,1,0
-49.502085,-16.664444,8,0,1,162
-48.671235,-26.920148,8,0,1,55
-47.288458,-19.330874,8,0,2,53
-40.630303,-15.238787,8,0,0,177
-48.661366,-27.257152,8,0,1,113
-49.613781,-27.378673,8,0,1,338
-40.794194,-18.663714,8,0,0,43
-52.620185,-22.716747,8,0,1,0
-47.910591,-16.246236,8,0,1,75
-48.824499,-26.896370,8,0,2,30
-47.293514,-19.341725,8,0,2,13
-40.629736,-15.247060,8,0,0,167
-48.657339,-27.257607,8,0,1,87
-49.434217,-27.645852,8,0,0,21
-40.794486,-18.665319,8,0,0,3
-52.620316,-22.715580,8,0,1,180
-47.910623,-16.246121,8,0,1,252
-48.967695,-26.924669,8,0,1,144
-47.294042,-19.343828,8,0,2,13
-40.626955,-15.249829,8,0,0,127
-48.658300,-27.257637,8,0,1,88
-49.590631,-28.010111,8,0,1,199
-52.333898,-26.576705,8,0,1,180
-52.620289,-22.712339,8,0,0,179
-47.907088,-16.245204,8,0,1,73
-48.978611,-26.915767,8,0,1,138
-47.295013,-19.346251,8,0,2,31
-40.624538,-15.251544,8,0,2,126
-48.918591,-27.284216,8,0,1,249
-49.308611,-28.361569,8,0,1,50
-52.391799,-26.733626,8,0,2,159
-52.620294,-22.712071,8,0,0,179
-46.841365,-17.206547,8,0,0,7
-49.012261,-26.900726,8,0,1,61
-49.514332,-27.447843,8,0,0,90
-40.272002,-15.251993,8,0,2,124
-48.917003,-27.285442,8,0,2,62
-49.633115,-28.340260,8,0,2,92
-52.394519,-26.730595,8,0,2,123
-52.855070,-22.656821,8,0,0,91
-50.075811,-17.189520,8,0,1,227
-62.997024,-9.919481,8,0,0,97
-49.512565,-27.447845,8,0,0,90
-40.265664,-15.254690,8,0,2,103
-48.921485,-27.284411,8,0,1,267
-49.016337,-28.430534,8,0,2,42
-52.432678,-26.687577,8,0,0,157
-52.857887,-22.656392,8,0,1,139
-52.626525,-18.415494,8,0,0,119
-62.999363,-9.920220,8,0,0,55
-49.442839,-27.467797,8,0,2,139
-40.764456,-15.024020,8,0,0,119
-48.920314,-27.286670,8,0,1,89
-52.295330,-25.971579,8,0,0,66
-52.434545,-26.683376,8,0,2,153
-52.865854,-22.661017,8,0,2,49
-52.627713,-18.414829,8,0,0,121
-62.991895,-9.920306,8,0,0,79
-49.441779,-27.468997,8,0,2,155
-40.777929,-15.011273,8,0,2,85
-48.923268,-27.285063,8,0,1,234
-52.183182,-26.130062,8,0,0,180
-52.437053,-26.679611,8,0,2,156
-52.864695,-22.660089,8,0,2,49
-52.652209,-18.401030,8,0,0,120
-62.988449,-9.919049,8,0,0,46
-49.433991,-27.503760,8,0,2,58
-43.419792,-20.387546,8,0,0,106
-48.925849,-27.286773,8,0,1,89
-49.111251,-16.715156,8,0,0,135
-52.436865,-26.677119,8,0,2,9
-52.862488,-22.658224,8,0,2,48
-52.656399,-18.398681,8,0,2,122
-62.966975,-9.917574,8,0,0,93
-43.301884,-19.694737,8,0,0,75
-43.419092,-20.362078,8,0,2,132
-48.928877,-27.286159,8,0,1,269
-49.111373,-16.715017,8,0,0,143
-52.436243,-26.673459,8,0,0,8
-52.861340,-22.657272,8,0,2,48
-52.659999,-18.396647,8,0,2,121
-62.956295,-9.921736,8,0,0,106
-43.285221,-19.689347,8,0,0,70
-43.419498,-20.361232,8,0,2,165
-48.937082,-27.280698,8,0,2,147
-57.912561,-15.576294,8,0,0,16
-52.436055,-26.672306,8,0,2,10
-52.860201,-22.656350,8,0,2,48
-52.663813,-18.394690,8,0,2,116
-62.953148,-9.921923,8,0,0,55
-43.276483,-19.688645,8,0,0,85
-43.419677,-20.360630,8,0,2,165
-48.929162,-27.286828,8,0,1,89
-57.912826,-15.577195,8,0,0,16
-52.435135,-26.668804,8,0,2,6
-52.871324,-22.661244,8,0,1,273
-52.667900,-18.392163,8,0,2,121
-62.901748,-9.901534,8,0,2,57
-43.274951,-19.688407,8,0,0,73
-43.420587,-20.358776,8,0,2,142
-50.117902,-27.482405,8,0,1,347
-57.919686,-15.600003,8,0,0,16
-52.435017,-26.665105,8,0,0,177
-45.125714,-22.119726,8,0,2,68
-52.667093,-18.392662,8,0,2,124
-62.899163,-9.899847,8,0,2,55
-43.225469,-19.684061,8,0,2,37
-43.421530,-20.357889,8,0,2,134
-50.706726,-16.036649,8,0,2,61
-57.919740,-15.609242,8,0,2,135
-52.435111,-26.663478,8,0,0,177
-42.105927,-19.625380,8,0,0,7
-52.665902,-18.393417,8,0,2,123
-62.829757,-9.880234,8,0,0,88
-43.222170,-19.677057,8,0,2,25
-43.422831,-20.356780,8,0,0,134
-53.057414,-26.606697,8,0,1,6
-57.921251,-15.610401,8,0,2,88
-52.403528,-26.884804,8,0,2,11
-42.112259,-19.383576,8,0,2,177
-52.665116,-18.393916,8,0,2,123
-62.823803,-9.879387,8,0,0,103
-43.221454,-19.675995,8,0,2,37
-43.435853,-20.346469,8,0,0,116
-36.738320,-9.650460,8,0,2,136
-47.165097,-22.579380,8,0,1,313
-52.403708,-26.887945,8,0,2,172
-42.106020,-19.637071,8,0,0,8
-54.971151,-15.959507,8,0,1,116
-62.698606,-9.883393,8,0,0,85
-43.166136,-19.649069,8,0,0,155
-43.437047,-20.345930,8,0,0,120
-49.242627,-26.786500,8,0,0,157
-47.166041,-22.578624,8,0,1,132
-52.400840,-26.891758,8,0,2,133
-42.106524,-19.640346,8,0,0,12
-46.901792,-16.374150,8,0,1,348
-62.299326,-9.727527,8,0,0,57
-43.167390,-19.644822,8,0,0,45
-43.437741,-20.344866,8,0,0,1
-49.324440,-26.838328,8,0,2,16
-44.418552,-19.887160,8,0,0,137
-52.349393,-26.989017,8,0,2,130
-42.106246,-19.638490,8,0,0,6
-46.901973,-16.373902,8,0,1,168
-62.294903,-9.724835,8,0,0,58
-43.166360,-19.644339,8,0,0,90
-43.438009,-20.342164,8,0,0,151
-49.328464,-26.848439,8,0,2,24
-44.419101,-19.886612,8,0,0,137
-52.347070,-26.990064,8,0,0,116
-42.107381,-19.643587,8,0,0,17
-43.842658,-16.751750,8,0,2,104
-62.209130,-9.682801,8,0,2,12
-43.165792,-19.646820,8,0,0,48
-43.477218,-20.311046,8,0,2,180
-49.333631,-26.860378,8,0,2,29
-44.420895,-19.884411,8,0,0,153
-52.333431,-27.019332,8,0,2,104
-40.958231,-18.774427,8,0,0,103
-37.790304,-7.795020,8,0,2,34
-62.192970,-9.630309,8,0,2,46
-43.137938,-19.669999,8,0,0,100
-43.478566,-20.305706,8,0,2,2
-49.364659,-26.914866,8,0,2,1
-44.421603,-19.882678,8,0,0,160
-52.330990,-27.020154,8,0,0,118
-42.879537,-20.746122,8,0,2,147
-37.794696,-7.797648,8,0,2,91
-62.072928,-9.523601,8,0,0,172
-43.131299,-19.672144,8,0,0,132
-43.478567,-20.305403,8,0,2,2
-49.369772,-26.932335,8,0,1,353
-48.569891,-18.130240,8,0,1,288
-52.329582,-27.021673,8,0,2,161
-52.439898,-23.763166,8,0,1,71
-37.797778,-7.797547,8,0,2,92
-62.071815,-9.521507,8,0,2,56
-49.384562,-25.427128,8,0,1,79
-43.479506,-20.296515,8,0,0,48
-50.120389,-27.493076,8,0,2,24
-48.570296,-18.130114,8,0,1,288
-52.328190,-27.023893,8,0,2,143
-47.875587,-24.723164,8,0,2,111
-37.799945,-7.797459,8,0,2,91
-62.037859,-9.469813,8,0,2,19
-48.925307,-26.573245,8,0,2,85
-43.478895,-20.295712,8,0,0,24
-50.121622,-27.495633,8,0,2,23
-48.570653,-18.129987,8,0,1,288
-52.326771,-27.025628,8,0,2,144
-47.873229,-24.724027,8,0,2,112
-37.800857,-7.797487,8,0,2,85
-62.007135,-9.437780,8,0,2,171
-48.772501,-26.620304,8,0,0,92
-43.476923,-20.286467,8,0,2,152
-45.910453,-22.111685,8,0,0,61
-65.317015,-10.059544,8,0,0,134
-52.345117,-27.070564,8,0,1,110
-47.865850,-24.725293,8,0,0,83
-39.153321,-13.751033,8,0,2,22
-62.007986,-9.432456,8,0,2,171
-37.543144,-10.994280,8,0,2,20
-43.491032,-20.220610,8,0,0,28
-54.613284,-16.425588,8,0,2,20
-36.898063,-10.654638,8,0,2,152
-42.895962,-21.269918,8,0,0,49
-47.567316,-24.705488,8,0,2,159
-39.154426,-13.755673,8,0,0,4
-53.696533,-27.716337,8,0,2,83
-37.544987,-10.999238,8,0,2,20
-43.490499,-20.219782,8,0,0,45
-35.715991,-9.055067,8,0,2,44
-65.315873,-10.014174,8,0,0,19
-40.895503,-18.758073,8,0,0,143
-47.569503,-24.700319,8,0,0,161
-39.151222,-13.743536,8,0,0,6
-53.697912,-27.716336,8,0,2,93
-37.546833,-11.004130,8,0,2,20
-43.457296,-19.993517,8,0,2,32
-35.709760,-9.049039,8,0,0,44
-65.315195,-10.012288,8,0,0,19
-40.894361,-18.754554,8,0,1,231
-47.570595,-24.697675,8,0,0,160
-49.404833,-28.405204,8,0,2,82
-53.699148,-27.716076,8,0,2,111
-37.548633,-11.008972,8,0,2,20
-43.453912,-19.986777,8,0,0,19
-40.887965,-14.838627,8,0,2,9
-65.267672,-9.866324,8,0,0,17
-40.893767,-18.754098,8,0,1,246
-47.563716,-24.692631,8,0,2,53
-42.651055,-20.218792,8,0,2,158
-53.701897,-27.715653,8,0,1,84
-37.550483,-11.013931,8,0,2,20
-43.451485,-19.982034,8,0,0,6
-40.887694,-14.836860,8,0,2,8
-65.264655,-9.856942,8,0,0,17
-40.939436,-18.772690,8,0,0,73
-47.562813,-24.691963,8,0,2,42
-42.746223,-20.320948,8,0,2,28
-53.703324,-27.715716,8,0,1,265
-37.553614,-11.022350,8,0,2,20
-43.451781,-19.979116,8,0,0,147
-37.137842,-10.777755,8,0,1,250
-64.699933,-9.428579,8,0,0,57
-40.940358,-18.772739,8,0,0,91
-47.568742,-24.702105,8,0,0,159
-42.746797,-20.321896,8,0,2,28
-53.703782,-27.715833,8,0,1,85
-37.554127,-11.033759,8,0,0,150
-40.784801,-15.009383,8,0,0,111
-37.128880,-10.774605,8,0,2,70
-46.952396,-16.154784,8,0,0,38
-41.000143,-18.773183,8,0,2,157
-45.951274,-23.297698,8,0,1,310
-42.747343,-20.322857,8,0,2,28
-53.705874,-27.716193,8,0,1,251
-37.605370,-11.129389,8,0,2,34
-40.791693,-15.006766,8,0,0,111
-37.125691,-10.773481,8,0,2,70
-46.956756,-16.157625,8,0,1,225
-40.999645,-18.774393,8,0,0,158
-37.784783,-9.641646,8,0,0,108
-43.026505,-20.409610,8,0,0,93
-53.706398,-27.716446,8,0,1,71
-37.682291,-10.912210,8,0,2,135
-40.795436,-15.002347,8,0,0,156
-42.869545,-20.750298,8,0,2,37
-46.956737,-16.157727,8,0,1,48
-40.999224,-18.775410,8,0,0,157
-37.782337,-9.642614,8,0,0,98
-43.027622,-20.409464,8,0,0,98
-53.707508,-27.716715,8,0,1,250
-37.684342,-10.909725,8,0,2,145
-40.821223,-14.969735,8,0,0,147
-42.871697,-20.752843,8,0,1,229
-46.955849,-16.159333,8,0,0,134
-40.979181,-18.782713,8,0,2,79
-37.781795,-9.642617,8,0,0,86
-52.900093,-26.904005,8,0,2,85
-53.707980,-27.716956,8,0,1,70
-37.685636,-10.907913,8,0,2,145
-40.822000,-14.968584,8,0,0,147
-42.871686,-20.752930,8,0,1,58
-43.013238,-6.781633,8,0,1,38
-40.998547,-18.776223,8,0,0,134
-37.781371,-9.642593,8,0,0,86
-53.615408,-25.051951,8,0,2,138
-53.710230,-27.717361,8,0,1,262
-37.687756,-10.904960,8,0,2,145
-40.821628,-14.969128,8,0,0,147
-42.872665,-20.753382,8,0,0,69
-47.517893,-18.724736,8,0,2,1
-40.997583,-18.777096,8,0,2,134
-37.784356,-11.277940,8,0,2,134
-53.614241,-25.053116,8,0,2,137
-53.710233,-27.717441,8,0,1,82
-37.693048,-10.897516,8,0,2,145
-39.591738,-14.857774,8,0,2,101
-42.897968,-21.271393,8,0,0,60
-43.025767,-6.780274,8,0,1,293
-40.996798,-18.777856,8,0,2,134
-37.785992,-11.276382,8,0,2,133
-49.641995,-27.243298,8,0,0,49
-53.712360,-27.717625,8,0,1,262
-37.697617,-10.891131,8,0,2,145
-39.593904,-14.857267,8,0,2,102
-42.897111,-21.270856,8,0,0,50
-43.028146,-6.779228,8,0,1,293
-41.001666,-18.771001,8,0,0,118
-44.003806,-22.866752,8,0,0,16
-51.825785,-27.823404,8,0,0,2
-53.712414,-27.722909,8,0,0,1
-37.488772,-10.734656,8,0,2,50
-39.893207,-14.957879,8,0,0,62
-42.880090,-21.204972,8,0,0,4
-43.028694,-6.779142,8,0,1,113
-41.000763,-18.771863,8,0,0,151
-48.709692,-17.203609,8,0,2,151
-48.955059,-26.371392,8,0,2,7
-53.712419,-27.727374,8,0,2,12
-52.021462,-28.077069,8,0,1,228
-39.922578,-14.988820,8,0,2,102
-42.878723,-21.203121,8,0,0,57
-43.023657,-6.781316,8,0,1,114
-40.984078,-18.775470,8,0,2,159
-50.136013,-16.607485,8,0,2,90
-48.919974,-26.305317,8,0,2,177
-53.682652,-27.716975,8,0,0,83
-52.020558,-28.076467,8,0,1,48
-39.924509,-14.989062,8,0,2,74
-42.875216,-21.200346,8,0,0,70
-35.938889,-7.252979,8,0,2,74
-40.984341,-18.776649,8,0,2,20
-50.383869,-16.529156,8,0,1,263
-49.291850,-28.110576,8,0,0,156
-53.680077,-27.716575,8,0,2,77
-52.020574,-28.076362,8,0,1,228
-40.844386,-14.912562,8,0,2,1
-42.873760,-21.199945,8,0,0,80
-35.963492,-7.254354,8,0,2,87
-40.983591,-18.778805,8,0,2,141
-50.388901,-16.528135,8,0,2,175
-51.804329,-27.949410,8,0,1,352
-53.677188,-27.716306,8,0,2,92
-52.022357,-28.077888,8,0,1,48
-40.844490,-14.906388,8,0,2,179
-42.870699,-21.197521,8,0,2,31
-35.967777,-7.254543,8,0,2,86
-40.981030,-18.781328,8,0,2,159
-50.389119,-16.525860,8,0,2,175
-51.798817,-27.956239,8,0,2,135
-53.801546,-27.676391,8,0,1,18
-52.022379,-28.077800,8,0,1,228
-44.473837,-4.072249,8,0,0,177
-42.869943,-21.194951,8,0,0,178
-35.973640,-7.255109,8,0,2,84
-41.312010,-18.758132,8,0,0,101
-50.296279,-16.576790,8,0,2,112
-51.796684,-27.959986,8,0,2,130
-53.743647,-27.619168,8,0,1,30
-52.023851,-28.079522,8,0,1,21
-43.354373,-4.889036,8,0,2,179
-42.869672,-21.190871,8,0,0,7
-35.975455,-7.255288,8,0,2,84
-41.310511,-18.758505,8,0,2,113
-49.991220,-24.508314,8,0,0,139
-51.835762,-27.810423,8,0,2,175
-53.742773,-27.617676,8,0,1,210
-52.023910,-28.079442,8,0,1,205
-43.354331,-4.892820,8,0,2,179
-42.899362,-21.149098,8,0,0,11
-35.976819,-7.255419,8,0,2,84
-41.309443,-18.759268,8,0,2,136
-48.554521,-25.803233,8,0,0,163
-51.833974,-27.813204,8,0,2,137
-53.742177,-27.616943,8,0,1,32
-52.024533,-28.081389,8,0,1,16
-43.354287,-4.897669,8,0,2,0
-42.899220,-21.147824,8,0,0,176
-35.986314,-7.259518,8,0,2,34
-41.307296,-18.761017,8,0,1,76
-48.400717,-25.603627,8,0,2,50
-51.831278,-27.815546,8,0,2,133
-53.742137,-27.616759,8,0,1,215
-52.024595,-28.081322,8,0,1,196
-43.353908,-4.899933,8,0,2,163
-50.981165,-23.258554,8,0,1,145
-35.990623,-7.264693,8,0,0,65
-41.305837,-18.761834,8,0,2,138
-51.335946,-27.634463,8,0,1,311
-51.830581,-27.816156,8,0,1,135
-53.739651,-27.614524,8,0,1,272
-51.864028,-28.055399,8,0,1,81
-43.353267,-4.905155,8,0,2,2
-48.022736,-15.963549,8,0,1,320
-35.993403,-7.265918,8,0,0,66
-41.308388,-18.760807,8,0,1,143
-51.336255,-27.634313,8,0,1,127
-51.829929,-27.816763,8,0,1,135
-53.739171,-27.614627,8,0,1,92
-51.861293,-28.055097,8,0,1,86
-43.353414,-4.907554,8,0,0,9
-53.185601,-27.472392,8,0,0,78
-35.995384,-7.266800,8,0,0,66
-41.304491,-18.763248,8,0,2,139
-51.338669,-27.632559,8,0,1,306
-51.828966,-27.817645,8,0,1,135
-52.389741,-27.616294,8,0,2,143
-51.856708,-28.053448,8,0,2,113
-43.352165,-4.912186,8,0,2,152
-47.681973,-23.312128,8,0,2,4
-35.997135,-7.267384,8,0,0,79
-52.031783,-26.855502,8,0,2,26
-41.589642,-20.465693,8,0,2,53
-51.828421,-27.818294,8,0,1,335
-52.387493,-27.621987,8,0,2,113
-51.855519,-28.053898,8,0,2,113
-43.351065,-4.919211,8,0,0,8
-42.849332,-2.789384,8,0,0,40
-36.001926,-7.268395,8,0,0,64
-41.301725,-18.768740,8,0,0,130
-41.588671,-20.465795,8,0,2,117
-51.827467,-27.819855,8,0,1,332
-52.383966,-27.622941,8,0,2,64
-51.854430,-28.054321,8,0,2,113
-43.351152,-4.921910,8,0,0,174
-42.846563,-2.785282,8,0,0,33
-36.005867,-7.270511,8,0,0,62
-41.476054,-18.778447,8,0,0,80
-41.592604,-20.466001,8,0,2,79
-51.826349,-27.821781,8,0,2,151
-52.382491,-27.622237,8,0,2,62
-51.852351,-28.055651,8,0,2,117
-43.412927,-5.059076,8,0,2,15
-42.846315,-2.784894,8,0,0,33
-36.123657,-7.272671,8,0,0,92
-41.475113,-18.778191,8,0,0,73
-41.594771,-20.466398,8,0,0,70
-51.826557,-27.828463,8,0,0,8
-52.378033,-27.621276,8,0,1,274
-51.850964,-28.056156,8,0,0,85
-43.415367,-5.066521,8,0,2,26
-42.846056,-2.784500,8,0,0,33
-47.511612,-18.712599,8,0,0,46
-41.482216,-18.773865,8,0,0,153
-41.590595,-20.465764,8,0,2,111
-51.830356,-27.816322,8,0,1,315
-52.377612,-27.621469,8,0,1,94
-52.009959,-28.067784,8,0,1,228
-40.844418,-14.909091,8,0,0,179
-42.832903,-2.763215,8,0,2,34
-47.295275,-19.346612,8,0,2,36
-41.481645,-18.775015,8,0,0,145
-41.587156,-20.466313,8,0,0,102
-49.599781,-27.425919,8,0,2,130
-52.376795,-27.621363,8,0,1,274
-52.010016,-28.073374,8,0,2,138
-39.582746,-14.857273,8,0,2,76
-42.830051,-2.759070,8,0,0,37
-43.010234,-6.777739,8,0,1,220
-41.479521,-18.776541,8,0,2,134
-41.575057,-20.421981,8,0,0,23
-49.597370,-27.428066,8,0,1,140
-52.375381,-27.621626,8,0,1,93
-36.981022,-10.773387,8,0,2,125
-39.578851,-14.855961,8,0,0,69
-42.853749,-2.793829,8,0,0,67
-45.234969,-19.323428,8,0,2,13
-52.050729,-26.789684,8,0,0,146
-41.574563,-20.420871,8,0,0,27
-49.595744,-27.432165,8,0,2,12
-52.374872,-27.621487,8,0,1,274
-36.993679,-10.765638,8,0,2,114
-39.551202,-14.858732,8,0,2,109
-42.907882,-2.855214,8,0,0,64
-45.235558,-19.325854,8,0,2,13
-52.055075,-26.783633,8,0,2,159
-41.574073,-20.420234,8,0,0,66
-49.595238,-27.436138,8,0,2,164
-52.371540,-27.623021,8,0,2,104
-37.002206,-10.763293,8,0,2,79
-39.550214,-14.859071,8,0,2,109
-42.906113,-2.854461,8,0,0,67
-45.236110,-19.328256,8,0,2,12
-41.477415,-18.778662,8,0,2,76
-41.546470,-20.398792,8,0,2,46
-49.594409,-27.438909,8,0,2,164
-52.309840,-27.636208,8,0,2,129
-36.949982,-10.821811,8,0,0,40
-39.548015,-14.859460,8,0,2,83
-42.904113,-2.853619,8,0,0,67
-45.236606,-19.329876,8,0,2,20
-41.479432,-18.778589,8,0,2,151
-41.537389,-20.385116,8,0,2,170
-49.593749,-27.440677,8,0,2,149
-52.308309,-27.637762,8,0,2,141
-36.951050,-10.823116,8,0,0,40
-39.522234,-14.858871,8,0,0,99
-42.902772,-2.853059,8,0,0,67
-45.237685,-19.332591,8,0,2,25
-41.479322,-18.777891,8,0,2,11
-41.537445,-20.383444,8,0,2,3
-49.583878,-27.446938,8,0,0,103
-52.300827,-27.640652,8,0,2,95
-36.952463,-10.824833,8,0,0,40
-39.486209,-14.875788,8,0,0,106
-42.854729,-2.796985,8,0,0,9
-45.238588,-19.334246,8,0,2,27
-41.479224,-18.776953,8,0,2,160
-41.537454,-20.384342,8,0,2,181
-49.581509,-27.448171,8,0,2,132
-52.296157,-27.640689,8,0,2,89
-36.953591,-10.826248,8,0,2,40
-39.484507,-14.876284,8,0,0,104
-42.842506,-2.779085,8,0,0,33
-45.239676,-19.336259,8,0,2,28
-41.918211,-18.575676,8,0,0,66
-41.537402,-20.382597,8,0,2,3
-49.575625,-27.474029,8,0,2,14
-52.296603,-27.646006,8,0,2,3
-37.033041,-10.899210,8,0,1,139
-39.478834,-14.878237,8,0,0,126
-42.828764,-2.757824,8,0,1,49
-45.240628,-19.337795,8,0,2,30
-41.090022,-19.489444,8,0,0,136
-41.537035,-20.378662,8,0,0,8
-49.576365,-27.476735,8,0,2,14
-52.291992,-27.661435,8,0,2,163
-37.032817,-10.899351,8,0,1,319
-39.476596,-14.879546,8,0,0,117
-42.828584,-2.757568,8,0,1,227
-45.241521,-19.339283,8,0,2,29
-41.088524,-19.490908,8,0,0,136
-41.537343,-20.381451,8,0,2,182
-49.434114,-27.644943,8,0,0,169
-52.244844,-27.651268,8,0,1,178
-37.030939,-10.901272,8,0,1,139
-39.475435,-14.880136,8,0,2,116
-53.063368,-28.065742,8,0,2,171
-45.242349,-19.340639,8,0,2,30
-41.086653,-19.492216,8,0,0,121
-41.532070,-20.360061,8,0,0,152
-49.347516,-27.688879,8,0,0,135
-52.277963,-27.617819,8,0,0,160
-37.030762,-10.901319,8,0,1,319
-39.473787,-14.880643,8,0,0,92
-53.065210,-28.063339,8,0,2,138
-45.243561,-19.342563,8,0,2,30
-41.084574,-19.493371,8,0,0,120
-41.534378,-20.355035,8,0,0,7
-49.300921,-28.105749,8,0,0,58
-52.305958,-27.400215,8,0,1,49
-37.028188,-10.903616,8,0,1,137
-39.426712,-14.864652,8,0,0,66
-53.253069,-28.369020,8,0,1,186
-45.245505,-19.345661,8,0,2,30
-41.071657,-19.496874,8,0,2,155
-41.534533,-20.352796,8,0,2,160
-49.296987,-28.108568,8,0,2,115
-52.304906,-27.399402,8,0,1,47
-37.027936,-10.903565,8,0,1,311
-39.425379,-14.864066,8,0,2,66
-53.252973,-28.369024,8,0,1,7
-45.246996,-19.348562,8,0,2,22
-41.071256,-19.497704,8,0,2,155
-41.535640,-20.351006,8,0,2,150
-49.295372,-28.109375,8,0,2,91
-52.304598,-27.399055,8,0,1,228
-37.024307,-10.908061,8,0,2,94
-39.423185,-14.863046,8,0,0,62
-53.256554,-28.366540,8,0,1,279
-47.499791,-18.702077,8,0,0,48
-41.070514,-19.499112,8,0,2,155
-41.536195,-20.349650,8,0,0,161
-41.353841,-22.126591,8,0,1,150
-52.303385,-27.398206,8,0,1,48
-37.006126,-10.889548,8,0,0,41
-39.351102,-14.849728,8,0,2,75
-53.256580,-28.366649,8,0,1,100
-48.792035,-26.417020,8,0,1,129
-42.040231,-22.897348,8,0,1,315
-41.537172,-20.347796,8,0,0,146
-35.980492,-7.903330,8,0,2,21
-52.303434,-27.398146,8,0,1,231
-37.000576,-10.882565,8,0,0,48
-39.350259,-14.849499,8,0,2,75
-53.902676,-28.339407,8,0,2,1
-48.791942,-26.417004,8,0,1,300
-42.040605,-22.897120,8,0,1,133
-41.537916,-20.346156,8,0,2,160
-35.986378,-7.919262,8,0,2,18
-52.297530,-27.392262,8,0,2,153
-36.997373,-10.879960,8,0,0,50
-39.348668,-14.849045,8,0,2,69
-53.902733,-28.335789,8,0,2,1
-48.802538,-26.403500,8,0,2,143
-45.521451,-22.329149,8,0,2,60
-41.538448,-20.344589,8,0,2,164
-35.988571,-7.910588,8,0,2,119
-52.298563,-27.390216,8,0,2,155
-36.996910,-10.879522,8,0,0,40
-39.343746,-14.847008,8,0,0,67
-53.772624,-28.241338,8,0,2,87
-48.804653,-26.401148,8,0,2,128
-45.525589,-22.331043,8,0,2,80
-41.538992,-20.343070,8,0,2,151
-35.983688,-7.911866,8,0,2,20
-52.535665,-27.731158,8,0,1,144
-36.991388,-10.872719,8,0,0,13
-39.341131,-14.845931,8,0,0,66
-53.770832,-28.241302,8,0,2,89
-43.832219,-19.749835,8,0,0,35
-45.530561,-22.332299,8,0,2,62
-41.539723,-20.341874,8,0,2,151
-36.060683,-8.005693,8,0,2,8
-52.534235,-27.732277,8,0,2,104
-36.991706,-10.873665,8,0,0,27
-39.337895,-14.844564,8,0,0,66
-54.005893,-28.250629,8,0,1,297
-43.831124,-19.747932,8,0,0,26
-44.580818,-21.672758,8,0,0,39
-41.540796,-20.339085,8,0,0,160
-36.058269,-7.996715,8,0,0,19
-52.536628,-27.730032,8,0,1,142
-36.992524,-10.874517,8,0,0,48
-39.320140,-14.832076,8,0,2,45
-54.005944,-28.250673,8,0,1,120
-43.862087,-20.192090,8,0,1,61
-44.581810,-21.675054,8,0,0,50
-41.541315,-20.337540,8,0,0,183
-36.060536,-8.004658,8,0,2,7
-52.537156,-27.729338,8,0,1,322
-37.105300,-6.460450,8,0,2,92
-39.317672,-14.829711,8,0,0,45
-54.009536,-28.250341,8,0,2,89
-42.901765,-20.383605,8,0,2,75
-44.438275,-21.694787,8,0,0,4
-41.541187,-20.335998,8,0,0,178
-36.060133,-8.002424,8,0,2,14
-52.538355,-27.728164,8,0,1,310
-37.106278,-6.460428,8,0,2,89
-39.308620,-14.821296,8,0,2,56
-54.012389,-28.252844,8,0,2,11
-43.861456,-20.191394,8,0,1,245
-48.267613,-15.253599,8,0,1,345
-41.545460,-20.327930,8,0,0,305
-36.059194,-7.999579,8,0,2,17
-52.538210,-27.728402,8,0,1,130
-37.107446,-6.460924,8,0,2,59
-39.305068,-14.819520,8,0,2,64
-54.012762,-28.254217,8,0,2,14
-42.655025,-20.214856,8,0,0,130
-53.635691,-26.955589,8,0,1,73
-41.542535,-20.316293,8,0,0,101
-35.982756,-7.909364,8,0,2,20
-52.539988,-27.725920,8,0,2,17
-37.108011,-6.461265,8,0,2,59
-39.300147,-14.816658,8,0,2,51
-54.817833,-28.257792,8,0,1,47
-42.189772,-20.272080,8,0,0,65
-53.635004,-26.955390,8,0,1,255
-41.543699,-20.316099,8,0,2,99
-35.981348,-7.905587,8,0,2,20
-52.617472,-27.715923,8,0,2,82
-37.110094,-6.461452,8,0,2,133
-39.299332,-14.816001,8,0,2,51
-54.816559,-28.256718,8,0,1,47
-41.982496,-20.248811,8,0,0,15
-53.626142,-26.948468,8,0,1,41
-41.544879,-20.315905,8,0,0,102
-35.951329,-7.892231,8,0,0,59
-52.618711,-27.716026,8,0,1,264
-37.278365,-7.023399,8,0,1,338
-39.302797,-14.818417,8,0,2,63
-54.816349,-28.256422,8,0,1,227
-41.982437,-20.250135,8,0,0,159
-53.622481,-26.946151,8,0,1,228
-41.555171,-20.298627,8,0,0,174
-35.950650,-7.891819,8,0,0,59
-52.621007,-27.716248,8,0,1,264
-37.277462,-7.025299,8,0,1,335
-43.398511,-20.079963,8,0,2,179
-54.817527,-28.257413,8,0,1,225
-41.981752,-20.251847,8,0,0,159
-53.639411,-26.975741,8,0,2,15
-41.582240,-20.267210,8,0,0,329
-35.928375,-7.883211,8,0,0,69
-52.621560,-27.716352,8,0,1,84
-37.324393,-6.848625,8,0,2,159
-43.399952,-20.078704,8,0,0,112
-54.815877,-28.255259,8,0,1,192
-36.861769,-10.739503,8,0,0,140
-48.160013,-15.868442,8,0,1,311
-41.608065,-20.364200,8,0,0,52
-35.920313,-7.881188,8,0,2,77
-52.623987,-27.716576,8,0,2,83
-37.265505,-6.961447,8,0,0,170
-43.400778,-20.077961,8,0,0,144
-55.259026,-28.186503,8,0,2,101
-36.861857,-10.707555,8,0,2,175
-48.161953,-15.866981,8,0,1,304
-41.608794,-20.364720,8,0,0,48
-44.522769,-2.502795,8,0,0,128
-52.649095,-27.668885,8,0,1,8
-37.552773,-6.661544,8,0,0,97
-43.403202,-20.076699,8,0,0,102
-55.261575,-28.186062,8,0,2,101
-36.861228,-10.702385,8,0,0,151
-48.166208,-15.864320,8,0,0,123
-50.386662,-16.451096,8,0,0,14
-49.020753,-17.292567,8,0,2,134
-52.649216,-27.668849,8,0,1,188
-37.558084,-6.663091,8,0,0,56
-43.404284,-20.075194,8,0,0,22
-54.545806,-28.538389,8,0,2,42
-36.886980,-10.671089,8,0,2,157
-48.174947,-15.787209,8,0,0,180
-41.621390,-20.359924,8,0,0,130
-45.091043,-23.490175,8,0,0,95
-52.648637,-27.666189,8,0,1,8
-49.652309,-27.255227,8,0,0,40
-45.446952,-21.999766,8,0,0,73
-54.549236,-28.541633,8,0,2,42
-36.894052,-10.660926,8,0,0,142
-48.174763,-15.785204,8,0,0,11
-41.622264,-20.359164,8,0,2,137
-45.089228,-23.490316,8,0,0,95
-52.001798,-27.764176,8,0,1,16
-49.653536,-27.258419,8,0,2,10
-45.447793,-22.000010,8,0,0,73
-54.550778,-28.543948,8,0,2,22
-36.895301,-10.659300,8,0,2,142
-48.167544,-15.757039,8,0,0,180
-41.623012,-20.358239,8,0,2,140
-45.087718,-23.490453,8,0,0,95
-52.001870,-27.764144,8,0,1,197
-39.088939,-13.458807,8,0,0,20
-43.748692,-19.705218,8,0,0,152
-54.551425,-28.545342,8,0,2,20
-36.896509,-10.657527,8,0,0,151
-48.167611,-15.745875,8,0,0,180
-41.625496,-20.355959,8,0,2,157
-45.357511,-22.881145,8,0,0,64
-52.000336,-27.761802,8,0,1,54
-39.090043,-13.478047,8,0,0,12
-43.749399,-19.704322,8,0,0,131
-54.551290,-28.150188,8,0,1,178
-36.900102,-10.651759,8,0,2,132
-45.426999,-23.631617,8,0,1,207
-47.644245,-15.670575,8,0,2,169
-45.355917,-22.880547,8,0,2,80
-52.000143,-27.761594,8,0,1,234
-39.090242,-13.478989,8,0,0,10
-43.763217,-19.699383,8,0,0,49
-54.551154,-28.152041,8,0,1,1
-36.900656,-10.651382,8,0,2,123
-45.427244,-23.632304,8,0,1,23
-47.644395,-15.670015,8,0,2,163
-45.316100,-22.891845,8,0,2,92
-51.998340,-27.760532,8,0,1,54
-39.090455,-13.479940,8,0,0,12
-43.761508,-19.698654,8,0,0,82
-54.551709,-28.148681,8,0,1,269
-36.902876,-10.650187,8,0,0,117
-42.938945,-13.603836,8,0,2,135
-47.644154,-15.672086,8,0,0,3
-45.314990,-22.891872,8,0,2,92
-51.997732,-27.760052,8,0,1,233
-39.090895,-13.481852,8,0,0,13
-43.770332,-19.693586,8,0,0,130
-54.551709,-28.148752,8,0,1,89
-36.904961,-10.649131,8,0,0,117
-42.936534,-13.606260,8,0,1,136
-47.644542,-15.673648,8,0,2,19
-45.313918,-22.891905,8,0,2,92
-48.969670,-28.165133,8,0,1,246
-39.096600,-13.496911,8,0,0,22
-43.771595,-19.691587,8,0,0,10
-54.938263,-28.108716,8,0,0,1
-49.469012,-18.488246,8,0,2,35
-42.933574,-13.609161,8,0,1,135
-47.648954,-15.678277,8,0,2,49
-45.310322,-22.892027,8,0,2,92
-48.970626,-28.166096,8,0,1,58
-39.094255,-13.513980,8,0,0,18
-43.771561,-19.689489,8,0,0,172
-54.755683,-27.949384,8,0,1,183
-49.470088,-18.489620,8,0,2,35
-42.931424,-13.611310,8,0,1,136
-47.649414,-15.678680,8,0,2,48
-45.309420,-22.892041,8,0,2,92
-48.975045,-28.167505,8,0,1,121
-39.095138,-13.515353,8,0,0,63
-43.772304,-19.687423,8,0,2,100
-54.755594,-27.949651,8,0,1,3
-49.470955,-18.490672,8,0,2,39
-42.728563,-13.764257,8,0,0,114
-47.651245,-15.682482,8,0,2,12
-45.301565,-22.892228,8,0,2,92
-48.678698,-28.245603,8,0,2,15
-39.101021,-13.540740,8,0,0,6
-39.210815,-14.033408,8,0,0,253
-53.935641,-27.922875,8,0,1,97
-49.472070,-18.491553,8,0,2,55
-42.726715,-13.765042,8,0,0,114
-47.651599,-15.684181,8,0,0,12
-45.300238,-22.892271,8,0,2,92
-48.678916,-28.246979,8,0,0,2
-39.101089,-13.541709,8,0,0,6
-43.780307,-19.688161,8,0,0,38
-53.936540,-27.922791,8,0,1,97
-49.474627,-18.492663,8,0,2,71
-42.721574,-13.767211,8,0,0,114
-47.714591,-15.750824,8,0,2,53
-45.298051,-22.892334,8,0,2,92
-48.678912,-28.249724,8,0,2,10
-39.144784,-13.728806,8,0,2,178
-43.774244,-19.687021,8,0,0,93
-53.936322,-27.922700,8,0,1,277
-49.476733,-18.493136,8,0,2,122
-42.718891,-13.768366,8,0,1,114
-47.715302,-15.751333,8,0,2,53
-45.297299,-22.892353,8,0,2,92
-48.682530,-28.253859,8,0,0,38
-39.099028,-13.545262,8,0,0,150
-43.784231,-19.688231,8,0,2,100
-53.941126,-27.922592,8,0,1,90
-49.478094,-18.492263,8,0,2,123
-42.710628,-13.771858,8,0,0,114
-41.636138,-20.350410,8,0,2,126
-45.303983,-22.892176,8,0,2,92
-48.685555,-28.257264,8,0,0,37
-39.098795,-13.546772,8,0,0,5
-43.782651,-19.688362,8,0,2,101
-53.941121,-27.922456,8,0,1,270
-49.481759,-18.489253,8,0,0,131
-42.511501,-14.047946,8,0,0,129
-41.636785,-20.349653,8,0,2,148
-48.079456,-16.381825,8,0,0,68
-48.689968,-28.262618,8,0,2,31
-39.095643,-13.501441,8,0,2,104
-43.751967,-19.510868,8,0,2,115
-53.935713,-27.922751,8,0,1,278
-51.501445,-18.089991,8,0,0,137
-42.510761,-14.048524,8,0,0,129
-41.637069,-20.349155,8,0,2,150
-48.081298,-16.382525,8,0,0,68
-48.697015,-28.266666,8,0,2,63
-39.098946,-13.548282,8,0,0,7
-43.900410,-19.493746,8,0,2,145
-54.009525,-27.879670,8,0,2,91
-51.496401,-18.095154,8,0,0,137
-42.510034,-14.049115,8,0,0,129
-41.637530,-20.348418,8,0,2,150
-40.844507,-18.684361,8,0,0,92
-52.251984,-27.914960,8,0,2,97
-39.104689,-13.556728,8,0,0,174
-43.752924,-19.510616,8,0,2,98
-52.994376,-27.731077,8,0,1,72
-57.920261,-15.602047,8,0,0,16
-42.230372,-14.169656,8,0,2,104
-41.638013,-20.347618,8,0,2,150
-40.845099,-18.684341,8,0,0,92
-52.264700,-27.911437,8,0,2,142
-39.142331,-13.714621,8,0,0,23
-43.753736,-19.510179,8,0,2,147
-52.995446,-27.728365,8,0,0,179
-57.997807,-15.328309,8,0,1,319
-42.228842,-14.170010,8,0,2,104
-41.638402,-20.346960,8,0,2,149
-40.768916,-18.829295,8,0,0,46
-52.268496,-27.909331,8,0,2,103
-39.104987,-13.570639,8,0,0,182
-39.222417,-14.048684,8,0,0,172
-53.054650,-27.606547,8,0,0,110
-56.216814,-15.404634,8,0,2,148
-42.225752,-14.170747,8,0,0,104
-41.639657,-20.345531,8,0,2,133
-40.767100,-18.827323,8,0,0,39
-52.270285,-27.908644,8,0,2,122
-39.145458,-13.722189,8,0,0,24
-43.754865,-19.508639,8,0,2,131
-53.066827,-27.601735,8,0,1,284
-52.160456,-23.280009,8,0,0,45
-42.220461,-14.171942,8,0,0,94
-41.642883,-20.342596,8,0,2,158
-40.462558,-19.652919,8,0,0,167
-52.271543,-27.907598,8,0,2,137
-39.105999,-13.599117,8,0,0,15
-43.756875,-19.507765,8,0,2,102
-53.067731,-27.601629,8,0,1,104
-40.043465,-12.362905,8,0,2,77
-42.221209,-14.171839,8,0,0,102
-41.084873,-20.240599,8,0,0,156
-49.502909,-27.447282,8,0,0,46
-51.909195,-27.716241,8,0,1,273
-39.141739,-13.713009,8,0,0,15
-39.327610,-14.146734,8,0,0,29
-53.069606,-27.601196,8,0,1,104
-39.894900,-12.302004,8,0,0,56
-42.118260,-14.204994,8,0,0,98
-41.097310,-20.168045,8,0,0,167
-49.505591,-27.448131,8,0,2,102
-51.909417,-27.716292,8,0,1,92
-39.105021,-13.602002,8,0,0,124
-43.759450,-19.506000,8,0,2,139
-53.069585,-27.601114,8,0,1,286
-39.897459,-12.303779,8,0,0,54
-42.114562,-14.205587,8,0,2,99
-41.099694,-20.155147,8,0,0,172
-49.506794,-27.447933,8,0,2,94
-51.912059,-27.716098,8,0,1,274
-39.102730,-13.605188,8,0,0,177
-39.222121,-14.050979,8,0,0,177
-53.213786,-27.508581,8,0,2,43
-39.946889,-12.333664,8,0,0,74
-42.112083,-14.205989,8,0,2,99
-41.102823,-20.148258,8,0,2,162
-43.011721,-6.779723,8,0,1,38
-51.912234,-27.716159,8,0,1,93
-39.144114,-13.718108,8,0,2,26
-43.760872,-19.504427,8,0,2,143
-53.214926,-27.509765,8,0,1,210
-39.948828,-12.334207,8,0,2,73
-42.113349,-14.205783,8,0,2,99
-41.043174,-20.331088,8,0,2,17
-43.010445,-6.778112,8,0,1,36
-51.915444,-27.715994,8,0,1,93
-39.126509,-13.679867,8,0,0,34
-39.222294,-14.053568,8,0,0,170
-53.215092,-27.510204,8,0,1,30
-39.951267,-12.334882,8,0,2,73
-42.109226,-14.206847,8,0,0,131
-41.104348,-20.143362,8,0,0,170
-43.023142,-6.781399,8,0,1,294
-51.917429,-27.715173,8,0,0,123
-39.145631,-13.724855,8,0,0,147
-39.221117,-14.065380,8,0,0,29
-53.215706,-27.510876,8,0,1,211
-40.038743,-12.360984,8,0,0,4
-42.110846,-14.206196,8,0,2,99
-41.119129,-20.093691,8,0,2,159
-46.950361,-16.038442,8,0,1,343
-51.910844,-27.463381,8,0,2,131
-39.146001,-13.723437,8,0,0,23
-43.761509,-19.503653,8,0,0,143
-53.216020,-27.511505,8,0,1,32
-40.040731,-12.362267,8,0,2,75
-41.902491,-14.232983,8,0,0,90
-41.119754,-20.092203,8,0,2,157
-47.517783,-18.721614,8,0,2,6
-51.801386,-27.625634,8,0,1,208
-39.102638,-13.606717,8,0,0,180
-39.144589,-13.731295,8,0,2,171
-53.196169,-27.356607,8,0,2,48
-40.116740,-12.443848,8,0,0,68
-41.898171,-14.233930,8,0,0,110
-41.118722,-20.089448,8,0,2,14
-46.460326,-18.568153,8,0,1,1
-51.801325,-27.625683,8,0,1,27
-39.103025,-13.531345,8,0,0,114
-43.761886,-19.503142,8,0,0,143
-53.193339,-27.356805,8,0,1,102
-40.113176,-12.442106,8,0,0,63
-41.764414,-14.256005,8,0,0,82
-41.119995,-20.086890,8,0,0,164
-46.460429,-18.568147,8,0,1,181
-51.801944,-27.626563,8,0,1,208
-39.100266,-13.535171,8,0,0,172
-43.822155,-19.431047,8,0,0,54
-53.190770,-27.357001,8,0,1,87
-40.261335,-12.508732,8,0,2,61
-41.762678,-14.255766,8,0,0,81
-41.114218,-20.062768,8,0,2,29
-46.460371,-18.569935,8,0,1,1
-51.801867,-27.626595,8,0,1,27
-39.100088,-13.536460,8,0,0,172
-43.830367,-19.433980,8,0,0,82
-53.189151,-27.357619,8,0,1,140
-40.263091,-12.509636,8,0,2,63
-41.736316,-14.252293,8,0,2,61
-41.572479,-20.248214,8,0,2,87
-46.460432,-18.569930,8,0,1,181
-51.803114,-27.628524,8,0,1,195
-39.100007,-13.537004,8,0,2,172
-43.831789,-19.434159,8,0,2,82
-53.189040,-27.357581,8,0,1,318
-41.487277,-12.436692,8,0,0,151
-41.730635,-14.246697,8,0,2,56
-41.574665,-20.245942,8,0,2,142
-64.401555,-9.258382,8,0,2,93
-51.803033,-27.628561,8,0,1,21
-39.101261,-13.539255,8,0,2,166
-43.833346,-19.434388,8,0,0,82
-53.185772,-27.360294,8,0,1,311
-41.492559,-12.436156,8,0,0,38
-41.724343,-14.240922,8,0,2,39
-41.577973,-20.237335,8,0,2,138
-64.409583,-9.257965,8,0,2,93
-51.804978,-27.638240,8,0,1,353
-39.085579,-13.449898,8,0,0,17
-43.835248,-19.434652,8,0,0,82
-53.185825,-27.360335,8,0,1,130
-47.509226,-18.710454,8,0,2,46
-41.723230,-14.239729,8,0,2,48
-41.578711,-20.236570,8,0,2,139
-64.696254,-9.423453,8,0,0,12
-51.805190,-27.636847,8,0,1,352
-39.080024,-13.439398,8,0,2,16
-43.836598,-19.434833,8,0,0,82
-53.183808,-27.361870,8,0,1,128
-47.501445,-18.703533,8,0,2,46
-41.722300,-14.239119,8,0,2,73
-41.581531,-20.226040,8,0,0,159
-47.300384,-19.352449,8,0,2,34
-51.805579,-27.634488,8,0,1,352
-39.077623,-13.430901,8,0,0,2
-43.838485,-19.435097,8,0,0,82
-53.183729,-27.361835,8,0,1,306
-47.506406,-18.707963,8,0,0,48
-41.466082,-14.424452,8,0,2,175
-41.586006,-20.221025,8,0,2,136
-49.800127,-16.013448,8,0,2,219
-51.805705,-27.634245,8,0,1,173
-39.078232,-13.420824,8,0,2,176
-43.841108,-19.435461,8,0,0,82
-53.064938,-27.338848,8,0,1,80
-53.769145,-27.361464,8,0,2,41
-41.465821,-14.427538,8,0,2,176
-41.586837,-20.220237,8,0,2,136
-46.831572,-23.218215,8,0,1,346
-51.805917,-27.632906,8,0,1,170
-39.074941,-13.408892,8,0,0,6
-43.843545,-19.435792,8,0,0,82
-53.064922,-27.338792,8,0,1,260
-53.774140,-27.368014,8,0,2,36
-41.465726,-14.428876,8,0,2,175
-41.590118,-20.216456,8,0,2,144
-46.831567,-23.217492,8,0,1,1
-51.805903,-27.632368,8,0,1,352
-39.075797,-13.402423,8,0,0,145
-43.846024,-19.436132,8,0,0,82
-53.062884,-27.338535,8,0,1,80
-36.884259,-10.209624,8,0,2,33
-41.465552,-14.431061,8,0,2,176
-41.623820,-20.150279,8,0,2,122
-46.829527,-23.221168,8,0,2,146
-51.806048,-27.631965,8,0,1,172
-39.075815,-13.397968,8,0,0,10
-39.079344,-16.482135,8,0,0,137
-53.062870,-27.338480,8,0,1,259
-36.883793,-10.208822,8,0,2,31
-41.465415,-14.432762,8,0,2,176
-41.625280,-20.149395,8,0,2,125
-46.829517,-23.223266,8,0,2,23
-51.806064,-27.631336,8,0,1,353
-39.075398,-13.390663,8,0,0,6
-39.084520,-16.481325,8,0,2,54
-53.062243,-27.337844,8,0,1,16
-36.883282,-10.207628,8,0,2,19
-41.465120,-14.436536,8,0,2,175
-41.626540,-20.148595,8,0,2,123
-46.722864,-23.106786,8,0,1,15
-51.806228,-27.630713,8,0,1,172
-39.076160,-13.388529,8,0,0,149
-39.084976,-16.481661,8,0,2,60
-53.062223,-27.337508,8,0,1,194
-36.883044,-10.206970,8,0,2,19
-41.392429,-14.570154,8,0,2,132
-41.628340,-20.147257,8,0,2,147
-46.722450,-23.105300,8,0,1,14
-51.772153,-27.705887,8,0,1,56
-39.074467,-13.380146,8,0,0,22
-39.089763,-16.481918,8,0,2,72
-53.061464,-27.335532,8,0,1,17
-36.976470,-10.140591,8,0,2,108
-41.391463,-14.570940,8,0,2,131
-41.629295,-20.144948,8,0,2,136
-46.716922,-23.091262,8,0,2,9
-51.772171,-27.705840,8,0,1,237
-39.074700,-13.376628,8,0,2,139
-39.085401,-16.481803,8,0,0,70
-53.061391,-27.335080,8,0,1,197
-37.027296,-10.100497,8,0,0,138
-41.252306,-14.605094,8,0,0,45
-41.630601,-20.143455,8,0,0,155
-46.716760,-23.090305,8,0,2,9
-51.768716,-27.704524,8,0,1,87
-39.061728,-13.352910,8,0,2,15
-39.091499,-16.481820,8,0,2,114
-53.029505,-27.254749,8,0,1,170
-37.048274,-10.079811,8,0,2,82
-47.844874,-15.692879,8,0,2,90
-41.631253,-20.142478,8,0,0,136
-46.716206,-23.087620,8,0,2,17
-51.768721,-27.704473,8,0,1,263
-39.075702,-13.375154,8,0,1,350
-39.093129,-16.480999,8,0,2,125
-51.074623,-26.256040,8,0,1,138
-37.049182,-10.079763,8,0,2,103
-47.843084,-15.692885,8,0,2,90
-41.632382,-20.140846,8,0,2,140
-46.715585,-23.086396,8,0,2,32
-51.766473,-27.704415,8,0,1,85
-39.076029,-13.374596,8,0,1,170
-39.323200,-14.304690,8,0,0,167
-51.075034,-26.255685,8,0,1,297
-37.055149,-10.078564,8,0,2,114
-47.853247,-15.691821,8,0,2,118
-41.633406,-20.138781,8,0,0,152
-46.706837,-23.081857,8,0,1,70
-51.669807,-27.768804,8,0,1,60
-50.435555,-28.670714,8,0,1,166
-39.322368,-14.307609,8,0,1,332
-52.903650,-27.836467,8,0,1,295
-37.057340,-10.077464,8,0,2,122
-47.823993,-15.701254,8,0,0,125
-41.634460,-20.136799,8,0,0,155
-46.706890,-23.081682,8,0,1,252
-51.669447,-27.768530,8,0,1,241
-50.435527,-28.670282,8,0,1,346
-39.321806,-14.308989,8,0,1,123
-52.904868,-27.835664,8,0,1,132
-37.058939,-10.076837,8,0,2,111
-47.822292,-15.702411,8,0,0,125
-41.636474,-20.134090,8,0,0,165
-46.705275,-23.081335,8,0,1,70
-51.668618,-27.768182,8,0,1,47
-49.583684,-29.152723,8,0,1,311
-39.314505,-14.317974,8,0,2,180
-52.905517,-27.835034,8,0,1,315
-37.091153,-9.960114,8,0,0,97
-47.818956,-15.704713,8,0,2,125
-41.636697,-20.133182,8,0,0,171
-46.051196,-22.611323,8,0,2,126
-51.668527,-27.767994,8,0,1,226
-39.024954,-14.852753,8,0,0,179
-39.331519,-14.151289,8,0,2,108
-52.906831,-27.833671,8,0,1,145
-48.044534,-16.007403,8,0,1,122
-47.813415,-15.708501,8,0,2,125
-41.636986,-20.132012,8,0,2,133
-46.027921,-22.621675,8,0,2,99
-51.667554,-27.767207,8,0,1,44
-39.024891,-14.854944,8,0,0,179
-39.332181,-14.151050,8,0,2,108
-52.907100,-27.833229,8,0,1,320
-48.029446,-16.011112,8,0,1,123
-42.983362,-15.679125,8,0,0,28
-41.660503,-20.096465,8,0,0,130
-46.026919,-22.621910,8,0,2,111
-51.667631,-27.767182,8,0,1,223
-39.693846,-12.706203,8,0,1,94
-39.094055,-16.480483,8,0,2,120
-52.908449,-27.831005,8,0,1,163
-40.473702,-20.386785,8,0,2,246
-42.985568,-15.683032,8,0,0,28
-41.660961,-20.095838,8,0,2,167
-46.026222,-22.622252,8,0,2,126
-51.671279,-27.769561,8,0,1,60
-39.685067,-12.707414,8,0,0,107
-39.094737,-16.480209,8,0,2,112
-52.908156,-27.831445,8,0,1,342
-35.627702,-7.047736,8,0,2,146
-43.016401,-15.726051,8,0,0,60
-41.666411,-20.081894,8,0,2,6
-46.021383,-22.627487,8,0,2,168
-51.671330,-27.769501,8,0,1,240
-39.664903,-12.711990,8,0,0,104
-39.096153,-16.479744,8,0,2,96
-52.908722,-27.829879,8,0,1,351
-41.201873,-17.408813,8,0,0,59
-43.020405,-15.729049,8,0,0,60
-41.666405,-20.081173,8,0,2,171
-46.021352,-22.628520,8,0,2,182
-51.672690,-27.770314,8,0,2,39
-39.659416,-12.713142,8,0,0,102
-39.097601,-16.479613,8,0,2,97
-52.908846,-27.829652,8,0,1,186
-41.202930,-17.409310,8,0,0,60
-43.023096,-15.734312,8,0,2,161
-41.676030,-20.067729,8,0,0,166
-46.020427,-22.630200,8,0,2,132
-42.487664,-19.480078,8,0,2,70
-39.615931,-12.730528,8,0,0,116
-39.159873,-16.448986,8,0,0,115
-52.907821,-27.826724,8,0,1,15
-41.203415,-17.409604,8,0,0,60
-43.023160,-15.736967,8,0,2,20
-41.676298,-20.066606,8,0,2,164
-46.018351,-22.632042,8,0,2,132
-42.489568,-19.480738,8,0,2,70
-39.614713,-12.731131,8,0,0,116
-39.166177,-16.446773,8,0,0,124
-52.907918,-27.826690,8,0,1,196
-41.213832,-17.414687,8,0,2,47
-43.030304,-15.751997,8,0,1,33
-41.683485,-20.051359,8,0,2,144
-46.017407,-22.632832,8,0,2,127
-42.491692,-19.481606,8,0,2,61
-39.611185,-12.732797,8,0,0,116
-39.166896,-16.446300,8,0,0,125
-52.908500,-27.824471,8,0,0,2
-41.217519,-17.415549,8,0,1,209
-43.035241,-15.756735,8,0,1,239
-41.683451,-20.049202,8,0,2,157
-46.015819,-22.633829,8,0,2,125
-60.765585,2.739182,8,0,0,68
-39.610325,-12.733200,8,0,0,117
-39.167948,-16.445584,8,0,0,127
-52.908478,-27.823276,8,0,0,3
-41.218211,-17.416563,8,0,0,33
-43.124434,-15.726999,8,0,2,68
-41.684108,-20.048449,8,0,2,120
-46.011106,-22.637498,8,0,2,118
-60.766101,2.738974,8,0,0,68
-39.525210,-12.770114,8,0,1,260
-39.169109,-16.444832,8,0,0,126
-52.728966,-27.535863,8,0,2,53
-41.219644,-17.417789,8,0,0,47
-43.261459,-15.754360,8,0,0,22
-41.686144,-20.045871,8,0,2,150
-46.009369,-22.638055,8,0,0,115
-39.493418,-15.370237,8,0,2,133
-39.523024,-12.769347,8,0,0,83
-39.187668,-16.434547,8,0,0,110
-52.726735,-27.534579,8,0,2,58
-41.220160,-17.418715,8,0,0,166
-43.287624,-15.790810,8,0,0,42
-41.686685,-20.045169,8,0,2,136
-46.007242,-22.639001,8,0,0,106
-39.490932,-15.373447,8,0,2,149
-39.522117,-12.769192,8,0,0,80
-39.217258,-16.428867,8,0,2,98
-52.725241,-27.533548,8,0,2,39
-41.273380,-17.493763,8,0,0,68
-43.288219,-15.791439,8,0,0,42
-41.601835,-20.190329,8,0,2,155
-46.006051,-22.639563,8,0,0,136
-39.489915,-15.375024,8,0,2,148
-39.521657,-12.769118,8,0,0,74
-39.216386,-16.428968,8,0,2,103
-52.723342,-27.531321,8,0,0,41
-41.275163,-17.494303,8,0,0,77
-43.299701,-15.808900,8,0,1,153
-47.757362,-15.752034,8,0,2,98
-46.004878,-22.640958,8,0,0,155
-39.242205,-12.447468,8,0,2,127
-39.521131,-12.768979,8,0,0,61
-39.217788,-16.428779,8,0,2,98
-52.534611,-27.549579,8,0,0,107
-41.309632,-17.524934,8,0,2,19
-43.658234,-16.607349,8,0,1,147
-47.758183,-15.751974,8,0,2,93
-46.002432,-22.643312,8,0,2,115
-39.228823,-12.439735,8,0,0,63
-39.069222,-13.364646,8,0,0,26
-39.218736,-16.428653,8,0,2,99
-52.526972,-27.551069,8,0,2,103
-41.309781,-17.525415,8,0,2,19
-43.472128,-18.073942,8,0,2,67
-47.760007,-15.752060,8,0,2,81
-46.000708,-22.643593,8,0,2,117
-53.551204,-26.725381,8,0,0,116
-39.174011,-12.992343,8,0,0,92
-49.603633,-27.406374,8,0,2,176
-52.525698,-27.555431,8,0,1,184
-41.338181,-17.569873,8,0,0,91
-43.470646,-18.073799,8,0,2,149
-47.761901,-15.752528,8,0,2,69
-45.843895,-22.651924,8,0,0,23
-53.549080,-26.725786,8,0,2,74
-39.068324,-13.363046,8,0,0,27
-53.268194,-26.348607,8,0,0,158
-52.524861,-27.557301,8,0,1,328
-41.341162,-17.569872,8,0,0,91
-43.470483,-18.074035,8,0,2,146
-47.783495,-15.760330,8,0,2,70
-45.844270,-22.650586,8,0,0,140
-53.521649,-26.719610,8,0,1,62
-39.067462,-13.361484,8,0,0,28
-53.268917,-26.347397,8,0,2,148
-52.524110,-27.558934,8,0,1,162
-41.349174,-17.579154,8,0,0,11
-43.473223,-18.075449,8,0,2,30
-47.784265,-15.760606,8,0,2,67
-45.844954,-22.649563,8,0,0,2
-53.520868,-26.719454,8,0,1,265
-39.066270,-13.359874,8,0,2,40
-53.300268,-26.257531,8,0,2,156
-52.523524,-27.560252,8,0,1,145
-41.366282,-17.619050,8,0,2,177
-43.473404,-18.075705,8,0,2,33
-53.670778,-25.873584,8,0,0,108
-45.786922,-22.413158,8,0,2,53
-39.432477,-15.614253,8,0,2,173
-39.065771,-13.359320,8,0,0,40
-51.154972,-27.033089,8,0,0,151
-52.522908,-27.560912,8,0,1,328
-41.373318,-17.631509,8,0,2,22
-43.474273,-18.076391,8,0,2,72
-53.668434,-25.875184,8,0,2,134
-45.785893,-22.412635,8,0,2,43
-39.458111,-15.721332,8,0,2,75
-39.064211,-13.357454,8,0,2,39
-51.154527,-27.032217,8,0,0,60
-52.519867,-27.563912,8,0,1,293
-41.378903,-17.638613,8,0,0,29
-43.474570,-18.077740,8,0,2,168
-53.667415,-25.876591,8,0,2,155
-45.923663,-22.230607,8,0,1,219
-40.848492,-14.849335,8,0,1,187
-39.062911,-13.355918,8,0,2,38
-51.155595,-27.032314,8,0,0,130
-51.075079,-26.255756,8,0,1,117
-41.381254,-17.640555,8,0,0,51
-43.475864,-18.080019,8,0,2,65
-53.667101,-25.877523,8,0,2,174
-45.924653,-22.231817,8,0,1,39
-40.848237,-14.849477,8,0,1,7
-39.041477,-13.324594,8,0,0,47
-54.322061,-24.003885,8,0,0,38
-49.252633,-16.786056,8,0,1,274
-41.382506,-17.641540,8,0,0,51
-43.476083,-18.080158,8,0,2,50
-53.483273,-25.825848,8,0,1,230
-45.925875,-22.233043,8,0,1,219
-40.848693,-14.850942,8,0,1,186
-39.435375,-12.764682,8,0,2,67
-54.321397,-24.003330,8,0,0,57
-49.274175,-16.783159,8,0,1,286
-41.383898,-17.643289,8,0,2,34
-43.477238,-18.081746,8,0,2,4
-53.477142,-25.821550,8,0,1,231
-45.926288,-22.233445,8,0,1,219
-40.848474,-14.851290,8,0,1,7
-39.434409,-12.764294,8,0,2,67
-53.800232,-25.683198,8,0,1,286
-49.265613,-16.785509,8,0,1,94
-41.384993,-17.644978,8,0,2,33
-43.477009,-18.086574,8,0,0,4
-53.476096,-25.820809,8,0,1,231
-45.926715,-22.234014,8,0,1,52
-40.849018,-14.853896,8,0,1,186
-39.433738,-12.764027,8,0,2,67
-39.328293,-14.146734,8,0,2,99
-49.257621,-16.786141,8,0,1,94
-41.385781,-17.646096,8,0,0,26
-43.477748,-18.088742,8,0,2,19
-53.524260,-25.777790,8,0,2,145
-45.928771,-22.234435,8,0,1,265
-40.848861,-14.854057,8,0,1,6
-39.337605,-12.707373,8,0,2,29
-39.329075,-14.147147,8,0,2,22
-49.278878,-16.782247,8,0,1,106
-41.216654,-17.415298,8,0,2,44
-43.606430,-18.228340,8,0,2,179
-53.493514,-25.806284,8,0,2,123
-45.928777,-22.234525,8,0,1,85
-40.849335,-14.856208,8,0,1,188
-39.196870,-12.729555,8,0,0,104
-39.330245,-14.147726,8,0,2,83
-49.269998,-16.784307,8,0,1,286
-40.999271,-17.430271,8,0,2,33
-43.606670,-18.230750,8,0,2,7
-53.489120,-25.809423,8,0,1,322
-43.671446,-19.887819,8,0,2,14
-40.849144,-14.856484,8,0,1,8
-39.039096,-13.322531,8,0,0,49
-39.331190,-14.148271,8,0,2,176
-49.270820,-16.784488,8,0,1,106
-40.934037,-17.084190,8,0,1,18
-43.622922,-18.238955,8,0,2,64
-53.569933,-25.492591,8,0,2,148
-43.670812,-19.891043,8,0,2,160
-40.849504,-14.857994,8,0,1,183
-38.997846,-13.078578,8,0,2,146
-39.331191,-14.148940,8,0,2,3
-49.275181,-16.783284,8,0,1,108
-40.934257,-17.084379,8,0,1,198
-43.619760,-18.238831,8,0,2,110
-53.569393,-25.493366,8,0,2,148
-43.663886,-19.866950,8,0,2,182
-40.849350,-14.858050,8,0,1,8
-39.017289,-13.035072,8,0,2,78
-39.331188,-14.149614,8,0,2,2
-49.289658,-16.778828,8,0,1,285
-40.720314,-17.072897,8,0,2,85
-43.625345,-18.240066,8,0,2,65
-53.485596,-25.483294,8,0,1,225
-40.504508,-19.512213,8,0,0,105
-40.850008,-14.861911,8,0,1,186
-39.015971,-13.034760,8,0,2,75
-39.331405,-14.150173,8,0,2,201
-49.123823,-15.296463,8,0,0,127
-40.681340,-16.945577,8,0,0,160
-43.617834,-18.239485,8,0,2,110
-53.485285,-25.483136,8,0,1,45
-40.507081,-19.511613,8,0,0,100
-40.849809,-14.861804,8,0,1,7
-39.190597,-12.732564,8,0,2,121
-39.697431,-12.705482,8,0,1,0
-49.335868,-16.755623,8,0,1,134
-40.693813,-17.043427,8,0,0,49
-43.616062,-18.240107,8,0,2,109
-53.484343,-25.482325,8,0,1,32
-40.502462,-19.512399,8,0,0,91
-40.850303,-14.863893,8,0,1,187
-39.195794,-12.729828,8,0,2,104
-39.697534,-12.705507,8,0,1,180
-49.329657,-16.761317,8,0,1,133
-40.681518,-16.945033,8,0,0,166
-43.628503,-18.241214,8,0,2,72
-53.484158,-25.481994,8,0,1,225
-40.358071,-19.509172,8,0,0,98
-40.850099,-14.863991,8,0,1,7
-39.339324,-12.708880,8,0,2,57
-39.697528,-12.704948,8,0,1,180
-49.295203,-16.777725,8,0,1,105
-40.718534,-17.076361,8,0,1,346
-43.630964,-18.241959,8,0,0,72
-53.480873,-25.479065,8,0,1,225
-40.355483,-19.509016,8,0,0,85
-40.850555,-14.865840,8,0,1,187
-39.341544,-12.710280,8,0,0,57
-39.697587,-12.703107,8,0,1,180
-51.960337,-18.303652,8,0,2,66
-41.772527,-22.360425,8,0,2,194
-43.633192,-18.242954,8,0,0,59
-53.855234,-25.628674,8,0,0,113
-40.350880,-19.508066,8,0,0,51
-40.850335,-14.865913,8,0,1,7
-39.418984,-12.760132,8,0,0,39
-39.697476,-12.703112,8,0,1,0
-49.497888,-16.345471,8,0,2,123
-41.772187,-22.359330,8,0,2,194
-43.639019,-18.245672,8,0,0,80
-53.878129,-25.613658,8,0,2,124
-40.321482,-19.496572,8,0,0,77
-40.850695,-14.867094,8,0,1,186
-39.421429,-12.763056,8,0,2,39
-39.693852,-12.706097,8,0,1,274
-49.294428,-16.777755,8,0,1,287
-41.434208,-21.835452,8,0,2,283
-43.644281,-18.246553,8,0,0,80
-53.881037,-25.611870,8,0,2,122
-40.319550,-19.496177,8,0,0,77
-40.850518,-14.867381,8,0,1,6
-39.433008,-12.763684,8,0,2,46
-39.694539,-12.706289,8,0,1,94
-49.291959,-16.778630,8,0,1,108
-44.192104,-19.472799,8,0,0,42
-43.732259,-18.436364,8,0,0,38
-53.936848,-25.591891,8,0,2,101
-40.136521,-13.881066,8,0,0,28
-40.851014,-14.869376,8,0,1,187
-39.518378,-12.767071,8,0,1,222
-39.696097,-12.706281,8,0,1,265
-62.595659,-9.424196,8,0,0,48
-44.188569,-19.472866,8,0,2,299
-43.732792,-18.437027,8,0,0,38
-53.967551,-25.602812,8,0,1,286
-42.684396,-18.828418,8,0,0,96
-40.850763,-14.869614,8,0,1,7
-51.455974,-27.680503,8,0,2,30
-39.695209,-12.706349,8,0,1,85
-62.594905,-9.423134,8,0,2,6
-44.193108,-19.474645,8,0,0,16
-43.734382,-18.439017,8,0,0,38
-53.968144,-25.602914,8,0,1,115
-42.874931,-20.598183,8,0,2,130
-46.429505,-18.412509,8,0,0,179
-39.518310,-12.767098,8,0,1,42
-39.720663,-12.705640,8,0,1,274
-62.621827,-9.478581,8,0,0,167
-40.681902,-16.943624,8,0,2,151
-44.419592,-18.748306,8,0,2,155
-53.978243,-25.591216,8,0,0,130
-56.857554,-15.109286,8,0,0,111
-46.883646,-18.007092,8,0,0,150
-51.524735,-28.196272,8,0,0,170
-39.720657,-12.705707,8,0,1,94
-63.075123,-9.525734,8,0,0,66
-40.939453,-17.081673,8,0,2,108
-44.415524,-18.748179,8,0,2,43
-53.609770,-26.196870,8,0,0,54
-56.855802,-15.109946,8,0,0,111
-46.887792,-17.998142,8,0,0,179
-51.524928,-28.200897,8,0,2,7
-39.701690,-12.706925,8,0,1,85
-62.682604,-9.504972,8,0,0,98
-40.945312,-17.076894,8,0,0,133
-44.419051,-18.755888,8,0,2,21
-53.605979,-26.194090,8,0,2,86
-42.056610,-16.849547,8,0,2,94
-47.061398,-17.895708,8,0,2,27
-39.525187,-12.770184,8,0,1,80
-39.699105,-12.706536,8,0,1,265
-62.679589,-9.504122,8,0,0,41
-40.967514,-17.019589,8,0,0,176
-44.420377,-18.759124,8,0,2,21
-53.603405,-26.193407,8,0,0,44
-42.071997,-16.847014,8,0,2,103
-47.060513,-17.895710,8,0,1,301
-44.107670,-19.926871,8,0,1,271
-39.698369,-12.706610,8,0,1,85
-62.658536,-9.484343,8,0,0,48
-40.977879,-17.002951,8,0,0,126
-44.422084,-18.763268,8,0,2,24
-53.602009,-26.192117,8,0,0,43
-41.867503,-16.701041,8,0,0,38
-47.060889,-17.894767,8,0,2,27
-45.160347,-22.782492,8,0,2,67
-39.697254,-12.706503,8,0,1,85
-62.657237,-9.483183,8,0,0,46
-40.979940,-17.001984,8,0,0,103
-44.426810,-18.768256,8,0,2,54
-53.514210,-26.453850,8,0,0,82
-41.866304,-16.699082,8,0,0,29
-47.088198,-17.770940,8,0,2,156
-45.159004,-22.781973,8,0,0,67
-45.355864,-23.600984,8,0,0,123
-47.522608,-14.696644,8,0,0,16
-40.980805,-17.001798,8,0,0,100
-44.445914,-18.781038,8,0,1,235
-53.543210,-26.454201,8,0,2,85
-41.865137,-16.696820,8,0,2,18
-47.089067,-17.769062,8,0,2,156
-45.152413,-22.775673,8,0,0,22
-45.343882,-23.599921,8,0,2,34
-47.572084,-15.584494,8,0,1,184
-40.978292,-16.989794,8,0,0,152
-44.449551,-18.784254,8,0,2,46
-53.544747,-26.454525,8,0,2,73
-41.650151,-16.583608,8,0,0,89
-46.460402,-18.565122,8,0,1,181
-45.151777,-22.774172,8,0,0,22
-45.341967,-23.597309,8,0,2,34
-42.344308,-20.943420,8,0,0,38
-40.979753,-16.987444,8,0,0,145
-44.451894,-18.786343,8,0,0,47
-53.567975,-26.451579,8,0,2,83
-41.866990,-16.700271,8,0,0,28
-46.460301,-18.565524,8,0,1,1
-45.091083,-22.730327,8,0,0,61
-45.340543,-23.595367,8,0,2,34
-47.572423,-15.586805,8,0,1,110
-40.979901,-16.986682,8,0,0,9
-44.258981,-18.106740,8,0,1,218
-53.569026,-26.451677,8,0,2,86
-46.579112,-23.606375,8,0,1,201
-46.429460,-18.414348,8,0,2,176
-45.054778,-22.704925,8,0,2,68
-45.328905,-23.584540,8,0,2,43
-47.523102,-14.698170,8,0,2,18
-40.928105,-16.902584,8,0,0,10
-47.853275,-24.503620,8,0,2,152
-53.595443,-26.446999,8,0,2,134
-45.431104,-23.640212,8,0,1,186
-48.607375,-17.771889,8,0,0,9
-45.130106,-22.742327,8,0,2,47
-44.734314,-23.223369,8,0,2,74
-47.523585,-14.699644,8,0,2,18
-40.926634,-16.896848,8,0,0,21
-52.102152,-27.199256,8,0,0,109
-53.719139,-27.161013,8,0,2,160
-49.448270,-27.456964,8,0,2,181
-48.618388,-17.797157,8,0,0,44
-41.003597,-20.986092,8,0,0,115
-44.735097,-23.223570,8,0,0,76
-47.524037,-14.701083,8,0,2,18
-40.926416,-16.896078,8,0,0,6
-36.673505,-9.852109,8,0,0,164
-47.498158,-18.700602,8,0,2,47
-43.624665,-19.334783,8,0,1,59
-48.616674,-17.795745,8,0,0,55
-54.563018,-20.514610,8,0,1,41
-44.741630,-23.224779,8,0,0,80
-47.524890,-14.703921,8,0,1,17
-40.945897,-17.076409,8,0,2,133
-36.673952,-9.850577,8,0,0,164
-41.530539,-17.284448,8,0,0,100
-43.624708,-19.334700,8,0,1,239
-48.707197,-17.700690,8,0,1,320
-43.172088,-22.124916,8,0,1,76
-44.742303,-23.224899,8,0,2,80
-47.524949,-14.703896,8,0,1,197
-40.943356,-17.079929,8,0,2,164
-41.042390,-20.327408,8,0,2,7
-41.577900,-17.268184,8,0,0,130
-43.625132,-19.334934,8,0,1,239
-53.079817,-25.399451,8,0,0,91
-54.379524,-21.454772,8,0,1,18
-44.742852,-23.225000,8,0,2,80
-47.525605,-14.706443,8,0,1,4
-40.943125,-17.080436,8,0,0,141
-41.083111,-20.242852,8,0,2,154
-42.656825,-20.213466,8,0,0,131
-43.620574,-19.332462,8,0,1,247
-53.079187,-25.399441,8,0,0,92
-54.582312,-20.582530,8,0,1,266
-44.752836,-23.227238,8,0,2,97
-47.525674,-14.706444,8,0,1,184
-40.941220,-17.081104,8,0,2,107
-41.085049,-20.238155,8,0,0,173
-41.617441,-17.248460,8,0,0,128
-43.630096,-19.336444,8,0,1,82
-49.020084,-17.294363,8,0,2,0
-54.583791,-20.582107,8,0,1,167
-44.754090,-23.226702,8,0,2,127
-47.572798,-15.239334,8,0,2,168
-40.938031,-17.082119,8,0,2,108
-41.096530,-20.166541,8,0,2,78
-41.673114,-17.223299,8,0,0,144
-43.630047,-19.336367,8,0,1,262
-49.017628,-17.305421,8,0,2,275
-54.584209,-20.583594,8,0,1,102
-44.754779,-23.226139,8,0,2,141
-47.573483,-15.236441,8,0,2,166
-40.935610,-17.082875,8,0,2,108
-41.099817,-20.154363,8,0,0,172
-41.685098,-17.209206,8,0,0,138
-43.641727,-19.344780,8,0,0,73
-49.022615,-17.291032,8,0,2,130
-54.561779,-20.513226,8,0,1,221
-44.758523,-23.224118,8,0,0,81
-47.573971,-15.234239,8,0,2,167
-40.934436,-17.083256,8,0,2,108
-41.118622,-20.094835,8,0,0,159
-41.695578,-17.193502,8,0,0,154
-43.643006,-19.345018,8,0,0,108
-49.020217,-17.297986,8,0,2,182
-43.771756,-19.688166,8,0,2,174
-44.760332,-23.224689,8,0,0,60
-47.574443,-15.232290,8,0,2,167
-40.718732,-17.075591,8,0,1,346
-41.122931,-20.070985,8,0,0,49
-41.519343,-17.299100,8,0,0,166
-43.631873,-19.336858,8,0,1,44
-49.018677,-17.305341,8,0,2,275
-43.907444,-19.601279,8,0,2,183
-44.762466,-23.225678,8,0,0,81
-47.574880,-15.230371,8,0,2,168
-40.718871,-17.075112,8,0,1,346
-41.121953,-20.070305,8,0,0,70
-43.357838,-19.830561,8,0,2,100
-43.626288,-19.335629,8,0,1,239
-49.020279,-17.299363,8,0,2,182
-58.759257,-11.426202,8,0,1,58
-44.763237,-23.226000,8,0,0,61
-47.530222,-14.720891,8,0,0,51
-40.695855,-17.044937,8,0,0,75
-41.116434,-20.067429,8,0,2,46
-43.359572,-19.830126,8,0,0,104
-43.645717,-19.345146,8,0,0,86
-49.020347,-17.300435,8,0,2,182
-58.761668,-11.427663,8,0,1,58
-44.764011,-23.226381,8,0,0,63
-47.528969,-14.719914,8,0,2,51
-40.722820,-17.072480,8,0,0,89
-41.114730,-20.065429,8,0,2,39
-43.360402,-19.829933,8,0,0,111
-43.608583,-19.318504,8,0,0,179
-49.015959,-17.305527,8,0,2,94
-58.765413,-11.429885,8,0,1,58
-44.764571,-23.226583,8,0,0,90
-47.525791,-14.715941,8,0,1,13
-41.649927,-21.023417,8,0,0,31
-41.115020,-20.064554,8,0,2,156
-43.361524,-19.828765,8,0,0,165
-43.608587,-19.317551,8,0,0,179
-49.015185,-17.305572,8,0,1,274
-58.772518,-11.434091,8,0,1,58
-44.765610,-23.226413,8,0,0,99
-47.525844,-14.715898,8,0,1,189
-41.653676,-21.031841,8,0,2,131
-41.114975,-20.064062,8,0,2,30
-43.361462,-19.827662,8,0,0,23
-43.647432,-19.346306,8,0,0,35
-49.014084,-17.305672,8,0,1,274
-58.778000,-11.437627,8,0,0,42
-44.766149,-23.226238,8,0,0,143
-47.525568,-14.712249,8,0,1,1
-41.651997,-21.034138,8,0,2,183
-39.860563,-17.997426,8,0,2,4
-43.360088,-19.826649,8,0,1,41
-43.778579,-19.414005,8,0,1,62
-54.736697,-27.735648,8,0,2,137
-58.781415,-11.443571,8,0,0,29
-44.768784,-23.224027,8,0,0,114
-47.525635,-14.712206,8,0,1,182
-41.652384,-21.035649,8,0,2,15
-39.860629,-17.998358,8,0,2,4
-43.358956,-19.825599,8,0,1,40
-43.778578,-19.413928,8,0,1,253
-49.334673,-16.657020,8,0,1,225
-58.784901,-11.449699,8,0,0,38
-44.769514,-23.223712,8,0,0,114
-47.525515,-14.710495,8,0,1,2
-41.652514,-21.036310,8,0,2,8
-42.091414,-22.794158,8,0,1,21
-43.359739,-19.825158,8,0,1,230
-43.781863,-19.415269,8,0,0,65
-48.073794,-16.033796,8,0,2,121
-56.215195,-15.406567,8,0,0,136
-44.791460,-23.216126,8,0,0,144
-47.525574,-14.710422,8,0,1,182
-41.652569,-21.037337,8,0,0,2
-42.091253,-22.793763,8,0,1,201
-43.360282,-19.825487,8,0,1,237
-49.278989,-26.858306,8,0,2,62
-49.393835,-26.221957,8,0,2,144
-56.202209,-15.419688,8,0,0,136
-44.791606,-23.215560,8,0,0,143
-47.525488,-14.708133,8,0,1,356
-41.652544,-21.039477,8,0,2,355
-42.148554,-20.396107,8,0,0,19
-43.356384,-19.820546,8,0,2,31
-49.282643,-26.857325,8,0,0,128
-49.395150,-26.220773,8,0,2,131
-56.203054,-15.418828,8,0,0,136
-44.804850,-23.206289,8,0,0,68
-47.525560,-14.708126,8,0,1,176
-41.676718,-21.122424,8,0,0,7
-42.150660,-20.401733,8,0,0,18
-43.356099,-19.820057,8,0,2,19
-49.287488,-26.855912,8,0,2,147
-49.397341,-26.217095,8,0,2,154
-56.230226,-14.531579,8,0,1,206
-58.780243,-11.441465,8,0,0,28
-43.841524,-16.752021,8,0,2,104
-41.676884,-21.124313,8,0,0,4
-43.318605,-21.820993,8,0,0,44
-43.356809,-19.817545,8,0,0,169
-49.286624,-26.851064,8,0,2,169
-49.398692,-26.215676,8,0,2,122
-39.069176,-14.745606,8,0,2,143
-40.186373,-20.062873,8,0,0,130
-36.587815,-9.704892,8,0,0,35
-41.676772,-21.127956,8,0,0,24
-45.052286,-22.102770,8,0,0,23
-42.065091,-20.271563,8,0,0,116
-49.287655,-26.848105,8,0,2,163
-49.396553,-26.206051,8,0,2,9
-39.067432,-14.750474,8,0,2,162
-40.188538,-20.061142,8,0,0,129
-36.585837,-9.702097,8,0,2,34
-41.677014,-21.128471,8,0,0,23
-45.054191,-22.105520,8,0,2,42
-43.118547,-20.418175,8,0,0,77
-49.288340,-26.846432,8,0,2,151
-49.396387,-26.203059,8,0,2,166
-39.065101,-14.757959,8,0,2,163
-40.189136,-20.060658,8,0,0,129
-36.486317,-9.643450,8,0,2,80
-41.677384,-21.129305,8,0,2,23
-45.053667,-22.110825,8,0,0,146
-43.131048,-20.397016,8,0,2,16
-49.288624,-26.843484,8,0,2,173
-49.395864,-26.201295,8,0,2,33
-39.061427,-14.769542,8,0,2,163
-40.192338,-20.052910,8,0,2,18
-36.484989,-9.643227,8,0,2,80
-41.677875,-21.130363,8,0,2,23
-45.053131,-22.111695,8,0,0,155
-44.651615,-3.581795,8,0,0,110
-49.289233,-26.838541,8,0,0,9
-49.395386,-26.192355,8,0,0,17
-38.988571,-13.303483,8,0,2,215
-40.191970,-20.051953,8,0,2,19
-36.479837,-9.642385,8,0,2,80
-41.678482,-21.132486,8,0,2,145
-42.066437,-20.270946,8,0,0,116
-44.682275,-3.573832,8,0,2,100
-49.292014,-26.833360,8,0,0,135
-49.391588,-26.174598,8,0,0,142
-38.989605,-13.304856,8,0,2,215
-40.190927,-20.049143,8,0,0,19
-36.476863,-9.641673,8,0,2,74
-41.678224,-21.132828,8,0,2,145
-42.035768,-20.265977,8,0,2,8
-44.710000,-3.560556,8,0,2,111
-49.294663,-26.828911,8,0,2,152
-45.279491,-21.664852,8,0,1,290
-39.138907,-13.979104,8,0,2,264
-40.189497,-20.045275,8,0,0,20
-36.473121,-9.640592,8,0,2,74
-41.652358,-21.033067,8,0,2,144
-42.029177,-20.256178,8,0,2,67
-44.711440,-3.560033,8,0,0,111
-49.387398,-26.779032,8,0,0,113
-45.280475,-21.664362,8,0,1,298
-39.301275,-14.817560,8,0,2,234
-40.189025,-20.044582,8,0,2,40
-52.415226,-21.720892,8,0,1,98
-41.648666,-21.019916,8,0,0,1
-45.051509,-22.101091,8,0,2,23
-44.750168,-3.527118,8,0,0,156
-49.388466,-26.779422,8,0,0,40
-45.280515,-21.664444,8,0,1,121
-42.869171,-22.928221,8,0,1,57
-40.186482,-20.041608,8,0,0,40
-52.414328,-21.720689,8,0,1,278
-41.649374,-21.021622,8,0,2,17
-45.052791,-22.103807,8,0,0,22
-45.670021,-3.432525,8,0,2,4
-49.404911,-26.779507,8,0,0,134
-45.279532,-21.664944,8,0,1,120
-42.868702,-22.927863,8,0,1,237
-40.183465,-20.038099,8,0,2,40
-52.418681,-21.720346,8,0,1,98
-41.651446,-21.023910,8,0,0,46
-43.318521,-21.822783,8,0,0,156
-44.327200,-3.145885,8,0,2,29
-49.595892,-27.417054,8,0,2,142
-46.855755,-23.239232,8,0,2,159
-46.548510,-23.626860,8,0,1,146
-48.899577,-27.151921,8,0,2,18
-52.418070,-21.720320,8,0,1,277
-49.385411,-16.429203,8,0,1,236
-43.319342,-21.821819,8,0,0,10
-44.623424,-3.579513,8,0,0,67
-49.373945,-27.396877,8,0,2,73
-49.993990,-18.488865,8,0,1,109
-44.128739,-22.726501,8,0,0,161
-51.024145,-23.159565,8,0,2,16
-52.423493,-21.719965,8,0,1,90
-49.410271,-16.348737,8,0,2,87
-52.311451,-27.153850,8,0,2,54
-44.886731,-3.529065,8,0,0,172
-49.367024,-27.393275,8,0,2,58
-49.992682,-18.489292,8,0,1,108
-44.128395,-22.727170,8,0,0,147
-51.023704,-23.158262,8,0,2,18
-52.422892,-21.719665,8,0,1,276
-49.409071,-16.348683,8,0,2,87
-52.315301,-27.156861,8,0,2,32
-44.886743,-3.530869,8,0,0,14
-49.363563,-27.389176,8,0,2,25
-49.988043,-18.490786,8,0,2,108
-44.127250,-22.727311,8,0,0,75
-51.192414,-23.008604,8,0,1,1
-52.428616,-21.720390,8,0,1,75
-49.406873,-16.348685,8,0,2,98
-52.323502,-27.279389,8,0,0,135
-45.610356,-3.541243,8,0,2,130
-49.360352,-27.383761,8,0,2,27
-49.691705,-18.498128,8,0,2,83
-46.565570,-23.641704,8,0,1,271
-51.192490,-23.008590,8,0,1,181
-52.428075,-21.720179,8,0,1,259
-49.407546,-16.348625,8,0,2,91
-52.318756,-27.160431,8,0,2,40
-45.669724,-3.428832,8,0,2,6
-49.423911,-27.432833,8,0,2,30
-49.687636,-18.497735,8,0,2,83
-46.566167,-23.641781,8,0,1,65
-51.192358,-23.004881,8,0,1,1
-56.482940,-21.122427,8,0,0,32
-50.319759,-16.562051,8,0,0,125
-52.321077,-27.166690,8,0,1,7
-51.876997,-23.437917,8,0,1,303
-49.604809,-27.427174,8,0,2,40
-49.685378,-18.497516,8,0,2,83
-40.762680,-19.496549,8,0,1,66
-51.192432,-23.004873,8,0,1,181
-56.483703,-21.123636,8,0,2,31
-50.320736,-16.561394,8,0,0,125
-52.321149,-27.166676,8,0,1,187
-47.611169,-18.795822,8,0,2,176
-49.611334,-27.435620,8,0,2,39
-49.683912,-18.497349,8,0,2,83
-49.514037,-23.396468,8,0,0,130
-51.192172,-22.994619,8,0,1,1
-56.277515,-21.685370,8,0,0,23
-49.156009,-14.471184,8,0,0,179
-52.320573,-27.163006,8,0,1,187
-47.610875,-18.800383,8,0,2,177
-49.615593,-27.440214,8,0,0,39
-49.680699,-18.497002,8,0,2,83
-49.511856,-23.397937,8,0,0,120
-51.192271,-22.994305,8,0,1,181
-56.278658,-21.689534,8,0,0,6
-49.156107,-14.466788,8,0,0,178
-52.338442,-27.276083,8,0,0,84
-47.689323,-18.759451,8,0,1,265
-49.631241,-27.472227,8,0,2,177
-49.673930,-18.496289,8,0,2,83
-43.712628,-22.611809,8,0,1,203
-51.192317,-23.001620,8,0,1,1
-45.710632,-22.251746,8,0,1,38
-49.311692,-25.573948,8,0,1,193
-52.335553,-27.277139,8,0,0,155
-47.692007,-18.759693,8,0,1,87
-49.591775,-27.418989,8,0,2,86
-49.663706,-18.493692,8,0,2,60
-43.713301,-22.613404,8,0,0,27
-51.192382,-23.001337,8,0,1,181
-45.710655,-22.251654,8,0,1,217
-42.655726,-21.542732,8,0,1,64
-52.334201,-27.278815,8,0,0,105
-47.803994,-18.687685,8,0,0,123
-49.593229,-27.418827,8,0,2,100
-49.642849,-18.482591,8,0,2,60
-44.557728,-20.100830,8,0,2,134
-51.192153,-22.992195,8,0,1,1
-44.440257,-3.335397,8,0,2,307
-42.655980,-21.542620,8,0,1,226
-52.358960,-27.284345,8,0,0,25
-47.795968,-18.701147,8,0,2,156
-49.786057,-27.295962,8,0,0,51
-49.640767,-18.481484,8,0,2,60
-44.559324,-20.099283,8,0,2,140
-51.192222,-22.992175,8,0,1,174
-44.386737,-3.372266,8,0,0,305
-42.679619,-21.571512,8,0,2,169
-52.360587,-27.284778,8,0,0,132
-47.796250,-18.700578,8,0,2,156
-43.419752,-5.074173,8,0,0,34
-49.639056,-18.480571,8,0,2,60
-42.650806,-20.219365,8,0,0,155
-51.194799,-22.989696,8,0,1,330
-44.362216,-3.392068,8,0,2,315
-41.676514,-21.119818,8,0,0,177
-52.380582,-27.305288,8,0,0,128
-47.796871,-18.699317,8,0,2,155
-43.422445,-5.080485,8,0,0,358
-42.131786,-19.764550,8,0,0,166
-42.651448,-20.218001,8,0,0,151
-51.195964,-22.987780,8,0,0,152
-43.329776,-3.734031,8,0,2,79
-41.676546,-21.120658,8,0,0,187
-52.380098,-27.305637,8,0,0,128
-47.797373,-18.698306,8,0,2,155
-43.493983,-5.490940,8,0,0,6
-42.132053,-19.763505,8,0,0,167
-43.131637,-20.395097,8,0,0,147
-51.197389,-22.985387,8,0,2,152
-38.941273,-12.279021,8,0,1,48
-48.071462,-1.984848,8,0,2,100
-52.244593,-27.626158,8,0,2,55
-49.545048,-15.178292,8,0,0,178
-43.494135,-5.495106,8,0,0,35
-42.133187,-19.757060,8,0,0,28
-48.876069,-26.584519,8,0,0,88
-51.200761,-22.979668,8,0,2,152
-37.087857,-10.735783,8,0,2,39
-48.069881,-1.985094,8,0,2,99
-52.225328,-27.687337,8,0,0,125
-49.545002,-15.181764,8,0,0,180
-43.592114,-5.708806,8,0,0,84
-42.132898,-19.756117,8,0,0,9
-49.695405,-27.243288,8,0,2,157
-51.203209,-22.975691,8,0,2,152
-37.041699,-10.692793,8,0,0,42
-48.115112,-1.977808,8,0,0,99
-52.224538,-27.688520,8,0,0,158
-40.935807,-17.089031,8,0,1,19
-43.635198,-5.705512,8,0,0,128
-42.123895,-19.556703,8,0,0,165
-49.707844,-27.234633,8,0,2,159
-51.204567,-22.973581,8,0,2,137
-37.043646,-10.694886,8,0,2,42
-48.072718,-1.984644,8,0,2,99
-52.011624,-28.069278,8,0,1,48
-40.935911,-17.088984,8,0,1,199
-43.773858,-5.752359,8,0,0,70
-42.115229,-19.400471,8,0,2,12
-49.709901,-27.231899,8,0,0,114
-51.206879,-22.971523,8,0,2,133
-37.084569,-10.731890,8,0,2,47
-48.040961,-1.990972,8,0,2,78
-52.011663,-28.069157,8,0,1,228
-40.936431,-17.091800,8,0,0,155
-43.829438,-5.826968,8,0,1,20
-42.114524,-19.397347,8,0,2,12
-49.727243,-27.229710,8,0,0,88
-51.208954,-22.969766,8,0,2,133
-37.085610,-10.732999,8,0,0,39
-47.946416,-1.996694,8,0,1,206
-52.015590,-28.072463,8,0,1,48
-40.960501,-17.333804,8,0,0,55
-43.829517,-5.826941,8,0,1,200
-42.112169,-19.385251,8,0,2,177
-49.730090,-27.228596,8,0,2,135
-51.210971,-22.968081,8,0,2,132
-45.539649,-22.376827,8,0,0,142
-47.947476,-1.998802,8,0,1,206
-52.015673,-28.072370,8,0,1,228
-40.976458,-17.347111,8,0,0,27
-43.830010,-5.828132,8,0,1,203
-42.046538,-19.198891,8,0,2,29
-49.741360,-27.219307,8,0,2,139
-51.372461,-22.749279,8,0,0,152
-37.791132,-9.661363,8,0,0,29
-47.949015,-2.001886,8,0,1,206
-52.018975,-28.075210,8,0,1,48
-40.981144,-17.355664,8,0,0,28
-43.829938,-5.828158,8,0,1,23
-49.590679,-28.010440,8,0,1,19
-49.748929,-27.212889,8,0,0,93
-54.382435,-21.462950,8,0,1,18
-37.790725,-9.660338,8,0,0,19
-48.375546,-1.819782,8,0,2,163
-52.021441,-28.077168,8,0,1,48
-40.993684,-17.384083,8,0,0,22
-43.830538,-5.829351,8,0,1,203
-49.584244,-27.994137,8,0,1,19
-49.786095,-27.199189,8,0,2,149
-54.382366,-21.462531,8,0,1,197
-38.065070,-11.199763,8,0,0,46
-48.374920,-1.822108,8,0,2,169
-37.857981,-10.685355,8,0,2,153
-40.994417,-17.385914,8,0,0,12
-43.830460,-5.829384,8,0,1,23
-49.584148,-27.993671,8,0,1,198
-49.787052,-27.197223,8,0,1,339
-54.379434,-21.454334,8,0,1,197
-37.988548,-11.173540,8,0,0,42
-48.239407,-2.419530,8,0,2,78
-37.858640,-10.681640,8,0,2,178
-41.001918,-17.420967,8,0,0,136
-43.829057,-5.844107,8,0,1,168
-48.932552,-27.268018,8,0,0,19
-49.787390,-27.197027,8,0,1,124
-43.606890,-21.764677,8,0,0,20
-37.795717,-11.272418,8,0,0,122
-48.237767,-2.418769,8,0,2,53
-54.289452,-15.559177,8,0,0,75
-41.001357,-17.422588,8,0,0,168
-43.828992,-5.844088,8,0,1,346
-48.510030,-27.577941,8,0,2,105
-49.789904,-27.195997,8,0,2,113
-43.602830,-21.761913,8,0,0,40
-37.985985,-11.170754,8,0,0,41
-41.668963,-20.776309,8,0,2,129
-40.707825,-20.831975,8,0,0,92
-41.000917,-17.423805,8,0,2,156
-43.827344,-5.851033,8,0,1,167
-48.509217,-27.578116,8,0,1,286
-49.797471,-27.193195,8,0,2,112
-43.471263,-19.930499,8,0,2,31
-37.787570,-11.275323,8,0,0,122
-41.693950,-20.793652,8,0,2,27
-40.711460,-20.832883,8,0,0,59
-41.000139,-17.425341,8,0,2,125
-43.803889,-5.912924,8,0,0,135
-48.509255,-27.578189,8,0,1,106
-49.800850,-27.191956,8,0,2,112
-43.472714,-19.954245,8,0,0,1
-37.786901,-11.275749,8,0,0,116
-41.688575,-20.943380,8,0,2,85
-40.719061,-20.047398,8,0,0,130
-40.999243,-17.426830,8,0,2,145
-43.827259,-5.851099,8,0,1,347
-48.506188,-27.578982,8,0,2,107
-49.739571,-27.220997,8,0,0,120
-43.472869,-19.955341,8,0,0,13
-45.559300,-22.363532,8,0,1,86
-41.688039,-20.943855,8,0,2,171
-40.704764,-20.049784,8,0,0,62
-40.998936,-17.427290,8,0,2,174
-43.799233,-5.916510,8,0,0,125
-48.504422,-27.580887,8,0,2,166
-49.805301,-27.190276,8,0,2,114
-43.452445,-19.978281,8,0,0,144
-45.559301,-22.363395,8,0,1,273
-41.687886,-20.944748,8,0,2,171
-40.703066,-20.048933,8,0,0,72
-40.999199,-17.429739,8,0,2,182
-43.767101,-6.140804,8,0,1,184
-48.493128,-27.593322,8,0,2,161
-49.806223,-27.189461,8,0,2,150
-43.452360,-19.984589,8,0,0,34
-37.752995,-9.729159,8,0,2,142
-41.687710,-20.945594,8,0,2,167
-40.743057,-20.006989,8,0,2,31
-40.999321,-17.429950,8,0,2,94
-43.779514,-6.177077,8,0,2,35
-48.494132,-27.590902,8,0,2,158
-50.366009,-27.584785,8,0,1,334
-43.458302,-19.995168,8,0,2,25
-37.788960,-9.682210,8,0,2,132
-41.646461,-21.013455,8,0,2,11
-40.741508,-20.001238,8,0,0,117
-41.002399,-17.431033,8,0,1,28
-43.767035,-6.140791,8,0,1,2
-48.866412,-27.040826,8,0,1,231
-50.363365,-27.589590,8,0,1,334
-43.461437,-19.997494,8,0,0,86
-37.791384,-9.678994,8,0,2,155
-41.363511,-20.241853,8,0,0,22
-40.742723,-20.000009,8,0,0,154
-41.003181,-17.432388,8,0,1,28
-43.767239,-6.143473,8,0,1,183
-48.866429,-27.040936,8,0,1,51
-38.374542,-12.311261,8,0,0,31
-43.462611,-19.997492,8,0,0,91
-37.782690,-11.279529,8,0,2,136
-41.376406,-20.794906,8,0,2,115
-40.743048,-19.999072,8,0,2,163
-41.003254,-17.432354,8,0,1,208
-43.767180,-6.143463,8,0,1,2
-48.868532,-27.042361,8,0,1,230
-38.382180,-12.331411,8,0,0,21
-43.464285,-19.997594,8,0,2,66
-37.782071,-11.281809,8,0,1,176
-41.375752,-20.795197,8,0,2,115
-40.745717,-19.994502,8,0,0,145
-41.003792,-17.433454,8,0,2,23
-43.767673,-6.146056,8,0,1,199
-47.853129,-15.576426,8,0,0,164
-38.384118,-12.336493,8,0,2,21
-43.465279,-19.998317,8,0,0,57
-37.781991,-11.282020,8,0,1,355
-41.372829,-20.798029,8,0,0,143
-40.746050,-19.993019,8,0,0,172
-41.004248,-17.434487,8,0,2,25
-43.767614,-6.146072,8,0,1,19
-43.016971,-6.786302,8,0,2,39
-48.854333,-27.032063,8,0,1,50
-43.470813,-20.000663,8,0,2,42
-37.780764,-11.284652,8,0,2,161
-41.371178,-20.799964,8,0,2,141
-40.566869,-19.949880,8,0,2,104
-41.023544,-17.455182,8,0,2,79
-43.780176,-6.177965,8,0,2,37
-43.022471,-6.793146,8,0,0,39
-48.854293,-27.031939,8,0,1,230
-43.474312,-20.005448,8,0,2,11
-37.780443,-9.642516,8,0,0,85
-41.366054,-20.801647,8,0,2,102
-40.581785,-19.941345,8,0,2,95
-41.024335,-17.455286,8,0,2,85
-43.784046,-6.181372,8,0,2,73
-43.024471,-6.795618,8,0,0,39
-48.797245,-26.979066,8,0,1,248
-43.474524,-20.007126,8,0,2,4
-37.781002,-9.642561,8,0,0,85
-41.361122,-20.803001,8,0,0,110
-40.582720,-19.941253,8,0,2,95
-41.055613,-17.443007,8,0,2,114
-43.785501,-6.181379,8,0,2,114
-41.249451,-14.601746,8,0,0,39
-48.793251,-26.975958,8,0,1,222
-43.474618,-20.008133,8,0,2,4
-41.608116,-20.520615,8,0,0,17
-42.147211,-20.380247,8,0,0,178
-40.586409,-19.940952,8,0,2,111
-41.056439,-17.442645,8,0,2,114
-43.790109,-6.180058,8,0,1,254
-41.245817,-14.597538,8,0,0,50
-49.344624,-27.690208,8,0,1,258
-49.273560,-26.841431,8,0,2,176
-45.948670,-23.300575,8,0,1,142
-42.147116,-20.382940,8,0,0,178
-40.677005,-19.816549,8,0,2,59
-41.062590,-17.439098,8,0,0,140
-43.792101,-6.180495,8,0,1,258
-41.245232,-14.597079,8,0,0,56
-49.598616,-27.421416,8,0,2,166
-49.272416,-26.835931,8,0,2,30
-51.867826,-27.160911,8,0,0,72
-42.705289,-21.890567,8,0,0,56
-40.677673,-19.816488,8,0,2,141
-41.063175,-17.438435,8,0,0,136
-43.794863,-6.181078,8,0,1,261
-41.143760,-14.612913,8,0,2,130
-43.830098,-19.823308,8,0,1,256
-49.272287,-26.833512,8,0,2,130
-51.745518,-27.170617,8,0,2,108
-42.707766,-21.892214,8,0,0,50
-40.678564,-19.815393,8,0,0,151
-41.094615,-17.423610,8,0,0,111
-43.993263,-6.417789,8,0,2,163
-41.142085,-14.614251,8,0,2,130
-44.402361,-22.935756,8,0,2,109
-49.272972,-26.832328,8,0,2,167
-51.742506,-27.171748,8,0,2,117
-42.708729,-21.893029,8,0,0,49
-40.679463,-19.808606,8,0,2,139
-41.128244,-17.415825,8,0,0,90
-43.992339,-6.420782,8,0,0,159
-41.138335,-14.615937,8,0,2,96
-49.057562,-25.437178,8,0,0,4
-49.275175,-26.825120,8,0,1,341
-51.740842,-27.171698,8,0,2,102
-42.712059,-21.894410,8,0,0,59
-40.679886,-19.808140,8,0,2,139
-41.176807,-17.411879,8,0,0,103
-43.990943,-6.423681,8,0,1,154
-41.136803,-14.616035,8,0,2,94
-49.057682,-25.437952,8,0,2,9
-49.276860,-26.821873,8,0,1,332
-51.738319,-27.172089,8,0,2,87
-42.917184,-21.996674,8,0,2,65
-40.674634,-19.436336,8,0,0,10
-41.177311,-17.411800,8,0,0,96
-43.989712,-6.425896,8,0,1,334
-41.131133,-14.616373,8,0,0,93
-49.058010,-25.439054,8,0,2,17
-49.278122,-26.819772,8,0,1,332
-51.737509,-27.171581,8,0,2,22
-42.921043,-21.997563,8,0,0,70
-40.674980,-19.438473,8,0,0,9
-41.178364,-17.411648,8,0,2,110
-43.989784,-6.425918,8,0,1,152
-41.122347,-14.614843,8,0,2,66
-49.058438,-25.440045,8,0,2,40
-49.282632,-26.812372,8,0,2,158
-51.736841,-27.170497,8,0,2,37
-42.924943,-21.999392,8,0,2,63
-35.185957,-8.791253,8,0,2,29
-41.179334,-17.411284,8,0,2,109
-49.340991,-27.363401,8,0,0,53
-41.121385,-14.614438,8,0,2,66
-49.055232,-25.429879,8,0,2,48
-49.283807,-26.809000,8,0,2,4
-55.214980,-23.132885,8,0,1,346
-48.042257,-1.990504,8,0,0,29
-35.185043,-8.789626,8,0,2,27
-41.179960,-17.411089,8,0,2,120
-49.339213,-27.359379,8,0,0,11
-40.622626,-15.252864,8,0,2,126
-49.053768,-25.425002,8,0,0,6
-49.283756,-26.808516,8,0,2,9
-55.215318,-23.131511,8,0,1,347
-47.953778,-1.991692,8,0,0,98
-49.375509,-15.368336,8,0,1,1
-41.182177,-17.411128,8,0,0,118
-44.293317,-6.725859,8,0,0,61
-40.631499,-15.234916,8,0,0,133
-49.325807,-28.601330,8,0,1,44
-49.274689,-26.750069,8,0,2,159
-55.238863,-23.089611,8,0,1,333
-47.949311,-1.992406,8,0,1,98
-47.005334,-22.965932,8,0,1,307
-41.201634,-17.408717,8,0,0,69
-43.988626,-6.428325,8,0,1,161
-43.156905,-13.444756,8,0,0,135
-49.323837,-28.599391,8,0,1,25
-49.277807,-26.742224,8,0,2,159
-55.238587,-23.088964,8,0,1,221
-47.948034,-1.992488,8,0,1,278
-47.005549,-22.965883,8,0,1,124
-40.182755,-20.037251,8,0,2,39
-43.988277,-6.431051,8,0,2,177
-40.272818,-15.251418,8,0,2,123
-48.687999,-20.149309,8,0,0,169
-49.285135,-26.820726,8,0,2,65
-55.216267,-23.130316,8,0,1,152
-44.075770,-22.576499,8,0,0,17
-42.199677,-20.523050,8,0,0,22
-40.181240,-20.036754,8,0,2,94
-43.988294,-6.432824,8,0,1,9
-43.158042,-13.443639,8,0,0,135
-48.884275,-20.028853,8,0,2,115
-49.277972,-26.822150,8,0,1,153
-55.701910,-22.561338,8,0,1,291
-44.075280,-22.574968,8,0,0,17
-44.998699,-22.463903,8,0,0,22
-46.780471,-22.712992,8,0,1,194
-43.988563,-6.428320,8,0,1,343
-43.402279,-13.272567,8,0,1,307
-48.888267,-20.027110,8,0,2,115
-49.275982,-26.825511,8,0,1,153
-55.703646,-22.560677,8,0,1,293
-44.075006,-22.574128,8,0,0,17
-39.362731,-13.174640,8,0,2,72
-51.501337,-29.164092,8,0,0,59
-43.988381,-6.432803,8,0,1,189
-43.546139,-13.262994,8,0,0,87
-49.365987,-26.920065,8,0,1,17
-53.326206,-22.263464,8,0,1,308
-55.718628,-22.550380,8,0,1,146
-44.074407,-22.570624,8,0,0,177
-39.363951,-13.174873,8,0,2,91
-51.500330,-29.163573,8,0,0,59
-43.988620,-6.434854,8,0,1,7
-43.547943,-13.263064,8,0,0,87
-49.366556,-26.921108,8,0,1,45
-54.646296,-20.569595,8,0,1,287
-55.718445,-22.550285,8,0,1,330
-52.347410,-22.739840,8,0,1,215
-39.364823,-13.174849,8,0,2,85
-51.481234,-29.166590,8,0,0,54
-43.988692,-6.434835,8,0,1,187
-43.596609,-13.265836,8,0,0,87
-49.368556,-26.937209,8,0,1,344
-54.663988,-16.452753,8,0,1,336
-55.717752,-22.551552,8,0,1,145
-52.347349,-22.739869,8,0,1,35
-39.405454,-13.165137,8,0,2,84
-51.478604,-29.164577,8,0,0,51
-43.879801,-6.512397,8,0,0,138
-43.599046,-13.265962,8,0,0,87
-49.368132,-26.938458,8,0,1,343
-43.027794,-21.268079,8,0,0,37
-55.717632,-22.551483,8,0,1,325
-52.350005,-22.743265,8,0,0,35
-39.406389,-13.165221,8,0,2,84
-51.475011,-29.163302,8,0,0,89
-44.288149,-6.722981,8,0,0,61
-43.601496,-13.266087,8,0,0,87
-49.318259,-25.717475,8,0,1,175
-43.019259,-21.270412,8,0,1,277
-55.717195,-22.552281,8,0,1,145
-52.351669,-22.745417,8,0,0,35
-39.409755,-13.176062,8,0,0,51
-51.496378,-29.162984,8,0,2,87
-44.641756,-6.810995,8,0,0,55
-46.164371,-13.800586,8,0,0,7
-43.612483,-21.773430,8,0,0,73
-43.019686,-21.270459,8,0,1,94
-55.717008,-22.552191,8,0,1,325
-52.344573,-22.848622,8,0,0,163
-39.410543,-13.176568,8,0,2,57
-36.947967,-10.819765,8,0,2,49
-45.110521,-6.844108,8,0,0,79
-46.163850,-13.796690,8,0,0,7
-49.911021,-28.806774,8,0,0,90
-42.700421,-21.387882,8,0,1,163
-55.713081,-22.556203,8,0,1,312
-52.340756,-22.860144,8,0,0,180
-39.411844,-13.177413,8,0,2,56
-36.947338,-10.819243,8,0,2,51
-39.461908,-15.722040,8,0,2,87
-47.849354,-15.568275,8,0,0,41
-49.715628,-28.902349,8,0,1,309
-42.704295,-21.390462,8,0,1,103
-40.312109,-12.510492,8,0,2,84
-48.624116,-27.378199,8,0,0,90
-39.412214,-13.177671,8,0,2,54
-36.942520,-10.813690,8,0,0,12
-39.306197,-14.952776,8,0,2,20
-47.850948,-15.569992,8,0,0,41
-49.642203,-28.983874,8,0,1,209
-42.699793,-21.391213,8,0,0,97
-42.153667,-19.438765,8,0,2,58
-48.618254,-27.378337,8,0,0,97
-39.413343,-13.178514,8,0,2,52
-36.937394,-10.807457,8,0,0,62
-39.256143,-14.114397,8,0,2,80
-47.851902,-15.571006,8,0,0,43
-49.642548,-28.985021,8,0,2,4
-43.641785,-21.286237,8,0,1,12
-49.392092,-16.431883,8,0,2,72
-48.611062,-27.373471,8,0,2,12
-39.415527,-13.180053,8,0,2,78
-36.888507,-10.763047,8,0,2,37
-42.769513,-4.941020,8,0,0,158
-47.853773,-15.572765,8,0,1,226
-49.643065,-28.984691,8,0,1,269
-43.584668,-21.332022,8,0,1,200
-49.390531,-16.430869,8,0,2,54
-48.607435,-27.364653,8,0,0,80
-39.417324,-13.180350,8,0,2,80
-44.238324,-21.148539,8,0,0,47
-42.772466,-4.933878,8,0,0,158
-47.863332,-15.587024,8,0,0,70
-49.643074,-28.984784,8,0,1,89
-38.412948,-12.783095,8,0,1,44
-49.389690,-16.430266,8,0,2,54
-48.601004,-27.362906,8,0,0,73
-39.417718,-13.180409,8,0,2,80
-44.243279,-21.149461,8,0,0,88
-42.783438,-4.917493,8,0,0,126
-47.868397,-15.589599,8,0,2,59
-49.644235,-28.984748,8,0,2,89
-38.396714,-12.732843,8,0,1,47
-49.388751,-16.429724,8,0,2,70
-48.597510,-27.346267,8,0,0,13
-39.418334,-13.180512,8,0,2,77
-44.250644,-21.149244,8,0,0,104
-42.789752,-4.908663,8,0,2,165
-47.869220,-15.590042,8,0,1,242
-49.749752,-28.993052,8,0,1,236
-38.396383,-12.732427,8,0,1,227
-49.386531,-16.430059,8,0,1,55
-48.578781,-27.317852,8,0,0,18
-39.419677,-13.180911,8,0,2,76
-44.253577,-21.149496,8,0,0,68
-42.791052,-4.905433,8,0,0,157
-47.874436,-15.594090,8,0,0,14
-49.750828,-28.993751,8,0,2,55
-38.396067,-12.711899,8,0,1,19
-49.386572,-16.429988,8,0,1,233
-48.574405,-27.318346,8,0,0,54
-39.421046,-13.181584,8,0,2,42
-44.647335,-21.298528,8,0,0,108
-42.788456,-4.879942,8,0,0,8
-47.874385,-15.597800,8,0,2,156
-49.752429,-28.994630,8,0,2,58
-38.395992,-12.711499,8,0,1,202
-49.227935,-16.406228,8,0,2,92
-48.572791,-27.317953,8,0,0,52
-39.421916,-13.182531,8,0,2,43
-48.168882,-15.862646,8,0,0,123
-42.819675,-4.704827,8,0,0,50
-47.873519,-15.599153,8,0,2,148
-49.754258,-28.995583,8,0,2,59
-38.233144,-12.683736,8,0,0,106
-49.226044,-16.406235,8,0,2,89
-50.650775,-24.628771,8,0,0,74
-39.500112,-13.226907,8,0,2,67
-51.359820,-23.304764,8,0,0,67
-42.825337,-4.666813,8,0,0,136
-50.132864,-16.607493,8,0,2,91
-49.765668,-29.001612,8,0,2,55
-38.230748,-12.685509,8,0,0,139
-49.224122,-16.406207,8,0,2,89
-48.338958,-1.609409,8,0,0,43
-39.501225,-13.227465,8,0,2,68
-51.356342,-23.303411,8,0,2,67
-42.829371,-4.661569,8,0,0,164
-50.301292,-16.574417,8,0,1,306
-49.767674,-29.002618,8,0,2,62
-38.228688,-12.687780,8,0,0,138
-49.222728,-16.406212,8,0,2,92
-48.368777,-1.641689,8,0,0,48
-39.506551,-13.223567,8,0,0,118
-43.716348,-22.653120,8,0,0,42
-41.266631,-21.832634,8,0,2,101
-50.302602,-16.573617,8,0,1,125
-49.770028,-29.003735,8,0,2,62
-38.225009,-12.691783,8,0,0,138
-48.983570,-26.583303,8,0,0,36
-48.386000,-1.656796,8,0,0,55
-39.514686,-13.227356,8,0,2,64
-43.711894,-22.610675,8,0,1,201
-41.267476,-21.832494,8,0,0,99
-50.902338,-16.314804,8,0,1,34
-49.771710,-29.004576,8,0,2,53
-37.803950,-12.075851,8,0,0,62
-48.986068,-26.586470,8,0,0,34
-48.340962,-1.902332,8,0,0,114
-39.569673,-13.252200,8,0,2,48
-46.887025,-16.434730,8,0,2,154
-41.269272,-21.832022,8,0,1,289
-50.902404,-16.314768,8,0,1,214
-49.773522,-29.006131,8,0,2,44
-37.798286,-12.074009,8,0,0,50
-49.169503,-26.765188,8,0,1,21
-48.326114,-1.953766,8,0,0,77
-39.583059,-13.255035,8,0,0,91
-46.887392,-16.434005,8,0,2,154
-41.269321,-21.832128,8,0,1,109
-50.908795,-16.320560,8,0,2,60
-49.774072,-29.006630,8,0,2,44
-37.793413,-12.074741,8,0,0,93
-49.169578,-26.765162,8,0,1,201
-48.324583,-1.953443,8,0,0,77
-39.570884,-13.253302,8,0,2,52
-48.170592,-15.861562,8,0,0,123
-41.270284,-21.831690,8,0,1,286
-51.563027,-16.383423,8,0,2,41
-49.775432,-29.007829,8,0,2,43
-37.795600,-12.073822,8,0,0,136
-42.847796,-19.617874,8,0,1,304
-48.321529,-1.952745,8,0,0,77
-39.571964,-13.253947,8,0,2,62
-48.870501,-16.320581,8,0,1,69
-41.271068,-21.831451,8,0,1,284
-42.063153,-22.850387,8,0,1,155
-49.776682,-29.009372,8,0,2,29
-37.788517,-12.071635,8,0,0,137
-42.781816,-19.617112,8,0,0,139
-48.316000,-1.950829,8,0,0,64
-39.585043,-13.254874,8,0,2,93
-48.193101,-15.847343,8,0,0,133
-41.271117,-21.831570,8,0,1,104
-42.062761,-22.850846,8,0,1,336
-49.778218,-29.011645,8,0,2,29
-37.785886,-12.070577,8,0,0,34
-41.516716,-17.867054,8,0,1,19
-48.270548,-1.952035,8,0,0,91
-39.588984,-13.253138,8,0,2,122
-48.193768,-15.846642,8,0,0,145
-41.270314,-21.831785,8,0,1,106
-50.903988,-16.316984,8,0,1,36
-49.778939,-29.013163,8,0,2,20
-37.843266,-12.046953,8,0,0,146
-41.515066,-17.860471,8,0,1,349
-48.259315,-1.950204,8,0,0,80
-39.615343,-13.257670,8,0,0,129
-41.994443,-21.748854,8,0,0,37
-41.272111,-21.831204,8,0,1,280
-50.904056,-16.316929,8,0,1,216
-49.779181,-29.014655,8,0,2,160
-37.848772,-12.034896,8,0,0,106
-41.515067,-17.858505,8,0,1,8
-48.258138,-1.949992,8,0,0,80
-39.617517,-13.258696,8,0,0,7
-42.202094,-21.419800,8,0,0,44
-41.272280,-21.831286,8,0,1,100
-49.782787,-16.798695,8,0,2,56
-49.759624,-28.997690,8,0,2,75
-37.883596,-12.005679,8,0,0,114
-41.514233,-17.852663,8,0,1,0
-48.256844,-1.949758,8,0,0,80
-39.975318,-13.527310,8,0,1,101
-37.138917,-10.778897,8,0,1,48
-41.272993,-21.831021,8,0,1,280
-49.784349,-16.799702,8,0,2,56
-49.756862,-28.996953,8,0,2,69
-37.872872,-12.010593,8,0,0,115
-41.514461,-17.851188,8,0,1,331
-48.233648,-1.948639,8,0,0,94
-39.972410,-13.526491,8,0,2,93
-37.189304,-10.732078,8,0,2,91
-41.273270,-21.831089,8,0,1,100
-49.538621,-16.842186,8,0,1,311
-51.097918,-29.365365,8,0,1,230
-37.782430,-12.068702,8,0,0,55
-41.513582,-17.840948,8,0,1,21
-47.968933,-2.041976,8,0,0,27
-39.970810,-13.526479,8,0,0,71
-52.213126,-27.193784,8,0,0,39
-41.274445,-21.830648,8,0,1,302
-36.897688,-5.613453,8,0,0,117
-51.097834,-29.365433,8,0,1,52
-37.780923,-12.067612,8,0,0,53
-41.513604,-17.840641,8,0,1,199
-47.977996,-2.060249,8,0,0,26
-39.969237,-13.522921,8,0,0,28
-52.213237,-27.194993,8,0,0,162
-41.274482,-21.830698,8,0,1,122
-36.888974,-5.617756,8,0,0,117
-53.829954,-22.310834,8,0,1,20
-37.773111,-12.068144,8,0,0,85
-41.511698,-17.835897,8,0,1,20
-47.984816,-2.073918,8,0,0,27
-39.969264,-13.519557,8,0,2,179
-52.221407,-27.206194,8,0,0,31
-52.766591,-25.763707,8,0,2,114
-36.530991,-5.694337,8,0,0,85
-53.829810,-22.310240,8,0,1,200
-37.769622,-12.066515,8,0,0,37
-41.512857,-17.838787,8,0,1,200
-47.985315,-2.074951,8,0,0,27
-39.969092,-13.518343,8,0,2,16
-52.221949,-27.206975,8,0,0,33
-52.054078,-25.573025,8,0,2,18
-49.340542,-25.989374,8,0,0,45
-54.238108,-22.432596,8,0,0,23
-37.769161,-12.065744,8,0,0,31
-41.512316,-17.837437,8,0,2,19
-47.985980,-2.076273,8,0,0,27
-39.938447,-13.452836,8,0,2,15
-51.657263,-27.160697,8,0,2,13
-52.800450,-25.747688,8,0,0,120
-48.228931,-21.351007,8,0,2,50
-50.117497,-27.486511,8,0,0,8
-37.767961,-12.059754,8,0,0,47
-41.325428,-15.685590,8,0,0,30
-48.046000,-2.198032,8,0,0,29
-39.938210,-13.450583,8,0,0,4
-51.657064,-27.157045,8,0,2,173
-52.920818,-25.735872,8,0,2,94
-48.230527,-21.352244,8,0,2,50
-50.118425,-27.489028,8,0,2,23
-37.766832,-12.058520,8,0,0,39
-39.742049,-12.479705,8,0,0,80
-48.094923,-2.297538,8,0,0,27
-39.937142,-13.446912,8,0,2,33
-51.656639,-27.155685,8,0,2,28
-51.697658,-24.167116,8,0,0,172
-65.283741,-10.232515,8,0,0,49
-50.125394,-27.501560,8,0,2,37
-37.755847,-12.057371,8,0,0,110
-39.743846,-12.480010,8,0,0,80
-48.124533,-2.358172,8,0,0,26
-39.874114,-13.345370,8,0,0,174
-52.006091,-27.227995,8,0,2,76
-51.443589,-23.990318,8,0,2,117
-65.322705,-10.052339,8,0,0,171
-50.126939,-27.503240,8,0,2,35
-37.743011,-12.062744,8,0,0,135
-39.938090,-12.515811,8,0,2,65
-40.436138,-13.439742,8,0,1,70
-39.755582,-13.242031,8,0,2,89
-52.003991,-27.227410,8,0,1,253
-51.409410,-24.009134,8,0,2,70
-65.321205,-10.055496,8,0,0,138
-50.162112,-27.581180,8,0,2,42
-37.741849,-12.064821,8,0,0,161
-39.939580,-12.516477,8,0,2,65
-40.437425,-13.440417,8,0,1,250
-39.754362,-13.241643,8,0,2,50
-43.854323,-20.008512,8,0,0,44
-51.408312,-24.008748,8,0,2,70
-65.282046,-10.231206,8,0,0,51
-51.099074,-29.366674,8,0,1,53
-37.739616,-12.066812,8,0,0,97
-39.941231,-12.517206,8,0,0,65
-40.437340,-13.440486,8,0,1,70
-39.716356,-13.251236,8,0,2,92
-43.853586,-20.007781,8,0,0,44
-51.326120,-23.991262,8,0,0,66
-42.744270,-19.595964,8,0,0,56
-51.099107,-29.366587,8,0,1,210
-37.719727,-12.071436,8,0,2,134
-39.847544,-12.855890,8,0,0,35
-40.439202,-13.441585,8,0,2,70
-39.715181,-13.251536,8,0,2,121
-43.850148,-20.005503,8,0,2,63
-51.315418,-23.986438,8,0,0,63
-42.745876,-19.596947,8,0,0,56
-51.103462,-29.368552,8,0,0,45
-37.718159,-12.072528,8,0,2,124
-40.279292,-12.520068,8,0,2,115
-40.440892,-13.442631,8,0,2,70
-39.713278,-13.252891,8,0,0,127
-43.849196,-20.004863,8,0,1,34
-37.777489,-11.492128,8,0,0,36
-47.230960,-0.926609,8,0,2,161
-51.120831,-29.384137,8,0,1,203
-48.661357,-26.883159,8,0,1,171
-40.627242,-12.452888,8,0,2,91
-40.442667,-13.443734,8,0,2,70
-39.662928,-13.262731,8,0,2,137
-43.849269,-20.004815,8,0,1,214
-37.777119,-11.491613,8,0,0,36
-47.502745,-4.933235,8,0,0,2
-47.109553,-15.497956,8,0,1,31
-48.661476,-26.884305,8,0,1,206
-41.086415,-12.500339,8,0,2,30
-40.444330,-13.444775,8,0,2,68
-39.662228,-13.263443,8,0,2,137
-43.848568,-20.003592,8,0,1,214
-39.765405,-14.123344,8,0,2,121
-47.247222,-0.843426,8,0,0,166
-47.107275,-15.494407,8,0,1,32
-48.661555,-26.885165,8,0,1,168
-41.087150,-12.501555,8,0,0,30
-40.335136,-13.729120,8,0,2,120
-39.661841,-13.263836,8,0,2,137
-39.112035,-13.946907,8,0,0,22
-43.410659,-19.802610,8,0,1,116
-47.237848,-0.903178,8,0,0,171
-43.362547,-21.787118,8,0,1,175
-48.661633,-26.887553,8,0,1,189
-41.328802,-12.754186,8,0,0,3
-40.318927,-13.737682,8,0,2,140
-39.661354,-13.264311,8,0,2,129
-39.185044,-14.023755,8,0,0,0
-42.921863,-19.643697,8,0,1,222
-53.506065,-26.947610,8,0,1,338
-43.362876,-21.787748,8,0,1,52
-48.661534,-26.887611,8,0,1,9
-41.328910,-12.757745,8,0,0,345
-40.361880,-13.252355,8,0,2,200
-39.633066,-13.271753,8,0,0,80
-39.286920,-14.137722,8,0,0,0
-41.760989,-4.255473,8,0,2,149
-53.506380,-26.945893,8,0,1,213
-42.715809,-21.400692,8,0,0,108
-48.661324,-26.885199,8,0,1,14
-41.328379,-12.792501,8,0,2,171
-40.367394,-13.262742,8,0,2,225
-39.874009,-13.347763,8,0,0,10
-42.805213,-22.809878,8,0,0,135
-41.761236,-4.255057,8,0,2,149
-45.436027,-23.665967,8,0,1,191
-42.721909,-21.405213,8,0,0,126
-48.661407,-26.885871,8,0,1,1
-41.327579,-12.796557,8,0,2,159
-40.434400,-13.434470,8,0,2,170
-51.566924,-27.752136,8,0,0,29
-44.316448,-2.625284,8,0,1,157
-50.236701,-25.045893,8,0,1,150
-45.436067,-23.666615,8,0,1,10
-42.722411,-21.404529,8,0,0,169
-48.661271,-26.884419,8,0,1,357
-41.327017,-12.798082,8,0,2,160
-40.434283,-13.434924,8,0,1,350
-51.545917,-27.729888,8,0,0,38
-44.317527,-2.622608,8,0,1,157
-50.233875,-25.050605,8,0,1,333
-53.819728,-22.280182,8,0,0,19
-42.708953,-21.383042,8,0,0,60
-48.661160,-26.883218,8,0,1,3
-41.326087,-12.800584,8,0,2,160
-40.434339,-13.435024,8,0,1,170
-42.532354,-22.261505,8,0,2,96
-44.362051,-2.564953,8,0,1,338
-50.213125,-25.064793,8,0,1,160
-53.823546,-22.296606,8,0,2,120
-42.708733,-21.393841,8,0,0,16
-48.661372,-26.891540,8,0,1,142
-41.325467,-12.802282,8,0,2,161
-40.434083,-13.436189,8,0,1,170
-42.203072,-21.423020,8,0,2,171
-44.332989,-2.593889,8,0,1,270
-50.210905,-25.074150,8,0,1,156
-53.824676,-22.294037,8,0,2,9
-42.714062,-21.400311,8,0,2,27
-48.661209,-26.891494,8,0,1,318
-41.368602,-13.008594,8,0,2,35
-40.433901,-13.437013,8,0,1,170
-42.203001,-21.421295,8,0,0,22
-44.317324,-2.622837,8,0,1,335
-50.210677,-25.074293,8,0,1,335
-53.788373,-22.235055,8,0,0,77
-43.271123,-21.592504,8,0,2,99
-41.544131,-20.324046,8,0,0,71
-41.368817,-13.008939,8,0,2,23
-40.433713,-13.437881,8,0,1,170
-44.025884,-22.958289,8,0,0,50
-44.316145,-2.625545,8,0,1,338
-46.402406,-18.831727,8,0,0,170
-53.782781,-22.230993,8,0,0,32
-43.266575,-21.588744,8,0,2,82
-41.192288,-20.337344,8,0,0,80
-41.438555,-13.021353,8,0,2,60
-40.433748,-13.437189,8,0,1,350
-44.025212,-22.957776,8,0,0,50
-44.309502,-2.641572,8,0,1,337
-40.164632,-20.031002,8,0,0,186
-53.782776,-22.168163,8,0,2,143
-43.266098,-21.588681,8,0,2,82
-40.867222,-4.112998,8,0,2,93
-41.417093,-13.314645,8,0,0,167
-40.433930,-13.436409,8,0,1,350
-44.016688,-22.945920,8,0,0,38
-44.308945,-2.642916,8,0,1,338
-40.160401,-20.021678,8,0,0,183
-53.891393,-22.135295,8,0,0,118
-43.260868,-21.588572,8,0,2,77
-44.961467,-22.374098,8,0,0,176
-41.416907,-13.315519,8,0,0,167
-40.434160,-13.435423,8,0,1,350
-44.015251,-22.945048,8,0,2,82
-46.827493,-23.702598,8,0,1,212
-40.160359,-20.021028,8,0,0,183
-53.981066,-22.089440,8,0,0,120
-43.255950,-21.588348,8,0,2,91
-47.070962,-24.304100,8,0,2,104
-48.948969,-26.343327,8,0,2,11
-40.153659,-13.865797,8,0,2,92
-43.713590,-22.613921,8,0,0,27
-39.081759,-13.366972,8,0,2,135
-40.157784,-20.014374,8,0,0,26
-53.979401,-22.090506,8,0,0,130
-43.133144,-21.482318,8,0,2,15
-47.229427,-24.282099,8,0,2,86
-37.342369,-10.994011,8,0,2,131
-40.144133,-13.866071,8,0,2,80
-43.717755,-22.527968,8,0,2,120
-39.087434,-13.365166,8,0,2,108
-41.541163,-20.331838,8,0,0,354
-53.408834,-25.429422,8,0,2,134
-43.258106,-21.588333,8,0,2,91
-47.231259,-24.282004,8,0,2,100
-37.343673,-10.993004,8,0,0,111
-40.135319,-13.864286,8,0,2,75
-43.706833,-22.530308,8,0,0,104
-39.083547,-13.365746,8,0,2,108
-41.540347,-20.340713,8,0,0,146
-53.410134,-25.428233,8,0,2,147
-43.023352,-21.288187,8,0,0,33
-48.725170,-25.433568,8,0,2,69
-37.339670,-10.994556,8,0,0,100
-40.130508,-13.863237,8,0,2,90
-43.692701,-22.597233,8,0,2,350
-39.088910,-13.364611,8,0,2,105
-41.607237,-20.518966,8,0,0,219
-53.893610,-22.134297,8,0,0,118
-43.023056,-21.285958,8,0,0,153
-48.510243,-25.762777,8,0,2,24
-37.330198,-10.998014,8,0,2,119
-40.128701,-13.863275,8,0,2,90
-43.707784,-22.609671,8,0,2,45
-39.209773,-13.342022,8,0,2,68
-42.341178,-20.931691,8,0,0,32
-54.069487,-22.054604,8,0,2,23
-43.025593,-21.280500,8,0,2,169
-48.522837,-25.788943,8,0,2,21
-37.323350,-11.000082,8,0,2,104
-40.125949,-13.863325,8,0,2,90
-43.693160,-22.599011,8,0,2,17
-39.210230,-13.342230,8,0,2,68
-42.340239,-20.929215,8,0,0,183
-54.066350,-22.047588,8,0,0,23
-43.022685,-21.287111,8,0,0,11
-48.530013,-25.803404,8,0,2,19
-37.322204,-11.000368,8,0,2,104
-40.122942,-13.863392,8,0,2,90
-44.438865,-22.963778,8,0,1,12
-39.240648,-13.325999,8,0,2,145
-42.323462,-20.837471,8,0,0,197
-53.859273,-21.601608,8,0,0,177
-43.202650,-21.540486,8,0,0,46
-48.532938,-25.810961,8,0,2,19
-37.319874,-11.001019,8,0,2,104
-40.119783,-13.862901,8,0,2,65
-50.934918,-18.753227,8,0,1,152
-39.241534,-13.324970,8,0,2,120
-42.298898,-20.754617,8,0,0,213
-48.797605,-26.030639,8,0,0,32
-43.201929,-21.539841,8,0,0,46
-48.485219,-25.690863,8,0,1,307
-37.317934,-11.000946,8,0,2,80
-40.117028,-13.861156,8,0,2,30
-50.962259,-18.710025,8,0,0,149
-39.425155,-13.184868,8,0,2,114
-42.298316,-20.753779,8,0,0,29
-48.795808,-26.029530,8,0,0,87
-43.201153,-21.539148,8,0,0,46
-48.482002,-25.693399,8,0,1,128
-49.588970,-28.006120,8,0,1,19
-39.894933,-14.010816,8,0,2,135
-48.702647,-28.215083,8,0,2,92
-39.496480,-13.227894,8,0,2,115
-48.829499,-25.481538,8,0,2,176
-37.815744,-10.733977,8,0,0,111
-43.199189,-21.537702,8,0,2,58
-48.481728,-25.693203,8,0,1,305
-49.588644,-28.005106,8,0,1,199
-53.741602,-29.706472,8,0,0,77
-48.704145,-28.215034,8,0,2,92
-39.502073,-13.227456,8,0,2,98
-48.818975,-25.497526,8,0,1,153
-37.837492,-10.709982,8,0,0,135
-43.197186,-21.536089,8,0,2,37
-48.477998,-25.695994,8,0,1,126
-49.576691,-27.992175,8,0,2,107
-53.744215,-29.706986,8,0,0,78
-48.706487,-28.214849,8,0,2,104
-39.503304,-13.226800,8,0,2,120
-48.818650,-25.498021,8,0,1,333
-37.838323,-10.709144,8,0,0,135
-45.147361,-22.131490,8,0,2,35
-48.477796,-25.695980,8,0,1,310
-49.571160,-27.993686,8,0,2,107
-39.893216,-14.012603,8,0,2,140
-48.708413,-28.214366,8,0,2,106
-39.504191,-13.226317,8,0,2,126
-48.796474,-25.522289,8,0,0,147
-37.857341,-10.689819,8,0,2,178
-45.144896,-22.128173,8,0,2,35
-48.590544,-25.932191,8,0,2,10
-49.581591,-27.982904,8,0,0,185
-39.891780,-14.014144,8,0,2,140
-48.710892,-28.213747,8,0,2,106
-39.504653,-13.225881,8,0,2,142
-48.726878,-25.434169,8,0,2,68
-37.857388,-10.688277,8,0,2,178
-45.141916,-22.125880,8,0,0,59
-48.589798,-25.928482,8,0,2,10
-37.315507,-11.000331,8,0,2,65
-39.889399,-14.016515,8,0,2,135
-48.713534,-28.213076,8,0,2,106
-39.525205,-13.180486,8,0,0,26
-48.840657,-25.471736,8,0,0,131
-37.857428,-10.687645,8,0,2,178
-45.131669,-22.121105,8,0,2,77
-48.589084,-25.924893,8,0,2,10
-37.313590,-10.999561,8,0,2,69
-39.888671,-14.016936,8,0,2,130
-48.769350,-28.238469,8,0,2,71
-39.526243,-13.181990,8,0,0,178
-48.849449,-25.464635,8,0,0,131
-44.294844,-19.970895,8,0,1,69
-45.129443,-22.120986,8,0,0,81
-48.577409,-25.893557,8,0,2,6
-37.313254,-10.999406,8,0,2,49
-39.887503,-14.017419,8,0,2,87
-48.776294,-28.264378,8,0,0,28
-39.509213,-13.223979,8,0,2,46
-48.876126,-25.437547,8,0,0,179
-44.294903,-19.970727,8,0,1,249
-45.127366,-22.120328,8,0,0,67
-48.576915,-25.889532,8,0,2,6
-46.086900,-18.689147,8,0,0,114
-39.771916,-14.117018,8,0,2,170
-48.781724,-28.281277,8,0,0,15
-39.511362,-13.225575,8,0,2,56
-48.876133,-25.436238,8,0,0,179
-44.327840,-19.974017,8,0,1,299
-45.119152,-22.121972,8,0,2,147
-46.503935,-21.801406,8,0,1,292
-46.087712,-18.688831,8,0,0,108
-39.768063,-14.121599,8,0,2,135
-48.788279,-28.309411,8,0,0,176
-39.517408,-13.229292,8,0,2,22
-49.572420,-26.510523,8,0,0,65
-44.327928,-19.974151,8,0,1,119
-43.128318,-21.468559,8,0,0,27
-46.495372,-21.805334,8,0,1,297
-46.131800,-18.675885,8,0,0,113
-39.764231,-14.124003,8,0,2,130
-48.799102,-28.333183,8,0,0,33
-39.712450,-13.253627,8,0,0,137
-49.568096,-26.506088,8,0,0,35
-44.326825,-19.974577,8,0,1,106
-43.062592,-21.359290,8,0,0,57
-46.504516,-21.801351,8,0,1,107
-46.133073,-18.675731,8,0,0,91
-39.759281,-14.125694,8,0,2,115
-48.813294,-28.342100,8,0,2,66
-39.502436,-13.226218,8,0,0,174
-49.555014,-26.290593,8,0,0,15
-44.328808,-19.973392,8,0,1,312
-47.158344,-15.215650,8,0,2,17
-46.514064,-21.799211,8,0,1,285
-46.190917,-18.637046,8,0,0,98
-39.757098,-14.126936,8,0,2,135
-48.814724,-28.343168,8,0,2,46
-39.503528,-13.223368,8,0,0,142
-49.550306,-26.282329,8,0,0,43
-43.642850,-21.280987,8,0,1,348
-47.061822,-15.042270,8,0,1,34
-46.515961,-21.798697,8,0,1,115
-46.266561,-18.624356,8,0,0,111
-39.752984,-14.130897,8,0,2,150
-48.815917,-28.344141,8,0,1,226
-39.505519,-13.220744,8,0,0,154
-49.553369,-26.275321,8,0,0,133
-54.095755,-16.804926,8,0,0,106
-47.060056,-15.039416,8,0,1,214
-46.518130,-21.797587,8,0,1,297
-46.267807,-18.624062,8,0,0,103
-39.751711,-14.132403,8,0,2,150
-48.817220,-28.344235,8,0,2,136
-39.508920,-13.218084,8,0,0,121
-49.554865,-26.272805,8,0,0,7
-54.102950,-16.802983,8,0,0,106
-47.056270,-15.034352,8,0,1,34
-46.521930,-21.795175,8,0,1,106
-46.333414,-18.643042,8,0,0,99
-39.748605,-14.134467,8,0,2,100
-48.818525,-28.343054,8,0,2,136
-39.512568,-13.216467,8,0,0,140
-49.554154,-26.269716,8,0,2,20
-56.892521,-15.109366,8,0,0,75
-47.057652,-15.035896,8,0,1,214
-46.526009,-21.793462,8,0,1,303
-37.314184,-10.999794,8,0,2,68
-39.747133,-14.134722,8,0,2,100
-48.820358,-28.342528,8,0,0,115
-39.555471,-13.087688,8,0,0,103
-49.802386,-26.559278,8,0,0,153
-49.387557,-27.033936,8,0,2,53
-43.044362,-21.334879,8,0,0,20
-46.526085,-21.793546,8,0,1,123
-49.947408,-28.290581,8,0,2,104
-39.746037,-14.134908,8,0,2,100
-48.822162,-28.340269,8,0,0,1
-39.557159,-13.086332,8,0,0,138
-49.808607,-26.547517,8,0,0,139
-49.386068,-27.032899,8,0,2,53
-43.039652,-21.330070,8,0,0,50
-46.531368,-21.791252,8,0,1,265
-49.933494,-28.287274,8,0,2,19
-39.744524,-14.135183,8,0,2,100
-48.822636,-28.339183,8,0,0,2
-39.555030,-13.089649,8,0,0,19
-49.811427,-26.540292,8,0,0,140
-52.679029,-26.464587,8,0,0,125
-43.129286,-21.480142,8,0,0,115
-46.531969,-21.791556,8,0,1,69
-49.438112,-28.381233,8,0,2,84
-39.743527,-14.135414,8,0,2,100
-48.823660,-28.335298,8,0,0,152
-39.586769,-13.035750,8,0,2,115
-49.863498,-26.497001,8,0,1,327
-40.421114,-9.592697,8,0,0,155
-43.026705,-21.267752,8,0,2,106
-46.540075,-21.789413,8,0,1,299
-49.207141,-28.433261,8,0,2,111
-39.742758,-14.135587,8,0,2,100
-48.825763,-28.333184,8,0,0,139
-39.588484,-13.035016,8,0,2,111
-49.863960,-26.496185,8,0,1,169
-40.420446,-9.594063,8,0,0,155
-39.579663,-16.353445,8,0,0,175
-46.541608,-21.788171,8,0,1,315
-49.188536,-28.435120,8,0,2,82
-39.741465,-14.135887,8,0,2,100
-48.826012,-28.331256,8,0,0,178
-39.977587,-13.526322,8,0,1,120
-49.864071,-26.492559,8,0,0,179
-40.419331,-9.596410,8,0,0,154
-40.073960,-19.322091,8,0,2,159
-46.541472,-21.788405,8,0,1,134
-49.186002,-28.435405,8,0,1,281
-39.733298,-14.138544,8,0,2,115
-48.974833,-28.168152,8,0,1,3
-39.977501,-13.526308,8,0,1,300
-49.864106,-26.483269,8,0,0,179
-49.375544,-15.366231,8,0,1,181
-40.073382,-19.323493,8,0,2,159
-46.547439,-21.786153,8,0,1,291
-49.186037,-28.435492,8,0,1,103
-39.729064,-14.139921,8,0,2,115
-48.979346,-28.165118,8,0,1,128
-39.605458,-13.023386,8,0,2,13
-49.870086,-26.475287,8,0,0,128
-49.375463,-15.363482,8,0,1,1
-40.065699,-19.338048,8,0,2,153
-46.548805,-21.785731,8,0,1,115
-49.182911,-28.436123,8,0,2,106
-39.729619,-14.139666,8,0,2,115
-49.015439,-28.259232,8,0,1,189
-39.605142,-13.020924,8,0,2,170
-49.878346,-26.467032,8,0,0,149
-52.682296,-26.460738,8,0,2,358
-40.065467,-19.338473,8,0,2,153
-46.549916,-21.785190,8,0,1,293
-49.122482,-28.426537,8,0,2,151
-39.735805,-14.133533,8,0,2,47
-49.019896,-28.263581,8,0,1,180
-39.605779,-13.019403,8,0,2,160
-49.867696,-26.476951,8,0,1,320
-52.718061,-26.401790,8,0,2,62
-39.721373,-17.534865,8,0,1,261
-46.551119,-21.784885,8,0,1,107
-49.121777,-28.427602,8,0,2,150
-39.734032,-14.132264,8,0,2,50
-48.978522,-28.166170,8,0,0,156
-39.606484,-13.018556,8,0,2,130
-49.867766,-26.476994,8,0,1,141
-52.715538,-26.402521,8,0,2,320
-50.441651,-27.266995,8,0,1,350
-46.551745,-21.784627,8,0,1,287
-49.121053,-28.428695,8,0,2,148
-39.733090,-14.131578,8,0,2,50
-40.505708,-19.571655,8,0,2,33
-39.607798,-13.017970,8,0,2,105
-49.996475,-26.455642,8,0,0,118
-52.723495,-26.401305,8,0,1,126
-40.657695,-20.363739,8,0,0,135
-46.553021,-21.784961,8,0,1,240
-49.081202,-28.452893,8,0,2,170
-39.602094,-14.207397,8,0,2,120
-40.505055,-19.570720,8,0,2,37
-39.609141,-13.017409,8,0,2,115
-50.004460,-26.453383,8,0,0,111
-49.362805,-26.789194,8,0,2,326
-40.658944,-20.361609,8,0,2,173
-46.555605,-21.785212,8,0,1,280
-49.072414,-28.468009,8,0,2,103
-49.327074,-26.846252,8,0,1,17
-40.734736,-19.012319,8,0,0,27
-39.610793,-13.015862,8,0,2,150
-50.008532,-26.452888,8,0,0,107
-52.689106,-26.451211,8,0,1,206
-41.391720,-20.790271,8,0,2,85
-48.615601,-27.378558,8,0,0,84
-49.066396,-28.468709,8,0,2,96
-49.327109,-26.846194,8,0,1,198
-40.733767,-19.010469,8,0,0,27
-39.633373,-12.997446,8,0,2,135
-50.011230,-26.451487,8,0,0,156
-52.721894,-26.402351,8,0,1,126
-41.388533,-20.790780,8,0,2,102
-48.591724,-27.330814,8,0,0,75
-49.051062,-28.469181,8,0,2,124
-49.325735,-26.829989,8,0,0,98
-40.774920,-18.835092,8,0,0,41
-39.649191,-12.989493,8,0,2,105
-50.014994,-26.447553,8,0,0,122
-52.721843,-26.402281,8,0,1,306
-41.369993,-20.800848,8,0,2,104
-48.583795,-27.320299,8,0,0,28
-49.044554,-28.478976,8,0,2,153
-39.600509,-14.207986,8,0,2,110
-40.812178,-18.782184,8,0,0,151
-39.688588,-12.957144,8,0,2,135
-50.078221,-26.439427,8,0,0,97
-52.786532,-26.405253,8,0,2,259
-41.525995,-20.761558,8,0,0,116
-48.582289,-27.316061,8,0,0,30
-36.666344,-9.814705,8,0,2,23
-39.598690,-14.208155,8,0,2,87
-40.832709,-18.781784,8,0,0,114
-39.690932,-12.954936,8,0,2,125
-50.080445,-26.438779,8,0,0,113
-52.788761,-26.404109,8,0,2,171
-41.617745,-20.167523,8,0,0,41
-48.579689,-27.315528,8,0,0,138
-36.666068,-9.814061,8,0,2,23
-39.538798,-14.198123,8,0,2,120
-40.835705,-18.780531,8,0,0,114
-39.689254,-12.956869,8,0,2,120
-50.119433,-26.420177,8,0,0,139
-52.790903,-26.401856,8,0,2,109
-41.688073,-20.625287,8,0,2,156
-48.578429,-27.319794,8,0,0,143
-36.670904,-9.864954,8,0,2,170
-39.535541,-14.199617,8,0,2,130
-40.851598,-18.765921,8,0,0,108
-39.690371,-12.955357,8,0,2,145
-50.127447,-26.414060,8,0,1,324
-52.829753,-26.362929,8,0,2,151
-41.686119,-20.627088,8,0,0,120
-48.576000,-27.320319,8,0,2,64
-36.657171,-9.792586,8,0,0,21
-39.531372,-14.203801,8,0,2,145
-40.854407,-18.765486,8,0,0,94
-39.840206,-12.847304,8,0,2,135
-50.127555,-26.414140,8,0,1,141
-52.834404,-26.357241,8,0,2,316
-41.683896,-20.627989,8,0,0,99
-48.570327,-27.315385,8,0,0,34
-36.640137,-9.779173,8,0,2,67
-39.525770,-14.209285,8,0,2,125
-50.021483,-24.828337,8,0,1,7
-40.064046,-13.031326,8,0,2,45
-50.129461,-26.411785,8,0,1,322
-52.838382,-26.354574,8,0,2,116
-41.670612,-20.651859,8,0,0,120
-48.565788,-27.313064,8,0,0,146
-36.639192,-9.778762,8,0,2,67
-39.520575,-14.211391,8,0,2,105
-50.399590,-24.042451,8,0,0,108
-40.064639,-13.031822,8,0,2,45
-50.129558,-26.411845,8,0,1,141
-52.840839,-26.352060,8,0,1,328
-41.668477,-20.653075,8,0,0,121
-48.563879,-27.318551,8,0,2,96
-36.645174,-9.781206,8,0,2,68
-39.518445,-14.212165,8,0,2,125
-50.586837,-23.911470,8,0,0,163
-40.067450,-13.034071,8,0,2,45
-49.485899,-26.714270,8,0,0,60
-52.840941,-26.352115,8,0,1,148
-41.655450,-20.667221,8,0,0,7
-48.562338,-27.318252,8,0,0,33
-41.703377,-19.771604,8,0,0,25
-39.515665,-14.215135,8,0,2,145
-50.765438,-23.590370,8,0,0,174
-40.049256,-13.509577,8,0,2,66
-49.488874,-26.716320,8,0,2,54
-44.316600,-22.027431,8,0,2,137
-41.655616,-20.668496,8,0,0,7
-48.561844,-27.317551,8,0,0,31
-41.701750,-19.768521,8,0,0,29
-39.514574,-14.216820,8,0,2,145
-50.765904,-23.587440,8,0,0,172
-40.052772,-13.510485,8,0,2,65
-49.955447,-28.288377,8,0,0,109
-53.302417,-26.257456,8,0,2,63
-41.655834,-20.670002,8,0,0,7
-48.561279,-27.316995,8,0,0,63
-41.700869,-19.767421,8,0,0,41
-39.369343,-14.162742,8,0,2,25
-50.822323,-23.397291,8,0,0,71
-40.054085,-13.510283,8,0,2,105
-49.944995,-28.291128,8,0,2,104
-44.317541,-22.026855,8,0,2,104
-41.667814,-20.697816,8,0,0,27
-48.558739,-27.315427,8,0,0,6
-41.687387,-19.761105,8,0,2,49
-39.367328,-14.159856,8,0,2,55
-50.827145,-23.397576,8,0,0,90
-40.073501,-13.519930,8,0,2,87
-49.942522,-28.291249,8,0,2,57
-44.316805,-22.028828,8,0,0,38
-41.671785,-20.706427,8,0,0,24
-48.555499,-27.314961,8,0,0,68
-41.686212,-19.759987,8,0,2,40
-39.378445,-14.168282,8,0,2,95
-46.166665,-22.269074,8,0,2,53
-40.074836,-13.520038,8,0,2,87
-49.940490,-28.289956,8,0,2,68
-44.319591,-22.026321,8,0,2,152
-41.672971,-20.708974,8,0,0,26
-48.555130,-27.314860,8,0,2,79
-40.412377,-19.526472,8,0,0,170
-39.371338,-14.165825,8,0,2,35
-46.167679,-22.270848,8,0,2,11
-40.076119,-13.520189,8,0,2,87
-49.935297,-28.293116,8,0,1,305
-44.320163,-22.025271,8,0,2,149
-41.680941,-20.721301,8,0,0,33
-48.553428,-27.314217,8,0,2,62
-39.855449,-17.882571,8,0,2,101
-39.368530,-14.161633,8,0,2,35
-46.184257,-22.283152,8,0,1,240
-40.124826,-13.527685,8,0,2,65
-49.936545,-28.291157,8,0,2,37
-44.322233,-22.022680,8,0,2,113
-41.681464,-20.722201,8,0,2,15
-48.549803,-27.310185,8,0,0,24
-42.692505,-22.947031,8,0,0,278
-39.367992,-14.160808,8,0,2,30
-46.361025,-22.271738,8,0,0,141
-40.126465,-13.528188,8,0,2,65
-49.931801,-28.284774,8,0,2,50
-44.325667,-22.020222,8,0,0,112
-41.681723,-20.723342,8,0,0,12
-48.546064,-27.324140,8,0,1,175
-42.477816,-22.910843,8,0,2,80
-39.366964,-14.159705,8,0,2,60
-46.361848,-22.270817,8,0,0,138
-40.187548,-13.497864,8,0,2,160
-49.927474,-28.283705,8,0,0,81
-44.326641,-22.019681,8,0,0,131
-41.682010,-20.724351,8,0,0,18
-48.545600,-27.324151,8,0,1,357
-39.862953,-17.881936,8,0,2,82
-39.366133,-14.159312,8,0,2,50
-46.492809,-22.398195,8,0,2,38
-40.189326,-13.493791,8,0,2,160
-49.920053,-28.277919,8,0,0,27
-44.318065,-22.030187,8,0,2,31
-41.668737,-20.759878,8,0,2,16
-48.545430,-27.327265,8,0,1,358
-40.022991,-17.897310,8,0,2,99
-39.732162,-14.130909,8,0,2,40
-46.493947,-22.399208,8,0,2,55
-41.032679,-13.760977,8,0,2,45
-49.918927,-28.276056,8,0,2,27
-44.317968,-22.030991,8,0,2,151
-41.668919,-20.760430,8,0,2,16
-48.545154,-27.330861,8,0,2,13
-40.372011,-17.825111,8,0,2,135
-39.728339,-14.128790,8,0,2,90
-46.497866,-22.401038,8,0,2,64
-41.033725,-13.761768,8,0,2,45
-49.883931,-28.245523,8,0,0,41
-44.316624,-22.033867,8,0,2,2
-41.670395,-20.703607,8,0,0,24
-48.545790,-27.333141,8,0,2,4
-40.374058,-17.823117,8,0,2,135
-39.726260,-14.128304,8,0,2,40
-46.499570,-22.401841,8,0,2,62
-41.034689,-13.762438,8,0,2,45
-49.958677,-29.194977,8,0,2,92
-43.762466,-21.156230,8,0,0,164
-44.435268,-5.019998,8,0,2,13
-48.543991,-27.337905,8,0,0,152
-40.490010,-17.793578,8,0,2,79
-39.725570,-14.127252,8,0,2,30
-46.554201,-22.429084,8,0,2,126
-41.035766,-13.763193,8,0,2,45
-49.955825,-29.195045,8,0,2,92
-43.762703,-21.154550,8,0,0,179
-44.434255,-5.029717,8,0,2,172
-48.545867,-27.360445,8,0,0,76
-46.035709,-18.383810,8,0,2,22
-39.104087,-13.943661,8,0,2,35
-44.230040,-21.106198,8,0,1,234
-40.909242,-13.679017,8,0,2,30
-49.952003,-29.195095,8,0,2,92
-44.482861,-22.294776,8,0,0,119
-44.434147,-5.030454,8,0,2,172
-48.546844,-27.361607,8,0,2,17
-53.408446,-25.434953,8,0,1,25
-39.109945,-13.943274,8,0,2,45
-44.264993,-21.138615,8,0,2,73
-40.909852,-13.679976,8,0,2,30
-49.949173,-29.195134,8,0,2,92
-44.483905,-22.294789,8,0,0,75
-44.458837,-5.167594,8,0,2,49
-48.547578,-27.363735,8,0,0,85
-53.409008,-25.436080,8,0,1,24
-39.111352,-13.945311,8,0,2,20
-44.264007,-21.138353,8,0,2,74
-40.610560,-13.532595,8,0,2,45
-49.936349,-29.195513,8,0,0,88
-44.490913,-22.299722,8,0,0,38
-44.467610,-5.177655,8,0,0,15
-48.549887,-27.363852,8,0,2,87
-53.409135,-25.435892,8,0,1,205
-46.432930,-23.436361,8,0,1,167
-44.271081,-21.140980,8,0,2,68
-40.611542,-13.533419,8,0,2,45
-49.925640,-29.194694,8,0,2,78
-44.492010,-22.300142,8,0,0,68
-44.471130,-5.189854,8,0,0,16
-48.552688,-27.363539,8,0,2,105
-53.408600,-25.434825,8,0,1,205
-43.420104,-18.592879,8,0,0,52
-44.274278,-21.142901,8,0,2,75
-40.612624,-13.534113,8,0,2,65
-49.875640,-29.191640,8,0,1,312
-44.508204,-22.307222,8,0,2,81
-44.498859,-5.282516,8,0,0,72
-48.553704,-27.363279,8,0,0,101
-53.408511,-25.434086,8,0,1,175
-43.419436,-18.592515,8,0,0,69
-44.274876,-21.143701,8,0,2,40
-40.614128,-13.534232,8,0,2,90
-49.844466,-29.192787,8,0,2,99
-44.508592,-22.307191,8,0,2,98
-44.504199,-5.284208,8,0,2,72
-48.555751,-27.363654,8,0,2,62
-53.408308,-25.434064,8,0,1,355
-43.149262,-18.677369,8,0,0,163
-44.264310,-21.137642,8,0,1,257
-40.421370,-13.436824,8,0,2,165
-49.842507,-29.193027,8,0,1,279
-44.522456,-22.319233,8,0,0,60
-44.519265,-5.288963,8,0,0,73
-48.556132,-27.364724,8,0,0,114
-53.407485,-25.433655,8,0,1,175
-39.125261,-14.741903,8,0,2,80
-46.646766,-22.521495,8,0,2,19
-40.424870,-13.433111,8,0,1,255
-49.833708,-29.195463,8,0,0,159
-44.524843,-22.321418,8,0,0,65
-44.600707,-5.321653,8,0,2,82
-48.555877,-27.365517,8,0,0,59
-42.408847,-22.874998,8,0,0,117
-39.127806,-14.742406,8,0,2,80
-46.646614,-22.525497,8,0,2,135
-40.424801,-13.433225,8,0,1,70
-49.833196,-29.196651,8,0,0,158
-44.527178,-22.321974,8,0,0,59
-44.609467,-5.322803,8,0,0,83
-48.556927,-27.366241,8,0,0,62
-42.406027,-22.875648,8,0,0,100
-39.281415,-14.588816,8,0,2,125
-46.647869,-22.523298,8,0,2,164
-40.428041,-13.434736,8,0,1,250
-49.817434,-29.215525,8,0,2,135
-50.376589,-26.189754,8,0,1,263
-45.194402,-5.480155,8,0,0,52
-48.558273,-27.366903,8,0,0,43
-46.571646,-23.631627,8,0,1,291
-39.282835,-14.588029,8,0,2,122
-46.534409,-22.570806,8,0,0,10
-40.427950,-13.434835,8,0,1,70
-49.805258,-29.226174,8,0,1,309
-50.376582,-26.189795,8,0,1,84
-45.196259,-5.481574,8,0,0,52
-48.558767,-27.367612,8,0,0,28
-46.571841,-23.631638,8,0,1,111
-39.751239,-14.132969,8,0,2,135
-46.532688,-22.573506,8,0,2,129
-40.430036,-13.435840,8,0,1,250
-49.795403,-29.237535,8,0,1,116
-44.528713,-22.323347,8,0,0,27
-45.228408,-5.505186,8,0,0,74
-48.560505,-27.370111,8,0,0,28
-37.342714,-10.579985,8,0,1,23
-39.687895,-14.165642,8,0,2,135
-46.529246,-22.575923,8,0,0,127
-40.430223,-13.436089,8,0,1,70
-49.795325,-29.237490,8,0,1,296
-44.529457,-22.324734,8,0,0,33
-45.233886,-5.503965,8,0,2,136
-48.560144,-27.371275,8,0,0,82
-37.342810,-10.579957,8,0,1,203
-48.767698,-26.027355,8,0,0,43
-46.527806,-22.576923,8,0,0,127
-40.433398,-13.437908,8,0,1,250
-49.787628,-29.238258,8,0,1,275
-44.530912,-22.327559,8,0,0,179
-45.235421,-5.502068,8,0,2,142
-48.598579,-27.400817,8,0,2,127
-37.343330,-10.581390,8,0,1,23
-49.360207,-25.408370,8,0,2,99
-46.526389,-22.577958,8,0,1,134
-40.433786,-13.438330,8,0,1,70
-46.505483,-14.493662,8,0,1,42
-44.531229,-22.328857,8,0,0,22
-45.254862,-5.498679,8,0,2,113
-48.597665,-27.402237,8,0,0,164
-37.343415,-10.581354,8,0,1,203
-49.354166,-25.415848,8,0,2,24
-46.526261,-22.577927,8,0,1,292
-40.435325,-13.439106,8,0,1,250
-46.495872,-14.481965,8,0,1,220
-44.531640,-22.329740,8,0,2,23
-45.256120,-5.498136,8,0,2,113
-48.598127,-27.404722,8,0,0,2
-37.344286,-10.583449,8,0,2,23
-49.352532,-25.416082,8,0,2,84
-46.556533,-22.790825,8,0,2,140
-45.172244,-22.802268,8,0,2,163
-46.495798,-14.482131,8,0,1,40
-44.532138,-22.330446,8,0,2,35
-45.259043,-5.497212,8,0,2,92
-48.592738,-27.426401,8,0,2,13
-37.363590,-10.629909,8,0,0,20
-42.889449,-22.754689,8,0,1,305
-46.555772,-22.791887,8,0,2,153
-45.173877,-22.805856,8,0,0,26
-46.495034,-14.480992,8,0,1,220
-44.533984,-22.331499,8,0,0,106
-45.261637,-5.497258,8,0,2,89
-48.600353,-27.400166,8,0,2,114
-37.364172,-10.633183,8,0,0,14
-46.677816,-19.105793,8,0,0,17
-35.632503,-6.754637,8,0,1,9
-45.179805,-22.813946,8,0,2,53
-46.488783,-14.474059,8,0,1,51
-44.536677,-22.330621,8,0,0,71
-45.266704,-5.497250,8,0,0,102
-48.602169,-27.399508,8,0,2,113
-49.637046,-29.113319,8,0,2,127
-51.489797,-29.287260,8,0,1,305
-46.545490,-22.848436,8,0,2,165
-45.180644,-22.814564,8,0,2,49
-46.493317,-14.479365,8,0,1,36
-44.538778,-22.331330,8,0,1,71
-45.272479,-5.492753,8,0,2,137
-48.604274,-27.399780,8,0,2,99
-49.635996,-29.114005,8,0,2,127
-51.491861,-29.284413,8,0,1,193
-46.545080,-22.849830,8,0,2,165
-45.183315,-22.815302,8,0,2,69
-46.493474,-14.479164,8,0,1,220
-44.538764,-22.331255,8,0,1,251
-45.274275,-5.488536,8,0,2,169
-48.607571,-27.399396,8,0,2,96
-49.633772,-29.115399,8,0,2,127
-45.026700,-22.675321,8,0,2,83
-46.536217,-22.880090,8,0,2,24
-45.184605,-22.815765,8,0,2,70
-46.486798,-14.471869,8,0,1,32
-44.540223,-22.331792,8,0,1,71
-45.490223,-5.466915,8,0,0,43
-48.610747,-27.399549,8,0,0,83
-49.632787,-29.116026,8,0,2,127
-45.027746,-22.675477,8,0,2,83
-46.556745,-22.934362,8,0,1,189
-45.205018,-22.822134,8,0,1,223
-46.482476,-14.466757,8,0,1,40
-44.540215,-22.331717,8,0,1,251
-45.535771,-5.497076,8,0,2,61
-48.614335,-27.399970,8,0,0,83
-49.607034,-29.133805,8,0,1,129
-45.044127,-22.686995,8,0,0,51
-46.556562,-22.938564,8,0,1,176
-45.204914,-22.822133,8,0,1,43
-46.480447,-14.464642,8,0,1,40
-44.545309,-22.333895,8,0,2,110
-45.537364,-5.497940,8,0,2,61
-48.620396,-27.402278,8,0,0,90
-49.606914,-29.133840,8,0,1,309
-45.045440,-22.687989,8,0,0,51
-46.556482,-22.938560,8,0,1,358
-45.205613,-22.822714,8,0,1,221
-46.480197,-14.463889,8,0,1,220
-44.554969,-22.332432,8,0,0,104
-45.540610,-5.499714,8,0,0,61
-46.301039,-22.816284,8,0,0,108
-49.605402,-29.134931,8,0,2,129
-45.051655,-22.698731,8,0,2,11
-46.555519,-22.948917,8,0,1,117
-45.205959,-22.823193,8,0,1,41
-46.475543,-14.458467,8,0,1,219
-44.564286,-22.332895,8,0,2,140
-45.542869,-5.500930,8,0,0,61
-46.301798,-22.815948,8,0,0,143
-49.604159,-29.135813,8,0,2,129
-45.052216,-22.701262,8,0,2,11
-51.071961,-26.258351,8,0,1,239
-45.206594,-22.823858,8,0,1,40
-46.479457,-14.463029,8,0,1,220
-44.571217,-22.327277,8,0,0,1
-45.543813,-5.501436,8,0,0,61
-46.301915,-22.815093,8,0,0,2
-49.581586,-29.154254,8,0,1,127
-45.053109,-22.703036,8,0,2,42
-51.073002,-26.257959,8,0,1,142
-45.214260,-22.829404,8,0,1,235
-46.197827,-13.956933,8,0,2,12
-44.571679,-22.326914,8,0,0,80
-45.548853,-5.504172,8,0,0,62
-46.301408,-22.813105,8,0,0,18
-49.581515,-29.154229,8,0,1,307
-45.053640,-22.703683,8,0,2,36
-48.863104,-27.038402,8,0,1,230
-45.214947,-22.829959,8,0,1,53
-46.197507,-13.955063,8,0,2,5
-44.571250,-22.328041,8,0,0,146
-45.551833,-5.505805,8,0,0,62
-46.300869,-22.811707,8,0,0,19
-49.578109,-29.156561,8,0,1,127
-45.054240,-22.704490,8,0,2,32
-48.863137,-27.038529,8,0,1,50
-45.216009,-22.830745,8,0,1,53
-46.197616,-13.952454,8,0,2,175
-44.576778,-22.328011,8,0,2,95
-45.553845,-5.506913,8,0,0,61
-46.300675,-22.811211,8,0,0,14
-49.578013,-29.156541,8,0,1,307
-45.056380,-22.705773,8,0,0,33
-40.851936,-18.682785,8,0,0,117
-45.216774,-22.831175,8,0,1,233
-46.187184,-13.914322,8,0,0,5
-44.578100,-22.327999,8,0,2,84
-45.561799,-5.511870,8,0,0,72
-46.301353,-22.808761,8,0,0,158
-49.577131,-29.157200,8,0,1,127
-45.067649,-22.722851,8,0,0,52
-40.854366,-18.682753,8,0,0,53
-45.217483,-22.831773,8,0,1,53
-46.186536,-13.908209,8,0,0,6
-44.578852,-22.328087,8,0,2,80
-45.569118,-5.515407,8,0,0,61
-46.303020,-22.806147,8,0,0,118
-49.577052,-29.157167,8,0,1,307
-45.068475,-22.723463,8,0,0,52
-40.881989,-18.692388,8,0,0,59
-42.487624,-22.930222,8,0,0,90
-44.647294,-13.363561,8,0,0,57
-44.579745,-22.328266,8,0,2,68
-45.571944,-5.516987,8,0,0,61
-46.304548,-22.806280,8,0,0,73
-49.608520,-29.132919,8,0,2,113
-45.093507,-22.731400,8,0,2,72
-40.883643,-18.695678,8,0,0,168
-42.484211,-22.930155,8,0,0,90
-44.644632,-13.361003,8,0,0,27
-44.580950,-22.328634,8,0,0,78
-45.574237,-5.518226,8,0,0,61
-51.061007,-26.265152,8,0,2,136
-48.921643,-16.315427,8,0,1,2
-45.096498,-22.731855,8,0,2,76
-40.776728,-18.837080,8,0,0,39
-42.482124,-22.930122,8,0,0,90
-44.642626,-13.351196,8,0,0,44
-44.582394,-22.327531,8,0,0,125
-45.591019,-5.527427,8,0,0,63
-50.781809,-26.084932,8,0,0,141
-49.372321,-15.355885,8,0,2,42
-45.100858,-22.732353,8,0,2,84
-40.738240,-18.987423,8,0,2,3
-42.481357,-22.930157,8,0,0,98
-43.065965,-21.361248,8,0,0,58
-44.583714,-22.326985,8,0,2,165
-45.274365,-5.488095,8,0,2,169
-50.845043,-25.950582,8,0,2,172
-50.933048,-28.510104,8,0,2,70
-45.102168,-22.733029,8,0,2,43
-40.737143,-18.990521,8,0,0,159
-48.445987,-9.565660,8,0,0,90
-44.640820,-13.350462,8,0,0,83
-44.541439,-22.333371,8,0,1,176
-42.733883,-4.998886,8,0,0,30
-50.851938,-25.944003,8,0,2,85
-50.934194,-28.510441,8,0,2,84
-45.103585,-22.734057,8,0,1,242
-40.517523,-20.637984,8,0,1,2
-48.420088,-9.566654,8,0,0,17
-44.638505,-13.348908,8,0,2,39
-44.541394,-22.333432,8,0,1,27
-42.732510,-4.995790,8,0,2,22
-50.852793,-25.944072,8,0,2,84
-50.938756,-28.509123,8,0,2,131
-45.104131,-22.734355,8,0,1,66
-40.509107,-19.586773,8,0,0,14
-48.416987,-9.566964,8,0,0,123
-44.635871,-13.346217,8,0,0,44
-44.499685,-22.360006,8,0,0,161
-42.731448,-4.993343,8,0,0,23
-46.312193,-22.808815,8,0,0,124
-50.939365,-28.508663,8,0,2,131
-45.105759,-22.734887,8,0,2,74
-40.509487,-19.589063,8,0,0,178
-48.354310,-9.728592,8,0,0,11
-44.634999,-13.345699,8,0,2,71
-44.500204,-22.361152,8,0,0,94
-41.839885,-3.290798,8,0,0,4
-46.314725,-22.801767,8,0,0,176
-50.940973,-28.507419,8,0,2,131
-45.107418,-22.734930,8,0,2,98
-49.022639,-28.279522,8,0,2,31
-48.355816,-9.740150,8,0,1,4
-44.632293,-13.344612,8,0,2,68
-43.782833,-20.633288,8,0,0,50
-41.563547,-5.322725,8,0,1,91
-46.316920,-22.794001,8,0,0,175
-50.941423,-28.507068,8,0,2,131
-45.108889,-22.734568,8,0,0,104
-49.024226,-28.283588,8,0,0,168
-48.352396,-9.754061,8,0,0,165
-44.631155,-13.345348,8,0,1,159
-43.781532,-20.632717,8,0,0,81
-41.563542,-5.322658,8,0,1,271
-46.317597,-22.792290,8,0,0,134
-50.945675,-28.504835,8,0,2,119
-45.109690,-22.734369,8,0,0,104
-49.151710,-28.282331,8,0,2,65
-48.351351,-9.765300,8,0,0,23
-44.630852,-13.346006,8,0,2,157
-43.725818,-20.577225,8,0,0,6
-41.559564,-5.322809,8,0,1,91
-46.321940,-22.771580,8,0,0,61
-50.946450,-28.504450,8,0,2,119
-45.111858,-22.733841,8,0,0,105
-49.278273,-28.356840,8,0,1,207
-48.300737,-10.170146,8,0,0,6
-44.627009,-13.350083,8,0,2,133
-43.724919,-20.574750,8,0,0,43
-41.559559,-5.322726,8,0,1,271
-46.322451,-22.771845,8,0,0,61
-50.947683,-28.503860,8,0,2,119
-45.116643,-22.733463,8,0,1,279
-49.279104,-28.358281,8,0,1,31
-48.535887,-25.815327,8,0,1,214
-44.626196,-13.351419,8,0,2,170
-43.723983,-20.573674,8,0,0,45
-41.550372,-5.323002,8,0,2,92
-46.299241,-22.818558,8,0,0,310
-50.950400,-28.500701,8,0,2,152
-45.123579,-22.736635,8,0,1,246
-49.283873,-28.361779,8,0,2,62
-48.535336,-25.814563,8,0,1,214
-44.203395,-13.398583,8,0,2,121
-43.697489,-20.530482,8,0,0,39
-41.542477,-5.326124,8,0,2,144
-46.298915,-22.819062,8,0,2,171
-50.950002,-28.501370,8,0,2,152
-45.126419,-22.738379,8,0,2,24
-49.286006,-28.364411,8,0,2,175
-48.534621,-25.813651,8,0,1,214
-44.204614,-13.397873,8,0,2,123
-43.697122,-20.529733,8,0,0,9
-41.544709,-5.324301,8,0,0,91
-46.534139,-22.972538,8,0,1,328
-42.860195,-20.747667,8,0,2,61
-45.126767,-22.739051,8,0,2,24
-49.330618,-28.370858,8,0,2,61
-48.830214,-25.478009,8,0,2,26
-44.205854,-13.396854,8,0,2,135
-43.694578,-20.526960,8,0,2,78
-41.544308,-5.324313,8,0,0,92
-42.313254,-4.399082,8,0,0,9
-42.860793,-20.747893,8,0,2,76
-45.127590,-22.740347,8,0,2,35
-49.145746,-28.558435,8,0,2,135
-49.012234,-26.900620,8,0,1,240
-44.206587,-13.396031,8,0,2,143
-43.692632,-20.526050,8,0,1,40
-41.543301,-5.324980,8,0,0,144
-46.535040,-22.971598,8,0,1,144
-42.864032,-20.745425,8,0,0,158
-45.128148,-22.740865,8,0,2,58
-49.144848,-28.559209,8,0,2,135
-48.966732,-26.926330,8,0,1,131
-44.207236,-13.394579,8,0,0,162
-43.689385,-20.515343,8,0,2,18
-41.541093,-5.328058,8,0,0,144
-42.292495,-4.246109,8,0,2,12
-42.864318,-20.744742,8,0,2,158
-45.130946,-22.743030,8,0,2,46
-49.143437,-28.560166,8,0,2,125
-48.967324,-26.925021,8,0,1,322
-44.207562,-13.392351,8,0,2,3
-43.688179,-20.514828,8,0,2,57
-41.310397,-5.515065,8,0,2,148
-42.279201,-4.234827,8,0,2,59
-42.540103,-22.932263,8,0,2,91
-45.132048,-22.743982,8,0,2,47
-49.141840,-28.560751,8,0,2,101
-48.965613,-26.927197,8,0,1,131
-44.206446,-13.389164,8,0,1,34
-43.686272,-20.514456,8,0,2,92
-41.310067,-5.515596,8,0,2,148
-46.539391,-22.969356,8,0,1,221
-42.132376,-19.874094,8,0,0,161
-45.136361,-22.749009,8,0,2,24
-49.095371,-28.577000,8,0,0,57
-48.963888,-26.928529,8,0,1,131
-44.206497,-13.389114,8,0,1,212
-43.684841,-20.514486,8,0,2,92
-41.309528,-5.516474,8,0,2,148
-46.539815,-22.969594,8,0,1,110
-51.883573,-23.434222,8,0,1,122
-44.098588,-21.051439,8,0,1,80
-49.103648,-28.578619,8,0,0,92
-48.935316,-26.911235,8,0,1,171
-44.196348,-13.402673,8,0,2,121
-43.682739,-20.514574,8,0,2,92
-56.520641,-21.115008,8,0,0,139
-42.081945,-4.032665,8,0,1,54
-49.223720,-26.531574,8,0,0,42
-44.097163,-21.051718,8,0,1,112
-49.105229,-28.578698,8,0,2,77
-48.827660,-26.900124,8,0,2,43
-44.194044,-13.404025,8,0,2,121
-43.606257,-20.490676,8,0,2,50
-42.929339,-18.769470,8,0,1,69
-42.078258,-4.026197,8,0,1,16
-52.403922,-24.024890,8,0,0,128
-44.095373,-21.052516,8,0,1,116
-49.107190,-28.578334,8,0,0,104
-48.750214,-26.886725,8,0,2,67
-44.192274,-13.405219,8,0,1,122
-43.605316,-20.490444,8,0,2,88
-42.929358,-18.769356,8,0,1,250
-42.070173,-4.027340,8,0,1,111
-51.981802,-23.930007,8,0,2,112
-44.094277,-21.052984,8,0,1,115
-49.114857,-28.577938,8,0,0,120
-48.747662,-26.886164,8,0,2,89
-44.192223,-13.405145,8,0,1,301
-43.526544,-20.412639,8,0,0,177
-42.928578,-18.769149,8,0,2,63
-42.060641,-4.029335,8,0,0,108
-51.986059,-23.928495,8,0,2,111
-44.092274,-21.053795,8,0,1,101
-49.114082,-28.578329,8,0,0,120
-48.738142,-26.886709,8,0,1,110
-44.191469,-13.405686,8,0,1,121
-43.526236,-20.411124,8,0,0,13
-42.927366,-18.770423,8,0,2,117
-42.051360,-4.035284,8,0,0,154
-51.987145,-23.928105,8,0,2,111
-44.090499,-21.053761,8,0,1,81
-43.489000,-20.212963,8,0,0,21
-48.738151,-26.886486,8,0,1,266
-44.191367,-13.405640,8,0,1,300
-48.666000,-26.778812,8,0,2,34
-42.922950,-18.771259,8,0,0,88
-41.849499,-4.016557,8,0,0,60
-52.589328,-23.666997,8,0,1,300
-44.089542,-21.053606,8,0,1,81
-43.488958,-20.214306,8,0,0,346
-48.735289,-26.887211,8,0,1,283
-44.187236,-13.408041,8,0,2,112
-48.664749,-26.777110,8,0,2,34
-42.921645,-18.771233,8,0,0,91
-41.847693,-4.015521,8,0,0,60
-46.556054,-23.618922,8,0,1,0
-44.089772,-21.053326,8,0,1,299
-43.429265,-20.353406,8,0,0,86
-48.725117,-26.889512,8,0,1,112
-43.676786,-13.281058,8,0,0,74
-48.663640,-26.775697,8,0,2,36
-42.919255,-18.773091,8,0,2,137
-41.843847,-4.013319,8,0,0,60
-42.951972,-22.390021,8,0,0,121
-44.091706,-21.052657,8,0,1,290
-43.428379,-20.353325,8,0,0,86
-48.725072,-26.889397,8,0,1,270
-43.675013,-13.280560,8,0,0,75
-48.663039,-26.774973,8,0,1,34
-42.917576,-18.774785,8,0,2,131
-41.697326,-3.934686,8,0,0,100
-42.952631,-22.389648,8,0,0,121
-44.093617,-21.052067,8,0,1,289
-43.425434,-20.354417,8,0,0,133
-41.533820,-20.357006,8,0,0,153
-43.651512,-13.274050,8,0,0,75
-42.154688,-22.843796,8,0,2,68
-42.916051,-18.774862,8,0,2,63
-41.687829,-3.937055,8,0,0,109
-42.968555,-22.403550,8,0,2,125
-44.095552,-21.051477,8,0,1,288
-43.424603,-20.355187,8,0,0,133
-41.597272,-20.471306,8,0,0,26
-43.647781,-13.273031,8,0,0,75
-42.159526,-22.845141,8,0,2,74
-42.914595,-18.774123,8,0,0,62
-41.684327,-3.938088,8,0,0,93
-42.973690,-22.400629,8,0,2,114
-44.097662,-21.050860,8,0,1,288
-44.168845,-21.117800,8,0,2,187
-41.597750,-20.473276,8,0,0,157
-43.646545,-13.272682,8,0,0,75
-42.163906,-22.846289,8,0,2,74
-42.927558,-18.768344,8,0,0,41
-41.469632,-3.983549,8,0,0,148
-42.977121,-22.400727,8,0,1,259
-44.088732,-21.053896,8,0,2,136
-48.340763,-24.007225,8,0,1,199
-41.694685,-20.795402,8,0,2,21
-43.581399,-13.264987,8,0,2,87
-42.167584,-22.847267,8,0,2,74
-42.927109,-18.767751,8,0,0,27
-41.468364,-3.985533,8,0,0,148
-42.981718,-22.399961,8,0,0,145
-44.087993,-21.054757,8,0,2,143
-48.342106,-24.010026,8,0,2,23
-41.686672,-20.945929,8,0,2,69
-43.579059,-13.264848,8,0,2,87
-48.978343,-26.915918,8,0,1,317
-42.926595,-18.766307,8,0,0,14
-41.457020,-3.993683,8,0,0,109
-42.982265,-22.399168,8,0,2,145
-44.087393,-21.055212,8,0,0,103
-48.343750,-24.011765,8,0,2,49
-57.857508,-15.845217,8,0,2,115
-43.410011,-13.266999,8,0,1,135
-52.353507,-28.291064,8,0,1,106
-42.926066,-18.764855,8,0,0,30
-41.453875,-3.995075,8,0,0,121
-42.667680,-22.256245,8,0,0,168
-44.081370,-21.055827,8,0,0,138
-48.344526,-24.012366,8,0,2,49
-54.978140,-15.952950,8,0,1,315
-43.409090,-13.267432,8,0,1,323
-52.353491,-28.291013,8,0,1,286
-42.925206,-18.763872,8,0,2,48
-40.556563,-20.745896,8,0,0,46
-42.650350,-22.243117,8,0,2,45
-44.081003,-21.056200,8,0,2,137
-48.346624,-24.014067,8,0,2,49
-54.976665,-15.954472,8,0,1,135
-43.406011,-13.269857,8,0,1,307
-52.354975,-28.290714,8,0,1,106
-42.921905,-18.760013,8,0,0,15
-40.558618,-20.748100,8,0,0,38
-42.648033,-22.240951,8,0,2,45
-44.078558,-21.057644,8,0,2,175
-48.347630,-24.014868,8,0,2,49
-54.974054,-15.956805,8,0,1,321
-43.406067,-13.269903,8,0,1,128
-52.354938,-28.290660,8,0,1,286
-42.476586,-19.218163,8,0,0,17
-40.560986,-20.751115,8,0,0,35
-42.646381,-22.239397,8,0,2,45
-44.078388,-21.058120,8,0,2,156
-48.337818,-24.000986,8,0,1,221
-54.964596,-15.962499,8,0,1,316
-43.402774,-13.272296,8,0,1,127
-45.405152,-23.619978,8,0,2,72
-42.476922,-19.219256,8,0,0,12
-40.344465,-3.575491,8,0,2,25
-42.648033,-22.240300,8,0,2,137
-44.078464,-21.058749,8,0,0,172
-48.506430,-24.172277,8,0,2,5
-54.962996,-15.964596,8,0,1,143
-43.193609,-12.734560,8,0,2,13
-45.409686,-23.618972,8,0,1,251
-42.476593,-19.220430,8,0,0,149
-40.343618,-3.573603,8,0,2,25
-42.648393,-22.239949,8,0,0,137
-44.078633,-21.061742,8,0,2,59
-48.506852,-24.174020,8,0,2,11
-54.961701,-15.966079,8,0,1,324
-43.183055,-12.702606,8,0,2,37
-45.410373,-23.619199,8,0,1,251
-42.521107,-19.453709,8,0,2,46
-40.343185,-3.569967,8,0,2,3
-42.648932,-22.239451,8,0,0,137
-44.080337,-21.062707,8,0,0,41
-48.524494,-24.187473,8,0,0,133
-54.953150,-15.969526,8,0,1,264
-43.173566,-12.690088,8,0,2,38
-45.416999,-23.623016,8,0,1,262
-42.522621,-19.455070,8,0,2,46
-40.347627,-3.521504,8,0,2,138
-42.649539,-22.238113,8,0,0,14
-44.081695,-21.063381,8,0,0,62
-48.528795,-24.185305,8,0,2,106
-54.953907,-15.969682,8,0,1,84
-43.170744,-12.686537,8,0,2,38
-45.418876,-23.623292,8,0,1,259
-42.534802,-19.476606,8,0,1,103
-45.561494,-22.462903,8,0,0,36
-42.541106,-22.251788,8,0,0,74
-44.082877,-21.066044,8,0,0,28
-48.530868,-24.185589,8,0,2,78
-48.599048,-27.406465,8,0,0,61
-43.128695,-12.566441,8,0,0,179
-45.419897,-23.623932,8,0,1,225
-42.459084,-19.474988,8,0,1,75
-45.561053,-22.462413,8,0,0,45
-42.353989,-22.033440,8,0,0,121
-44.082886,-21.067225,8,0,2,141
-48.532923,-24.186413,8,0,2,49
-48.592059,-27.427559,8,0,0,158
-43.128704,-12.555916,8,0,2,143
-45.420731,-23.624691,8,0,1,225
-42.456576,-19.474331,8,0,1,73
-42.358339,-21.961252,8,0,0,139
-42.351544,-22.034190,8,0,0,89
-44.081995,-21.068014,8,0,2,142
-48.536225,-24.189129,8,0,2,178
-48.591030,-27.428588,8,0,0,134
-43.147221,-12.547584,8,0,0,106
-45.419773,-23.624836,8,0,2,79
-42.456609,-19.474184,8,0,1,254
-48.868904,-28.611894,8,0,1,253
-42.738265,-22.260151,8,0,2,100
-44.080788,-21.069154,8,0,0,156
-48.537113,-24.190073,8,0,2,88
-48.590142,-27.428772,8,0,0,69
-43.192372,-12.466844,8,0,0,175
-51.910167,-23.376575,8,0,1,216
-42.451981,-19.472928,8,0,1,254
-48.869162,-28.612005,8,0,1,72
-42.734302,-22.262759,8,0,2,147
-44.078834,-21.071530,8,0,0,148
-48.716682,-24.453122,8,0,0,16
-48.573420,-27.425882,8,0,2,45
-43.198172,-12.444568,8,0,0,150
-51.388081,-23.337744,8,0,1,349
-42.422885,-19.453163,8,0,0,49
-48.871678,-28.612649,8,0,1,253
-42.735723,-22.261501,8,0,2,131
-44.078527,-21.072140,8,0,0,167
-48.719624,-24.454962,8,0,0,83
-48.572731,-27.424615,8,0,0,22
-43.199262,-12.442675,8,0,0,150
-51.386669,-23.325319,8,0,2,44
-42.420198,-19.451921,8,0,0,79
-48.871881,-28.612747,8,0,1,73
-42.140875,-21.530790,8,0,0,77
-44.077605,-21.074013,8,0,0,142
-48.843892,-24.514204,8,0,2,166
-48.572038,-27.422383,8,0,2,11
-43.200816,-12.440005,8,0,0,150
-42.791666,-22.874647,8,0,2,62
-42.382529,-19.442636,8,0,2,77
-49.107962,-28.641127,8,0,2,97
-42.795060,-22.273841,8,0,0,26
-44.076783,-21.074186,8,0,0,82
-48.844673,-24.514021,8,0,2,74
-48.564992,-27.403233,8,0,2,29
-43.205188,-12.418164,8,0,0,1
-42.774785,-22.862310,8,0,0,21
-42.359532,-19.449691,8,0,0,110
-49.116549,-28.639806,8,0,2,87
-42.794619,-22.272985,8,0,0,26
-41.543425,-20.329297,8,0,0,305
-48.843585,-24.515442,8,0,2,156
-48.564493,-27.402122,8,0,2,19
-43.205086,-12.409925,8,0,0,1
-48.348953,-24.015909,8,0,2,47
-42.260320,-19.440599,8,0,0,96
-49.120664,-28.638780,8,0,2,106
-42.793914,-22.271246,8,0,2,21
-41.031840,-20.378820,8,0,0,109
-48.842661,-24.516208,8,0,0,130
-48.564760,-27.398327,8,0,2,147
-43.193639,-12.329004,8,0,0,159
-52.138041,-27.173915,8,0,0,298
-42.255325,-19.439336,8,0,0,65
-49.131247,-28.638159,8,0,1,319
-42.793092,-22.269206,8,0,0,6
-41.034986,-20.378506,8,0,0,80
-48.834451,-24.523527,8,0,0,85
-48.563981,-27.383229,8,0,0,33
-43.194394,-12.327116,8,0,0,159
-43.426228,-20.388479,8,0,1,100
-42.212472,-19.443813,8,0,2,89
-49.167090,-28.646549,8,0,1,267
-42.790198,-22.266097,8,0,0,38
-44.051472,-22.518993,8,0,0,149
-48.845609,-24.514329,8,0,2,72
-49.141431,-26.879848,8,0,1,7
-43.207529,-12.213215,8,0,0,167
-43.420867,-20.387368,8,0,0,101
-42.175579,-19.441967,8,0,0,66
-49.168491,-28.646640,8,0,1,87
-42.788603,-22.264943,8,0,0,70
-42.336320,-20.880914,8,0,0,60
-48.840178,-24.519402,8,0,2,172
-49.141486,-26.879836,8,0,1,187
-43.208353,-12.209790,8,0,0,167
-43.526129,-20.409459,8,0,2,1
-42.172628,-19.441513,8,0,0,68
-49.192197,-28.647495,8,0,2,87
-53.861539,-24.930573,8,0,1,137
-42.343079,-20.939440,8,0,0,31
-48.839277,-24.521742,8,0,2,152
-52.140148,-32.058092,8,0,2,71
-43.211432,-12.198936,8,0,0,159
-43.526182,-20.410450,8,0,2,179
-42.132526,-19.744866,8,0,0,5
-49.193795,-28.647561,8,0,1,267
-53.861452,-24.930528,8,0,1,317
-41.634258,-20.351378,8,0,0,281
-48.837270,-24.522767,8,0,0,123
-52.133192,-32.056244,8,0,2,83
-43.212781,-12.193754,8,0,0,167
-43.526508,-20.411988,8,0,0,9
-42.132257,-19.774465,8,0,1,181
-49.194130,-28.647624,8,0,1,85
-43.723888,-22.660784,8,0,0,41
-41.604438,-20.499446,8,0,0,13
-48.846585,-24.514620,8,0,2,63
-49.021395,-28.633319,8,0,0,164
-43.214227,-12.187836,8,0,2,167
-43.699412,-20.522408,8,0,1,120
-42.132209,-19.774553,8,0,1,1
-49.197331,-28.648636,8,0,2,64
-43.721483,-22.658331,8,0,0,42
-41.656906,-20.539163,8,0,0,286
-48.969320,-26.922728,8,0,1,135
-49.017515,-28.644781,8,0,0,164
-43.214559,-12.186402,8,0,2,167
-43.696306,-20.522881,8,0,1,64
-42.133730,-19.778389,8,0,1,151
-49.206950,-28.642845,8,0,2,128
-43.555080,-22.528642,8,0,0,100
-41.604349,-20.501902,8,0,0,351
-48.969228,-26.922744,8,0,1,321
-46.876482,-23.497199,8,0,1,165
-43.214940,-12.184678,8,0,1,346
-43.694405,-20.521958,8,0,1,62
-42.133639,-19.778419,8,0,1,326
-49.211520,-28.633690,8,0,2,147
-43.504558,-22.480897,8,0,1,224
-41.604371,-20.504640,8,0,0,10
-48.847113,-24.514972,8,0,2,51
-46.877877,-23.494410,8,0,1,140
-43.215106,-12.184298,8,0,1,166
-43.692035,-20.520349,8,0,2,86
-42.133025,-19.779275,8,0,1,330
-49.217168,-28.627871,8,0,2,120
-43.502355,-22.477951,8,0,0,51
-41.605130,-20.510023,8,0,0,8
-48.847953,-24.515588,8,0,2,51
-46.879360,-23.493269,8,0,1,124
-43.215406,-12.182774,8,0,1,346
-43.695403,-20.522292,8,0,1,242
-42.132794,-19.780024,8,0,1,161
-49.232073,-28.609019,8,0,2,136
-43.501906,-22.477697,8,0,0,66
-41.535731,-20.375823,8,0,0,47
-48.849233,-24.515931,8,0,0,81
-46.882149,-23.491175,8,0,1,305
-43.215607,-12.182396,8,0,1,166
-43.798784,-20.519620,8,0,2,38
-42.137153,-19.790890,8,0,1,202
-49.235614,-28.605865,8,0,2,135
-43.496872,-22.475037,8,0,0,120
-41.538191,-20.388405,8,0,0,46
-48.851957,-24.516149,8,0,2,86
-46.881659,-23.491573,8,0,1,122
-43.215901,-12.179598,8,0,1,359
-43.963970,-20.628092,8,0,0,25
-42.137822,-19.796839,8,0,1,197
-49.243720,-28.598561,8,0,2,134
-42.370201,-22.921002,8,0,0,147
-41.586183,-20.463389,8,0,0,20
-48.855919,-24.516308,8,0,2,70
-46.881888,-23.483724,8,0,1,308
-43.215991,-12.179298,8,0,1,179
-43.964424,-20.628695,8,0,0,30
-36.081042,-9.495554,8,0,2,92
-49.244831,-28.597579,8,0,1,316
-42.367452,-22.922432,8,0,0,91
-42.200042,-20.524465,8,0,0,13
-48.896182,-24.545828,8,0,0,44
-46.882173,-23.483594,8,0,1,128
-42.758235,-12.254674,8,0,2,111
-44.054461,-20.809403,8,0,0,158
-36.082168,-9.495496,8,0,2,92
-49.247564,-28.595514,8,0,2,137
-43.718009,-22.654798,8,0,0,42
-42.334859,-20.879131,8,0,0,31
-48.897426,-24.545486,8,0,0,136
-46.598528,-23.325929,8,0,1,228
-43.087776,-12.051683,8,0,0,52
-44.068914,-20.909482,8,0,0,28
-36.083351,-9.495436,8,0,2,92
-49.293505,-28.539611,8,0,2,131
-43.709512,-22.625624,8,0,2,128
-43.536037,-22.325833,8,0,1,53
-48.996927,-24.635577,8,0,0,83
-46.598524,-23.325986,8,0,1,48
-43.085377,-12.049863,8,0,0,52
-44.070816,-20.911537,8,0,2,53
-36.025644,-9.503345,8,0,2,163
-49.294194,-28.539088,8,0,2,131
-43.714063,-22.619258,8,0,0,2
-44.068388,-22.550575,8,0,1,349
-48.998120,-24.637350,8,0,0,8
-46.597213,-23.324920,8,0,1,49
-43.083901,-12.048735,8,0,0,52
-44.084375,-20.926562,8,0,0,176
-36.025239,-9.504611,8,0,2,163
-49.299949,-28.535683,8,0,1,299
-43.714396,-22.617599,8,0,2,148
-44.066606,-22.547881,8,0,1,236
-48.999626,-24.638890,8,0,0,58
-46.597217,-23.324862,8,0,1,228
-43.083434,-12.048383,8,0,0,52
-54.629244,-16.464111,8,0,1,46
-60.382050,1.057183,8,0,0,6
-49.301305,-28.534983,8,0,1,125
-43.714404,-22.615395,8,0,0,27
-44.052011,-22.518159,8,0,0,330
-49.002586,-24.639458,8,0,2,68
-46.595641,-23.323608,8,0,2,49
-43.086565,-12.050770,8,0,0,52
-54.625391,-16.458930,8,0,1,12
-60.382444,1.052841,8,0,0,4
-49.317392,-28.524342,8,0,2,170
-43.706841,-22.608919,8,0,2,57
-50.894749,-15.876324,8,0,0,101
-49.003900,-24.640077,8,0,0,37
-46.585213,-23.317121,8,0,1,270
-43.036897,-12.026685,8,0,0,103
-54.624215,-16.454941,8,0,1,20
-42.135548,-19.813392,8,0,0,2
-49.317305,-28.518913,8,0,1,14
-43.704823,-22.606861,8,0,2,37
-50.614346,-15.816253,8,0,2,99
-49.004656,-24.642282,8,0,0,16
-46.585641,-23.317100,8,0,1,112
-43.035091,-12.027072,8,0,0,103
-54.623531,-16.452756,8,0,1,200
-42.136227,-19.816681,8,0,0,12
-49.317181,-28.518429,8,0,2,14
-43.704406,-22.606252,8,0,2,29
-49.485814,-28.040252,8,0,2,120
-49.007011,-24.656998,8,0,2,71
-46.587493,-23.317193,8,0,1,281
-42.983518,-12.038082,8,0,0,102
-54.629379,-16.462753,8,0,1,225
-42.137234,-19.820947,8,0,0,12
-49.316954,-28.517736,8,0,1,14
-43.701084,-22.604843,8,0,2,56
-49.483417,-28.041422,8,0,2,119
-49.005653,-24.656568,8,0,2,70
-46.587557,-23.317246,8,0,1,98
-42.981884,-12.038456,8,0,0,102
-54.622161,-16.449514,8,0,1,20
-51.227108,-15.461862,8,0,0,11
-49.316674,-28.516673,8,0,1,194
-43.700380,-22.604399,8,0,2,57
-49.176288,-28.324885,8,0,2,44
-49.004129,-24.655993,8,0,2,96
-46.589390,-23.317768,8,0,2,61
-42.921477,-12.098629,8,0,0,134
-54.622263,-16.449443,8,0,1,200
-50.367633,-16.530006,8,0,1,288
-49.315648,-28.514597,8,0,2,30
-43.693971,-22.600098,8,0,0,60
-49.453246,-28.377633,8,0,0,64
-49.009397,-24.657057,8,0,0,145
-46.591456,-23.318772,8,0,2,60
-42.919159,-12.100825,8,0,0,134
-54.621359,-16.447362,8,0,1,19
-50.367670,-16.530094,8,0,1,108
-49.315816,-28.510958,8,0,2,154
-43.684479,-22.559746,8,0,2,34
-45.469621,-22.247613,8,0,2,153
-49.010008,-24.656048,8,0,0,160
-46.591877,-23.319199,8,0,2,22
-42.914607,-12.105141,8,0,0,134
-54.621120,-16.446393,8,0,1,200
-50.856935,-15.873888,8,0,1,75
-49.284048,-28.381799,8,0,1,67
-43.683391,-22.559384,8,0,0,90
-45.468947,-22.249208,8,0,2,162
-49.001870,-24.656906,8,0,0,93
-46.592193,-23.319925,8,0,2,20
-42.765265,-12.248343,8,0,0,141
-54.620586,-16.444953,8,0,1,200
-50.872220,-15.876607,8,0,1,76
-49.278847,-28.378628,8,0,1,10
-43.682077,-22.558175,8,0,0,22
-45.470134,-22.246599,8,0,2,172
-48.997377,-24.656438,8,0,0,85
-46.592831,-23.319936,8,0,2,109
-42.756275,-12.255398,8,0,2,112
-54.620195,-16.444257,8,0,1,20
-50.869414,-15.875893,8,0,1,75
-49.281651,-28.381117,8,0,2,72
-43.681654,-22.556358,8,0,0,166
-45.469840,-22.245127,8,0,0,19
-48.994780,-24.656455,8,0,1,272
-46.594153,-23.320120,8,0,2,66
-42.581550,-12.319519,8,0,2,111
-54.619048,-16.441169,8,0,1,20
-48.861303,-27.037205,8,0,1,57
-48.768771,-28.515279,8,0,0,36
-43.683128,-22.555354,8,0,2,106
-45.469247,-22.243842,8,0,2,25
-48.994616,-24.656511,8,0,1,93
-46.595096,-23.321050,8,0,2,9
-42.579412,-12.320296,8,0,0,111
-54.618436,-16.439517,8,0,1,20
-42.150106,-20.246442,8,0,2,107
-48.767446,-28.511457,8,0,0,160
-43.684236,-22.554870,8,0,2,116
-45.490102,-22.305689,8,0,0,80
-49.008726,-24.657527,8,0,2,70
-46.594806,-23.321740,8,0,2,134
-42.507778,-12.346560,8,0,0,111
-54.618262,-16.439062,8,0,1,20
-42.150148,-20.246595,8,0,2,107
-48.771306,-28.517280,8,0,0,26
-43.700170,-22.538408,8,0,0,116
-45.488654,-22.304897,8,0,0,43
-48.992230,-24.657875,8,0,1,133
-46.594434,-23.322051,8,0,2,142
-42.431409,-12.374637,8,0,0,111
-54.618342,-16.438923,8,0,1,200
-42.045658,-20.271914,8,0,2,85
-48.772126,-28.518720,8,0,2,26
-43.700875,-22.537625,8,0,0,178
-45.268342,-22.170824,8,0,2,92
-48.992002,-24.657969,8,0,1,313
-41.406988,-3.042619,8,0,0,29
-42.430140,-12.375099,8,0,0,111
-54.479816,-16.099863,8,0,0,46
-42.026859,-20.251064,8,0,0,179
-48.773060,-28.520298,8,0,2,28
-43.710641,-22.530275,8,0,0,88
-49.795283,-16.033882,8,0,1,156
-48.990994,-24.658899,8,0,1,131
-41.401059,-3.032105,8,0,0,29
-42.428112,-12.375857,8,0,0,111
-54.479596,-16.097086,8,0,0,125
-42.025334,-20.254789,8,0,0,149
-48.775248,-28.523945,8,0,0,27
-43.714557,-22.529863,8,0,0,90
-48.808909,-15.917767,8,0,2,22
-48.990917,-24.658876,8,0,1,316
-41.447801,-3.083922,8,0,2,35
-42.229990,-12.460757,8,0,0,73
-54.452685,-15.980424,8,0,0,167
-42.026777,-20.251766,8,0,0,161
-48.801754,-28.555680,8,0,0,32
-43.704035,-22.529600,8,0,0,98
-48.771083,-15.787995,8,0,1,27
-48.990415,-24.660808,8,0,1,191
-42.180318,-4.835666,8,0,1,241
-42.228379,-12.460290,8,0,0,73
-54.415920,-15.889196,8,0,0,123
-42.026403,-20.253297,8,0,0,183
-48.806087,-28.561346,8,0,0,37
-43.716572,-22.528660,8,0,2,133
-48.771293,-15.787733,8,0,1,208
-48.990336,-24.660834,8,0,1,11
-42.172048,-3.803917,8,0,0,3
-42.227113,-12.459897,8,0,0,73
-54.396873,-15.817975,8,0,1,36
-41.953862,-20.343717,8,0,0,8
-48.813643,-28.570251,8,0,0,49
-43.720304,-22.528050,8,0,0,106
-48.748619,-15.754743,8,0,2,87
-48.990861,-24.662726,8,0,1,194
-42.172109,-3.805112,8,0,0,3
-42.214082,-12.456660,8,0,0,86
-44.349819,-2.915845,8,0,1,126
-41.943707,-20.345052,8,0,2,72
-48.817544,-28.573195,8,0,0,50
-43.719253,-22.527881,8,0,0,43
-48.541103,-15.774833,8,0,1,143
-48.990796,-24.662757,8,0,1,14
-42.172205,-3.806571,8,0,0,3
-42.213070,-12.456605,8,0,0,86
-56.063250,-15.622975,8,0,1,131
-41.948246,-20.347969,8,0,2,16
-48.818856,-28.574169,8,0,0,50
-43.725060,-22.527122,8,0,2,115
-48.536363,-15.778762,8,0,1,118
-48.990629,-24.664589,8,0,1,166
-42.226496,-3.892341,8,0,1,230
-42.212240,-12.456546,8,0,0,86
-44.872841,-19.735715,8,0,0,35
-41.937353,-20.343421,8,0,0,90
-48.820139,-28.575121,8,0,0,47
-43.727671,-22.526229,8,0,0,102
-48.534809,-15.779079,8,0,1,284
-48.990555,-24.664588,8,0,1,346
-42.226462,-3.892392,8,0,1,50
-41.744184,-12.466614,8,0,0,149
-44.873257,-19.736529,8,0,0,37
-41.924690,-20.334589,8,0,0,179
-48.821590,-28.576203,8,0,0,46
-43.729294,-22.525596,8,0,2,144
-48.531277,-15.778787,8,0,1,78
-48.988601,-24.667145,8,0,0,140
-42.227481,-3.893173,8,0,1,230
-41.743539,-12.467797,8,0,0,155
-44.873800,-19.737243,8,0,0,55
-41.929177,-20.341623,8,0,0,80
-48.822679,-28.577013,8,0,0,49
-43.729870,-22.525485,8,0,2,66
-48.528765,-15.778057,8,0,1,270
-48.985224,-24.669388,8,0,2,151
-42.228563,-3.893636,8,0,1,250
-41.647225,-12.458018,8,0,0,86
-44.876905,-19.738779,8,0,0,74
-41.927143,-20.340198,8,0,0,20
-48.864794,-28.610765,8,0,2,72
-43.734666,-22.525115,8,0,0,125
-48.409979,-15.742208,8,0,1,13
-48.984894,-24.670385,8,0,2,6
-42.232395,-3.903973,8,0,2,159
-41.644509,-12.457843,8,0,0,86
-44.880215,-19.739767,8,0,0,87
-41.951373,-20.371975,8,0,0,22
-40.517567,-20.637372,8,0,1,183
-43.735305,-22.524139,8,0,2,164
-48.410084,-15.742165,8,0,1,194
-49.085703,-24.970912,8,0,2,165
-42.231796,-3.905481,8,0,0,157
-41.383729,-12.556835,8,0,0,1
-44.877909,-19.739075,8,0,0,35
-41.951742,-20.372798,8,0,0,22
-40.465042,-3.351628,8,0,2,127
-43.737509,-22.521304,8,0,0,139
-48.404881,-15.736604,8,0,1,82
-49.085415,-24.973313,8,0,2,8
-40.695970,-3.224319,8,0,2,126
-41.383824,-12.558066,8,0,0,18
-44.986251,-19.254139,8,0,0,173
-41.878930,-20.265576,8,0,0,180
-40.466573,-3.350445,8,0,2,127
-43.739206,-22.519897,8,0,2,107
-48.404882,-15.736476,8,0,1,264
-49.085466,-24.972603,8,0,2,173
-40.697796,-3.222826,8,0,2,129
-41.384701,-12.559558,8,0,0,30
-44.986537,-19.251542,8,0,1,177
-41.877775,-20.278115,8,0,0,164
-40.559530,-3.316459,8,0,2,82
-43.740293,-22.519651,8,0,0,104
-48.402334,-15.736721,8,0,1,98
-49.084570,-24.976238,8,0,2,12
-40.691797,-3.226655,8,0,2,118
-41.385847,-12.560452,8,0,0,71
-55.848762,-15.373841,8,0,0,172
-41.876585,-20.281860,8,0,0,164
-40.560607,-3.316515,8,0,2,88
-43.744420,-22.517556,8,0,0,148
-48.402346,-15.736606,8,0,1,278
-49.084047,-24.977346,8,0,2,132
-41.451760,-3.089065,8,0,0,38
-41.387093,-12.560853,8,0,0,79
-55.753296,-15.460224,8,0,2,16
-41.876503,-20.285592,8,0,0,13
-40.561915,-3.316552,8,0,2,89
-43.748338,-22.475538,8,0,0,34
-48.398404,-15.737234,8,0,1,98
-49.115429,-25.203328,8,0,2,162
-42.170874,-3.757284,8,0,2,166
-41.294681,-12.498295,8,0,2,115
-55.753601,-15.461254,8,0,2,16
-41.856078,-20.255248,8,0,0,77
-40.692898,-3.226078,8,0,2,117
-43.746427,-22.471666,8,0,0,37
-48.398369,-15.737099,8,0,1,278
-49.114186,-25.206832,8,0,1,162
-42.171936,-3.752979,8,0,2,166
-41.289664,-12.500570,8,0,2,111
-55.755044,-15.466197,8,0,2,16
-41.856877,-20.255430,8,0,0,77
-40.694634,-3.225139,8,0,2,119
-49.591207,-27.418887,8,0,1,262
-48.385692,-15.739626,8,0,0,116
-49.114105,-25.206817,8,0,1,342
-42.179699,-3.733497,8,0,0,171
-49.682175,-25.982437,8,0,1,333
-55.750561,-15.468881,8,0,2,106
-41.913936,-20.525755,8,0,0,104
-49.086857,-26.794558,8,0,2,165
-49.591197,-27.418945,8,0,1,82
-48.258330,-15.753716,8,0,1,135
-49.113787,-25.207833,8,0,2,162
-42.178849,-3.726741,8,0,0,11
-49.682248,-25.982444,8,0,1,153
-55.747195,-15.470512,8,0,2,113
-41.914819,-20.525974,8,0,0,57
-42.661264,-21.858762,8,0,2,65
-49.351105,-27.370238,8,0,0,37
-48.257358,-15.754721,8,0,1,137
-49.113460,-25.208770,8,0,2,162
-42.172691,-3.749927,8,0,2,166
-49.691021,-25.965723,8,0,0,144
-54.658492,-16.450237,8,0,2,108
-48.124126,-15.730059,8,0,0,5
-43.806302,-21.848740,8,0,0,107
-49.082077,-27.197655,8,0,2,27
-48.256586,-15.755324,8,0,1,314
-49.112870,-25.210555,8,0,2,163
-42.167287,-3.554983,8,0,0,165
-48.923488,-26.280587,8,0,0,176
-54.648453,-16.455291,8,0,1,137
-41.923887,-20.430621,8,0,0,131
-43.809056,-21.847983,8,0,0,98
-49.073235,-27.198689,8,0,0,19
-49.894730,-28.808592,8,0,0,117
-49.112386,-25.211881,8,0,2,164
-42.167501,-3.533468,8,0,0,179
-53.873536,-25.047897,8,0,1,199
-54.646960,-16.456809,8,0,1,137
-41.921921,-20.432371,8,0,0,141
-43.811594,-21.848912,8,0,1,54
-49.072939,-27.197463,8,0,2,1
-49.893317,-28.808923,8,0,0,100
-49.112263,-25.212614,8,0,2,180
-42.190071,-3.506729,8,0,1,259
-53.875944,-25.054245,8,0,1,206
-54.645109,-16.458690,8,0,1,137
-41.878946,-20.450183,8,0,0,101
-44.052499,-22.517404,8,0,0,149
-49.072910,-27.196748,8,0,2,1
-49.869743,-28.820170,8,0,0,120
-49.112645,-25.214405,8,0,2,15
-42.190058,-3.506763,8,0,1,79
-53.875251,-25.053284,8,0,1,20
-54.641655,-16.462178,8,0,1,137
-41.877049,-20.450194,8,0,0,84
-44.050610,-22.524885,8,0,0,21
-49.072816,-27.193891,8,0,1,1
-49.812451,-28.834186,8,0,2,91
-49.139626,-25.253858,8,0,0,68
-42.131299,-3.480543,8,0,0,88
-53.873469,-25.048311,8,0,1,19
-54.639993,-16.463811,8,0,1,137
-41.915948,-20.526643,8,0,2,60
-44.051137,-22.531755,8,0,0,161
-49.072876,-27.193884,8,0,1,181
-49.810839,-28.834765,8,0,2,122
-49.140727,-25.254554,8,0,0,51
-42.129426,-3.480446,8,0,0,88
-53.877607,-25.056527,8,0,1,214
-54.637124,-16.465176,8,0,1,317
-41.917830,-20.527209,8,0,0,65
-44.050349,-22.538336,8,0,2,3
-49.066440,-27.191734,8,0,2,67
-49.786459,-28.854866,8,0,0,147
-49.137485,-25.266530,8,0,2,92
-42.127293,-3.480365,8,0,2,88
-51.443224,-25.345121,8,0,1,80
-54.641766,-16.460510,8,0,1,317
-41.920725,-20.530188,8,0,0,47
-44.059357,-22.545070,8,0,0,64
-43.825438,-22.881656,8,0,1,350
-49.784826,-28.857089,8,0,0,146
-49.138523,-25.266498,8,0,2,92
-42.125785,-3.480358,8,0,0,88
-50.640782,-25.481439,8,0,0,13
-54.644041,-16.458234,8,0,1,317
-41.924604,-20.533398,8,0,0,59
-44.067240,-22.549359,8,0,1,41
-49.027879,-27.176203,8,0,2,77
-49.783133,-28.858467,8,0,0,126
-49.174584,-25.348041,8,0,1,70
-42.080661,-3.412191,8,0,0,20
-50.622703,-25.461891,8,0,1,189
-39.292065,-14.584369,8,0,2,110
-41.950681,-20.534682,8,0,0,151
-44.068058,-22.552235,8,0,1,5
-49.019935,-27.176284,8,0,0,116
-49.757739,-28.875997,8,0,0,126
-49.456520,-28.498219,8,0,1,225
-42.039220,-3.369410,8,0,0,43
-50.836201,-25.879816,8,0,2,15
-59.587248,-14.477747,8,0,2,133
-41.953117,-20.533329,8,0,0,94
-48.797937,-26.408974,8,0,2,137
-49.016601,-27.176637,8,0,0,71
-49.720365,-28.900358,8,0,0,114
-49.461070,-28.504141,8,0,1,2
-42.028642,-3.358226,8,0,0,44
-43.846249,-16.739069,8,0,1,1
-39.057268,-14.775871,8,0,1,146
-41.913250,-20.526246,8,0,0,140
-48.798811,-26.407786,8,0,1,323
-49.075483,-27.199149,8,0,0,155
-49.719380,-28.900765,8,0,0,115
-49.460972,-28.512149,8,0,1,179
-42.006501,-3.334967,8,0,0,44
-43.846154,-16.732934,8,0,1,5
-58.004307,-12.126609,8,0,1,114
-40.183813,-20.138686,8,0,1,2
-48.800279,-26.406175,8,0,2,144
-49.012017,-27.174896,8,0,2,90
-49.715706,-28.902396,8,0,1,126
-49.460878,-28.513248,8,0,1,2
-42.031131,-3.360844,8,0,0,43
-43.866985,-16.770427,8,0,1,281
-58.006301,-12.125708,8,0,1,114
-40.183887,-20.138680,8,0,1,182
-48.781191,-26.418800,8,0,1,75
-48.989073,-27.157930,8,0,0,47
-49.693468,-28.917536,8,0,1,136
-49.246558,-28.597564,8,0,2,52
-41.840482,-3.299545,8,0,0,4
-43.857456,-16.770714,8,0,1,266
-43.054518,-21.352026,8,0,0,336
-40.186078,-20.150726,8,0,1,2
-48.781119,-26.418718,8,0,1,253
-48.972357,-27.146360,8,0,2,72
-49.693268,-28.917578,8,0,1,316
-49.246948,-28.598561,8,0,2,178
-41.840185,-3.295181,8,0,0,4
-43.845033,-16.769639,8,0,2,73
-43.056566,-21.348095,8,0,0,14
-40.186146,-20.150717,8,0,1,182
-49.300116,-28.358899,8,0,2,74
-48.968124,-27.145140,8,0,0,72
-49.690495,-28.920228,8,0,1,136
-49.247972,-28.599974,8,0,2,46
-41.882537,-3.327216,8,0,2,102
-43.844465,-16.769469,8,0,2,73
-42.280693,-4.235655,8,0,0,240
-41.934320,-20.344020,8,0,0,84
-41.885594,-3.326538,8,0,0,102
-48.961118,-27.143977,8,0,2,90
-49.690145,-28.920434,8,0,1,316
-49.248969,-28.600807,8,0,2,46
-41.888962,-3.324655,8,0,0,139
-43.450568,-18.065419,8,0,0,104
-42.313077,-4.397804,8,0,0,187
-40.191249,-20.057915,8,0,0,153
-41.890168,-3.323274,8,0,2,139
-48.957134,-27.142550,8,0,0,43
-49.671532,-28.937368,8,0,1,316
-49.251251,-28.602728,8,0,2,52
-41.892167,-3.321145,8,0,0,126
-43.461095,-18.071099,8,0,0,44
-42.315463,-4.413520,8,0,0,186
-36.308087,-9.581438,8,0,2,41
-41.895094,-3.319853,8,0,0,112
-48.955001,-27.140590,8,0,2,43
-49.615782,-29.016062,8,0,2,128
-49.252757,-28.603552,8,0,0,59
-41.896689,-3.319164,8,0,0,112
-41.136037,-20.326216,8,0,0,121
-42.315608,-4.414587,8,0,0,8
-36.305833,-9.578925,8,0,0,42
-41.912099,-3.313927,8,0,0,132
-48.937874,-27.127347,8,0,2,45
-49.642147,-28.990210,8,0,0,148
-49.322853,-28.594082,8,0,2,11
-40.868616,-4.112187,8,0,2,149
-44.815419,-17.208612,8,0,0,12
-42.313942,-4.448636,8,0,0,169
-36.310675,-9.582681,8,0,2,82
-40.756410,-4.161532,8,0,2,106
-48.936201,-27.123333,8,0,2,11
-49.642657,-28.985806,8,0,2,186
-49.326667,-28.602118,8,0,1,44
-40.758096,-4.160984,8,0,2,106
-43.509799,-18.140706,8,0,0,101
-42.313378,-4.451494,8,0,0,169
-36.303193,-9.576798,8,0,2,61
-40.752488,-4.162690,8,0,2,106
-48.935492,-27.119950,8,0,0,10
-49.673113,-28.936072,8,0,1,136
-49.326534,-28.601923,8,0,1,224
-40.751255,-4.163067,8,0,2,106
-43.512299,-18.139251,8,0,0,142
-42.316205,-4.476197,8,0,0,106
-41.306937,-20.255287,8,0,0,127
-42.173148,-4.832261,8,0,1,242
-48.934077,-27.113900,8,0,2,14
-49.686943,-28.923459,8,0,1,136
-49.328287,-28.605065,8,0,1,0
-42.170710,-4.830570,8,0,1,204
-43.517329,-18.120731,8,0,0,138
-42.554377,-4.747949,8,0,0,49
-41.305828,-20.256052,8,0,0,127
-49.184100,-18.440718,8,0,0,105
-48.928324,-27.108639,8,0,2,58
-49.686413,-28.923844,8,0,1,315
-49.328329,-28.604836,8,0,1,180
-49.205968,-18.402366,8,0,1,53
-43.478243,-18.090219,8,0,0,15
-42.641691,-5.008153,8,0,0,9
-41.129899,-20.334050,8,0,1,190
-49.205972,-18.402240,8,0,1,233
-50.994775,-25.205101,8,0,1,258
-49.684767,-28.925336,8,0,1,316
-49.328640,-28.606884,8,0,1,16
-48.690544,-18.606720,8,0,2,96
-43.477254,-18.084244,8,0,0,171
-47.042221,-23.617528,8,0,1,217
-41.130354,-20.336435,8,0,2,9
-48.682583,-18.617776,8,0,0,168
-50.981349,-25.202136,8,0,1,254
-49.682222,-28.927771,8,0,1,136
-49.328563,-28.606535,8,0,1,196
-48.683505,-18.602621,8,0,2,41
-43.465172,-18.073797,8,0,0,44
-47.040410,-23.614871,8,0,1,208
-41.130501,-20.337652,8,0,2,172
-48.682793,-18.601862,8,0,2,41
-48.694619,-26.936129,8,0,1,70
-49.681662,-28.928163,8,0,1,316
-49.336585,-28.626619,8,0,2,6
-48.682090,-18.601115,8,0,2,42
-43.463841,-18.073120,8,0,0,71
-47.042851,-23.618486,8,0,1,36
-40.760105,-20.414729,8,0,0,25
-48.214121,-18.642369,8,0,2,103
-48.691127,-26.933758,8,0,1,232
-49.680618,-28.929216,8,0,1,136
-49.462295,-28.524816,8,0,1,157
-48.196292,-18.640963,8,0,1,90
-43.857475,-16.770844,8,0,1,84
-47.055369,-23.631971,8,0,1,179
-38.764362,-3.731066,8,0,1,101
-48.195675,-18.640694,8,0,1,270
-48.670056,-26.919382,8,0,1,52
-49.680233,-28.929455,8,0,1,315
-49.462235,-28.524813,8,0,1,337
-48.188384,-18.640902,8,0,1,90
-43.867023,-16.770501,8,0,1,102
-45.948594,-21.445510,8,0,1,120
-38.763555,-3.731100,8,0,1,281
-48.187733,-18.640636,8,0,1,270
-48.670151,-26.919203,8,0,1,232
-49.679586,-28.930157,8,0,1,136
-49.250289,-28.601910,8,0,2,46
-48.184913,-18.640883,8,0,1,90
-44.470552,-4.195504,8,0,0,89
-45.948670,-21.445238,8,0,1,304
-39.150600,-3.465188,8,0,1,271
-48.117009,-18.616960,8,0,1,17
-48.640450,-26.953243,8,0,1,176
-49.679252,-28.930335,8,0,1,316
-49.254273,-28.604484,8,0,2,44
-48.198017,-18.630210,8,0,2,117
-44.340978,-4.385475,8,0,0,16
-45.947728,-21.445908,8,0,1,304
-39.151974,-3.465173,8,0,1,271
-47.797611,-18.697743,8,0,2,155
-48.640329,-26.953293,8,0,1,356
-49.678519,-28.931140,8,0,1,136
-49.453743,-28.558011,8,0,0,25
-46.971728,-18.913050,8,0,0,45
-44.375854,-4.449102,8,0,2,177
-41.546612,-20.314331,8,0,0,159
-39.152953,-3.465149,8,0,1,271
-46.574045,-18.682695,8,0,2,85
-53.259917,-27.195433,8,0,2,142
-49.678454,-28.931083,8,0,1,316
-49.431621,-28.590957,8,0,2,177
-41.316606,-3.052763,8,0,0,135
-44.375805,-4.450051,8,0,2,177
-41.547673,-20.311843,8,0,0,158
-39.154479,-3.465126,8,0,1,271
-41.312627,-3.056744,8,0,0,136
-53.255810,-27.198476,8,0,1,57
-49.675875,-28.933425,8,0,1,316
-49.431340,-28.594269,8,0,2,175
-41.306468,-3.059002,8,0,0,105
-44.378160,-4.459198,8,0,0,177
-41.561024,-20.285343,8,0,0,181
-39.155653,-3.465167,8,0,1,91
-41.243451,-3.040615,8,0,2,87
-53.255857,-27.198395,8,0,1,237
-49.675280,-28.934081,8,0,1,136
-50.405595,-25.844388,8,0,2,169
-41.242186,-3.040305,8,0,2,62
-44.378119,-4.460149,8,0,0,177
-41.561212,-20.283239,8,0,0,162
-39.154604,-3.465190,8,0,1,91
-41.240909,-3.039551,8,0,2,57
-53.253547,-27.197689,8,0,1,85
-50.431982,-28.683355,8,0,1,28
-50.555243,-25.682050,8,0,0,164
-41.133814,-3.020456,8,0,1,124
-44.342569,-4.611921,8,0,0,9
-41.570848,-20.277238,8,0,0,108
-39.153281,-3.465209,8,0,1,91
-41.133774,-3.020381,8,0,1,304
-53.253547,-27.197604,8,0,1,265
-50.432057,-28.682682,8,0,1,167
-50.556007,-25.677759,8,0,0,175
-41.132633,-3.021227,8,0,1,123
-44.336327,-4.637909,8,0,0,161
-41.567830,-20.276687,8,0,0,77
-39.151321,-3.465249,8,0,1,91
-41.132588,-3.021174,8,0,1,303
-53.250941,-27.197751,8,0,1,289
-50.431910,-28.682651,8,0,1,345
-50.560490,-25.670813,8,0,0,151
-41.130761,-3.022456,8,0,1,124
-44.335290,-4.646279,8,0,2,10
-39.024844,-14.860245,8,0,0,179
-39.514450,-3.312144,8,0,2,49
-41.130718,-3.022397,8,0,1,304
-53.250977,-27.197827,8,0,1,109
-50.432283,-28.681829,8,0,1,166
-50.646270,-25.539644,8,0,0,163
-40.557978,-3.315805,8,0,2,58
-44.354297,-4.865079,8,0,2,24
-39.023103,-14.897346,8,0,2,179
-40.364115,-3.691443,8,0,1,268
-40.555519,-3.314386,8,0,2,68
-48.902654,-27.076364,8,0,2,39
-50.432154,-28.681807,8,0,1,346
-45.439819,-23.685789,8,0,1,190
-40.344058,-3.524415,8,0,1,135
-44.428744,-4.997664,8,0,2,19
-39.023474,-14.901684,8,0,2,180
-40.364113,-3.691551,8,0,1,88
-40.343992,-3.524348,8,0,1,315
-48.937327,-27.126567,8,0,1,198
-50.434415,-28.674626,8,0,1,166
-45.597602,-5.535220,8,0,0,60
-44.467277,-18.369444,8,0,0,58
-44.429690,-5.000199,8,0,2,20
-39.021288,-14.918199,8,0,2,161
-45.607158,-5.540496,8,0,0,61
-44.463315,-18.367184,8,0,2,58
-48.950192,-27.138136,8,0,1,245
-50.434205,-28.674826,8,0,1,346
-45.609980,-5.542051,8,0,0,61
-44.462673,-18.366813,8,0,2,58
-42.941010,-22.774740,8,0,1,257
-39.020661,-14.919917,8,0,2,161
-45.614600,-5.544595,8,0,0,61
-44.461167,-18.365979,8,0,2,59
-48.958541,-27.143795,8,0,1,227
-50.436710,-28.666765,8,0,1,166
-45.621365,-5.546791,8,0,0,76
-44.458890,-18.364751,8,0,1,59
-44.814985,-17.206353,8,0,0,10
-39.019210,-14.923906,8,0,2,161
-45.632193,-5.548143,8,0,0,91
-44.458914,-18.364696,8,0,1,239
-48.901726,-27.075050,8,0,1,213
-50.436504,-28.666939,8,0,1,346
-45.653818,-5.561748,8,0,0,55
-44.452292,-18.368748,8,0,2,111
-42.623251,-5.830393,8,0,2,7
-39.011275,-14.944021,8,0,2,128
-45.693032,-5.582611,8,0,0,54
-44.451422,-18.369056,8,0,2,111
-37.145346,-10.774218,8,0,0,121
-50.432040,-28.683287,8,0,1,191
-45.700634,-5.585819,8,0,0,69
-44.450327,-18.369454,8,0,2,111
-42.623361,-5.831478,8,0,0,6
-39.010117,-14.946138,8,0,2,155
-45.707455,-5.588536,8,0,0,69
-44.449076,-18.369893,8,0,2,111
-37.147144,-10.773149,8,0,0,121
-48.934744,-26.910256,8,0,1,243
-45.721166,-5.594267,8,0,0,74
-44.448008,-18.370281,8,0,2,111
-42.623447,-5.832554,8,0,2,6
-39.009635,-14.947105,8,0,2,155
-45.767423,-5.621834,8,0,2,61
-44.446174,-18.370957,8,0,2,111
-37.160709,-10.764059,8,0,2,133
-48.934620,-26.910373,8,0,1,35
-45.768655,-5.622476,8,0,0,61
-44.452941,-18.367329,8,0,2,18
-42.644201,-5.891254,8,0,2,40
-39.009616,-14.949507,8,0,0,188
-46.125917,-5.812091,8,0,2,51
-44.413444,-18.746852,8,0,2,66
-37.184347,-10.736107,8,0,2,155
-48.935097,-26.911282,8,0,1,2
-46.129963,-5.815436,8,0,0,51
-44.429880,-18.727125,8,0,0,155
-42.645050,-5.892178,8,0,0,48
-39.009475,-14.951157,8,0,2,167
-46.131462,-5.816693,8,0,2,51
-44.426697,-18.733618,8,0,0,155
-37.187531,-10.732901,8,0,2,127
-49.159327,-28.282818,8,0,1,137
-50.330113,-26.095554,8,0,0,126
-44.420540,-18.746344,8,0,2,155
-42.646111,-5.892969,8,0,0,60
-39.003931,-14.978580,8,0,0,157
-50.327939,-26.100255,8,0,2,157
-43.745679,-18.455330,8,0,2,48
-37.190415,-10.731852,8,0,2,122
-45.484232,-22.423396,8,0,1,89
-50.328167,-26.099778,8,0,2,160
-43.744353,-18.451588,8,0,2,50
-42.736127,-6.061546,8,0,0,7
-39.003299,-14.980025,8,0,2,157
-50.342764,-26.071325,8,0,0,162
-43.742465,-18.450874,8,0,2,73
-37.191674,-10.729449,8,0,2,162
-45.484208,-22.423305,8,0,1,269
-50.343280,-26.069920,8,0,2,162
-43.741106,-18.450107,8,0,1,60
-42.736297,-6.062896,8,0,0,7
-39.002670,-14.981489,8,0,0,157
-50.343733,-26.068667,8,0,2,162
-43.741362,-18.450080,8,0,1,194
-37.191811,-10.729038,8,0,2,158
-47.020725,-23.684166,8,0,2,68
-50.363332,-25.991425,8,0,0,165
-43.737518,-18.444225,8,0,2,28
-42.736473,-6.064219,8,0,0,7
-38.999719,-14.993825,8,0,0,178
-50.363309,-25.987651,8,0,0,177
-43.736460,-18.442350,8,0,2,28
-49.358792,-26.902632,8,0,2,33
-40.658463,-20.362240,8,0,2,136
-50.378012,-25.902035,8,0,0,8
-43.515444,-18.123820,8,0,0,26
-42.732755,-6.076715,8,0,0,156
-38.999804,-14.995804,8,0,0,178
-50.389061,-25.875568,8,0,2,90
-43.660409,-18.436787,8,0,0,154
-49.334574,-26.826695,8,0,0,152
-40.659131,-20.360092,8,0,2,173
-50.390438,-25.875451,8,0,2,126
-43.658790,-18.439967,8,0,0,154
-42.729562,-6.083612,8,0,2,156
-39.000094,-15.002408,8,0,0,2
-50.311201,-26.111810,8,0,2,131
-43.657531,-18.442486,8,0,2,154
-52.838808,-21.299526,8,0,1,112
-40.659207,-20.359660,8,0,2,173
-50.314568,-26.109844,8,0,0,103
-43.655311,-18.449608,8,0,2,6
-42.726374,-6.090509,8,0,0,156
-39.000171,-15.004220,8,0,0,2
-50.319467,-26.105135,8,0,2,139
-43.655443,-18.450598,8,0,2,6
-52.835722,-21.300692,8,0,1,112
-40.659315,-20.358615,8,0,2,179
-50.323472,-26.103604,8,0,2,90
-43.655601,-18.451989,8,0,2,5
-42.686252,-6.244877,8,0,0,163
-39.000298,-15.007204,8,0,0,2
-60.692359,-0.223301,8,0,0,176
-43.655365,-18.453992,8,0,0,167
-52.832684,-21.301832,8,0,1,112
-40.659032,-20.360991,8,0,2,173
-60.692252,-0.225122,8,0,0,176
-43.654977,-18.458096,8,0,0,170
-42.684126,-6.247626,8,0,0,127
-38.999854,-15.012665,8,0,2,158
-42.989735,-22.889519,8,0,0,156
-43.646783,-18.525179,8,0,0,150
-52.830073,-21.302816,8,0,1,112
-41.060579,-20.376590,8,0,0,69
-42.992567,-22.887925,8,0,0,95
-43.527337,-18.561544,8,0,2,146
-42.680541,-6.249468,8,0,0,118
-38.998739,-15.068039,8,0,2,1
-43.020515,-22.883012,8,0,0,149
-43.525730,-18.563833,8,0,2,140
-52.827500,-21.303789,8,0,1,112
-41.036593,-20.431667,8,0,0,132
-43.010075,-22.890469,8,0,2,145
-43.524813,-18.564465,8,0,2,116
-42.685551,-6.246344,8,0,0,144
-38.998808,-15.071980,8,0,2,1
-60.461386,0.581635,8,0,0,178
-43.499873,-18.573901,8,0,0,62
-52.824827,-21.303638,8,0,1,292
-41.031521,-20.440508,8,0,0,118
-48.992689,-26.171469,8,0,0,62
-43.499267,-18.573593,8,0,0,62
-42.586590,-6.310942,8,0,0,112
-38.998853,-15.076628,8,0,2,180
-48.994550,-26.172358,8,0,0,62
-43.426382,-18.606024,8,0,0,32
-52.827885,-21.302500,8,0,1,292
-41.025635,-20.443611,8,0,0,125
-67.789306,-10.011564,8,0,1,273
-43.423280,-18.600542,8,0,0,28
-42.688358,-6.239110,8,0,1,176
-38.998841,-15.080001,8,0,2,1
-67.790423,-10.011729,8,0,1,91
-43.422770,-18.599639,8,0,0,28
-52.829226,-21.301982,8,0,1,292
-41.008733,-20.463686,8,0,0,124
-47.425941,-23.482781,8,0,1,219
-43.395063,-18.606304,8,0,0,74
-42.688274,-6.239104,8,0,1,356
-38.998889,-15.081358,8,0,2,1
-47.425827,-23.482816,8,0,1,39
-43.392778,-18.606256,8,0,0,101
-52.832040,-21.300922,8,0,1,292
-41.004234,-20.467682,8,0,0,133
-48.829347,-26.902072,8,0,0,50
-43.459511,-18.517837,8,0,0,155
-42.688185,-6.240183,8,0,2,172
-39.002033,-15.109324,8,0,2,6
-48.834594,-26.903982,8,0,0,87
-43.462798,-18.514843,8,0,0,118
-52.835085,-21.299784,8,0,1,292
-40.986515,-20.511337,8,0,2,157
-41.971525,-18.868738,8,0,1,317
-40.786744,-20.389680,8,0,0,144
-42.282677,-6.598063,8,0,1,110
-39.002150,-15.110440,8,0,2,6
-41.988901,-18.677538,8,0,0,1
-40.786139,-20.390297,8,0,2,113
-49.793316,-26.917991,8,0,0,111
-40.985123,-20.516787,8,0,0,153
-41.907392,-18.567548,8,0,1,359
-40.785372,-20.390359,8,0,0,80
-42.282747,-6.597929,8,0,1,290
-39.062387,-15.287421,8,0,0,53
-41.516797,-17.867002,8,0,1,194
-40.756097,-20.411266,8,0,0,74
-49.791364,-26.918880,8,0,2,124
-40.985128,-20.520036,8,0,2,13
-54.228033,-27.768843,8,0,2,130
-43.385266,-18.609397,8,0,2,133
-42.509492,-4.707724,8,0,0,46
-39.066770,-15.290467,8,0,0,53
-54.228456,-27.768544,8,0,2,125
-43.355410,-18.602363,8,0,0,108
-49.670140,-26.999170,8,0,0,56
-40.985532,-20.521757,8,0,2,13
-54.470831,-27.838975,8,0,2,85
-43.089017,-18.677774,8,0,2,34
-42.180472,-4.835893,8,0,1,240
-39.068094,-15.291429,8,0,2,54
-54.472535,-27.839296,8,0,2,75
-43.088159,-18.676712,8,0,0,37
-49.637074,-27.028641,8,0,2,153
-40.985980,-20.523571,8,0,0,15
-54.127469,-27.648886,8,0,2,128
-43.087219,-18.675415,8,0,0,37
-42.283992,-6.597427,8,0,1,290
-39.071675,-15.293897,8,0,2,57
-42.307456,-2.775284,8,0,0,67
-43.086075,-18.673127,8,0,0,11
-49.636025,-27.033558,8,0,2,143
-40.992083,-20.541299,8,0,0,161
-42.305534,-2.774467,8,0,0,68
-43.085935,-18.672443,8,0,2,11
-42.284051,-6.597525,8,0,1,110
-39.072644,-15.294345,8,0,1,245
-42.301090,-2.772644,8,0,0,68
-43.085429,-18.671350,8,0,2,44
-49.632151,-27.037206,8,0,2,78
-40.992069,-20.543344,8,0,0,11
-42.297707,-2.771044,8,0,2,61
-43.080290,-18.667868,8,0,0,125
-42.285568,-6.596806,8,0,1,290
-39.072662,-15.294430,8,0,1,66
-42.297371,-2.770843,8,0,0,61
-43.079801,-18.667976,8,0,0,90
-49.628779,-27.039527,8,0,2,140
-40.992372,-20.544857,8,0,0,11
-42.296215,-2.770152,8,0,0,62
-43.076707,-18.666174,8,0,0,44
-42.285615,-6.596896,8,0,1,110
-39.070271,-15.299551,8,0,0,93
-42.295067,-2.769485,8,0,2,60
-43.072321,-18.664513,8,0,0,80
-49.620462,-27.041559,8,0,1,266
-40.992866,-20.547315,8,0,0,11
-42.293934,-2.768812,8,0,2,60
-42.949866,-18.758187,8,0,0,87
-42.288842,-6.595488,8,0,1,290
-39.067923,-15.301096,8,0,0,148
-42.284109,-2.764800,8,0,2,94
-42.947673,-18.758791,8,0,2,110
-49.617703,-27.041442,8,0,2,90
-41.020790,-20.594219,8,0,0,10
-42.282425,-2.764963,8,0,0,96
-42.946100,-18.759998,8,0,0,137
-42.288909,-6.595591,8,0,1,110
-38.998818,-15.398026,8,0,0,169
-42.281758,-2.765049,8,0,0,97
-42.945272,-18.760839,8,0,0,137
-49.577495,-27.047197,8,0,2,76
-41.021038,-20.595222,8,0,0,13
-42.309711,-2.780669,8,0,0,176
-42.943813,-18.762383,8,0,2,103
-41.713891,-3.929501,8,0,1,189
-38.997892,-15.401678,8,0,0,163
-42.950378,-2.855071,8,0,2,139
-42.941923,-18.762987,8,0,0,111
-49.566172,-27.046147,8,0,1,108
-41.027212,-20.602224,8,0,0,10
-42.949517,-2.856094,8,0,0,139
-42.940157,-18.764701,8,0,2,160
-41.714714,-3.934004,8,0,1,190
-38.990498,-15.451896,8,0,0,10
-42.953060,-2.851938,8,0,2,139
-42.938341,-18.766322,8,0,0,98
-49.552656,-27.053757,8,0,2,81
-41.028056,-20.604033,8,0,0,42
-42.855104,-2.804410,8,0,2,165
-42.936143,-18.767450,8,0,2,120
-41.745216,-3.469313,8,0,1,185
-38.990719,-15.453200,8,0,0,11
-42.837486,-2.771017,8,0,0,27
-41.026462,-20.612355,8,0,0,161
-49.538880,-27.055927,8,0,1,121
-38.990956,-15.454513,8,0,2,10
-42.838100,-2.772138,8,0,2,27
-41.025718,-20.614291,8,0,0,157
-41.744981,-3.464150,8,0,0,167
-38.991212,-15.456143,8,0,2,9
-42.802850,-2.762316,8,0,0,64
-41.025023,-20.617701,8,0,0,158
-49.537934,-27.056312,8,0,1,322
-39.004290,-15.556294,8,0,0,169
-42.762817,-2.751497,8,0,0,126
-41.024145,-20.619227,8,0,0,151
-41.664438,-2.881365,8,0,1,254
-39.003999,-15.557990,8,0,0,169
-42.688918,-2.756602,8,0,0,114
-41.013986,-20.637069,8,0,0,59
-49.536294,-27.060169,8,0,1,148
-39.003774,-15.559163,8,0,0,169
-42.675341,-2.760218,8,0,0,91
-41.016802,-20.639991,8,0,0,22
-41.664415,-2.881438,8,0,1,74
-39.134071,-15.532189,8,0,0,102
-42.674785,-2.760226,8,0,0,91
-41.016890,-20.641109,8,0,0,168
-49.535577,-27.060627,8,0,0,104
-39.135424,-15.531938,8,0,0,102
-42.673256,-2.759859,8,0,0,68
-41.014998,-20.644317,8,0,0,133
-41.745710,-3.460817,8,0,0,167
-39.137146,-15.531583,8,0,0,102
-42.668519,-2.759874,8,0,0,85
-41.017525,-20.649214,8,0,0,19
-49.530279,-27.061242,8,0,2,87
-39.220982,-15.489580,8,0,2,143
-42.670771,-2.760273,8,0,0,76
-41.021003,-20.653244,8,0,2,161
-41.654150,-2.883028,8,0,2,110
-39.221682,-15.488597,8,0,1,324
-42.666150,-2.759044,8,0,0,79
-41.019046,-20.655824,8,0,2,111
-49.525398,-27.061850,8,0,1,118
-39.221798,-15.488591,8,0,1,144
-42.663488,-2.758143,8,0,0,71
-41.008075,-20.670262,8,0,2,61
-42.596057,-5.853821,8,0,0,94
-39.222228,-15.487876,8,0,1,324
-42.666807,-2.759172,8,0,0,79
-41.009336,-20.671390,8,0,0,33
-49.524181,-27.061654,8,0,1,226
-39.222346,-15.487868,8,0,1,144
-42.661110,-2.757387,8,0,0,73
-41.009989,-20.672989,8,0,0,37
-42.593405,-5.853741,8,0,0,76
-39.222745,-15.487210,8,0,1,324
-42.659804,-2.756945,8,0,0,80
-41.010348,-20.673300,8,0,2,51
-49.520934,-27.059512,8,0,2,68
-39.223120,-15.486847,8,0,1,144
-42.654973,-2.755778,8,0,0,71
-41.011319,-20.674019,8,0,2,43
-42.591350,-5.853224,8,0,0,76
-39.223136,-15.486718,8,0,1,324
-42.651629,-2.754814,8,0,0,76
-41.012837,-20.675597,8,0,2,20
-49.518165,-27.057278,8,0,1,225
-39.223497,-15.485977,8,0,2,170
-42.651096,-2.754653,8,0,0,71
-41.012776,-20.676413,8,0,2,177
-42.584076,-5.851466,8,0,0,77
-39.303837,-15.430220,8,0,0,106
-42.640411,-2.752252,8,0,0,52
-41.013128,-20.677510,8,0,0,18
-49.506591,-27.059285,8,0,0,111
-39.304921,-15.429906,8,0,0,106
-42.309576,-2.782734,8,0,2,357
-41.016204,-20.679303,8,0,0,78
-42.582204,-5.851031,8,0,2,77
-39.322699,-15.430230,8,0,0,44
-42.319858,-2.781369,8,0,2,70
-41.040646,-20.750467,8,0,1,148
-49.501720,-27.072220,8,0,0,177
-39.324051,-15.431557,8,0,0,44
-42.320252,-2.781509,8,0,2,70
-41.100059,-20.874587,8,0,0,156
-42.580560,-5.850653,8,0,2,77
-39.325547,-15.433007,8,0,2,46
-42.335327,-2.784916,8,0,0,54
-41.097857,-20.879556,8,0,0,165
-49.498905,-27.077641,8,0,1,141
-39.326735,-15.433691,8,0,2,90
-42.336912,-2.786401,8,0,0,59
-41.097037,-20.882339,8,0,0,148
-42.578849,-5.850245,8,0,2,77
-39.328238,-15.433433,8,0,2,106
-42.337116,-2.786520,8,0,0,59
-41.091311,-20.899340,8,0,1,166
-52.420038,-21.709629,8,0,2,40
-39.329525,-15.432894,8,0,2,117
-42.339197,-2.787260,8,0,0,71
-52.413051,-24.055869,8,0,1,63
-42.575170,-5.849343,8,0,2,77
-39.330950,-15.432050,8,0,2,122
-42.339615,-2.787401,8,0,0,71
-52.406955,-24.053060,8,0,1,63
-52.421388,-21.711095,8,0,2,39
-39.331591,-15.431684,8,0,2,121
-42.341021,-2.787928,8,0,0,70
-52.402223,-24.050884,8,0,1,63
-42.573679,-5.848969,8,0,2,77
-39.332711,-15.431024,8,0,2,121
-42.355222,-2.792707,8,0,0,68
-41.298372,-21.799323,8,0,1,346
-52.423005,-21.712919,8,0,2,39
-39.334196,-15.430251,8,0,2,108
-42.355576,-2.792862,8,0,0,68
-41.297420,-21.803135,8,0,1,166
-42.572332,-5.848649,8,0,2,77
-39.335626,-15.429843,8,0,2,107
-42.375140,-2.797158,8,0,0,76
-41.294307,-21.817985,8,0,2,8
-52.424147,-21.714197,8,0,2,39
-39.337183,-15.429386,8,0,2,107
-42.375442,-2.797239,8,0,0,76
-41.294835,-21.821363,8,0,2,8
-42.570621,-5.848228,8,0,0,76
-50.252639,-25.040890,8,0,1,70
-42.383123,-2.797297,8,0,0,108
-41.293033,-21.823750,8,0,0,120
-52.428756,-21.719393,8,0,2,39
-50.268064,-22.966343,8,0,2,176
-42.480841,-2.763486,8,0,0,108
-41.289006,-21.826046,8,0,1,134
-42.183797,-6.667885,8,0,2,147
-50.268171,-22.964647,8,0,2,176
-42.487461,-2.760070,8,0,0,118
-41.288837,-21.825875,8,0,1,312
-51.076946,-29.534479,8,0,0,32
-51.356807,-23.670058,8,0,1,326
-42.833193,-2.773328,8,0,2,126
-41.287779,-21.827046,8,0,1,129
-42.182504,-6.669844,8,0,0,147
-51.406186,-23.607631,8,0,1,292
-42.833891,-2.772847,8,0,2,126
-41.287633,-21.826864,8,0,1,303
-51.075599,-29.531712,8,0,0,52
-51.641610,-23.595265,8,0,1,80
-43.397588,-2.719743,8,0,0,123
-41.283483,-21.827825,8,0,2,95
-42.149034,-6.696121,8,0,0,128
-53.333518,-22.225686,8,0,1,13
-42.831460,-2.761119,8,0,0,34
-41.275439,-21.829696,8,0,0,151
-51.074486,-29.530943,8,0,0,52
-53.333596,-22.225661,8,0,1,193
-42.836546,-2.768924,8,0,0,22
-41.231793,-21.872462,8,0,0,129
-42.144851,-6.699270,8,0,0,126
-53.337058,-22.234466,8,0,1,37
-42.754635,-2.751854,8,0,0,91
-41.230857,-21.873180,8,0,0,129
-51.078564,-29.537210,8,0,1,185
-53.336803,-22.234055,8,0,1,217
-42.540757,-2.722923,8,0,1,258
-41.222743,-21.879187,8,0,2,121
-42.097181,-6.881779,8,0,0,151
-53.338224,-22.235781,8,0,1,217
-42.539605,-2.722604,8,0,1,249
-41.220812,-21.880200,8,0,2,118
-45.217927,-22.831985,8,0,1,232
-52.985207,-22.379506,8,0,0,166
-41.271501,-4.254394,8,0,2,67
-41.218409,-21.881504,8,0,2,115
-42.095862,-6.884029,8,0,2,150
-53.269594,-22.286140,8,0,2,74
-40.949115,-4.166713,8,0,2,79
-41.212202,-21.883487,8,0,2,110
-45.218234,-22.832301,8,0,1,52
-42.933767,-22.377723,8,0,0,35
-40.872394,-4.111098,8,0,0,128
-41.209742,-21.884462,8,0,2,117
-42.093788,-6.887551,8,0,0,150
-42.933326,-22.377236,8,0,0,42
-41.273481,-4.255233,8,0,2,67
-41.208413,-21.885039,8,0,2,115
-45.219332,-22.833083,8,0,1,52
-42.910601,-22.384346,8,0,0,81
-50.732819,-24.434407,8,0,1,287
-41.205732,-21.886166,8,0,2,114
-42.090952,-6.892392,8,0,0,150
-42.862458,-22.347250,8,0,0,50
-52.885431,-22.729466,8,0,2,1
-41.203182,-21.886891,8,0,2,104
-45.219903,-22.833401,8,0,1,232
-42.872963,-22.364448,8,0,0,176
-52.885440,-22.727457,8,0,2,1
-41.199659,-21.887799,8,0,2,106
-43.503246,-7.086393,8,0,0,54
-42.860878,-22.346046,8,0,2,54
-52.987291,-22.772446,8,0,2,100
-41.198681,-21.888090,8,0,2,108
-45.220278,-22.833746,8,0,1,52
-42.859707,-22.345048,8,0,0,32
-52.988630,-22.770890,8,0,2,26
-41.179481,-21.895465,8,0,2,106
-43.509837,-7.088444,8,0,0,89
-42.810219,-22.289505,8,0,0,50
-52.987692,-22.769088,8,0,2,26
-41.147030,-21.920440,8,0,2,155
-45.221161,-22.834288,8,0,1,232
-54.613954,-22.133517,8,0,1,230
-52.983777,-22.761602,8,0,2,26
-41.145942,-21.922639,8,0,2,155
-43.507378,-7.087965,8,0,0,96
-54.620646,-22.138798,8,0,1,230
-52.981260,-22.756737,8,0,2,26
-41.143299,-21.931018,8,0,2,165
-45.222646,-22.835862,8,0,1,32
-54.810500,-22.648755,8,0,1,151
-52.885427,-22.730906,8,0,2,1
-41.142379,-21.933350,8,0,0,148
-43.512038,-7.094501,8,0,0,191
-54.281429,-23.935196,8,0,2,174
-52.885429,-22.733949,8,0,2,1
-41.136355,-21.945545,8,0,2,163
-45.222844,-22.835989,8,0,1,212
-54.280808,-23.940348,8,0,2,174
-60.032975,-3.106567,8,0,1,107
-41.135521,-21.948035,8,0,2,163
-44.131780,-8.949344,8,0,0,172
-40.957137,-3.887808,8,0,0,65
-42.186682,-4.841571,8,0,0,36
-41.134813,-21.950129,8,0,2,163
-45.223660,-22.837204,8,0,1,212
-40.957881,-3.887831,8,0,0,101
-42.489718,-22.270237,8,0,0,46
-41.107854,-22.016005,8,0,2,168
-44.131523,-8.950740,8,0,2,172
-40.973463,-3.890210,8,0,2,102
-42.472762,-22.252783,8,0,0,77
-41.102898,-22.017369,8,0,2,66
-45.224028,-22.837665,8,0,1,216
-40.973926,-3.890126,8,0,2,102
-42.488915,-22.069732,8,0,0,153
-41.069235,-22.027151,8,0,0,136
-44.131366,-8.951642,8,0,2,3
-41.112035,-3.866222,8,0,0,124
-42.514770,-22.052072,8,0,2,156
-41.065666,-22.029726,8,0,0,124
-45.224305,-22.838085,8,0,1,45
-41.116702,-3.863729,8,0,0,120
-42.516632,-22.051724,8,0,0,50
-41.342064,-21.742866,8,0,1,93
-42.696644,-8.998044,8,0,0,155
-60.377588,1.647617,8,0,0,157
-42.488021,-22.080877,8,0,0,51
-41.342054,-21.742735,8,0,1,273
-45.224735,-22.838350,8,0,1,228
-60.376865,1.645908,8,0,0,157
-42.487098,-22.080176,8,0,0,51
-41.339919,-21.742793,8,0,2,83
-42.695419,-9.000643,8,0,2,155
-60.378292,1.649281,8,0,0,157
-42.400601,-22.085031,8,0,2,158
-41.344341,-21.742498,8,0,1,289
-45.225065,-22.838706,8,0,1,50
-45.606538,-22.749403,8,0,0,1
-42.403152,-22.082433,8,0,0,129
-41.345478,-21.742252,8,0,1,109
-42.694589,-9.002415,8,0,2,155
-45.594512,-22.741093,8,0,1,39
-42.356630,-22.050826,8,0,2,24
-41.344724,-21.742504,8,0,1,109
-45.225766,-22.839150,8,0,1,231
-45.706310,-22.778472,8,0,0,22
-42.355742,-22.048704,8,0,2,20
-41.345116,-21.742252,8,0,1,289
-42.694155,-9.003342,8,0,0,157
-45.707144,-22.779917,8,0,0,29
-42.355679,-22.048335,8,0,2,28
-41.345962,-21.741976,8,0,1,289
-45.226685,-22.838891,8,0,1,323
-45.776934,-22.868907,8,0,0,31
-42.355157,-22.047793,8,0,2,45
-41.346224,-21.742020,8,0,1,109
-42.693369,-9.005603,8,0,0,162
-45.777601,-22.869809,8,0,0,35
-42.355345,-22.047711,8,0,2,20
-41.346785,-21.741705,8,0,1,290
-45.228315,-22.839691,8,0,1,236
-45.555992,-22.885838,8,0,0,105
-42.366349,-22.040752,8,0,0,153
-41.347888,-21.741288,8,0,1,292
-42.692618,-9.007848,8,0,0,162
-45.524329,-22.884389,8,0,0,97
-42.366648,-22.039492,8,0,0,180
-41.347954,-21.741391,8,0,1,112
-45.229020,-22.840197,8,0,1,232
-45.522476,-22.884809,8,0,0,103
-42.356008,-22.032313,8,0,0,125
-41.350565,-21.739266,8,0,1,329
-42.692354,-9.008630,8,0,2,161
-45.836476,-22.942510,8,0,0,32
-42.263176,-22.000416,8,0,0,121
-41.350635,-21.739363,8,0,1,150
-45.229730,-22.840465,8,0,1,232
-45.837602,-22.943817,8,0,0,13
-42.261491,-22.000130,8,0,0,30
-41.351037,-21.738523,8,0,1,329
-42.692015,-9.009643,8,0,0,165
-45.837401,-22.944910,8,0,0,165
-42.260031,-21.997722,8,0,0,30
-41.351326,-21.738285,8,0,1,152
-45.230774,-22.841251,8,0,1,227
-45.838590,-22.954179,8,0,2,27
-42.255000,-21.986088,8,0,2,175
-41.745733,-21.649874,8,0,1,316
-42.691907,-9.010312,8,0,2,176
-45.461962,-22.957079,8,0,1,0
-42.243354,-21.975572,8,0,0,25
-41.748296,-21.647335,8,0,1,316
-45.232330,-22.843159,8,0,1,211
-45.462050,-22.956728,8,0,1,180
-42.080947,-21.820364,8,0,0,38
-41.751585,-21.646529,8,0,1,121
-42.688573,-9.023427,8,0,2,174
-45.461967,-22.954186,8,0,1,359
-42.079625,-21.819488,8,0,0,74
-41.749447,-21.648041,8,0,1,136
-45.232395,-22.852696,8,0,1,190
-45.462092,-22.953872,8,0,1,179
-42.049956,-21.799297,8,0,0,69
-41.748579,-21.648885,8,0,1,136
-42.688107,-9.027462,8,0,0,175
-45.461989,-22.950357,8,0,1,359
-42.049007,-21.798956,8,0,0,71
-41.986621,-21.730107,8,0,0,59
-45.231930,-22.850600,8,0,1,9
-45.462079,-22.950348,8,0,1,179
-42.026869,-21.786609,8,0,0,87
-41.988009,-21.730876,8,0,0,59
-42.704490,-9.011151,8,0,0,100
-45.462000,-22.947099,8,0,1,359
-41.994972,-21.750797,8,0,0,173
-42.093109,-21.646076,8,0,2,180
-45.234524,-22.847452,8,0,1,80
-45.462101,-22.946625,8,0,1,179
-41.996495,-21.720999,8,0,0,170
-42.094941,-21.643161,8,0,2,130
-42.703823,-9.011245,8,0,2,98
-45.462098,-22.938472,8,0,2,180
-42.008709,-21.702331,8,0,2,105
-42.100030,-21.637628,8,0,0,173
-45.232679,-22.843794,8,0,1,30
-45.462099,-22.938049,8,0,2,180
-42.014040,-21.778058,8,0,0,114
-42.100959,-21.633294,8,0,0,159
-42.698665,-9.013806,8,0,0,100
-45.462100,-22.934178,8,0,2,179
-42.158013,-21.984986,8,0,0,4
-42.117014,-21.619894,8,0,2,122
-45.233530,-22.845108,8,0,1,211
-45.496482,-23.141418,8,0,0,105
-42.129034,-22.020069,8,0,2,32
-42.119498,-21.619086,8,0,2,107
-42.698282,-9.013879,8,0,2,100
-45.497708,-23.141122,8,0,0,106
-42.138696,-22.028912,8,0,0,33
-42.183451,-21.535084,8,0,2,156
-45.233494,-22.845127,8,0,1,31
-45.554868,-23.049879,8,0,2,174
-42.158486,-22.066073,8,0,2,26
-42.184177,-21.534161,8,0,2,131
-42.684478,-9.013326,8,0,2,32
-45.505382,-22.892189,8,0,0,156
-42.161148,-22.069006,8,0,0,166
-42.185267,-21.533436,8,0,2,124
-45.233907,-22.845757,8,0,1,31
-45.506115,-22.890838,8,0,0,154
-41.995724,-21.963542,8,0,0,159
-42.204128,-21.433667,8,0,2,5
-42.683713,-9.012055,8,0,2,27
-45.917550,-23.111958,8,0,0,150
-41.986217,-21.957145,8,0,0,68
-42.203918,-21.432231,8,0,2,17
-45.233937,-22.845734,8,0,1,211
-45.916169,-23.113098,8,0,2,97
-41.985335,-21.956854,8,0,0,79
-42.202524,-21.425802,8,0,0,170
-42.682716,-9.010353,8,0,2,31
-45.915359,-23.113158,8,0,2,97
-41.967789,-21.947073,8,0,0,37
-42.200975,-21.418724,8,0,1,225
-43.032887,-19.760761,8,0,1,130
-45.912830,-23.117289,8,0,0,158
-42.157772,-21.984304,8,0,0,46
-42.199887,-21.417763,8,0,1,45
-42.681903,-9.008548,8,0,2,9
-45.912490,-23.118069,8,0,0,158
-42.460120,-21.878020,8,0,0,81
-42.199548,-21.417380,8,0,1,225
-42.952989,-19.651915,8,0,0,72
-45.910680,-23.120129,8,0,0,130
-42.459284,-21.877886,8,0,2,81
-42.199112,-21.417059,8,0,1,45
-42.682090,-9.001801,8,0,0,178
-45.906225,-23.140354,8,0,1,158
-42.455405,-21.877640,8,0,0,72
-42.197840,-21.416536,8,0,0,100
-42.923807,-19.644810,8,0,0,82
-45.905955,-23.140928,8,0,1,160
-42.618373,-22.104233,8,0,0,103
-42.198901,-21.416744,8,0,1,225
-42.682108,-9.001242,8,0,2,178
-45.905205,-23.142675,8,0,1,333
-42.641746,-22.101071,8,0,0,65
-42.196138,-21.415852,8,0,2,42
-42.946103,-19.649502,8,0,0,64
-45.904588,-23.143860,8,0,1,347
-42.642272,-22.101565,8,0,0,41
-42.195092,-21.414731,8,0,2,42
-50.435472,-28.689303,8,0,0,16
-45.904405,-23.152000,8,0,1,150
-42.665471,-22.038809,8,0,2,16
-42.194753,-21.414397,8,0,1,41
-44.631067,-21.290016,8,0,0,40
-45.902977,-23.152642,8,0,1,120
-42.617502,-21.923373,8,0,0,47
-42.194672,-21.414202,8,0,1,222
-50.432574,-28.684148,8,0,2,31
-45.902397,-23.152992,8,0,1,137
-42.532127,-22.266722,8,0,1,189
-42.193137,-21.412736,8,0,1,44
-44.633988,-21.292708,8,0,0,19
-45.901297,-23.153238,8,0,1,25
-42.531810,-22.267354,8,0,1,10
-42.191930,-21.411759,8,0,2,69
-50.433150,-28.678434,8,0,1,345
-45.901742,-23.151960,8,0,1,286
-42.129270,-22.020397,8,0,2,37
-42.187275,-21.409926,8,0,2,39
-44.648282,-21.298238,8,0,0,107
-44.375728,-15.467290,8,0,2,63
-42.589235,-22.283094,8,0,2,56
-42.185334,-21.402529,8,0,2,102
-50.433290,-28.678456,8,0,1,165
-44.260171,-15.369540,8,0,0,45
-42.661889,-22.251489,8,0,0,105
-42.185676,-21.402465,8,0,2,99
-44.656327,-21.295951,8,0,2,105
-44.379439,-15.466373,8,0,0,142
-42.667164,-22.258528,8,0,0,170
-42.187040,-21.401667,8,0,2,149
-50.434002,-28.675505,8,0,1,346
-42.195928,-22.476003,8,0,2,85
-42.641719,-22.228400,8,0,0,109
-42.479575,-8.827803,8,0,2,28
-44.679659,-21.298685,8,0,0,77
-42.197170,-22.476107,8,0,0,85
-42.661831,-22.485489,8,0,0,44
-42.479076,-8.826754,8,0,2,25
-50.434134,-28.675536,8,0,1,166
-45.100076,-22.730625,8,0,0,150
-42.165112,-21.994164,8,0,0,34
-42.478574,-8.825661,8,0,0,25
-44.681323,-21.298971,8,0,0,87
-45.097963,-22.734023,8,0,0,150
-42.536357,-22.260010,8,0,0,136
-42.478181,-8.824815,8,0,2,25
-50.437129,-28.664790,8,0,1,346
-42.618632,-19.529822,8,0,0,236
-42.517119,-22.224768,8,0,0,44
-42.477658,-8.823673,8,0,2,25
-44.682871,-21.298994,8,0,0,87
-42.614710,-19.529383,8,0,0,101
-42.516728,-22.224441,8,0,0,58
-42.240487,-8.370864,8,0,0,41
-50.100805,-27.924894,8,0,2,88
-47.304284,-23.255627,8,0,1,293
-42.664562,-22.277158,8,0,0,9
-42.238424,-8.368698,8,0,0,41
-44.684074,-21.299132,8,0,0,81
-47.305340,-23.256313,8,0,1,219
-42.671561,-22.281596,8,0,0,54
-42.051545,-8.076008,8,0,0,17
-49.874657,-27.956966,8,0,2,81
-47.291389,-23.262778,8,0,1,91
-42.369011,-22.018176,8,0,0,168
-42.049649,-8.072185,8,0,2,28
-48.800376,-27.564339,8,0,2,28
-48.861817,-27.037555,8,0,1,51
-42.369117,-22.016918,8,0,0,3
-42.050468,-8.073709,8,0,2,28
-49.873427,-27.956800,8,0,2,83
-47.306449,-23.247454,8,0,1,349
-42.368129,-22.010619,8,0,0,8
-41.909310,-7.867543,8,0,2,15
-48.799172,-27.563450,8,0,2,54
-47.306652,-23.247104,8,0,1,169
-42.368386,-22.008944,8,0,0,153
-41.908734,-7.864757,8,0,1,5
-49.779420,-27.862118,8,0,0,59
-47.298564,-23.291235,8,0,1,57
-42.369120,-22.007878,8,0,0,133
-41.908831,-7.864743,8,0,1,181
-48.716042,-27.583325,8,0,0,142
-47.297688,-23.290546,8,0,1,234
-42.370094,-22.007041,8,0,0,132
-41.908577,-7.862743,8,0,1,4
-49.780555,-27.861494,8,0,0,153
-47.296805,-23.290132,8,0,1,56
-42.370870,-22.005991,8,0,0,167
-41.908672,-7.862735,8,0,1,184
-48.715128,-27.584500,8,0,2,143
-47.295334,-23.289066,8,0,1,236
-42.370838,-22.005255,8,0,2,11
-41.908445,-7.861008,8,0,1,4
-49.781614,-27.860405,8,0,0,138
-47.291218,-23.283931,8,0,1,343
-42.370787,-22.003704,8,0,0,154
-41.907331,-7.857308,8,0,1,30
-48.710230,-27.588686,8,0,2,131
-47.291430,-23.283659,8,0,1,203
-42.362452,-21.992979,8,0,2,38
-41.907460,-7.857345,8,0,1,210
-49.580089,-27.953050,8,0,2,50
-47.318183,-23.254808,8,0,1,288
-42.361283,-21.991021,8,0,0,24
-41.908427,-7.859649,8,0,1,187
-48.709202,-27.589284,8,0,2,117
-47.319250,-23.254496,8,0,1,288
-42.361300,-21.990178,8,0,0,161
-41.763117,-7.714186,8,0,0,110
-49.584734,-27.995125,8,0,1,200
-47.318954,-23.254677,8,0,1,109
-42.361516,-21.988827,8,0,2,178
-41.637019,-7.721961,8,0,0,104
-48.699400,-27.586433,8,0,2,64
-47.290042,-23.280408,8,0,1,1
-42.361573,-21.986964,8,0,0,5
-41.637963,-7.721735,8,0,0,104
-49.755897,-28.161815,8,0,2,52
-47.290162,-23.280170,8,0,1,177
-42.360840,-21.982976,8,0,0,2
-41.484363,-7.611848,8,0,0,34
-48.697198,-27.586048,8,0,2,89
-47.336137,-23.383168,8,0,1,226
-49.334307,-25.218973,8,0,2,53
-41.483511,-7.610644,8,0,0,34
-49.759999,-28.165418,8,0,0,17
-47.336405,-23.383529,8,0,1,46
-49.331704,-25.217977,8,0,2,75
-41.483184,-7.609630,8,0,2,176
-48.692610,-27.588922,8,0,0,171
-47.348462,-23.391025,8,0,1,244
-41.820711,-22.124126,8,0,0,104
-41.483359,-7.606529,8,0,2,177
-49.436359,-28.382328,8,0,2,133
-47.348856,-23.391386,8,0,1,53
-41.815482,-22.123709,8,0,0,63
-41.483438,-7.605055,8,0,2,181
-48.687632,-27.594072,8,0,2,104
-47.355659,-23.396864,8,0,1,264
-41.999605,-22.611375,8,0,2,6
-41.404920,-7.283075,8,0,0,17
-49.170231,-28.323691,8,0,1,266
-47.356590,-23.397041,8,0,1,84
-42.002013,-22.632571,8,0,2,6
-41.404560,-7.281897,8,0,0,18
-48.683763,-27.594984,8,0,1,108
-47.368515,-23.398137,8,0,1,260
-42.005282,-22.660231,8,0,2,5
-41.404192,-7.280690,8,0,2,18
-49.170250,-28.323761,8,0,1,86
-47.371021,-23.398164,8,0,1,93
-42.025676,-22.728544,8,0,0,4
-41.195024,-7.928672,8,0,2,170
-48.682319,-27.595275,8,0,1,290
-47.371526,-23.398060,8,0,1,271
-42.025798,-22.729036,8,0,0,14
-41.194533,-7.931362,8,0,2,170
-49.140049,-28.278283,8,0,2,76
-47.376170,-23.398630,8,0,1,75
-42.028311,-22.735206,8,0,0,160
-41.148586,-8.129292,8,0,2,141
-48.677346,-27.597612,8,0,1,125
-47.377513,-23.398911,8,0,1,246
-42.028110,-22.735734,8,0,0,165
-41.145015,-8.134415,8,0,2,138
-49.078705,-28.324932,8,0,2,102
-47.377799,-23.399132,8,0,1,67
-42.022282,-22.760005,8,0,0,31
-41.144014,-8.135264,8,0,2,123
-48.676624,-27.597902,8,0,1,301
-47.378533,-23.399376,8,0,1,244
-42.022854,-22.760431,8,0,0,58
-41.143165,-8.135740,8,0,2,115
-49.047119,-28.328232,8,0,1,90
-47.379219,-23.399780,8,0,1,62
-42.026558,-22.771113,8,0,2,172
-41.140873,-8.136657,8,0,2,112
-48.674978,-27.598789,8,0,1,301
-47.380422,-23.402202,8,0,1,177
-42.021544,-22.787648,8,0,0,20
-41.136966,-8.139557,8,0,2,146
-49.021984,-28.435989,8,0,1,34
-47.383612,-23.407534,8,0,1,229
-42.026597,-22.768013,8,0,2,6
-41.078234,-8.216628,8,0,0,5
-48.670813,-27.601685,8,0,1,143
-47.386487,-23.410573,8,0,1,39
-42.022072,-22.781618,8,0,0,155
-41.077262,-8.219616,8,0,0,133
-49.022016,-28.435941,8,0,1,216
-47.399328,-23.414989,8,0,1,260
-42.022592,-22.828489,8,0,0,14
-47.312886,-23.255798,8,0,1,277
-48.669925,-27.602550,8,0,1,326
-47.407811,-23.417382,8,0,1,49
-42.021201,-22.819878,8,0,0,173
-40.512441,-20.646949,8,0,1,304
-48.521625,-27.648333,8,0,1,193
-47.410897,-23.420613,8,0,1,42
-42.022071,-22.815835,8,0,0,168
-42.695364,-22.572467,8,0,2,67
-48.667412,-27.605457,8,0,1,136
-47.411587,-23.421288,8,0,1,41
-42.023551,-22.788904,8,0,0,37
-42.922549,-22.769449,8,0,0,5
-48.521564,-27.648430,8,0,1,19
-47.411459,-23.421030,8,0,1,221
-42.022041,-22.788288,8,0,0,62
-42.949708,-22.413800,8,0,1,182
-48.666444,-27.605977,8,0,1,306
-47.412820,-23.422988,8,0,1,206
-42.021900,-22.782069,8,0,0,152
-42.950092,-22.414486,8,0,1,140
-48.522164,-27.649830,8,0,1,202
-47.412756,-23.423039,8,0,1,27
-42.026680,-22.768876,8,0,0,181
-42.969729,-22.402739,8,0,2,127
-42.332130,-20.301185,8,0,0,5
-47.415035,-23.429313,8,0,1,6
-42.024786,-22.775480,8,0,0,146
-42.973003,-22.400929,8,0,2,116
-48.522109,-27.649924,8,0,1,24
-47.415173,-23.429253,8,0,1,186
-42.025364,-22.774800,8,0,0,140
-42.973950,-22.400511,8,0,2,115
-42.332026,-20.300121,8,0,0,5
-47.415136,-23.430174,8,0,1,7
-42.025948,-22.773997,8,0,0,166
-42.978363,-22.400949,8,0,1,259
-48.528272,-27.659859,8,0,1,206
-47.415867,-23.435188,8,0,1,7
-42.023177,-22.830878,8,0,0,15
-42.977842,-22.401282,8,0,1,85
-42.335382,-20.291598,8,0,2,170
-47.415947,-23.435170,8,0,1,187
-41.811167,-22.123884,8,0,0,113
-42.977052,-22.401228,8,0,1,85
-48.519457,-27.649434,8,0,1,147
-47.416735,-23.441267,8,0,1,188
-41.810266,-22.124234,8,0,0,116
-42.976240,-22.400968,8,0,1,38
-48.988463,-28.611283,8,0,2,43
-47.417178,-23.445229,8,0,1,5
-41.857419,-22.089652,8,0,0,143
-42.984676,-22.397241,8,0,2,129
-48.519327,-27.649435,8,0,1,328
-47.417243,-23.445208,8,0,1,185
-41.857283,-22.089844,8,0,0,149
-42.986662,-22.394179,8,0,2,156
-49.005518,-28.622344,8,0,0,80
-47.417885,-23.449682,8,0,1,187
-41.859216,-22.088974,8,0,1,80
-42.989063,-22.394003,8,0,0,14
-48.517800,-27.651518,8,0,2,146
-47.419108,-23.456403,8,0,1,32
-41.859229,-22.088898,8,0,1,260
-53.092957,-28.641159,8,0,1,79
-49.024662,-28.685905,8,0,0,17
-47.421526,-23.459919,8,0,1,32
-42.136646,-21.959745,8,0,0,46
-53.091685,-28.640928,8,0,1,259
-48.515519,-27.654468,8,0,2,139
-47.421416,-23.459599,8,0,1,212
-42.135970,-21.958848,8,0,0,25
-41.440637,-4.000846,8,0,0,109
-49.015018,-28.653366,8,0,0,3
-47.424307,-23.467400,8,0,1,351
-42.252755,-21.981516,8,0,2,34
-40.530777,-4.067756,8,0,0,49
-48.514495,-27.655477,8,0,2,138
-47.424467,-23.467392,8,0,1,173
-42.135537,-21.957948,8,0,0,23
-40.527914,-4.065468,8,0,0,60
-49.015171,-28.654557,8,0,0,7
-47.330176,-23.377978,8,0,1,46
-41.862045,-22.089306,8,0,1,86
-40.354244,-3.799806,8,0,0,22
-48.512618,-27.656842,8,0,2,114
-47.330246,-23.377873,8,0,1,226
-41.862060,-22.089210,8,0,1,266
-40.353950,-3.799134,8,0,0,22
-44.980588,-21.267613,8,0,2,117
-47.337220,-23.384263,8,0,1,45
-42.518420,-22.052125,8,0,0,97
-40.579562,-4.138018,8,0,0,55
-48.510278,-27.657274,8,0,2,90
-47.337279,-23.384195,8,0,1,225
-42.615191,-22.109238,8,0,0,125
-49.223762,-25.294293,8,0,1,11
-44.979168,-21.268330,8,0,0,126
-47.343814,-23.389170,8,0,1,66
-42.617111,-21.922455,8,0,0,19
-49.193146,-25.374108,8,0,1,38
-48.508705,-27.657277,8,0,2,90
-47.343842,-23.389097,8,0,1,245
-42.616356,-21.921088,8,0,0,38
-49.177265,-25.350164,8,0,1,221
-44.987536,-21.263172,8,0,0,127
-47.374699,-23.398315,8,0,1,79
-42.612569,-21.919409,8,0,0,110
-36.026350,-9.230679,8,0,0,148
-48.505747,-27.657381,8,0,2,128
-47.374714,-23.398234,8,0,1,259
-42.618215,-21.914658,8,0,0,128
-36.117807,-7.967123,8,0,1,271
-44.989525,-21.261258,8,0,2,137
-46.452377,-23.410616,8,0,0,18
-42.620263,-21.911897,8,0,0,133
-36.115448,-7.967393,8,0,1,96
-48.504282,-27.658887,8,0,2,154
-46.442980,-23.390512,8,0,2,18
-42.629946,-21.908131,8,0,0,134
-36.028505,-9.223899,8,0,0,135
-44.990850,-21.260281,8,0,0,126
-46.440956,-23.386906,8,0,2,40
-42.627730,-21.908421,8,0,0,84
-36.110883,-7.969378,8,0,1,326
-48.510284,-27.689204,8,0,2,180
-46.435719,-23.382006,8,0,2,13
-42.626462,-21.908270,8,0,0,78
-36.114936,-7.967366,8,0,1,287
-44.991321,-21.259920,8,0,0,129
-46.435156,-23.379941,8,0,2,20
-42.631314,-21.906832,8,0,0,145
-36.128165,-7.957606,8,0,1,338
-48.510304,-27.690907,8,0,2,3
-46.428863,-23.373164,8,0,2,53
-42.622210,-21.910650,8,0,0,110
-36.097971,-7.891487,8,0,0,140
-44.993487,-21.256760,8,0,1,329
-46.427490,-23.371837,8,0,2,39
-42.654478,-21.871616,8,0,0,66
-36.096611,-7.891829,8,0,0,140
-48.510781,-27.696096,8,0,2,9
-46.423611,-23.359760,8,0,2,14
-42.609056,-21.856696,8,0,0,93
-36.059683,-7.897088,8,0,0,56
-44.996484,-21.254261,8,0,1,270
-46.422185,-23.357882,8,0,0,50
-42.606187,-21.856170,8,0,0,62
-36.057190,-7.896518,8,0,2,91
-48.510924,-27.696867,8,0,2,10
-47.380254,-23.403623,8,0,1,357
-42.488445,-21.865618,8,0,2,71
-36.049852,-7.899599,8,0,2,97
-44.997961,-21.254317,8,0,2,89
-47.380346,-23.403607,8,0,1,177
-42.484041,-21.865164,8,0,0,36
-36.050598,-7.899238,8,0,2,130
-48.510198,-27.701356,8,0,2,150
-47.381527,-23.406347,8,0,1,58
-42.481408,-21.863565,8,0,2,73
-36.048002,-7.899813,8,0,2,95
-44.994074,-21.256355,8,0,1,119
-47.381567,-23.406273,8,0,1,237
-41.988874,-18.676377,8,0,0,2
-36.053095,-7.897315,8,0,0,119
-48.518364,-27.707427,8,0,2,109
-47.387986,-23.412147,8,0,1,40
-40.827750,-18.385481,8,0,0,166
-42.035931,-22.853883,8,0,0,53
-45.001950,-21.252845,8,0,2,119
-47.388035,-23.412093,8,0,1,220
-40.828423,-18.383613,8,0,0,154
-42.036930,-22.854684,8,0,2,36
-48.509938,-27.707231,8,0,0,67
-47.392773,-23.414521,8,0,1,88
-40.829862,-18.375024,8,0,0,132
-44.731499,-22.443488,8,0,0,5
-45.002531,-21.250597,8,0,1,27
-47.392760,-23.414445,8,0,1,268
-40.830625,-18.374388,8,0,2,132
-41.135148,-21.949108,8,0,2,163
-48.513555,-27.708030,8,0,2,85
-47.408626,-23.418025,8,0,1,44
-50.153925,-25.023933,8,0,1,240
-41.219532,-21.880940,8,0,0,120
-45.001579,-21.249003,8,0,1,29
-47.408704,-23.417951,8,0,1,226
-50.179299,-23.814597,8,0,1,27
-41.241174,-21.860129,8,0,0,170
-48.524030,-27.686112,8,0,2,75
-47.413552,-23.424673,8,0,1,24
-51.906224,-29.199845,8,0,0,180
-41.240393,-21.862241,8,0,0,153
-44.999294,-21.245192,8,0,1,29
-47.413633,-23.424532,8,0,1,203
-51.905264,-29.201458,8,0,0,145
-40.914519,-21.031590,8,0,0,119
-48.546690,-27.688567,8,0,2,117
-47.485313,-23.542917,8,0,1,131
-51.903445,-29.203940,8,0,0,149
-40.912734,-21.032500,8,0,0,108
-44.998627,-21.244117,8,0,1,30
-47.485126,-23.542743,8,0,1,311
-51.903034,-29.204515,8,0,0,148
-40.911018,-21.033012,8,0,0,103
-48.551959,-27.696770,8,0,2,169
-47.483188,-23.546229,8,0,1,198
-51.899236,-29.211609,8,0,0,151
-40.969749,-18.781763,8,0,0,101
-44.998299,-21.243547,8,0,1,30
-47.483077,-23.546289,8,0,1,18
-51.897037,-29.217396,8,0,2,155
-44.973158,-22.197821,8,0,2,24
-48.547915,-27.698296,8,0,0,92
-47.484278,-23.549126,8,0,1,199
-51.877602,-29.270993,8,0,0,35
-44.974658,-22.199136,8,0,2,47
-44.997828,-21.242650,8,0,1,31
-47.484178,-23.549181,8,0,1,19
-51.877918,-29.271374,8,0,0,35
-44.975583,-22.200004,8,0,0,25
-48.546730,-27.699525,8,0,2,3
-47.485867,-23.553248,8,0,1,200
-51.879207,-29.287042,8,0,2,90
-44.975986,-22.201112,8,0,2,15
-44.997105,-21.239795,8,0,1,352
-47.485744,-23.553306,8,0,1,19
-51.876287,-29.287001,8,0,2,90
-44.976224,-22.202026,8,0,2,9
-48.545205,-27.700797,8,0,2,87
-47.427069,-23.743125,8,0,2,157
-51.875034,-29.288422,8,0,2,28
-44.976198,-22.203135,8,0,2,172
-44.997182,-21.237589,8,0,1,355
-47.426735,-23.743878,8,0,2,157
-51.876466,-29.290075,8,0,2,38
-44.976020,-22.204029,8,0,2,167
-48.538199,-27.701087,8,0,2,99
-47.505638,-23.956911,8,0,0,150
-51.878285,-29.292976,8,0,2,23
-44.975890,-22.204646,8,0,0,167
-44.997380,-21.234175,8,0,1,353
-47.505257,-23.958426,8,0,0,182
-51.889092,-29.224876,8,0,1,351
-44.975742,-22.205292,8,0,0,167
-48.536615,-27.702306,8,0,0,147
-47.506713,-23.961835,8,0,2,17
-51.889900,-29.223335,8,0,1,184
-44.975626,-22.205855,8,0,0,167
-44.993742,-21.229776,8,0,0,66
-47.506961,-23.962571,8,0,2,17
-51.871646,-29.287137,8,0,2,90
-44.975796,-22.215026,8,0,0,5
-48.536202,-27.702745,8,0,0,129
-47.507438,-23.963996,8,0,2,17
-51.869334,-29.283739,8,0,1,358
-44.976820,-22.218054,8,0,2,29
-44.990083,-21.226894,8,0,1,42
-47.507852,-23.965222,8,0,2,17
-51.869427,-29.283734,8,0,1,178
-44.977350,-22.218939,8,0,2,27
-48.533679,-27.703381,8,0,0,86
-47.508009,-23.966404,8,0,2,1
-51.870688,-29.285512,8,0,2,176
-44.977442,-22.219555,8,0,2,173
-44.990161,-21.226848,8,0,1,203
-47.647837,-24.150145,8,0,2,46
-50.144255,-23.819213,8,0,0,36
-44.977245,-22.220493,8,0,0,169
-48.531394,-27.703592,8,0,2,106
-47.625530,-24.312381,8,0,2,129
-50.143382,-23.815844,8,0,0,163
-44.976919,-22.221977,8,0,2,169
-44.988968,-21.225805,8,0,1,45
-47.626666,-24.311605,8,0,2,50
-50.142989,-23.813604,8,0,1,39
-44.976810,-22.222456,8,0,2,169
-48.529127,-27.703649,8,0,2,90
-47.627555,-24.312297,8,0,2,49
-50.142868,-23.813346,8,0,1,219
-44.976609,-22.223875,8,0,2,3
-44.974349,-21.218665,8,0,2,39
-47.629449,-24.313790,8,0,2,50
-50.141586,-23.811996,8,0,1,39
-44.976820,-22.225166,8,0,0,10
-48.527541,-27.704285,8,0,2,143
-47.634740,-24.318214,8,0,2,46
-50.141228,-23.811442,8,0,1,219
-44.977037,-22.226206,8,0,0,10
-44.973446,-21.218093,8,0,2,59
-47.635283,-24.318735,8,0,2,36
-50.139930,-23.810081,8,0,1,39
-44.977015,-22.221550,8,0,2,169
-48.526847,-27.704960,8,0,2,129
-47.637196,-24.321232,8,0,2,35
-50.139540,-23.809496,8,0,1,219
-44.976980,-22.230144,8,0,0,169
-44.938827,-21.176213,8,0,2,22
-47.631829,-24.330028,8,0,1,214
-50.137899,-23.808396,8,0,2,56
-44.976513,-22.232681,8,0,0,175
-48.515996,-27.708417,8,0,2,116
-47.631479,-24.329949,8,0,1,49
-50.134118,-23.806351,8,0,0,66
-45.041242,-22.279846,8,0,0,41
-44.938229,-21.174910,8,0,2,22
-48.105821,-18.984530,8,0,2,127
-50.132649,-23.805737,8,0,0,66
-45.042364,-22.281038,8,0,0,40
-48.526131,-27.705554,8,0,2,136
-48.106665,-18.983928,8,0,2,127
-51.907348,-29.200758,8,0,0,80
-45.043545,-22.282759,8,0,0,23
-44.929685,-21.171975,8,0,1,81
-48.219564,-18.912412,8,0,0,122
-41.339313,-20.238538,8,0,0,8
-45.079384,-22.325143,8,0,0,164
-48.524210,-27.706273,8,0,2,93
-40.776182,-20.422418,8,0,1,113
-41.339202,-20.237673,8,0,0,8
-45.079135,-22.325821,8,0,0,160
-44.923620,-21.171120,8,0,2,98
-40.773230,-20.422862,8,0,1,260
-41.652245,-21.024567,8,0,0,68
-45.078824,-22.327134,8,0,2,180
-48.522615,-27.705867,8,0,0,97
-60.423946,0.943658,8,0,0,18
-41.759561,-22.348402,8,0,0,61
-45.079174,-22.328275,8,0,2,33
-44.921875,-21.170851,8,0,2,87
-60.424527,0.941902,8,0,0,18
-41.401772,-21.648489,8,0,2,142
-45.080383,-22.329236,8,0,0,58
-48.521188,-27.706324,8,0,0,112
-46.561572,-18.660138,8,0,0,24
-41.402363,-21.647661,8,0,2,148
-45.081871,-22.330026,8,0,0,61
-44.921389,-21.169951,8,0,2,5
-46.562226,-18.660941,8,0,0,43
-41.680628,-21.102751,8,0,0,47
-45.083292,-22.330788,8,0,0,61
-48.519351,-27.707009,8,0,2,114
-51.580525,-27.383532,8,0,1,324
-41.679586,-21.101364,8,0,0,22
-45.084378,-22.331364,8,0,0,57
-44.924621,-21.170962,8,0,2,101
-51.580583,-27.383559,8,0,1,144
-41.652239,-21.048460,8,0,0,178
-45.085520,-22.332227,8,0,0,48
-48.552097,-27.702092,8,0,0,36
-51.581430,-27.382500,8,0,2,146
-41.652160,-21.044370,8,0,0,4
-45.086497,-22.333215,8,0,2,41
-44.925713,-21.170781,8,0,2,101
-51.583792,-27.380125,8,0,2,139
-40.355118,-20.331844,8,0,1,189
-45.088040,-22.333233,8,0,2,121
-48.554299,-27.703473,8,0,0,71
-51.585234,-27.378549,8,0,2,142
-41.681210,-20.780871,8,0,0,61
-45.088521,-22.332952,8,0,2,121
-44.926887,-21.170749,8,0,2,83
-51.590221,-27.375611,8,0,1,300
-41.679098,-20.779436,8,0,2,21
-45.088791,-22.332802,8,0,2,121
-48.555507,-27.703776,8,0,0,66
-51.592599,-27.374589,8,0,2,131
-41.663344,-20.780736,8,0,2,135
-45.089870,-22.332199,8,0,2,122
-44.928233,-21.170897,8,0,2,83
-51.597253,-27.368744,8,0,1,320
-41.632574,-20.351402,8,0,0,93
-45.089454,-22.332438,8,0,2,122
-48.556121,-27.704942,8,0,0,11
-51.597306,-27.368771,8,0,1,139
-48.100386,-21.734058,8,0,0,138
-45.090328,-22.331939,8,0,2,122
-44.998282,-21.237772,8,0,1,195
-51.597831,-27.368211,8,0,2,136
-48.100835,-21.733098,8,0,0,169
-45.090603,-22.332012,8,0,2,31
-48.514695,-27.708157,8,0,2,75
-51.754768,-27.408531,8,0,0,45
-48.101218,-21.731389,8,0,0,169
-45.091191,-22.332873,8,0,2,31
-44.998591,-21.238693,8,0,1,195
-51.752964,-27.408004,8,0,0,96
-48.079858,-21.686589,8,0,0,45
-45.091568,-22.333445,8,0,2,31
-48.558773,-27.708257,8,0,0,49
-51.755801,-27.409736,8,0,2,29
-46.235251,-19.199887,8,0,1,144
-45.095097,-22.337295,8,0,2,170
-45.000076,-21.244907,8,0,1,199
-51.756714,-27.413643,8,0,0,170
-46.235107,-19.199799,8,0,1,324
-45.094730,-22.339588,8,0,0,166
-48.560177,-27.711172,8,0,0,2
-51.762450,-27.417720,8,0,0,96
-46.235842,-19.199183,8,0,2,144
-45.249695,-22.495265,8,0,0,90
-45.002197,-21.248065,8,0,1,218
-51.767964,-27.417627,8,0,0,80
-46.234567,-19.200747,8,0,1,144
-45.250727,-22.495692,8,0,0,59
-48.562217,-27.715144,8,0,0,20
-51.774201,-27.404593,8,0,2,112
-46.234448,-19.200672,8,0,1,324
-45.257911,-22.496060,8,0,0,90
-45.003610,-21.251082,8,0,1,179
-51.781441,-27.403588,8,0,2,102
-46.233628,-19.201944,8,0,1,144
-45.259718,-22.496073,8,0,0,66
-48.562841,-27.716454,8,0,0,35
-51.784624,-27.402907,8,0,0,119
-46.233512,-19.201861,8,0,1,324
-45.261010,-22.496103,8,0,0,129
-45.027637,-21.236309,8,0,1,308
-52.291661,-27.662333,8,0,1,343
-46.255978,-19.208160,8,0,1,88
-45.262394,-22.495936,8,0,0,65
-48.563687,-27.717527,8,0,2,36
-52.293889,-27.654514,8,0,2,147
-46.255982,-19.208100,8,0,1,268
-45.264624,-22.496218,8,0,0,78
-45.027719,-21.236350,8,0,1,126
-52.298416,-27.640253,8,0,1,303
-46.254443,-19.208014,8,0,1,77
-45.265684,-22.496429,8,0,0,73
-48.564207,-27.718577,8,0,2,176
-52.298543,-27.640291,8,0,1,107
-46.254467,-19.207916,8,0,1,257
-45.266676,-22.496794,8,0,0,73
-45.926760,-22.233920,8,0,1,231
-52.294504,-27.653809,8,0,2,145
-46.252010,-19.207487,8,0,1,77
-45.267655,-22.497321,8,0,0,49
-48.564100,-27.719540,8,0,2,176
-52.373138,-27.622611,8,0,1,286
-46.252027,-19.207404,8,0,1,254
-45.268593,-22.497969,8,0,2,54
-45.929518,-22.234473,8,0,1,263
-52.520830,-27.563485,8,0,1,130
-46.248359,-19.206346,8,0,1,60
-45.269643,-22.498700,8,0,2,49
-48.564017,-27.720633,8,0,2,176
-43.110403,-22.869636,8,0,1,354
-46.248397,-19.206264,8,0,1,240
-45.270402,-22.499586,8,0,0,29
-45.929515,-22.234553,8,0,1,83
-43.206579,-22.814112,8,0,0,344
-46.245673,-19.204463,8,0,1,60
-45.270970,-22.500708,8,0,0,47
-48.563895,-27.721831,8,0,2,175
-40.476979,-9.353229,8,0,1,26
-46.245718,-19.204388,8,0,1,240
-45.272755,-22.502871,8,0,0,56
-45.931492,-22.235030,8,0,1,250
-40.476994,-9.352989,8,0,1,206
-40.303853,-20.372911,8,0,1,206
-45.275012,-22.504076,8,0,2,63
-48.563557,-27.722577,8,0,0,158
-40.470831,-9.341301,8,0,1,26
-40.303106,-20.371653,8,0,1,26
-45.275369,-22.504247,8,0,2,63
-45.931945,-22.235298,8,0,1,69
-40.470732,-9.340824,8,0,1,206
-42.109576,-21.868804,8,0,0,58
-45.276606,-22.504826,8,0,2,63
-48.563655,-27.725343,8,0,0,166
-42.482845,-22.923327,8,0,0,20
-42.110579,-21.869962,8,0,0,15
-45.278262,-22.505597,8,0,2,63
-45.933010,-22.235593,8,0,1,223
-42.480720,-22.920850,8,0,0,22
-60.617122,2.113057,8,0,1,302
-45.278993,-22.505948,8,0,2,63
-48.560615,-27.748967,8,0,0,25
-42.478175,-22.919086,8,0,0,46
-60.617705,2.113326,8,0,1,121
-45.280163,-22.506474,8,0,2,64
-45.932943,-22.235741,8,0,1,49
-40.537558,-9.375578,8,0,1,325
-45.433985,-23.822936,8,0,1,106
-45.281091,-22.506894,8,0,2,64
-48.561000,-27.752140,8,0,0,46
-40.540126,-9.373614,8,0,1,314
-45.439877,-23.697543,8,0,1,143
-45.280909,-22.508818,8,0,2,86
-45.934154,-22.236654,8,0,1,246
-40.540579,-9.373309,8,0,1,134
-45.439729,-23.685811,8,0,1,13
-45.282637,-22.509137,8,0,2,64
-48.562998,-27.753613,8,0,0,41
-52.905059,-27.394037,8,0,0,112
-46.754525,-23.299590,8,0,2,19
-45.284775,-22.510190,8,0,0,62
-45.934202,-22.236810,8,0,1,68
-52.910466,-27.391038,8,0,0,150
-46.754268,-23.298820,8,0,2,14
-45.285980,-22.509840,8,0,0,114
-48.565404,-27.755394,8,0,2,54
-52.913147,-27.389162,8,0,0,110
-46.755529,-23.301771,8,0,2,24
-45.287165,-22.509189,8,0,2,126
-39.273340,-12.968756,8,0,2,21
-52.916765,-27.387058,8,0,0,155
-46.753369,-23.295084,8,0,2,12
-45.288767,-22.507829,8,0,2,156
-48.566362,-27.755956,8,0,2,58
-52.922494,-27.381235,8,0,0,112
-46.752002,-23.290843,8,0,2,25
-45.291750,-22.506537,8,0,2,94
-39.273590,-12.969196,8,0,2,34
-52.923915,-27.380730,8,0,0,112
-46.753206,-23.294291,8,0,2,11
-45.173781,-22.615697,8,0,0,118
-48.570140,-27.759626,8,0,0,71
-52.930080,-27.379291,8,0,0,92
-46.750742,-23.287727,8,0,2,6
-45.172692,-22.616125,8,0,1,91
-39.281140,-12.977589,8,0,0,112
-53.043592,-27.338119,8,0,0,123
-46.747913,-23.283530,8,0,2,58
-45.172544,-22.615904,8,0,1,265
-48.571727,-27.760629,8,0,2,32
-53.058685,-27.330402,8,0,1,276
-46.747653,-23.283375,8,0,2,51
-45.113407,-22.709227,8,0,0,150
-39.283714,-12.978197,8,0,2,48
-53.059863,-27.330664,8,0,1,191
-46.746780,-23.282388,8,0,2,38
-45.111511,-22.712277,8,0,0,150
-48.574464,-27.763600,8,0,2,15
-53.059799,-27.330715,8,0,1,16
-46.745578,-23.281773,8,0,2,72
-45.104189,-22.724029,8,0,0,150
-39.275782,-13.082125,8,0,0,18
-53.059459,-27.330949,8,0,1,95
-46.584299,-23.316251,8,0,1,222
-47.277958,-23.266192,8,0,1,273
-48.574350,-27.765267,8,0,2,162
-53.060507,-27.332481,8,0,1,196
-45.350147,-21.981330,8,0,2,93
-47.279342,-23.266004,8,0,1,266
-39.301164,-13.157227,8,0,0,17
-53.060572,-27.332943,8,0,1,17
-45.343427,-21.977174,8,0,2,156
-47.279519,-23.266178,8,0,1,104
-51.217961,-29.108405,8,0,0,179
-53.171908,-27.364254,8,0,0,58
-45.345240,-21.971609,8,0,0,74
-47.280334,-23.265870,8,0,1,287
-39.304578,-13.161387,8,0,0,79
-53.172680,-27.364539,8,0,0,62
-45.343891,-21.971327,8,0,0,45
-47.280392,-23.265970,8,0,1,115
-48.507134,-27.706140,8,0,1,312
-53.187763,-27.358958,8,0,1,309
-45.341190,-21.970210,8,0,0,59
-47.284476,-23.263375,8,0,1,301
-39.316760,-13.173801,8,0,2,82
-53.181322,-27.363703,8,0,1,130
-45.339898,-21.968092,8,0,2,23
-47.284578,-23.263498,8,0,1,123
-48.507182,-27.706170,8,0,1,130
-53.180420,-27.364270,8,0,1,310
-45.339070,-21.966178,8,0,2,23
-47.288491,-23.262043,8,0,1,262
-39.399875,-13.391857,8,0,0,35
-53.192786,-27.356840,8,0,1,282
-45.338516,-21.964980,8,0,2,24
-47.291664,-23.262603,8,0,1,252
-48.510320,-27.715416,8,0,0,168
-53.198012,-27.358499,8,0,2,51
-45.337441,-21.963311,8,0,0,40
-47.300668,-23.257219,8,0,1,309
-39.400531,-13.393109,8,0,0,21
-53.199128,-27.359234,8,0,0,56
-45.335297,-21.961748,8,0,0,65
-47.300866,-23.257334,8,0,1,129
-48.507889,-27.716935,8,0,2,67
-53.203826,-27.359911,8,0,2,83
-45.018869,-21.898913,8,0,2,174
-47.301894,-23.256854,8,0,1,113
-39.420552,-13.448732,8,0,0,6
-53.304262,-27.372344,8,0,0,57
-48.015892,-23.991249,8,0,2,177
-47.302280,-23.256427,8,0,1,293
-48.507064,-27.716705,8,0,2,82
-53.369960,-27.373098,8,0,2,85
-48.015930,-23.992896,8,0,2,1
-47.303569,-23.255910,8,0,1,293
-39.420554,-13.453597,8,0,0,163
-53.377121,-27.370046,8,0,2,136
-48.016001,-23.994854,8,0,2,2
-48.798979,-26.407852,8,0,1,142
-48.503910,-27.717855,8,0,2,124
-53.379424,-27.368235,8,0,2,117
-50.729603,-25.510024,8,0,2,85
-46.613292,-22.470310,8,0,2,117
-39.420094,-13.454729,8,0,0,154
-52.444092,-28.265109,8,0,2,159
-50.730759,-25.510275,8,0,0,61
-39.313700,-6.388555,8,0,2,63
-48.507302,-27.727062,8,0,0,10
-52.428838,-28.280295,8,0,2,117
-50.775520,-25.527411,8,0,2,81
-42.271217,-21.635253,8,0,0,41
-39.417771,-13.458133,8,0,0,145
-41.814563,-3.996655,8,0,0,61
-50.776553,-25.527610,8,0,0,73
-46.570471,-23.661029,8,0,1,343
-48.509420,-27.737291,8,0,1,190
-53.399752,-27.344263,8,0,0,92
-50.840172,-25.570255,8,0,2,51
-39.336274,-6.405785,8,0,2,76
-39.448204,-13.509330,8,0,2,20
-53.399076,-27.344292,8,0,0,92
-50.846890,-25.569430,8,0,1,305
-39.383332,-6.446269,8,0,2,249
-48.509405,-27.737497,8,0,1,10
-52.196862,-28.478175,8,0,1,158
-50.847364,-25.569204,8,0,1,137
-39.232040,-6.259844,8,0,2,83
-39.468028,-13.559148,8,0,0,36
-52.196820,-28.479891,8,0,1,12
-50.848955,-25.567776,8,0,1,306
-39.309725,-6.476120,8,0,0,178
-48.509670,-27.741831,8,0,0,10
-51.601071,-29.111536,8,0,2,79
-50.849030,-25.567813,8,0,1,126
-39.333652,-6.405162,8,0,2,256
-39.484313,-13.601491,8,0,0,102
-51.570423,-29.117973,8,0,2,99
-50.851245,-25.566356,8,0,1,126
-46.158329,-22.260398,8,0,2,50
-48.510802,-27.748186,8,0,0,3
-48.156939,-15.871783,8,0,0,146
-50.851168,-25.566324,8,0,1,306
-39.202452,-6.254340,8,0,2,67
-39.490828,-13.600687,8,0,2,45
-48.840270,-21.751691,8,0,1,244
-50.851845,-25.565876,8,0,1,306
-39.244252,-6.261431,8,0,2,82
-48.509781,-27.752086,8,0,2,175
-48.844472,-21.752025,8,0,1,117
-50.851917,-25.565904,8,0,1,126
-39.239784,-6.260845,8,0,2,263
-39.492743,-13.602480,8,0,2,44
-51.026028,-28.583254,8,0,1,236
-50.853835,-25.564550,8,0,1,306
-39.388440,-6.448243,8,0,2,69
-48.509764,-27.753181,8,0,2,2
-49.147248,-26.681221,8,0,0,24
-50.854267,-25.564340,8,0,1,126
-39.270374,-6.264996,8,0,2,262
-42.380152,-3.393365,8,0,0,76
-49.132448,-26.536615,8,0,2,7
-50.856944,-25.562365,8,0,2,136
-39.527982,-5.927771,8,0,0,154
-48.509783,-27.756828,8,0,2,179
-46.584504,-23.316682,8,0,1,32
-50.867089,-25.559296,8,0,0,98
-39.306536,-6.377506,8,0,2,209
-42.379213,-3.392847,8,0,1,225
-49.407014,-28.628844,8,0,1,349
-50.870435,-25.559162,8,0,2,85
-39.453889,-6.087943,8,0,2,288
-48.510243,-27.760673,8,0,2,12
-49.407186,-28.628322,8,0,1,169
-50.872127,-25.559355,8,0,2,75
-39.293844,-6.372735,8,0,2,87
-42.376913,-3.397700,8,0,0,165
-44.571096,-20.051134,8,0,2,353
-50.931913,-25.566615,8,0,0,70
-39.312377,-6.388137,8,0,2,250
-48.510550,-27.761762,8,0,2,14
-49.614509,-27.376036,8,0,2,4
-51.071633,-25.576060,8,0,2,123
-49.596051,-28.015474,8,0,2,66
-42.375137,-3.404215,8,0,0,165
-49.582259,-27.988523,8,0,2,11
-51.086286,-25.568541,8,0,2,93
-39.264117,-6.264144,8,0,2,262
-48.991040,-27.489745,8,0,0,47
-39.424646,-7.224048,8,0,2,98
-51.169014,-25.502850,8,0,2,136
-42.107488,-19.621348,8,0,0,146
-42.374378,-3.407094,8,0,0,167
-48.696128,-18.606171,8,0,0,96
-51.169902,-25.502382,8,0,2,111
-48.685654,-18.604913,8,0,0,218
-48.986542,-27.484484,8,0,0,33
-52.303807,-27.150630,8,0,1,82
-51.085482,-25.568956,8,0,1,333
-51.658399,-20.782032,8,0,1,91
-42.396693,-3.623504,8,0,0,15
-51.595393,-20.777566,8,0,0,107
-51.085353,-25.570212,8,0,1,4
-39.309776,-6.474241,8,0,2,178
-48.961906,-27.426706,8,0,0,78
-51.631080,-20.779469,8,0,0,48
-51.085350,-25.571435,8,0,1,351
-51.596289,-20.777330,8,0,0,104
-42.396811,-3.624211,8,0,0,4
-39.451173,-6.091285,8,0,1,8
-51.084818,-25.572130,8,0,1,269
-35.758514,-9.679473,8,0,1,233
-48.956446,-27.422392,8,0,2,23
-35.758878,-9.679913,8,0,1,52
-51.083313,-25.572058,8,0,1,273
-41.972787,-22.732352,8,0,0,34
-42.393027,-3.631717,8,0,0,150
-41.973265,-22.730953,8,0,0,109
-48.009589,-24.039127,8,0,2,153
-48.834765,-21.767189,8,0,1,80
-48.893581,-27.367542,8,0,1,44
-48.827776,-21.746356,8,0,1,62
-48.008704,-24.040175,8,0,2,113
-41.773291,-22.362737,8,0,2,22
-42.358824,-3.694547,8,0,2,158
-48.823723,-21.765745,8,0,1,82
-48.007029,-24.040514,8,0,2,119
-48.895575,-27.362646,8,0,0,141
-48.005944,-24.041151,8,0,2,122
-42.308197,-3.692242,8,0,2,96
-47.994982,-24.055103,8,0,0,158
-48.855042,-27.314740,8,0,1,100
-47.994664,-24.055750,8,0,0,160
-42.287878,-3.769170,8,0,0,130
-47.999533,-24.064999,8,0,0,7
-48.852791,-27.314702,8,0,1,45
-47.999755,-24.066490,8,0,0,8
-42.278358,-3.777633,8,0,0,134
-47.999333,-24.071148,8,0,0,2
-48.861057,-27.296575,8,0,2,8
-47.998955,-24.071908,8,0,0,135
-42.274622,-3.783264,8,0,0,176
-47.997744,-24.073904,8,0,0,105
-48.852108,-27.277624,8,0,1,42
-47.996724,-24.074639,8,0,0,158
-42.250629,-3.860129,8,0,0,181
-48.851768,-27.277299,8,0,1,42
-42.250874,-3.856905,8,0,0,635
-48.850764,-27.276348,8,0,1,36
-42.252355,-3.848542,8,0,0,0
-48.850225,-27.274268,8,0,1,8
-42.266927,-2.976526,8,0,2,151
-48.850069,-27.273244,8,0,1,8
-42.267405,-2.975630,8,0,2,150
-48.849898,-27.272192,8,0,1,8
-42.268591,-2.973473,8,0,2,151
-46.392938,-22.277196,8,0,0,83
-42.270058,-2.970802,8,0,2,151
-46.391873,-22.277186,8,0,0,92
-42.238061,-3.067347,8,0,2,170
-46.467465,-22.268216,8,0,0,53
-42.233652,-3.080198,8,0,2,175
-42.123335,-4.803103,8,0,0,110
-42.233545,-3.081328,8,0,2,176
-42.012044,-4.043485,8,0,0,135
-42.233752,-3.079452,8,0,0,0
-42.120760,-4.804031,8,0,0,110
-42.367207,-3.505514,8,0,0,1
-42.087192,-4.849750,8,0,0,153
-42.367233,-3.507128,8,0,0,0
-42.085954,-4.853021,8,0,0,169
-42.305884,-3.695244,8,0,0,29
-42.075331,-4.875393,8,0,0,143
-42.250886,-3.865942,8,0,0,359
-42.074654,-4.876255,8,0,0,143
-42.229207,-3.911958,8,0,0,339
-42.042462,-4.933833,8,0,0,166
-42.228144,-3.914653,8,0,0,338
-42.012053,-4.991861,8,0,0,96
-42.226639,-3.917297,8,0,0,316
-42.005803,-4.992537,8,0,0,94
-42.224424,-3.918776,8,0,0,293
-41.996275,-4.994467,8,0,0,106
-42.216688,-4.200170,8,0,2,248
-41.901144,-5.018424,8,0,0,98
-42.216657,-4.200155,8,0,0,248
-41.822037,-5.035966,8,0,2,102
-39.497014,-13.606468,8,0,0,47
-41.820679,-5.036266,8,0,0,102
-39.493449,-13.630797,8,0,0,163
-41.707261,-5.171742,8,0,0,11
-39.477479,-13.679951,8,0,0,191
-41.706672,-5.168937,8,0,0,11
-39.477301,-13.678842,8,0,0,191
-41.707919,-5.174892,8,0,0,11
-39.479701,-13.737075,8,0,2,26
-41.706185,-5.192672,8,0,0,159
-39.481234,-13.740153,8,0,2,26
-41.705357,-5.194621,8,0,0,159
-39.491080,-13.764782,8,0,0,25
-41.566486,-5.322636,8,0,0,91
-39.491783,-13.766215,8,0,0,25
-41.567151,-5.322623,8,0,0,91
-49.097653,-15.327833,8,0,0,90
-41.551613,-5.322975,8,0,2,92
-48.932276,-15.123066,8,0,2,33
-41.548109,-5.324256,8,0,0,91
-49.426008,-15.308210,8,0,2,37
-41.098942,-5.312915,8,0,2,92
-48.886161,-15.455630,8,0,2,177
-41.094532,-5.313607,8,0,1,270
-49.423723,-15.309520,8,0,2,145
-41.094532,-5.313689,8,0,1,90
-43.624145,-18.239511,8,0,2,65
-41.093229,-5.313645,8,0,1,285
-42.252540,-21.385721,8,0,0,126
-41.093292,-5.313704,8,0,1,108
-42.254113,-21.385081,8,0,0,110
-41.092401,-5.313960,8,0,1,292
-42.311315,-21.368989,8,0,0,73
-41.092428,-5.314037,8,0,1,112
-42.313059,-21.369408,8,0,0,77
-41.090557,-5.314303,8,0,1,273
-45.050318,-22.098596,8,0,2,26
-41.090567,-5.314393,8,0,1,93
-45.050678,-22.099339,8,0,2,24
-40.917669,-5.241000,8,0,2,90
-45.053296,-22.114128,8,0,2,174
-40.890535,-5.232959,8,0,2,81
-45.066006,-22.117303,8,0,0,41
-40.888857,-5.232535,8,0,0,67
-45.066509,-22.117815,8,0,0,41
-40.653968,-5.184617,8,0,2,93
-45.091188,-22.130720,8,0,2,24
-40.657676,-5.184420,8,0,0,93
-45.092025,-22.132041,8,0,2,32
-40.312770,-5.395580,8,0,0,140
-45.132305,-22.121231,8,0,2,77
-40.308159,-5.402005,8,0,0,158
-45.132596,-22.121277,8,0,2,78
-40.656435,-5.184487,8,0,2,93
-45.134092,-22.121859,8,0,0,62
-40.644779,-5.188391,8,0,0,120
-45.135390,-22.122546,8,0,0,62
-40.891800,-5.233168,8,0,2,81
-45.263008,-22.198993,8,0,2,172
-39.598502,-5.526160,8,0,2,101
-45.262884,-22.199880,8,0,2,169
-39.597427,-5.526372,8,0,0,101
-45.262538,-22.200708,8,0,2,153
-39.586457,-5.832609,8,0,0,146
-45.263994,-22.205000,8,0,2,13
-39.524643,-5.944985,8,0,0,173
-45.263997,-22.206698,8,0,2,45
-39.524427,-5.948770,8,0,0,177
-45.264884,-22.207534,8,0,0,45
-39.399489,-6.172366,8,0,0,147
-45.265390,-22.207991,8,0,2,45
-39.378852,-6.191975,8,0,0,169
-45.266643,-22.209125,8,0,2,37
-38.866733,-6.406423,8,0,2,96
-45.267072,-22.210111,8,0,0,4
-38.865480,-6.406662,8,0,1,97
-45.272829,-22.221867,8,0,2,29
-39.030101,-6.413691,8,0,0,83
-45.273232,-22.224561,8,0,0,4
-38.865464,-6.406589,8,0,1,276
-45.273908,-22.226260,8,0,2,20
-38.865337,-6.410764,8,0,1,208
-45.274148,-22.227140,8,0,0,7
-38.864126,-6.409228,8,0,1,26
-45.310060,-22.270685,8,0,2,10
-38.865519,-6.412230,8,0,0,164
-45.310218,-22.271408,8,0,2,21
-38.864104,-6.414718,8,0,2,151
-45.310735,-22.272039,8,0,2,40
-38.861770,-6.418807,8,0,1,152
-45.312269,-22.273365,8,0,0,39
-38.416631,-6.867359,8,0,0,89
-45.354393,-22.319905,8,0,0,107
-38.415787,-6.867369,8,0,0,96
-45.353107,-22.320305,8,0,0,111
-38.082891,-6.786600,8,0,0,113
-45.395389,-22.376765,8,0,0,125
-37.794502,-6.765402,8,0,2,19
-45.396724,-22.375900,8,0,0,125
-37.798229,-6.774848,8,0,0,8
-45.397921,-22.375126,8,0,0,125
-37.602185,-6.910727,8,0,2,79
-45.399180,-22.374302,8,0,0,125
-37.285876,-7.014688,8,0,0,139
-45.400980,-22.373150,8,0,0,125
-37.285026,-7.015677,8,0,0,139
-45.402531,-22.372166,8,0,0,125
-37.280127,-7.021310,8,0,1,138
-45.419905,-22.392929,8,0,2,178
-37.280049,-7.021267,8,0,1,318
-45.419979,-22.394915,8,0,0,2
-37.276289,-7.028172,8,0,1,346
-45.422717,-22.404268,8,0,2,3
-37.275883,-7.029898,8,0,1,355
-45.422763,-22.405036,8,0,2,3
-37.276090,-7.030192,8,0,1,87
-45.425154,-22.413002,8,0,0,35
-37.278176,-7.030336,8,0,1,88
-45.426592,-22.414887,8,0,0,35
-37.281469,-7.030549,8,0,1,86
-45.434400,-22.426419,8,0,0,36
-37.282287,-7.030606,8,0,1,88
-45.435648,-22.428015,8,0,0,36
-45.561082,-22.956517,8,0,0,128
-45.435898,-22.428308,8,0,1,211
-45.560315,-22.957082,8,0,0,128
-45.435831,-22.428345,8,0,1,7
-45.573515,-22.947309,8,0,0,128
-46.046053,-22.865169,8,0,0,71
-45.579587,-22.942797,8,0,0,128
-41.326816,-21.737870,8,0,1,28
-45.585268,-22.938586,8,0,0,128
-51.404587,-26.999868,8,0,1,104
-45.587621,-22.937831,8,0,0,101
-51.215036,-27.389724,8,0,2,31
-44.195793,-22.566493,8,0,0,67
-51.211532,-27.384472,8,0,2,37
-44.197162,-22.567035,8,0,0,67
-51.214362,-27.388241,8,0,1,196
-44.214375,-22.584989,8,0,0,40
-51.210242,-27.382838,8,0,2,23
-44.217091,-22.586519,8,0,0,80
-51.209272,-27.380474,8,0,2,20
-35.708664,-6.974434,8,0,2,67
-51.238715,-27.189014,8,0,0,14
-35.710092,-6.975052,8,0,0,68
-51.238521,-27.187282,8,0,0,170
-35.712507,-6.975054,8,0,0,114
-51.244440,-27.169478,8,0,0,157
-35.749319,-6.963742,8,0,2,107
-51.247589,-27.113649,8,0,0,132
-35.792754,-6.963564,8,0,1,248
-51.238121,-27.111896,8,0,0,88
-35.794123,-6.964154,8,0,1,248
-51.236060,-27.106630,8,0,0,19
-35.795692,-6.964775,8,0,1,248
-51.236030,-27.104785,8,0,0,169
-35.796372,-6.966844,8,0,0,150
-51.242610,-27.102658,8,0,2,74
-35.792657,-6.964789,8,0,1,45
-51.245926,-27.104153,8,0,2,87
-35.793523,-6.965609,8,0,1,45
-51.247615,-27.104261,8,0,2,87
-35.795147,-6.966587,8,0,1,60
-51.257335,-27.094323,8,0,2,135
-35.795481,-6.966916,8,0,1,32
-51.364619,-27.090851,8,0,2,152
-35.794023,-6.966100,8,0,1,67
-51.397342,-27.064105,8,0,2,20
-35.796596,-6.967928,8,0,0,55
-51.396452,-27.062751,8,0,0,30
-35.797604,-6.968750,8,0,0,51
-51.396087,-27.059879,8,0,0,176
-35.799434,-6.969975,8,0,0,59
-51.396312,-27.062098,8,0,2,6
-35.865456,-7.101612,8,0,1,210
-51.407216,-26.999282,8,0,2,103
-35.865305,-7.101689,8,0,1,30
-51.408775,-26.998236,8,0,2,133
-35.865828,-7.102295,8,0,1,210
-51.411183,-26.996325,8,0,2,131
-35.865782,-7.102592,8,0,1,30
-51.412548,-26.995791,8,0,2,104
-35.866317,-7.103471,8,0,1,207
-51.464659,-26.972822,8,0,0,120
-35.866260,-7.103490,8,0,1,27
-51.556730,-27.004461,8,0,2,8
-35.866672,-7.104185,8,0,1,207
-51.557108,-27.006816,8,0,2,8
-35.866611,-7.104206,8,0,1,27
-60.596259,2.610746,8,0,0,54
-35.867349,-7.106347,8,0,2,16
-60.678317,2.236115,8,0,0,120
-35.857628,-7.163455,8,0,0,17
-60.676776,2.235205,8,0,0,120
-46.920272,-23.583646,8,0,1,193
-60.617312,2.113087,8,0,1,120
-46.920389,-23.584253,8,0,1,17
-60.616682,2.112786,8,0,1,302
-46.921167,-23.580765,8,0,1,347
-60.645908,2.062756,8,0,2,32
-46.922870,-23.578782,8,0,1,356
-60.646886,2.061233,8,0,2,32
-46.922865,-23.577670,8,0,1,2
-60.580976,1.864774,8,0,2,150
-46.922921,-23.577648,8,0,1,184
-60.581843,1.866278,8,0,2,150
-46.927661,-23.566514,8,0,1,348
-60.582744,1.867859,8,0,2,150
-46.928065,-23.566135,8,0,1,161
-60.671035,2.419031,8,0,0,233
-46.928179,-23.565075,8,0,1,167
-60.669573,2.420158,8,0,0,233
-46.928514,-23.563668,8,0,1,341
-60.597176,2.609431,8,0,0,1
-46.928588,-23.563689,8,0,1,158
-60.597249,2.607150,8,0,2,5
-46.930687,-23.562041,8,0,1,312
-60.666269,2.422788,8,0,0,51
-46.930745,-23.562080,8,0,1,140
-60.668141,2.421256,8,0,0,51
-46.931434,-23.560885,8,0,1,330
-53.227162,-26.445795,8,0,0,45
-46.931503,-23.560913,8,0,1,150
-51.372896,-27.088863,8,0,1,118
-46.932875,-23.558969,8,0,1,313
-52.532031,-26.564403,8,0,2,170
-46.932929,-23.559014,8,0,1,138
-51.037431,-26.785407,8,0,0,99
-46.933204,-23.558542,8,0,1,332
-51.048501,-26.781111,8,0,2,98
-46.933276,-23.558569,8,0,1,153
-51.050861,-26.780783,8,0,2,101
-46.934332,-23.556555,8,0,1,332
-50.990014,-26.784755,8,0,1,267
-46.934408,-23.556575,8,0,1,152
-50.971669,-26.786769,8,0,1,268
-46.935105,-23.554200,8,0,1,331
-53.513658,-26.751313,8,0,2,118
-46.935387,-23.553868,8,0,1,313
-53.518607,-26.745741,8,0,2,176
-46.936027,-23.553730,8,0,1,151
-53.518776,-26.743960,8,0,2,176
-46.936418,-23.552374,8,0,1,346
-37.852998,-9.701184,8,0,0,107
-46.936899,-23.552024,8,0,1,128
-67.791572,-10.011422,8,0,1,272
-36.645509,-7.065686,8,0,0,104
-48.812595,-1.759020,8,0,0,89
-36.361191,-7.057612,8,0,1,271
-48.791312,-1.771493,8,0,0,133
-36.361187,-7.057683,8,0,1,88
-48.790556,-1.772570,8,0,0,161
-36.362200,-7.057644,8,0,1,267
-48.790103,-1.774072,8,0,0,164
-36.362209,-7.057716,8,0,1,88
-48.789915,-1.774782,8,0,0,165
-36.043201,-7.166551,8,0,0,118
-48.788253,-1.781566,8,0,0,166
-46.935005,-23.543810,8,0,1,295
-48.788435,-1.780817,8,0,0,166
-46.936524,-23.537803,8,0,1,294
-48.859408,-1.738015,8,0,0,120
-46.937883,-23.537251,8,0,1,294
-48.613977,-1.516779,8,0,2,6
-46.936058,-23.528788,8,0,1,342
-48.627011,-1.670069,8,0,0,54
-46.936139,-23.528803,8,0,1,172
-48.546546,-1.597620,8,0,0,60
-46.936407,-23.526719,8,0,1,17
-48.549049,-1.598998,8,0,0,60
-46.936482,-23.526686,8,0,1,199
-48.600725,-1.645004,8,0,0,47
-40.892738,-18.735454,8,0,0,180
-48.601635,-1.645889,8,0,0,47
-40.892024,-18.738198,8,0,0,140
-48.623943,-1.667505,8,0,0,46
-40.891371,-18.739742,8,0,2,165
-48.701627,-1.720262,8,0,0,56
-40.866778,-18.765927,8,0,0,148
-48.740299,-1.746004,8,0,0,56
-40.867974,-18.764152,8,0,0,148
-48.743803,-1.748320,8,0,0,56
-40.755239,-18.954335,8,0,0,173
-48.762862,-1.760888,8,0,0,51
-40.755219,-18.953149,8,0,0,5
-48.763982,-1.761805,8,0,2,51
-40.755013,-18.955195,8,0,0,160
-48.772910,-1.769328,8,0,0,46
-40.754280,-18.956377,8,0,0,140
-48.788136,-1.776281,8,0,0,88
-40.734273,-18.998492,8,0,2,168
-48.774599,-1.770939,8,0,0,46
-40.733867,-19.000200,8,0,0,161
-47.025893,-15.746863,8,0,0,150
-40.709742,-19.043974,8,0,0,153
-47.024648,-15.748890,8,0,0,150
-40.675596,-19.306021,8,0,0,40
-46.816732,-15.879213,8,0,0,96
-40.674789,-19.305094,8,0,0,40
-46.818452,-15.879045,8,0,2,96
-35.867158,-7.189422,8,0,2,14
-46.560826,-16.084194,8,0,2,133
-35.857329,-7.162524,8,0,2,18
-46.558136,-16.086665,8,0,0,133
-35.857159,-7.018677,8,0,1,353
-46.555731,-16.088939,8,0,1,133
-35.857256,-7.017042,8,0,2,2
-46.555688,-16.088881,8,0,1,313
-35.819002,-6.975548,8,0,2,76
-46.556384,-16.088340,8,0,1,133
-35.818142,-6.975341,8,0,2,76
-46.556342,-16.088288,8,0,1,313
-35.815375,-6.974691,8,0,2,77
-46.554822,-16.089781,8,0,1,133
-35.800976,-6.970804,8,0,2,66
-46.554771,-16.089731,8,0,1,313
-36.798465,-6.777069,8,0,2,49
-46.553346,-16.089318,8,0,2,45
-36.795218,-6.775572,8,0,2,81
-46.552748,-16.088846,8,0,0,51
-36.911364,-6.871260,8,0,2,69
-46.554140,-16.090318,8,0,1,313
-36.908957,-6.870309,8,0,2,68
-46.554098,-16.090444,8,0,1,133
-36.910522,-6.870939,8,0,2,69
-46.820338,-15.878668,8,0,0,111
-44.329495,-2.941855,8,0,1,158
-47.760980,-15.938627,8,0,0,76
-44.331276,-2.937089,8,0,1,339
-49.360130,-26.218599,8,0,1,81
-48.449757,-22.900682,8,0,1,37
-49.360050,-26.218398,8,0,1,289
-36.988667,-6.769588,8,0,2,158
-49.362574,-26.218383,8,0,1,94
-37.044604,-6.653517,8,0,0,171
-49.362469,-26.218301,8,0,1,274
-37.044986,-6.651161,8,0,2,171
-49.364926,-26.218273,8,0,1,110
-37.069342,-6.494696,8,0,2,59
-49.364825,-26.218065,8,0,1,264
-37.067409,-6.491973,8,0,0,21
-49.319806,-25.711224,8,0,1,148
-37.065376,-6.486846,8,0,0,21
-41.540158,-20.766272,8,0,2,116
-37.063257,-6.484071,8,0,0,41
-41.538233,-20.765691,8,0,2,59
-37.056969,-6.454713,8,0,0,126
-41.536294,-20.765038,8,0,2,28
-37.069614,-6.446373,8,0,0,117
-41.536031,-20.764571,8,0,0,29
-37.080920,-6.440834,8,0,2,114
-40.688752,-20.815779,8,0,2,50
-36.796863,-6.775918,8,0,2,68
-43.907903,-19.875943,8,0,1,79
-47.942518,-18.175524,8,0,1,349
-49.726659,-22.076830,8,0,0,127
-43.825723,-19.891464,8,0,1,120
-49.858076,-22.979973,8,0,1,340
-52.676631,-27.095269,8,0,2,96
-49.862732,-22.969619,8,0,1,336
-46.557735,-23.633595,8,0,1,202
-49.867780,-22.961831,8,0,1,326
-52.030706,-27.230313,8,0,2,174
-49.651727,-22.224578,8,0,2,145
-52.040865,-27.218189,8,0,2,97
-49.653276,-22.222421,8,0,2,147
-52.013376,-27.228235,8,0,2,131
-49.653615,-22.220942,8,0,2,178
-51.991748,-27.229410,8,0,2,85
-49.653678,-22.219452,8,0,2,178
-40.221593,-20.204752,8,0,1,242
-49.653767,-22.203236,8,0,1,9
-49.653564,-22.202101,8,0,1,9
-49.651892,-22.198474,8,0,2,9
-49.652109,-22.199685,8,0,1,189
-49.652582,-22.202322,8,0,1,189
-49.653007,-22.204740,8,0,1,189
-49.717379,-22.083391,8,0,1,307
-49.718118,-22.082858,8,0,1,307
-49.718171,-22.082903,8,0,1,127
-49.719174,-22.082119,8,0,1,307
-49.720064,-22.081486,8,0,1,307
-49.721446,-22.080526,8,0,1,307
-49.723220,-22.079356,8,0,1,127
-49.721130,-22.080821,8,0,1,127
-49.722120,-22.080107,8,0,1,127
-45.136755,-22.116622,8,0,0,194
-45.134688,-22.118763,8,0,2,97
-49.724970,-22.077735,8,0,2,108
-44.980972,-22.423132,8,0,0,14
-44.980639,-22.421891,8,0,0,14
-49.268389,-21.641956,8,0,1,238
-48.816265,-20.877433,8,0,2,9
-48.815781,-20.872868,8,0,2,28
-48.807767,-20.869364,8,0,0,22
-48.807205,-20.868577,8,0,0,42
-48.819984,-20.883343,8,0,2,59
-45.962666,-21.777143,8,0,1,165
-48.687854,-20.151152,8,0,0,180
-48.915957,-20.015038,8,0,2,115
-48.921907,-20.012446,8,0,2,115
-43.630379,-22.811802,8,0,0,109
-48.862937,-19.483274,8,0,0,147
-44.199723,-22.672638,8,0,2,57
-44.200966,-22.673377,8,0,2,57
-51.658017,-20.781967,8,0,1,272
-51.658381,-20.781961,8,0,1,272
-51.659275,-20.781941,8,0,1,271
-51.659724,-20.781999,8,0,1,91
-51.682755,-20.797892,8,0,1,211
-51.719776,-20.818799,8,0,2,108
-51.720707,-20.818478,8,0,2,114
-52.426886,-21.717305,8,0,2,39
-51.195563,-22.991852,8,0,2,1
-51.195617,-22.994482,8,0,2,1
-51.195703,-22.999358,8,0,2,1
-51.195406,-23.009031,8,0,0,148
-51.205036,-23.193663,8,0,2,168
-51.204892,-23.194803,8,0,2,178
-51.157874,-23.248551,8,0,2,134
-51.157361,-23.250066,8,0,2,1
-51.157376,-23.251102,8,0,2,1
-51.157386,-23.252525,8,0,2,1
-51.157405,-23.254129,8,0,2,1
-51.150693,-23.269251,8,0,1,107
-51.149770,-23.269510,8,0,1,107
-51.409857,-24.010439,8,0,0,48
-51.410970,-24.010921,8,0,0,84
-51.411914,-24.011013,8,0,0,85
-51.412942,-24.011486,8,0,0,21
-51.413486,-24.012771,8,0,0,20
-51.425435,-24.184399,8,0,2,107
-51.426835,-24.184015,8,0,2,107
-51.427584,-24.184884,8,0,2,16
-51.321053,-24.303852,8,0,2,167
-51.320284,-24.305772,8,0,2,154
-51.319554,-24.307488,8,0,0,168
-51.319035,-24.309825,8,0,0,168
-51.314877,-24.315813,8,0,0,143
-51.313751,-24.317196,8,0,2,145
-51.312839,-24.318377,8,0,2,145
-51.311928,-24.319580,8,0,2,145
-51.311281,-24.320931,8,0,2,175
-51.311909,-24.323463,8,0,0,35
-51.314045,-24.327137,8,0,0,17
-51.313626,-24.326243,8,0,0,24
-50.236153,-25.046855,8,0,1,152
-50.235084,-25.048475,8,0,1,332
-51.991220,-28.068563,8,0,2,89
-51.987567,-28.068542,8,0,0,89
-51.980981,-28.068493,8,0,0,89
-51.860230,-28.053899,8,0,2,22
-51.842723,-28.055898,8,0,0,100
-51.839782,-28.056345,8,0,0,101
-51.794903,-27.961326,8,0,2,131
-51.804453,-27.948741,8,0,2,172
-51.590987,-27.767883,8,0,2,120
-46.696119,-22.321897,8,0,0,78
-46.694871,-22.321659,8,0,2,78
-46.693516,-22.321409,8,0,2,79
-43.759646,-20.655261,8,0,2,47
-43.755195,-20.651006,8,0,0,80
-43.294158,-21.775416,8,0,0,31
-41.027810,-16.651479,8,0,2,172
-41.029695,-16.654895,8,0,0,8
-41.028867,-16.657527,8,0,2,154
-41.028634,-16.658016,8,0,2,161
-41.028135,-16.658737,8,0,2,116
-41.025738,-16.659736,8,0,2,124
-41.025472,-16.659816,8,0,2,112
-41.024623,-16.660126,8,0,0,111
-41.022858,-16.660785,8,0,2,110
-41.021131,-16.661437,8,0,2,115
-41.019055,-16.662195,8,0,2,110
-41.018869,-16.662265,8,0,2,110
-41.017923,-16.662570,8,0,2,101
-41.016545,-16.662769,8,0,2,95
-41.015548,-16.662868,8,0,2,95
-48.738706,-26.827451,8,0,2,152
-48.751752,-26.799276,8,0,2,155
-48.757893,-26.787584,8,0,0,155
-48.766373,-26.783033,8,0,0,92
-48.907351,-26.712445,8,0,2,2
-48.915883,-26.711890,8,0,2,37
-48.677509,-26.924343,8,0,1,225
-48.676709,-26.923981,8,0,1,43
-48.680316,-26.926409,8,0,1,53
-48.674040,-26.922079,8,0,1,52
-48.674046,-26.921977,8,0,1,232
-46.332246,-23.657978,8,0,1,253
-46.339390,-23.663121,8,0,1,224
-40.477164,-20.388404,8,0,2,59
-40.476433,-20.387992,8,0,2,59
-41.136196,-20.825918,8,0,0,67
-41.542093,-20.764683,8,0,2,17
-41.541707,-20.765575,8,0,0,122
-45.256563,-22.868536,8,0,1,19
-45.350750,-21.979947,8,30,2,39
-46.726845,-23.402433,8,40,1,99
-46.726368,-23.402430,8,40,1,280
-46.490361,-23.588540,8,50,1,161
-46.490249,-23.588656,8,50,1,341
-44.899281,-21.966137,8,60,0,62
