X,Y,TYPE,SPEED,DirType,Direction
-54.580523,-20.480856,1,30,1,235
-46.267249,-23.984341,1,30,1,146
-44.091334,-19.908787,1,30,1,14
-46.549897,-23.120720,1,30,1,99
-46.499591,-23.635544,1,30,1,296
-54.845016,-22.224371,1,30,2,66
-43.030287,-22.665031,1,30,2,117
-44.079869,-19.918421,1,30,1,127
-46.522011,-23.690125,1,30,1,169
-48.388852,-1.354075,1,30,1,36
-46.499867,-23.635460,1,30,1,116
-44.021044,-19.799916,1,30,1,257
-46.801232,-23.675005,1,30,1,90
-44.021542,-19.800110,1,30,1,75
-44.058251,-19.945982,1,30,1,339
-54.600853,-20.439554,1,30,1,220
-44.047347,-19.948011,1,30,1,286
-48.388911,-1.354027,1,30,1,215
-47.550213,-22.397689,1,30,1,86
-55.734041,-22.526574,1,30,1,325
-46.801095,-23.674917,1,30,1,270
-46.364075,-23.417301,1,30,1,73
-54.628774,-20.497442,1,30,1,263
-41.947625,-18.894271,1,30,2,14
-44.031363,-19.932228,1,30,1,193
-47.225616,-23.095112,1,30,1,1
-35.211066,-6.262783,1,30,1,343
-55.734007,-22.526814,1,30,1,145
-54.638845,-20.458292,1,30,1,122
-55.746525,-22.485422,1,30,0,355
-54.646443,-20.496188,1,30,1,86
-54.221031,-23.057247,1,30,1,106
-54.223933,-22.262666,1,30,2,22
-47.771581,-15.906324,1,30,1,128
-35.211235,-6.262284,1,30,1,162
-53.024230,-26.147677,1,30,1,139
-54.645453,-20.476681,1,30,2,30
-55.745158,-22.508533,1,30,0,149
-34.871705,-8.063943,1,30,1,27
-47.776231,-15.896213,1,30,1,161
-46.847531,-23.648544,1,30,1,103
-54.629657,-20.497649,1,30,1,83
-38.532745,-13.007504,1,30,1,150
-53.023910,-26.147777,1,30,1,319
-54.580610,-20.480974,1,30,1,55
-55.743159,-22.511672,1,30,2,329
-44.091283,-19.908390,1,30,1,193
-44.135817,-19.776204,1,30,1,50
-51.485823,-27.619201,1,30,1,239
-44.029201,-19.933728,1,30,1,160
-44.076617,-19.779591,1,30,1,135
-55.722226,-22.531052,1,30,1,235
-55.169834,-21.617704,1,30,1,130
-55.735652,-22.527329,1,30,1,325
-54.619417,-20.451511,1,30,1,350
-44.135759,-19.776131,1,30,1,229
-46.524285,-23.723752,1,30,2,25
-44.036632,-19.913412,1,30,1,7
-55.221895,-23.120273,1,30,1,153
-55.719206,-22.529282,1,30,1,55
-55.169827,-21.617581,1,30,1,310
-55.735791,-22.527277,1,30,1,143
-54.638485,-20.458409,1,30,1,302
-41.976031,-18.855122,1,30,1,154
-38.528659,-13.009660,1,30,1,263
-44.028878,-19.933692,1,30,1,339
-55.221870,-23.120102,1,30,1,333
-55.804468,-20.479720,1,30,2,134
-47.317502,-22.964662,1,30,1,5
-49.754945,-21.672168,1,30,1,330
-54.194972,-23.058688,1,30,1,60
-54.645864,-20.496048,1,30,1,267
-38.526993,-13.009433,1,30,1,84
-46.521836,-23.690430,1,30,1,341
-55.625616,-22.627553,1,30,2,144
-44.031274,-19.932285,1,30,1,16
-47.317522,-22.964539,1,30,1,185
-43.685795,-22.761730,1,30,1,321
-54.208823,-23.065858,1,30,1,60
-46.549949,-23.120663,1,30,1,278
-55.802958,-20.490591,1,30,2,52
-43.806524,-20.601278,1,30,1,27
-44.131106,-19.773073,1,30,2,32
-44.061664,-19.961787,1,30,1,85
-47.317731,-22.960158,1,30,2,161
-55.165324,-21.621275,1,30,1,130
-54.194411,-23.058276,1,30,1,241
-38.528342,-13.009073,1,30,1,261
-55.810624,-20.494789,1,30,2,24
-55.808107,-20.494463,1,30,2,51
-46.937448,-23.604274,1,30,1,38
-46.984367,-23.040672,1,30,1,349
-46.877467,-23.354453,1,30,2,40
-50.924807,-17.790492,1,30,1,244
-54.208583,-23.065616,1,30,1,240
-53.944726,-26.917232,1,30,0,3
-55.807081,-20.487500,1,30,2,24
-50.925110,-17.800271,1,30,2,131
-46.937461,-23.604184,1,30,1,216
-45.611020,-23.775880,1,30,2,59
-42.183404,-20.196780,1,30,0,174
-47.315595,-22.756335,1,30,2,152
-54.212613,-23.059327,1,30,1,285
-44.010718,-19.797639,1,30,1,301
-46.912267,-23.175970,1,30,1,176
-55.168893,-21.630929,1,30,2,86
-54.579710,-20.550137,1,30,2,120
-45.532194,-23.815302,1,30,2,57
-46.518010,-23.622867,1,30,1,231
-41.946304,-18.889568,1,30,2,14
-47.568122,-22.395876,1,30,1,160
-44.011209,-19.797570,1,30,1,118
-47.536564,-1.334392,1,30,0,53
-44.085359,-19.903828,1,30,1,257
-46.351634,-23.956691,1,30,2,74
-46.604873,-22.472184,1,30,2,157
-54.197285,-23.069870,1,30,1,152
-55.165394,-21.621083,1,30,1,310
-38.532625,-13.003196,1,30,1,192
-47.221435,-22.860771,1,30,1,5
-54.196816,-23.070378,1,30,1,332
-44.086079,-19.903987,1,30,1,92
-55.723673,-22.525155,1,30,1,56
-47.221440,-22.860249,1,30,1,185
-54.199316,-23.054125,1,30,1,14
-55.161928,-21.626706,1,30,2,175
-55.723493,-22.524911,1,30,1,235
-45.441410,-22.928549,1,30,1,31
-54.199275,-23.053555,1,30,1,196
-47.558963,-22.393421,1,30,1,12
-55.159615,-21.620367,1,30,1,128
-45.441391,-22.928333,1,30,1,196
-55.158821,-21.620859,1,30,1,306
-47.582412,-22.434031,1,30,1,356
-53.367067,-29.746340,1,30,0,159
-37.321012,-5.212471,1,30,2,49
-46.774833,-23.611659,1,30,2,171
-47.551371,-22.384566,1,30,1,42
-45.440429,-23.727051,1,30,1,12
-37.325254,-5.216201,1,30,2,49
-45.440386,-23.726888,1,30,1,193
-44.036816,-19.920001,1,30,1,357
-45.417079,-23.809788,1,30,2,114
-46.496045,-23.448847,1,30,1,248
-44.036895,-19.920001,1,30,1,170
-47.550076,-22.395471,1,30,1,213
-38.532349,-13.008308,1,30,1,152
-43.806249,-20.600740,1,30,1,207
-46.519812,-23.439245,1,30,1,48
-49.325996,-16.619728,1,30,1,22
-46.519847,-23.439196,1,30,1,228
-49.325808,-16.619284,1,30,1,202
-45.443224,-23.708998,1,30,1,166
-44.098465,-19.931288,1,30,2,2
-45.443080,-23.709046,1,30,1,345
-56.143306,-21.482691,1,40,2,67
-45.695276,-23.772209,1,40,2,114
-38.395870,-12.148705,1,40,2,55
-44.181474,-19.994703,1,40,1,168
-36.489716,-8.923065,1,40,0,174
-39.580015,-16.350036,1,40,1,354
-45.409446,-23.814323,1,40,1,356
-49.255081,-25.531187,1,40,1,70
-37.441233,-11.261322,1,40,2,9
-45.651269,-23.776324,1,40,2,56
-38.415074,-12.162086,1,40,2,55
-44.131087,-19.947186,1,40,1,279
-45.545532,-23.029438,1,40,2,54
-39.586332,-16.386207,1,40,1,208
-45.409498,-23.813766,1,40,1,183
-49.255069,-25.530985,1,40,1,250
-45.015414,-12.132057,1,40,0,150
-51.127826,-30.040167,1,40,1,79
-49.274034,-25.437981,1,40,1,155
-46.742302,-19.198352,1,40,1,153
-60.595521,2.616213,1,40,0,177
-46.346613,-23.527348,1,40,2,58
-46.576488,-23.613167,1,40,1,90
-54.771364,-20.480540,1,40,1,60
-55.529502,-11.839723,1,40,1,301
-51.125825,-30.039693,1,40,1,255
-39.284287,-12.978712,1,40,2,47
-46.741388,-19.200121,1,40,1,333
-60.918378,2.454708,1,40,0,2
-37.622170,-9.930263,1,40,2,153
-46.559217,-23.621941,1,40,1,270
-45.415839,-23.622933,1,40,1,267
-48.311616,-10.235734,1,40,1,2
-41.710281,-3.930919,1,40,1,283
-39.291137,-12.985013,1,40,2,35
-48.631282,-1.669989,1,40,0,123
-60.698281,2.877708,1,40,2,171
-39.556904,-16.580014,1,40,1,166
-49.520769,-25.446749,1,40,1,179
-45.414165,-23.626007,1,40,1,146
-48.311509,-10.224500,1,40,1,182
-49.375070,-20.805998,1,40,1,45
-39.319524,-13.173890,1,40,1,270
-48.594154,-1.498668,1,40,0,10
-54.678965,-20.548077,1,40,0,112
-44.262523,-2.628080,1,40,1,35
-48.458604,-1.371141,1,40,1,208
-49.339757,-25.424167,1,40,1,342
-39.325169,-14.836908,1,40,2,46
-52.416197,-26.874739,1,40,2,95
-49.222724,-25.389970,1,40,2,250
-48.656704,-1.520706,1,40,0,84
-48.869538,-26.285608,1,40,2,107
-49.336401,-25.420297,1,40,1,275
-48.459288,-1.372748,1,40,1,24
-49.339443,-25.423462,1,40,1,220
-39.334630,-14.843245,1,40,2,69
-52.425814,-26.877371,1,40,1,276
-49.221189,-25.390490,1,40,2,120
-48.700136,-1.521932,1,40,1,79
-46.661470,-23.636962,1,40,1,207
-49.337205,-25.419749,1,40,1,162
-40.826341,-18.390034,1,40,0,164
-49.202437,-25.420637,1,40,1,336
-49.305015,-25.387283,1,40,1,95
-52.425814,-26.877432,1,40,1,96
-46.949658,-19.615660,1,40,0,240
-48.700162,-1.521801,1,40,1,259
-44.179910,-19.966273,1,40,1,266
-48.050567,-15.913215,1,40,1,163
-49.265965,-25.425120,1,40,1,339
-49.234635,-25.397816,1,40,1,231
-49.304660,-25.387196,1,40,1,275
-46.840461,-23.215996,1,40,1,183
-49.239528,-25.427282,1,40,1,275
-47.986647,-15.811245,1,40,1,279
-45.723167,-23.758312,1,40,1,310
-49.330440,-25.427061,1,40,1,273
-49.223170,-25.412491,1,40,1,156
-49.235812,-25.398605,1,40,1,55
-48.336994,-10.208366,1,40,1,165
-46.840658,-23.221364,1,40,1,18
-49.325062,-25.424082,1,40,1,160
-48.854544,-26.284414,1,40,1,267
-46.329300,-23.473901,1,40,1,145
-49.201307,-25.525579,1,40,1,20
-49.250419,-25.367360,1,40,1,188
-49.272171,-25.389375,1,40,2,188
-48.336776,-10.208949,1,40,1,359
-40.706138,-20.831766,1,40,0,66
-49.325216,-25.426894,1,40,1,184
-67.794727,-10.011464,1,40,1,270
-46.592405,-23.715145,1,40,1,172
-55.725864,-12.538655,1,40,1,303
-37.080763,-10.909171,1,40,1,278
-48.049829,-15.914841,1,40,1,343
-40.185271,-10.446849,1,40,2,157
-40.923095,-19.508408,1,40,1,273
-49.311620,-25.412606,1,40,1,141
-56.081873,-15.626730,1,40,1,113
-48.853556,-26.274701,1,40,1,267
-49.200954,-25.524235,1,40,1,196
-37.081065,-10.909246,1,40,1,98
-49.267203,-25.437931,1,40,1,71
-59.233704,-15.321018,1,40,1,134
-45.404650,-23.618450,1,40,1,123
-57.723316,-16.037071,1,40,0,147
-56.082364,-15.626416,1,40,1,290
-48.854013,-26.274774,1,40,1,87
-48.821824,-26.383840,1,40,1,320
-59.988439,-3.135798,1,40,1,189
-43.656739,-22.645992,1,40,2,111
-59.228974,-15.324180,1,40,1,312
-45.404450,-23.618432,1,40,1,303
-47.337397,-23.403113,1,40,1,213
-46.479677,-23.697436,1,40,1,226
-46.546374,-23.689098,1,40,1,200
-49.447776,-16.741353,1,40,1,327
-50.594566,-29.836263,1,40,0,73
-46.754377,-23.610917,1,40,1,338
-38.399829,-12.121478,1,40,1,233
-45.547405,-23.799195,1,40,0,51
-54.659536,-16.462553,1,40,1,157
-53.422562,-24.973578,1,40,2,64
-46.546423,-23.689356,1,40,1,26
-49.448166,-16.738854,1,40,1,202
-46.310834,-23.412596,1,40,2,59
-43.181323,-22.951903,1,40,1,217
-38.425232,-12.147075,1,40,1,17
-48.046058,-15.926643,1,40,1,343
-49.535448,-16.293732,1,40,1,152
-53.421651,-24.927386,1,40,2,180
-46.335916,-23.465082,1,40,1,333
-50.384187,-25.876393,1,40,2,1
-46.305935,-23.397520,1,40,2,55
-45.970518,-23.301760,1,40,1,38
-38.425477,-12.147279,1,40,1,197
-48.046751,-15.925119,1,40,1,163
-48.961348,-16.306442,1,40,1,333
-53.500300,-24.957806,1,40,2,13
-50.951752,-28.498374,1,40,1,152
-43.855260,-16.770487,1,40,1,270
-46.657534,-23.605107,1,40,1,40
-42.705125,-18.524095,1,40,2,90
-38.418669,-12.138104,1,40,1,103
-50.631034,-29.101056,1,40,1,263
-48.962770,-16.303380,1,40,1,157
-53.445042,-24.927085,1,40,2,87
-48.561671,-16.008552,1,40,1,335
-43.855340,-16.770741,1,40,1,89
-49.520692,-25.450368,1,40,1,74
-39.168127,-6.399630,1,40,1,245
-38.416159,-12.138706,1,40,1,104
-49.139966,-15.326797,1,40,1,89
-46.570375,-21.792443,1,40,1,174
-53.503444,-24.970544,1,40,2,12
-46.531828,-23.784184,1,40,1,139
-43.489911,-22.985400,1,40,1,202
-35.902584,-7.362429,1,40,0,180
-39.168843,-6.399969,1,40,1,65
-38.400765,-12.145050,1,40,1,298
-49.117334,-15.321976,1,40,1,180
-46.531989,-21.784264,1,40,0,67
-53.464479,-24.990836,1,40,2,158
-46.606884,-23.645429,1,40,1,223
-41.509061,-17.853842,1,40,2,176
-51.465833,-25.387634,1,40,1,133
-48.819256,-26.319318,1,40,2,85
-38.401396,-12.144798,1,40,1,118
-49.117248,-15.321882,1,40,1,0
-56.079205,-15.541497,1,40,1,204
-53.438052,-24.918824,1,40,2,180
-51.134797,-29.624141,1,40,1,229
-55.517084,-11.986638,1,40,0,0
-51.474973,-25.398667,1,40,1,225
-45.932617,-21.364409,1,40,1,116
-38.370856,-12.275204,1,40,0,172
-49.121226,-15.336009,1,40,1,271
-56.079368,-15.542224,1,40,1,24
-53.450316,-24.958351,1,40,1,273
-39.969077,-13.522699,1,40,0,27
-55.641408,-12.425187,1,40,2,36
-51.478582,-25.386563,1,40,1,135
-48.757341,-16.627172,1,40,2,116
-49.330675,-20.768826,1,40,1,182
-55.562208,-12.287048,1,40,2,29
-46.560138,-21.807095,1,40,1,315
-37.621937,-10.959561,1,40,0,116
-46.169356,-17.750379,1,40,1,334
-55.729542,-12.560354,1,40,1,302
-51.449575,-25.378494,1,40,2,45
-45.869278,-23.192957,1,40,1,135
-49.243152,-25.428244,1,40,1,102
-49.508856,-15.355039,1,40,2,107
-46.561199,-21.805868,1,40,1,158
-37.550710,-10.986377,1,40,1,283
-55.635925,-21.176007,1,40,1,286
-55.729591,-12.560413,1,40,1,122
-51.489637,-25.373256,1,40,2,148
-49.789447,-16.046479,1,40,1,156
-45.548265,-23.031764,1,40,1,88
-49.273332,-25.368008,1,40,2,14
-46.532425,-21.793112,1,40,1,277
-37.550913,-10.986603,1,40,1,103
-45.820319,-23.173598,1,40,2,68
-55.722906,-12.555420,1,40,2,122
-51.494726,-25.393143,1,40,2,96
-48.261157,-15.758674,1,40,1,227
-49.219345,-25.387116,1,40,1,260
-56.044222,-15.606168,1,40,1,294
-46.532546,-21.793117,1,40,1,97
-46.554561,-23.136241,1,40,1,4
-43.340851,-22.955978,1,40,1,34
-56.123058,-15.658117,1,40,1,10
-51.457040,-25.373509,1,40,2,149
-48.267798,-15.764462,1,40,1,227
-42.527827,-19.480180,1,40,1,287
-56.044380,-15.606290,1,40,1,114
-46.556657,-21.836872,1,40,1,211
-46.581620,-23.119507,1,40,1,224
-48.969716,-15.861595,1,40,0,355
-56.123097,-15.657868,1,40,1,190
-42.084257,-4.034651,1,40,0,26
-48.242188,-15.761064,1,40,2,102
-53.493681,-24.968990,1,40,1,284
-56.123920,-15.642781,1,40,1,216
-46.556591,-21.837507,1,40,1,31
-49.210748,-25.372498,1,40,1,60
-49.387830,-20.811202,1,40,1,315
-56.125990,-15.663404,1,40,1,36
-46.951372,-20.895772,1,40,1,64
-48.277962,-15.778437,1,40,1,42
-53.494789,-24.968465,1,40,1,102
-42.550748,-19.035981,1,40,0,15
-40.652943,-3.551251,1,40,1,309
-49.208199,-25.371298,1,40,1,290
-49.401702,-20.779868,1,40,1,136
-56.126059,-15.663299,1,40,1,216
-46.947059,-20.893840,1,40,1,244
-48.268149,-15.764942,1,40,1,49
-53.437546,-24.924148,1,40,2,48
-42.546187,-19.070274,1,40,2,58
-40.653274,-3.551032,1,40,1,125
-49.326174,-25.422055,1,40,1,96
-49.351351,-20.792113,1,40,1,53
-56.128765,-15.696870,1,40,1,348
-42.699488,-21.625993,1,40,1,221
-48.261788,-15.759364,1,40,1,48
-41.774259,-12.427961,1,40,2,82
-46.270211,-23.540434,1,40,2,99
-40.622727,-3.642097,1,40,2,339
-49.324343,-25.411288,1,40,1,274
-49.368551,-20.783045,1,40,1,190
-56.128902,-15.696699,1,40,1,168
-34.842306,-8.009180,1,40,1,198
-48.277990,-15.778304,1,40,1,222
-45.447743,-23.586832,1,40,1,357
-48.900576,-26.292246,1,40,1,88
-45.254199,-22.860863,1,40,1,41
-49.284039,-25.368560,1,40,1,296
-46.668871,-19.160076,1,40,1,298
-46.946834,-19.592532,1,40,2,90
-51.095896,-29.905750,1,40,1,194
-49.202546,-25.420444,1,40,1,156
-45.449690,-23.600329,1,40,1,190
-48.854894,-26.306835,1,40,1,222
-45.253994,-22.860536,1,40,1,235
-49.338000,-25.413842,1,40,1,50
-49.205120,-25.437024,1,40,1,206
-46.948442,-19.592530,1,40,2,90
-53.489594,-28.279273,1,40,1,215
-44.270544,-2.638972,1,40,1,216
-47.907648,-21.821728,1,40,1,8
-49.139388,-23.891848,1,40,0,190
-46.752331,-23.325732,1,40,1,134
-48.909890,-1.930894,1,40,0,31
-49.333695,-25.448590,1,40,1,210
-43.472720,-19.946254,1,40,1,184
-41.957716,-18.854771,1,40,1,96
-44.930908,-22.253113,1,40,2,123
-47.907774,-21.821035,1,40,1,194
-49.139186,-23.887441,1,40,0,41
-46.751034,-23.327869,1,40,1,168
-48.611412,-1.509324,1,40,0,143
-49.334769,-25.448361,1,40,1,178
-43.472903,-19.949986,1,40,1,359
-46.733562,-23.528053,1,40,1,319
-46.656086,-24.110674,1,40,1,240
-45.404131,-23.620778,1,40,1,6
-38.491668,-13.012343,1,40,1,161
-46.406182,-23.427984,1,40,1,266
-48.618459,-1.504153,1,40,0,130
-53.045179,-26.055984,1,40,1,135
-49.699557,-15.358970,1,40,1,182
-41.793667,-4.289233,1,40,2,40
-46.685623,-24.125939,1,40,1,240
-45.431644,-23.713757,1,40,1,68
-53.112604,-28.638202,1,40,1,270
-46.406399,-23.428063,1,40,1,345
-48.612638,-1.509709,1,40,0,144
-46.631926,-21.837717,1,40,0,124
-49.699728,-15.362885,1,40,1,2
-52.955942,-22.484769,1,40,2,165
-49.337689,-25.413709,1,40,1,250
-45.440003,-23.589609,1,40,1,98
-53.116238,-28.638362,1,40,1,88
-52.411453,-26.878327,1,40,1,72
-48.618639,-1.505242,1,40,0,145
-49.162866,-25.348527,1,40,1,234
-45.593882,-22.737859,1,40,0,117
-51.930126,-23.421977,1,40,1,274
-44.004526,-19.925212,1,40,1,12
-41.814024,-21.223276,1,40,1,255
-46.001493,-23.335401,1,40,1,198
-52.402961,-26.889613,1,40,2,134
-48.705103,-1.499757,1,40,1,269
-49.163004,-25.348701,1,40,1,58
-44.470372,-4.046667,1,40,2,16
-51.914953,-23.426960,1,40,1,293
-44.002579,-19.925252,1,40,1,145
-48.832893,-26.330732,1,40,1,140
-46.001563,-23.335750,1,40,1,22
-52.390590,-26.879704,1,40,1,106
-48.629978,-1.533014,1,40,0,57
-49.311594,-25.422659,1,40,2,94
-49.212952,-18.415484,1,40,1,31
-53.049939,-26.089804,1,40,2,22
-52.608812,-27.095231,1,40,2,166
-48.832459,-26.331547,1,40,1,347
-46.725141,-23.528709,1,40,1,150
-52.390562,-26.879610,1,40,1,286
-47.492335,-16.111421,1,40,0,165
-49.321095,-25.426365,1,40,2,6
-49.212678,-18.415053,1,40,1,230
-52.417315,-26.880031,1,40,1,72
-51.404254,-26.997682,1,40,1,243
-42.953134,-22.391792,1,40,0,172
-54.640672,-16.457024,1,40,1,136
-52.393497,-26.882265,1,40,2,119
-47.522404,-16.082361,1,40,2,129
-46.340558,-23.509981,1,40,1,135
-49.205567,-18.413126,1,40,1,91
-52.416541,-26.879818,1,40,1,251
-51.182926,-29.176144,1,40,1,36
-40.351221,-3.594760,1,40,0,14
-54.643441,-16.454218,1,40,2,137
-52.424471,-26.881258,1,40,1,263
-47.531685,-16.066831,1,40,0,161
-46.340491,-23.509927,1,40,1,315
-49.207351,-18.413010,1,40,1,271
-45.942292,-22.241466,1,40,1,238
-48.850808,-26.302360,1,40,1,185
-40.351016,-3.593907,1,40,0,13
-48.260577,-18.877176,1,40,1,33
-55.529580,-11.839848,1,40,1,121
-42.008246,-4.051400,1,40,0,179
-39.077780,-12.609115,1,40,0,69
-48.205003,-18.641004,1,40,1,90
-45.943555,-22.242275,1,40,1,58
-48.820700,-26.298991,1,40,1,31
-42.996896,-22.482270,1,40,1,39
-40.800866,-18.668205,1,40,0,44
-48.201985,-22.517764,1,40,0,163
-49.861588,-22.979273,1,40,1,86
-39.091960,-12.628671,1,40,0,24
-48.204739,-18.640735,1,40,1,270
-43.635803,-21.269574,1,40,0,46
-48.832409,-26.276651,1,40,1,15
-42.996290,-22.481030,1,40,1,190
-40.796613,-18.663526,1,40,0,166
-48.261249,-22.405031,1,40,1,278
-49.377192,-20.814725,1,40,1,135
-43.791778,-20.642787,1,40,2,163
-48.179970,-18.640841,1,40,1,90
-47.895299,-20.851291,1,40,1,5
-60.703447,2.834987,1,40,1,249
-54.546208,-20.465950,1,40,1,283
-46.765959,-23.619210,1,40,2,91
-48.262121,-22.405135,1,40,1,95
-47.431828,-22.006397,1,40,1,5
-46.354054,-23.929951,1,40,1,279
-48.179309,-18.640581,1,40,1,270
-47.895799,-20.850547,1,40,1,187
-39.724416,-14.141704,1,40,0,106
-54.546686,-20.465920,1,40,1,103
-46.786372,-23.622835,1,40,2,165
-51.091912,-26.226024,1,40,1,326
-47.432276,-22.004440,1,40,1,166
-39.400221,-13.392431,1,40,0,29
-48.169588,-18.643374,1,40,1,124
-47.663776,-21.414519,1,40,1,327
-39.762739,-14.124846,1,40,2,110
-51.037473,-30.077650,1,40,0,17
-48.811365,-26.275944,1,40,1,356
-45.602262,-22.753729,1,40,0,179
-46.829784,-23.633832,1,40,1,152
-45.098704,-23.488904,1,40,0,103
-48.154684,-18.645407,1,40,1,313
-47.664720,-21.414367,1,40,1,146
-39.747066,-14.134783,1,40,2,100
-51.026305,-30.067278,1,40,0,31
-53.360462,-22.262759,1,40,1,217
-45.599547,-22.760892,1,40,0,6
-44.053848,-19.800673,1,40,1,132
-46.570980,-23.600001,1,40,1,159
-41.258602,-3.934899,1,40,1,218
-47.608615,-21.658730,1,40,1,355
-38.401830,-12.123077,1,40,1,53
-51.022214,-30.065937,1,40,2,107
-53.360950,-22.263490,1,40,1,37
-48.976363,-15.875894,1,40,0,59
-43.526482,-20.413514,1,40,0,177
-45.421947,-23.725152,1,40,1,149
-52.611389,-27.131284,1,40,0,107
-47.609339,-21.658174,1,40,1,175
-51.465358,-29.200087,1,40,1,107
-45.464201,-23.816116,1,40,0,4
-39.714992,-17.539131,1,40,1,208
-48.976485,-15.851696,1,40,2,122
-49.231736,-16.743197,1,40,1,4
-45.421642,-23.725456,1,40,1,330
-52.609492,-27.121807,1,40,1,346
-40.924924,-19.508272,1,40,1,100
-51.464179,-29.200602,1,40,1,309
-45.607304,-23.782021,1,40,0,112
-54.609058,-16.462703,1,40,1,352
-49.325496,-25.421461,1,40,1,206
-45.630537,-23.783359,1,40,1,285
-48.297611,-10.296808,1,40,1,180
-52.610824,-27.117572,1,40,1,166
-45.414445,-23.810342,1,40,1,208
-46.598781,-23.659186,1,40,1,94
-45.529588,-23.814160,1,40,2,124
-54.609166,-16.462712,1,40,1,172
-45.474915,-22.951678,1,40,1,139
-44.012538,-20.316270,1,40,0,82
-49.076566,-11.718317,1,40,1,14
-46.627318,-23.678770,1,40,1,167
-45.414343,-23.810475,1,40,1,29
-49.331364,-16.669535,1,40,1,201
-45.493703,-23.828914,1,40,0,87
-39.583050,-16.369798,1,40,1,337
-45.474903,-22.951552,1,40,1,320
-51.477538,-25.385683,1,40,1,316
-49.021021,-13.712651,1,40,1,0
-46.407632,-23.424453,1,40,1,177
-45.436011,-23.725883,1,40,2,128
-46.649901,-23.663706,1,40,1,54
-45.571117,-23.790179,1,40,2,89
-39.558897,-16.572686,1,40,1,346
-44.374772,-15.466848,1,40,2,66
-45.412371,-23.759397,1,40,1,172
-49.021088,-13.712643,1,40,1,180
-49.193148,-16.696408,1,40,1,52
-47.800546,-15.894582,1,40,1,121
-46.312756,-23.532276,1,40,2,110
-40.292377,-20.358418,1,40,1,51
-39.542001,-17.017497,1,40,1,348
-45.553124,-23.016364,1,40,1,357
-45.412194,-23.760044,1,40,1,346
-52.907551,-30.005030,1,40,1,160
-51.713405,-20.820431,1,40,0,88
-46.545991,-21.788807,1,40,1,75
-46.036009,-7.518310,1,40,2,26
-48.950421,-15.872653,1,40,0,0
-39.553377,-17.061405,1,40,1,29
-48.854113,-26.313153,1,40,1,47
-38.883087,-4.314905,1,40,2,5
-52.907344,-30.005532,1,40,1,340
-53.758597,-20.457062,1,40,0,85
-46.545609,-21.788700,1,40,1,252
-46.849730,-23.709320,1,40,1,350
-48.954171,-15.866656,1,40,1,86
-39.581223,-16.337823,1,40,1,354
-48.811562,-26.273164,1,40,1,356
-54.034030,-19.586670,1,40,2,175
-47.649243,-23.303818,1,40,1,175
-42.749434,-5.069607,1,40,1,184
-46.595337,-21.795851,1,40,1,204
-46.844490,-23.736741,1,40,1,255
-48.951860,-15.867267,1,40,1,288
-39.579386,-16.357413,1,40,1,180
-46.524074,-21.794539,1,40,1,112
-38.315448,-12.889975,1,40,1,237
-46.696386,-23.461665,1,40,2,172
-46.853358,-23.491573,1,40,1,148
-46.595481,-21.796202,1,40,1,9
-46.844469,-23.736806,1,40,1,67
-48.700402,-16.209602,1,40,1,318
-46.387922,-23.970157,1,40,1,80
-46.523448,-21.794662,1,40,1,292
-38.315819,-12.890214,1,40,1,57
-46.489492,-24.024463,1,40,1,72
-46.634292,-23.554891,1,40,1,176
-46.574582,-21.800098,1,40,1,280
-34.825792,-7.891746,1,40,2,166
-51.656665,-20.798097,1,40,2,91
-41.774697,-22.366018,1,40,1,7
-44.573486,-20.068389,1,40,0,149
-37.967338,-12.489286,1,40,0,31
-46.489179,-24.023755,1,40,1,252
-45.458794,-22.949763,1,40,1,41
-46.574919,-21.800049,1,40,1,100
-46.781636,-23.622287,1,40,2,351
-51.694481,-20.792929,1,40,1,301
-41.774828,-22.365974,1,40,1,198
-44.564410,-20.076113,1,40,0,157
-38.303473,-12.896851,1,40,1,310
-40.865247,-14.895327,1,40,1,210
-45.459007,-22.949862,1,40,1,221
-46.581203,-21.840708,1,40,1,211
-46.779887,-23.616047,1,40,2,174
-51.694718,-20.792955,1,40,1,121
-51.690797,-20.801696,1,40,1,122
-44.573651,-20.065356,1,40,0,17
-38.303630,-12.895375,1,40,1,208
-49.621066,-23.057687,1,40,2,165
-47.008873,-23.052961,1,40,2,17
-46.579593,-21.846577,1,40,1,160
-50.366238,-15.443146,1,40,2,150
-51.720727,-20.781727,1,40,2,16
-51.689687,-20.802122,1,40,1,300
-46.485977,-23.554262,1,40,1,291
-38.299772,-12.872188,1,40,1,289
-49.607116,-16.193106,1,40,1,153
-47.006794,-23.043034,1,40,2,24
-46.579426,-21.846549,1,40,1,337
-46.590306,-23.686228,1,40,2,80
-51.697008,-20.780896,1,40,1,210
-47.413158,-22.564814,1,40,1,156
-43.614361,-19.325284,1,40,0,31
-38.300447,-12.871502,1,40,1,147
-45.326315,-23.581024,1,40,2,39
-37.723863,-4.558347,1,40,2,87
-46.581436,-21.841078,1,40,1,31
-49.611447,-16.052178,1,40,2,16
-51.700897,-20.787046,1,40,1,210
-47.407549,-22.559157,1,40,1,279
-48.125211,-15.809456,1,40,1,160
-46.374201,-23.544113,1,40,2,69
-45.542417,-23.798482,1,40,2,23
-49.985096,-20.409362,1,40,1,303
-49.301752,-25.413535,1,40,1,143
-34.838445,-7.989562,1,40,1,10
-51.715203,-20.788368,1,40,1,110
-42.807203,-5.086593,1,40,1,154
-46.736196,-22.164331,1,40,1,228
-52.406284,-26.861046,1,40,0,18
-45.630987,-23.783286,1,40,1,105
-53.513399,-26.724949,1,40,1,341
-48.804461,-17.387597,1,40,1,355
-49.326240,-16.378078,1,40,0,34
-51.715171,-20.788320,1,40,1,292
-42.806165,-5.088756,1,40,1,154
-46.740386,-22.168220,1,40,1,47
-52.395699,-26.878279,1,40,1,286
-54.873492,-29.197113,1,40,1,54
-46.506726,-23.787994,1,40,1,166
-49.294479,-25.395193,1,40,1,195
-48.312199,-20.861822,1,40,2,61
-46.360773,-23.493106,1,40,1,130
-46.575987,-23.143712,1,40,2,79
-46.685300,-22.122824,1,40,1,63
-49.245718,-25.360994,1,40,1,124
-45.410160,-23.748412,1,40,0,53
-49.790161,-15.924581,1,40,2,177
-49.294973,-25.395928,1,40,1,70
-48.823543,-26.340269,1,40,2,127
-46.644030,-23.703644,1,40,1,349
-38.531281,-10.822203,1,40,0,11
-46.683580,-22.121610,1,40,1,235
-49.254625,-25.362916,1,40,1,220
-49.077976,-11.724646,1,40,1,11
-46.930060,-15.798391,1,40,2,129
-49.255661,-25.364395,1,40,1,107
-48.299424,-18.873305,1,40,1,53
-46.644226,-23.703412,1,40,1,139
-46.297305,-23.947131,1,40,1,323
-46.928217,-23.535690,1,40,1,103
-49.244905,-25.361178,1,40,1,280
-49.078591,-11.727344,1,40,1,11
-40.697054,-19.941882,1,40,0,74
-46.340668,-23.522579,1,40,1,45
-48.299472,-18.873237,1,40,1,233
-51.722363,-20.794100,1,40,1,301
-46.297478,-23.947125,1,40,1,143
-46.928051,-23.535653,1,40,1,281
-50.181007,-25.071478,1,40,2,27
-49.081445,-11.739813,1,40,1,16
-46.575443,-23.159549,1,40,0,141
-49.121870,-15.326428,1,40,1,269
-38.489913,-3.749385,1,40,1,15
-48.609679,-17.769394,1,40,0,173
-49.412277,-16.348832,1,40,1,87
-46.939937,-23.535863,1,40,1,222
-54.627216,-16.438594,1,40,1,290
-53.054416,-26.045098,1,40,1,155
-41.602191,-2.904899,1,40,0,114
-49.121967,-15.326533,1,40,1,89
-46.055422,-23.419532,1,40,2,73
-46.617958,-23.630363,1,40,1,332
-49.405588,-16.349018,1,40,1,291
-46.939741,-23.535755,1,40,1,40
-54.648997,-16.441975,1,40,1,226
-53.054330,-26.045071,1,40,1,336
-44.293788,-2.496655,1,40,2,32
-49.122640,-15.335997,1,40,1,90
-46.042313,-23.412306,1,40,2,63
-46.348837,-23.518296,1,40,1,78
-50.300828,-16.574823,1,40,1,121
-49.258168,-15.933708,1,40,1,348
-54.649368,-16.442327,1,40,1,46
-46.826691,-23.802221,1,40,2,130
-47.426441,-15.322926,1,40,2,101
-49.130181,-15.334890,1,40,1,354
-39.307523,-6.792478,1,40,2,117
-46.348992,-23.518130,1,40,1,258
-41.689994,-21.431598,1,40,1,301
-49.258357,-15.933282,1,40,1,168
-48.633541,-17.763246,1,40,1,342
-46.413928,-23.088323,1,40,1,55
-47.401710,-15.342893,1,40,1,141
-49.130287,-15.334755,1,40,1,174
-52.889182,-30.013037,1,40,1,82
-46.350751,-23.477784,1,40,1,44
-49.547103,-14.959913,1,40,1,0
-46.623008,-23.697313,1,40,1,348
-46.706900,-23.525687,1,40,1,231
-49.795816,-16.007758,1,40,1,216
-47.401415,-15.343242,1,40,1,321
-49.130126,-15.330320,1,40,1,2
-52.888449,-30.012931,1,40,1,265
-46.342504,-23.514324,1,40,1,162
-49.547275,-14.948659,1,40,1,0
-47.975294,-15.849547,1,40,1,179
-49.412313,-20.775104,1,40,1,110
-46.570837,-23.600307,1,40,1,353
-48.104588,-15.798491,1,40,1,125
-46.981613,-23.625950,1,40,1,244
-48.855433,-26.284494,1,40,1,86
-46.342375,-23.514668,1,40,1,342
-46.347840,-23.506341,1,40,2,124
-47.975077,-15.850543,1,40,1,359
-46.700750,-23.527913,1,40,1,181
-47.180099,-22.582878,1,40,1,33
-35.309721,-5.847350,1,40,0,86
-48.243412,-22.256199,1,40,1,324
-50.147605,-25.086458,1,40,1,58
-49.185288,-18.440418,1,40,2,105
-51.403255,-22.121021,1,40,1,346
-48.727660,-22.068260,1,40,1,340
-46.833536,-23.637643,1,40,2,34
-41.238167,-15.515356,1,40,0,31
-45.839585,-23.180085,1,40,1,332
-48.244268,-22.255712,1,40,1,136
-53.055092,-26.082919,1,40,1,43
-46.323624,-23.636401,1,40,1,168
-49.218879,-16.623976,1,40,1,106
-48.727869,-22.068318,1,40,1,122
-56.055691,-15.571776,1,40,1,45
-41.236729,-15.512475,1,40,0,25
-46.834917,-23.550888,1,40,1,11
-49.874683,-22.962686,1,40,1,299
-40.616832,-19.637135,1,40,0,141
-46.323468,-23.636355,1,40,1,328
-46.654115,-23.544621,1,40,1,292
-46.632320,-23.540603,1,40,1,80
-49.452743,-18.982196,1,40,1,50
-48.877429,-23.994281,1,40,1,11
-48.270717,-17.318088,1,40,1,104
-49.249045,-25.407192,1,40,1,75
-40.641722,-19.724180,1,40,2,47
-46.327523,-23.652336,1,40,2,28
-39.577762,-16.371747,1,40,1,259
-42.651952,-21.524545,1,40,0,8
-49.452424,-18.981529,1,40,1,230
-47.960288,-16.127689,1,40,1,148
-48.292242,-17.300297,1,40,1,253
-49.248562,-25.407061,1,40,1,250
-40.598111,-19.922239,1,40,0,159
-46.332868,-23.658216,1,40,1,74
-39.577637,-16.371830,1,40,1,77
-49.789232,-16.046548,1,40,1,318
-46.644276,-23.543588,1,40,1,227
-44.225894,-8.824984,1,40,2,25
-46.601281,-21.733769,1,40,1,347
-49.281214,-25.370961,1,40,1,320
-52.620902,-27.080597,1,40,1,345
-46.332886,-23.658153,1,40,1,254
-39.452806,-15.255442,1,40,2,75
-46.451372,-21.826525,1,40,0,130
-51.914670,-13.512968,1,40,1,191
-39.580081,-16.349446,1,40,1,174
-46.601549,-21.732674,1,40,1,167
-46.141825,-23.849434,1,40,0,23
-46.665072,-23.533585,1,40,1,220
-46.339166,-23.662986,1,40,1,44
-46.944544,-19.588636,1,40,2,138
-42.665295,-5.027290,1,40,0,34
-51.915528,-13.517047,1,40,1,11
-45.251168,-21.229682,1,40,2,48
-49.419885,-28.685676,1,40,2,176
-46.138931,-23.832083,1,40,0,135
-55.580340,-22.191700,1,40,2,44
-46.339218,-23.662941,1,40,1,224
-53.500689,-26.755360,1,40,1,179
-42.674582,-5.155037,1,40,0,53
-46.462575,-23.567824,1,40,1,312
-46.668695,-22.571002,1,40,2,1
-49.419482,-28.690897,1,40,1,176
-46.086740,-23.804821,1,40,0,72
-35.157280,-8.665462,1,40,2,173
-48.582296,-25.560250,1,40,1,165
-53.500960,-26.746589,1,40,1,179
-41.093837,-3.577516,1,40,1,355
-46.462631,-23.567872,1,40,1,113
-41.050531,-21.645611,1,40,2,16
-49.419364,-28.691828,1,40,1,356
-46.701003,-23.330720,1,40,0,78
-35.155791,-8.658929,1,40,2,20
-46.408937,-23.718117,1,40,1,124
-53.500869,-26.746470,1,40,1,359
-41.094118,-3.575060,1,40,1,174
-50.097915,-25.069286,1,40,1,57
-61.901620,-11.158302,1,40,2,1
-49.418860,-28.697513,1,40,2,176
-46.720361,-23.334502,1,40,1,229
-42.551330,-19.342259,1,40,1,4
-46.666546,-23.555890,1,40,1,296
-49.119472,-16.680891,1,40,1,101
-49.864292,-22.961862,1,40,1,93
-50.100938,-25.071105,1,40,1,57
-61.948745,-10.876371,1,40,1,304
-48.851075,-26.311066,1,40,1,139
-46.719733,-23.397030,1,40,0,148
-42.550829,-19.341022,1,40,1,206
-45.256585,-22.868328,1,40,1,203
-49.193669,-16.684011,1,40,1,116
-49.223406,-16.639075,1,40,1,118
-45.313505,-21.853333,1,40,2,29
-61.949150,-10.876199,1,40,1,124
-48.288243,-18.907943,1,40,1,342
-46.751842,-23.363476,1,40,1,359
-46.437531,-23.494972,1,40,2,106
-45.243082,-22.854924,1,40,1,58
-52.317994,-15.878096,1,40,2,90
-46.183233,-23.542217,1,40,0,25
-47.826561,-23.347128,1,40,2,60
-41.516601,-17.870435,1,40,1,64
-48.288353,-18.907952,1,40,1,162
-46.751724,-23.362956,1,40,1,222
-44.337811,-2.740078,1,40,1,36
-45.242967,-22.854749,1,40,1,244
-52.295231,-15.878080,1,40,1,90
-60.119677,-12.703657,1,40,1,206
-47.822159,-23.345147,1,40,2,81
-41.516865,-17.870462,1,40,1,244
-49.374793,-20.808880,1,40,1,335
-46.750875,-23.328268,1,40,1,348
-44.315053,-3.016650,1,40,0,5
-46.620343,-23.663643,1,40,2,28
-52.295006,-15.877850,1,40,1,270
-60.120013,-12.704313,1,40,1,27
-46.727176,-23.521071,1,40,1,268
-37.358330,-5.204103,1,40,2,200
-46.636704,-23.566009,1,40,2,39
-46.754104,-23.316482,1,40,1,306
-46.634724,-23.538200,1,40,1,190
-46.614905,-23.670150,1,40,1,121
-42.699194,-21.627859,1,40,1,304
-36.464373,-8.874767,1,40,2,97
-45.026840,-19.851523,1,40,2,116
-37.357932,-5.201984,1,40,2,10
-54.483063,-25.613194,1,40,0,120
-46.760317,-23.305494,1,40,1,326
-50.301644,-27.798019,1,40,1,88
-46.614942,-23.670000,1,40,1,301
-46.162556,-21.651795,1,40,0,13
-53.045619,-26.073781,1,40,1,45
-49.329627,-25.661952,1,40,2,69
-37.338710,-5.171142,1,40,2,30
-41.104901,-20.212652,1,40,1,20
-46.755079,-23.300844,1,40,2,24
-49.409250,-20.791238,1,40,1,111
-47.813727,-20.379788,1,40,1,181
-44.348922,-2.753195,1,40,1,228
-46.737277,-23.296654,1,40,2,148
-49.334161,-25.666476,1,40,2,157
-48.641968,-27.511790,1,40,1,316
-41.104884,-20.212228,1,40,1,192
-46.741725,-23.273852,1,40,2,160
-60.710915,2.774801,1,40,1,51
-47.813422,-20.380627,1,40,1,1
-44.260899,-2.625535,1,40,1,216
-48.354577,-18.951836,1,40,2,42
-43.160889,-19.919141,1,40,2,37
-48.642913,-27.511481,1,40,1,136
-46.995789,-23.009280,1,40,1,252
-46.731394,-23.274737,1,40,2,56
-54.280532,-15.557523,1,40,1,79
-40.740877,-18.974371,1,40,0,147
-48.619126,-17.721613,1,40,2,41
-48.262989,-1.361771,1,40,1,36
-49.374254,-20.814895,1,40,1,135
-37.754674,-11.475823,1,40,2,60
-46.996591,-23.009508,1,40,1,74
-46.817933,-23.312769,1,40,1,46
-54.278697,-15.557152,1,40,1,259
-46.631119,-23.538228,1,40,1,104
-50.131686,-15.959554,1,40,1,99
-46.355177,-23.558849,1,40,1,92
-42.451334,-19.245990,1,40,1,268
-37.444040,-11.269986,1,40,2,42
-52.311382,-15.877972,1,40,1,273
-46.817747,-23.312489,1,40,1,227
-44.336900,-2.738550,1,40,1,217
-45.557246,-23.037952,1,40,1,30
-50.130608,-15.948514,1,40,2,163
-46.386429,-23.536881,1,40,1,293
-42.452856,-19.245256,1,40,1,117
-37.428216,-11.234939,1,40,1,27
-52.312162,-15.878053,1,40,1,93
-46.409979,-23.733372,1,40,0,154
-44.336760,-2.738667,1,40,1,37
-46.609708,-23.503075,1,40,1,301
-50.131108,-15.958683,1,40,1,170
-40.714386,-20.834534,1,40,2,58
-40.714648,-20.048890,1,40,0,92
-37.428299,-11.234886,1,40,1,207
-63.737263,-8.800570,1,40,1,90
-46.404930,-23.709888,1,40,1,44
-46.709537,-23.519144,1,40,1,235
-39.594560,-16.369660,1,40,2,7
-48.972419,-15.873477,1,40,2,58
-48.942853,-16.282629,1,40,0,13
-49.241545,-25.441973,1,40,1,226
-37.616973,-11.348924,1,40,2,11
-63.736870,-8.800483,1,40,1,270
-46.404974,-23.709849,1,40,1,224
-54.305830,-15.567382,1,40,1,62
-42.723825,-5.096931,1,40,1,114
-45.892069,-23.213065,1,40,1,45
-48.972999,-16.617735,1,40,2,140
-49.241467,-25.442033,1,40,1,46
-37.664292,-11.380571,1,40,2,33
-51.170889,-17.444932,1,40,1,153
-46.395504,-23.695129,1,40,1,198
-46.219238,-23.536873,1,40,1,131
-53.514492,-26.709041,1,40,1,13
-39.549517,-17.049928,1,40,2,29
-48.161563,-1.291707,1,40,1,273
-43.893724,-19.869257,1,40,2,13
-37.856831,-11.539221,1,40,2,86
-51.169892,-17.446806,1,40,1,333
-46.395513,-23.695311,1,40,1,22
-49.321759,-25.421642,1,40,1,320
-44.820926,-21.923175,1,40,1,88
-39.420285,-13.454306,1,40,0,156
-45.674371,-22.822922,1,40,1,58
-48.585037,-17.692744,1,40,0,52
-47.062234,-22.909672,1,40,1,69
-46.716793,-23.331644,1,40,1,93
-46.396875,-23.701118,1,40,1,8
-37.440504,-10.684908,1,40,2,164
-42.721633,-5.099757,1,40,1,341
-39.492375,-13.602130,1,40,2,44
-60.168557,-12.731323,1,40,1,285
-49.383684,-16.428084,1,40,1,235
-46.351619,-23.677300,1,40,1,45
-46.598674,-23.499548,1,40,1,200
-46.396750,-23.700264,1,40,1,188
-37.388314,-10.761746,1,40,0,127
-49.135923,-16.741979,1,40,1,256
-39.494986,-13.604563,1,40,0,48
-60.169507,-12.731109,1,40,1,105
-48.249994,-18.894284,1,40,1,298
-46.351546,-23.677148,1,40,1,225
-46.598859,-23.499852,1,40,1,46
-48.049647,-15.783269,1,40,1,20
-49.112891,-22.327616,1,40,2,97
-46.835186,-23.549609,1,40,2,203
-39.431452,-14.018086,1,40,2,136
-48.282244,-17.316181,1,40,1,108
-48.257615,-18.889748,1,40,1,300
-46.347012,-23.669463,1,40,1,44
-40.676144,-19.816088,1,40,2,65
-48.048160,-15.752562,1,40,1,158
-49.547478,-14.947449,1,40,1,179
-48.086575,-15.881213,1,40,1,342
-39.290483,-14.786667,1,40,2,179
-48.281173,-17.316268,1,40,1,270
-46.624551,-23.494780,1,40,1,153
-37.945524,-11.776483,1,40,2,8
-43.394786,-20.094848,1,40,1,51
-40.372182,-20.328582,1,40,1,11
-49.547241,-14.958975,1,40,1,179
-48.087344,-15.879870,1,40,1,162
-39.296617,-14.808109,1,40,2,33
-49.941020,-16.791688,1,40,2,163
-46.768379,-23.556263,1,40,1,343
-37.950677,-11.787478,1,40,0,29
-43.394844,-20.092946,1,40,1,151
-40.372247,-20.328445,1,40,1,191
-49.389692,-16.578128,1,40,1,148
-45.839711,-23.180111,1,40,1,152
-39.306514,-14.954662,1,40,2,1
-47.808549,-14.178802,1,40,0,105
-46.659467,-23.605589,1,40,1,220
-37.955519,-11.796164,1,40,2,21
-46.830450,-23.474381,1,40,1,4
-45.610021,-22.778073,1,40,0,39
-46.506651,-23.787970,1,40,1,342
-46.378646,-23.549696,1,40,2,24
-39.338905,-15.079706,1,40,2,26
-41.712293,-21.290733,1,40,1,325
-47.955983,-18.176013,1,40,1,117
-38.069643,-11.947470,1,40,2,65
-43.836354,-19.872092,1,40,1,314
-46.418325,-23.711712,1,40,1,326
-46.506564,-23.781983,1,40,0,24
-40.538634,-19.032896,1,40,0,154
-39.432577,-15.613346,1,40,2,178
-49.867413,-22.970713,1,40,1,355
-47.939389,-18.166118,1,40,1,358
-37.441768,-11.264520,1,40,1,10
-43.839138,-19.870088,1,40,1,125
-47.122230,-18.302068,1,40,1,10
-49.883010,-16.592256,1,40,2,99
-39.820925,-18.727753,1,40,2,108
-39.721870,-17.551439,1,40,2,25
-49.275839,-21.347597,1,40,0,162
-47.942858,-18.157006,1,40,1,139
-37.441881,-11.265036,1,40,1,190
-50.079511,-27.303297,1,40,0,118
-37.364972,-5.155075,1,40,1,151
-46.263373,-23.362888,1,40,0,100
-56.115791,-15.620860,1,40,1,71
-39.581301,-16.337019,1,40,1,174
-42.822020,-5.126941,1,40,2,163
-46.640976,-23.471264,1,40,1,101
-46.851797,-23.717115,1,40,1,163
-60.021298,-2.965630,1,40,0,125
-37.363904,-5.157650,1,40,1,341
-43.228915,-22.899855,1,40,2,74
-56.115591,-15.620666,1,40,1,246
-39.579497,-16.358201,1,40,1,14
-49.302264,-25.648803,1,40,2,114
-46.640590,-23.471475,1,40,1,324
-46.847062,-23.718850,1,40,2,125
-44.927888,-4.201686,1,40,0,130
-41.510412,-17.867996,1,40,1,86
-46.645978,-23.596830,1,40,1,90
-48.962281,-16.958050,1,40,1,358
-39.715424,-17.539904,1,40,1,28
-49.318875,-25.644695,1,40,1,273
-48.023333,-15.963156,1,40,1,140
-39.717572,-17.543739,1,40,1,28
-44.962321,-4.171856,1,40,2,130
-47.049902,-22.855168,1,40,1,103
-45.413621,-21.825812,1,40,1,132
-48.950761,-17.033004,1,40,1,142
-39.559108,-16.571893,1,40,1,165
-49.305138,-25.652608,1,40,2,109
-39.011454,-10.502714,1,40,1,160
-53.213584,-17.316939,1,40,1,136
-48.729346,-26.870425,1,40,1,342
-49.350005,-16.684649,1,40,1,271
-63.889937,-8.741229,1,40,1,167
-48.035474,-18.790865,1,40,1,140
-39.556714,-16.580807,1,40,1,346
-49.300140,-25.657929,1,40,2,102
-39.011253,-10.503011,1,40,1,340
-53.034297,-26.066813,1,40,2,36
-48.730359,-26.868971,1,40,1,169
-49.350174,-16.684751,1,40,1,90
-47.953655,-18.181099,1,40,2,24
-48.034741,-18.791648,1,40,1,312
-34.821024,-7.919475,1,40,2,4
-38.699658,-4.213219,1,40,2,21
-46.765811,-23.603378,1,40,1,136
-41.666997,-20.777820,1,40,0,130
-34.959536,-8.154194,1,40,2,74
-46.649888,-23.663630,1,40,1,234
-47.956463,-18.191786,1,40,1,12
-46.656037,-23.603556,1,40,1,40
-46.268758,-23.986875,1,40,1,59
-48.845629,-26.327291,1,40,1,186
-46.765907,-23.603215,1,40,1,315
-45.931854,-21.364770,1,40,1,293
-44.314720,-2.560131,1,40,1,220
-46.502558,-24.029774,1,40,1,61
-47.956543,-18.191770,1,40,1,191
-39.050607,-14.798549,1,40,0,96
-47.355028,-15.584404,1,40,1,71
-40.815523,-18.781784,1,40,0,60
-46.797308,-23.625223,1,40,2,228
-46.751317,-23.289376,1,40,1,201
-48.619050,-17.748439,1,40,2,150
-46.566317,-23.692077,1,40,1,112
-47.933641,-18.169481,1,40,1,254
-47.929388,-16.176904,1,40,1,175
-51.180473,-29.029856,1,40,2,178
-46.614779,-24.091763,1,40,1,230
-39.308973,-4.346200,1,40,1,277
-46.751174,-23.289237,1,40,1,21
-48.666766,-27.638903,1,40,1,212
-39.406441,-7.223640,1,40,2,79
-46.744456,-23.351552,1,40,1,16
-48.150925,-24.564816,1,40,1,52
-51.185895,-29.030367,1,40,1,269
-46.615056,-24.092017,1,40,1,50
-39.330196,-4.351143,1,40,1,296
-49.612822,-15.338617,1,40,2,16
-37.699330,-10.358208,1,40,2,131
-46.335990,-23.465118,1,40,1,153
-46.744375,-23.351102,1,40,1,197
-49.245414,-16.815054,1,40,1,24
-51.184888,-29.030362,1,40,1,89
-54.642032,-16.448987,1,40,2,178
-39.330697,-4.350929,1,40,1,116
-46.810980,-23.303585,1,40,1,24
-48.661288,-27.632563,1,40,1,41
-43.661528,-22.412928,1,40,1,81
-48.831010,-26.319529,1,40,1,220
-49.245681,-16.814900,1,40,1,204
-51.180406,-29.032753,1,40,1,178
-46.239313,-23.279231,1,40,2,21
-43.196084,-22.939230,1,40,1,15
-46.306679,-23.590301,1,40,1,178
-48.661021,-27.631743,1,40,1,222
-51.886765,-23.429441,1,40,1,199
-48.847575,-26.335813,1,40,1,178
-46.618215,-23.630022,1,40,1,150
-51.180372,-29.032300,1,40,1,358
-51.096655,-29.747639,1,40,1,7
-43.195459,-22.938139,1,40,1,270
-46.306579,-23.590596,1,40,1,358
-48.599692,-17.741737,1,40,1,272
-45.889258,-23.188649,1,40,1,226
-45.227405,-21.233503,1,40,2,125
-39.583193,-16.369121,1,40,1,184
-51.192292,-29.030513,1,40,2,89
-51.096811,-29.747594,1,40,1,187
-38.703824,-4.220051,1,40,1,223
-46.309312,-23.602115,1,40,1,219
-48.940611,-11.305563,1,40,2,6
-46.821605,-23.798350,1,40,0,42
-51.359896,-20.383832,1,40,1,297
-38.321655,-6.403301,1,40,2,24
-41.097555,-20.880963,1,40,2,174
-51.129395,-29.775472,1,40,1,318
-38.726897,-4.276390,1,40,1,5
-46.309548,-23.602510,1,40,1,39
-47.939359,-18.189045,1,40,1,346
-46.783634,-23.612021,1,40,0,70
-51.370174,-20.379046,1,40,1,113
-37.853790,-5.743851,1,40,2,76
-57.678024,-16.099224,1,40,1,170
-51.129813,-29.775261,1,40,1,138
-46.682190,-23.584690,1,40,1,331
-46.322571,-23.644081,1,40,1,217
-47.939469,-18.189005,1,40,1,166
-42.554402,-18.249291,1,40,0,3
-53.266090,-21.754088,1,40,1,117
-38.287298,-6.322815,1,40,2,31
-57.285536,-16.087263,1,40,1,212
-38.528320,-13.005577,1,40,1,268
-50.201067,-25.116485,1,40,1,179
-47.543738,-24.421783,1,40,0,35
-47.280834,-22.823511,1,40,1,260
-48.974596,-16.615987,1,40,2,139
-49.799849,-16.027794,1,40,1,115
-38.514382,-3.723904,1,40,1,94
-50.081347,-27.301362,1,40,1,34
-44.348420,-3.411402,1,40,2,154
-50.153961,-25.091735,1,40,1,73
-47.550245,-24.469195,1,40,0,20
-46.531703,-19.474747,1,40,1,182
-46.949419,-19.596919,1,40,1,60
-49.794803,-16.034730,1,40,1,335
-51.485434,-27.617581,1,40,1,248
-47.959227,-16.128880,1,40,1,328
-44.090001,-3.482228,1,40,2,67
-46.733727,-23.527959,1,40,1,140
-47.559455,-24.510416,1,40,2,160
-35.093138,-8.117388,1,40,2,66
-35.771823,-9.595112,1,40,0,166
-49.790346,-16.044364,1,40,1,335
-48.288839,-18.928568,1,40,1,248
-47.929111,-16.177254,1,40,1,355
-43.981920,-3.517612,1,40,0,112
-46.643976,-23.603979,1,40,1,91
-45.088669,-23.437070,1,40,2,44
-43.661511,-22.412848,1,40,1,273
-48.705231,-17.668585,1,40,1,2
-49.422048,-16.507182,1,40,1,2
-48.288791,-18.928704,1,40,1,65
-47.906282,-16.245224,1,40,1,324
-43.921469,-3.553058,1,40,0,119
-46.775695,-23.657779,1,40,1,320
-46.490737,-23.551443,1,40,2,69
-50.362323,-15.449994,1,40,1,330
-48.705422,-17.663996,1,40,1,168
-49.421698,-16.503221,1,40,1,17
-46.785742,-23.627045,1,40,2,151
-48.427452,-7.633674,1,40,2,3
-48.614415,-27.581242,1,40,1,16
-46.506590,-23.617685,1,40,2,50
-50.314627,-27.796957,1,40,1,280
-48.723865,-26.883529,1,40,1,340
-53.500556,-26.758351,1,40,1,178
-49.421237,-16.499603,1,40,1,181
-50.315052,-27.797114,1,40,1,101
-48.483539,-8.527740,1,40,2,165
-46.713029,-23.442184,1,40,2,35
-46.668120,-23.605941,1,40,1,40
-46.752028,-23.325876,1,40,1,308
-46.997682,-22.974363,1,40,1,45
-49.274589,-21.348761,1,40,0,123
-44.971132,-12.142141,1,40,2,87
-49.511025,-16.358303,1,40,1,166
-48.487106,-8.390070,1,40,2,168
-49.235988,-25.437030,1,40,1,226
-46.805872,-23.620577,1,40,2,174
-46.753665,-23.320030,1,40,1,2
-63.889528,-8.741550,1,40,1,347
-49.275426,-21.348169,1,40,0,140
-52.528078,-17.553478,1,40,2,175
-46.181910,-23.957792,1,40,1,236
-48.512203,-8.828219,1,40,2,179
-49.232684,-25.437654,1,40,1,79
-44.785781,-4.222171,1,40,2,79
-46.753710,-23.319563,1,40,1,182
-64.403908,-9.258265,1,40,2,93
-48.626632,-17.798459,1,40,2,163
-43.396656,-22.928895,1,40,0,87
-38.471999,-3.734959,1,40,1,288
-48.512132,-8.835412,1,40,1,0
-46.038651,-23.570050,1,40,1,130
-49.458997,-18.978555,1,40,1,347
-46.810864,-23.303196,1,40,1,204
-46.670910,-19.162882,1,40,1,161
-47.046868,-22.941342,1,40,1,149
-48.560603,-20.569482,1,40,1,148
-46.397216,-23.430060,1,40,2,113
-48.589848,-9.515460,1,40,1,197
-46.038615,-23.569999,1,40,1,310
-49.459088,-18.978561,1,40,1,167
-49.080082,-22.319256,1,40,1,107
-46.989688,-22.964408,1,40,1,47
-49.334401,-16.106492,1,40,1,199
-48.564011,-20.538376,1,40,1,8
-56.039571,-15.639360,1,40,1,125
-47.608244,-16.757019,1,40,2,55
-35.030099,-8.280134,1,40,1,344
-46.697825,-23.565385,1,40,1,272
-39.032061,-14.791725,1,40,1,175
-48.618674,-27.095790,1,40,1,192
-42.806843,-5.028155,1,40,1,199
-43.684371,-22.921332,1,40,1,139
-38.838699,-11.061995,1,40,2,169
-48.297307,-10.297477,1,40,1,0
-49.204425,-16.657146,1,40,1,100
-56.039071,-15.639551,1,40,1,301
-39.031953,-14.791736,1,40,1,357
-48.618315,-27.096299,1,40,1,10
-49.207305,-17.176155,1,40,1,265
-48.582394,-20.553893,1,40,1,238
-38.958456,-11.339093,1,40,2,27
-48.466653,-8.066511,1,40,1,2
-48.614614,-27.580457,1,40,1,196
-55.418655,-15.822704,1,40,1,84
-42.820437,-5.097681,1,40,1,337
-46.818386,-23.539506,1,40,1,187
-43.001133,-22.466386,1,40,1,273
-56.293716,-15.679227,1,40,1,271
-38.791981,-10.971535,1,40,2,18
-48.466433,-8.059396,1,40,1,2
-49.204383,-16.657029,1,40,1,281
-48.269102,-18.927073,1,40,1,124
-49.323404,-25.421760,1,40,1,131
-46.818734,-23.541072,1,40,1,27
-46.804826,-19.057273,1,40,2,146
-49.510612,-16.358988,1,40,1,340
-39.250994,-8.631551,1,40,2,47
-48.518545,-9.056848,1,40,2,12
-49.221042,-16.391523,1,40,1,178
-47.001389,-22.705287,1,40,2,31
-46.648308,-23.592567,1,40,1,113
-39.286259,-12.980493,1,40,2,46
-42.719201,-17.288744,1,40,2,104
-49.797910,-16.028941,1,40,1,316
-46.785466,-23.661381,1,40,1,89
-42.805992,-5.313299,1,40,0,14
-49.220699,-16.396452,1,40,1,352
-48.489525,-1.422655,1,40,2,180
-46.825269,-23.410757,1,40,2,151
-47.656067,-22.704546,1,40,1,141
-42.715245,-17.290977,1,40,2,127
-49.795971,-16.032421,1,40,1,156
-46.785470,-23.661312,1,40,1,269
-51.188233,-29.994758,1,40,1,219
-49.219304,-16.411835,1,40,1,355
-48.630329,-17.738262,1,40,1,32
-46.824138,-23.411891,1,40,2,120
-51.961348,-23.405346,1,40,1,358
-42.711422,-17.294138,1,40,2,138
-48.002567,-15.840111,1,40,1,337
-49.264114,-25.417625,1,40,1,222
-35.987207,-8.295057,1,40,1,35
-49.219004,-16.416927,1,40,1,175
-39.035978,-14.792801,1,40,2,75
-46.811011,-23.628034,1,40,2,56
-45.233189,-22.847152,1,40,1,81
-46.397019,-23.753514,1,40,2,139
-48.003601,-15.838166,1,40,1,157
-46.639239,-23.530631,1,40,1,335
-43.325622,-22.825004,1,40,1,212
-47.553600,-22.400513,1,40,1,176
-43.817518,-16.694790,1,40,1,38
-46.767804,-23.610959,1,40,2,145
-39.272072,-12.964474,1,40,2,16
-45.963170,-23.296314,1,40,1,41
-46.654880,-23.564479,1,40,1,131
-54.573627,-25.550195,1,40,1,306
-43.325556,-22.825054,1,40,1,28
-47.552873,-22.420625,1,40,2,67
-43.820988,-17.116772,1,40,1,175
-45.232419,-22.846972,1,40,1,262
-39.320609,-13.173880,1,40,1,90
-49.330597,-25.649586,1,40,2,172
-34.842917,-8.012289,1,40,1,41
-48.898138,-10.425441,1,40,2,6
-45.412313,-23.852892,1,40,2,177
-52.620917,-27.099428,1,40,1,167
-43.821448,-17.111236,1,40,1,175
-45.231642,-22.849068,1,40,1,9
-43.228606,-16.406539,1,40,2,106
-57.470312,-16.248805,1,40,1,153
-48.432577,-17.329626,1,40,2,81
-50.619089,-15.095471,1,40,0,140
-56.162763,-15.642514,1,40,1,109
-56.098475,-15.618882,1,40,1,309
-43.817113,-16.694353,1,40,1,223
-51.187782,-30.022041,1,40,1,240
-43.231485,-16.405874,1,40,2,97
-49.439053,-28.702223,1,40,1,273
-48.424955,-17.328593,1,40,2,82
-47.495073,-3.742747,1,40,0,14
-56.161795,-15.642697,1,40,1,289
-52.622738,-27.073905,1,40,1,346
-48.476568,-1.361770,1,40,2,158
-40.674400,-19.446197,1,40,1,170
-42.712196,-16.300058,1,40,0,91
-49.439974,-28.702297,1,40,1,85
-43.364065,-22.998434,1,40,1,315
-47.556020,-4.299704,1,40,2,172
-41.955708,-18.853976,1,40,1,252
-46.316120,-23.442756,1,40,2,60
-48.937502,-16.318043,1,40,1,212
-40.674264,-19.446617,1,40,1,345
-45.574109,-23.066666,1,40,1,191
-42.826639,-5.089048,1,40,1,221
-43.364155,-22.998634,1,40,1,315
-43.363564,-22.926194,1,40,2,107
-44.060729,-19.942785,1,40,1,179
-46.067827,-23.569238,1,40,1,86
-48.937451,-16.318136,1,40,1,32
-51.187683,-30.087144,1,40,2,149
-45.547317,-23.008093,1,40,1,225
-40.420700,-3.618881,1,40,2,98
-43.283604,-22.972053,1,40,2,35
-41.163058,-20.838780,1,40,2,116
-47.553466,-22.400612,1,40,1,347
-46.067827,-23.569163,1,40,1,266
-43.363234,-22.776044,1,40,1,70
-40.409351,-18.713113,1,40,0,57
-45.547411,-23.008334,1,40,1,48
-40.462248,-3.595086,1,40,1,67
-46.617577,-23.567010,1,40,1,127
-41.171231,-20.834579,1,40,2,121
-40.305710,-12.513909,1,40,1,160
-45.966406,-23.549700,1,40,1,101
-49.212226,-25.414519,1,40,1,246
-49.273170,-21.350187,1,40,2,160
-45.536943,-23.017282,1,40,1,88
-40.461851,-3.594898,1,40,1,249
-44.295187,-2.681360,1,40,1,17
-41.176589,-20.832743,1,40,2,77
-40.305675,-12.513795,1,40,1,340
-45.966401,-23.549625,1,40,1,281
-46.656533,-24.110905,1,40,1,60
-43.569438,-21.463270,1,40,1,284
-45.540217,-23.017214,1,40,1,268
-47.507295,-22.993688,1,40,1,182
-39.317514,-13.173837,1,40,2,89
-41.179898,-20.828801,1,40,2,121
-50.304559,-16.572198,1,40,1,305
-45.852196,-23.529866,1,40,2,101
-46.640504,-24.102574,1,40,2,60
-43.570099,-21.463384,1,40,1,70
-48.699215,-27.642019,1,40,2,99
-49.303945,-25.669557,1,40,2,150
-46.422591,-23.879266,1,40,1,320
-54.588408,-25.546290,1,40,1,166
-50.304581,-16.572273,1,40,1,125
-43.824217,-21.281061,1,40,0,58
-49.703787,-16.582771,1,40,1,123
-43.862312,-16.878532,1,40,1,221
-39.275681,-12.973763,1,40,2,6
-56.052827,-15.611381,1,40,1,122
-46.422713,-23.879334,1,40,1,140
-49.240954,-25.412897,1,40,1,184
-50.620986,-15.093041,1,40,2,150
-48.658961,-27.635296,1,40,1,230
-53.206347,-17.326109,1,40,1,325
-43.867552,-16.895475,1,40,1,190
-52.603716,-27.105596,1,40,1,256
-56.052724,-15.611320,1,40,1,302
-43.399972,-22.919673,1,40,2,104
-46.619130,-23.688383,1,40,1,331
-48.258063,-18.873545,1,40,1,220
-48.702634,-27.641539,1,40,1,279
-53.206471,-17.326168,1,40,1,145
-46.282200,-23.939164,1,40,1,248
-45.545094,-23.009370,1,40,1,187
-39.299785,-6.366798,1,40,1,183
-51.148905,-18.297681,1,40,2,155
-48.172527,-1.294451,1,40,1,44
-48.264622,-18.882571,1,40,1,214
-48.703039,-27.641508,1,40,1,96
-51.730022,-17.861200,1,40,1,354
-46.282493,-23.939383,1,40,1,68
-45.544944,-23.009202,1,40,1,7
-39.299729,-6.367104,1,40,1,8
-51.150217,-18.295228,1,40,2,143
-38.925595,-4.029267,1,40,1,250
-48.303164,-18.909520,1,40,1,204
-46.612643,-23.746019,1,40,1,48
-51.730103,-17.861174,1,40,1,174
-47.420427,-22.603612,1,40,1,199
-51.665510,-20.781827,1,40,1,270
-48.792675,-26.345189,1,40,1,140
-43.359071,-22.934566,1,40,2,46
-38.930276,-4.026826,1,40,1,142
-48.263914,-18.885676,1,40,1,305
-46.612381,-23.745734,1,40,1,228
-54.304467,-15.566657,1,40,1,242
-49.294257,-25.659243,1,40,2,104
-51.666766,-20.781929,1,40,1,91
-39.309892,-7.180958,1,40,1,8
-54.675097,-20.558333,1,40,0,225
-39.680649,-7.092574,1,40,2,109
-40.534768,-9.378753,1,40,1,134
-49.306805,-25.648706,1,40,2,9
-54.315104,-15.572177,1,40,1,241
-51.108714,-30.072873,1,40,2,60
-44.314655,-2.560260,1,40,1,40
-48.792336,-26.345456,1,40,1,320
-43.678834,-22.926432,1,40,1,150
-47.574401,-1.356004,1,40,0,162
-54.656079,-16.469822,1,40,1,338
-46.716314,-23.331641,1,40,1,274
-54.316621,-15.572942,1,40,1,68
-51.106295,-30.069272,1,40,1,340
-46.153777,-23.542004,1,40,1,149
-46.405916,-23.416218,1,40,1,182
-46.539676,-22.929260,1,40,1,306
-39.552896,-17.060578,1,40,1,209
-49.504523,-15.450458,1,40,1,341
-40.685945,-19.424533,1,40,1,333
-48.055206,-16.054094,1,40,1,232
-51.106389,-30.069284,1,40,1,160
-46.153714,-23.541978,1,40,1,329
-50.174192,-25.073625,1,40,1,27
-46.537761,-22.930531,1,40,1,115
-48.286679,-17.305014,1,40,2,180
-51.952756,-27.249573,1,40,0,180
-40.686173,-19.424240,1,40,1,163
-48.065475,-16.076523,1,40,1,6
-51.111183,-30.062377,1,40,1,48
-46.144611,-23.559085,1,40,1,132
-53.515382,-26.712282,1,40,1,192
-43.227877,-22.965352,1,40,2,73
-54.281048,-23.938408,1,40,2,174
-39.142360,-12.682596,1,40,0,47
-48.664087,-27.639160,1,40,1,50
-46.841703,-22.975713,1,40,2,147
-51.111226,-30.062297,1,40,1,226
-46.144543,-23.559024,1,40,1,312
-53.515697,-26.712963,1,40,1,37
-45.965507,-23.302177,1,40,1,15
-38.365188,-4.575488,1,40,2,10
-41.096157,-21.718703,1,40,1,270
-48.659370,-27.635728,1,40,1,50
-49.505676,-15.448042,1,40,1,160
-49.308090,-16.482981,1,40,1,155
-46.148516,-23.552487,1,40,1,205
-46.351491,-23.956243,1,40,1,150
-49.400879,-20.837745,1,40,1,12
-54.564440,-19.400750,1,40,0,150
-41.096878,-21.718688,1,40,1,91
-48.663641,-27.638706,1,40,1,230
-49.506430,-15.446025,1,40,1,160
-48.967455,-16.621601,1,40,2,115
-46.148458,-23.552505,1,40,1,22
-60.702739,2.782959,1,40,1,220
-47.907565,-16.244049,1,40,1,144
-51.740864,-19.117672,1,40,2,155
-54.368592,-19.918538,1,40,2,165
-46.746503,-23.334224,1,40,1,333
-48.061580,-16.058746,1,40,1,233
-46.028483,-19.321406,1,40,0,152
-39.005986,-11.664330,1,40,2,143
-51.521300,-27.181574,1,40,1,323
-40.752135,-18.919071,1,40,0,1
-54.656288,-16.469594,1,40,1,156
-54.440038,-20.102486,1,40,0,23
-46.746796,-23.333908,1,40,1,152
-50.394459,-25.871757,1,40,2,135
-49.422322,-16.506590,1,40,1,174
-46.631038,-23.497106,1,40,1,6
-53.509270,-26.732939,1,40,1,300
-48.971742,-16.284010,1,40,1,335
-48.145617,-17.712602,1,40,2,150
-50.940877,-28.501894,1,40,1,97
-46.034522,-22.150204,1,40,0,88
-50.935961,-17.789555,1,40,2,154
-46.621795,-23.686778,1,40,1,76
-39.321700,-13.284160,1,40,2,43
-46.503463,-23.621600,1,40,1,27
-43.340681,-22.955741,1,40,1,216
-47.945989,-18.153783,1,40,2,144
-50.945713,-28.507497,1,40,1,44
-48.676638,-27.645566,1,40,1,279
-54.724153,-22.219384,1,40,1,50
-42.649577,-4.978219,1,40,2,315
-38.965271,-12.189517,1,40,2,1
-46.503412,-23.621404,1,40,1,207
-39.861461,-18.008916,1,40,1,4
-46.614463,-23.721785,1,40,2,114
-50.940335,-28.501947,1,40,1,277
-48.677268,-27.645463,1,40,1,100
-54.724040,-22.219145,1,40,1,230
-52.614537,-27.117014,1,40,2,166
-52.616511,-27.115284,1,40,1,168
-43.820931,-17.117415,1,40,1,355
-39.861351,-18.007883,1,40,1,184
-45.255660,-22.863438,1,40,1,174
-50.945719,-28.507469,1,40,1,224
-52.602862,-27.131009,1,40,1,146
-48.158213,-1.290893,1,40,1,247
-38.865510,-4.343674,1,40,2,125
-45.071182,-23.456303,1,40,2,136
-43.821390,-17.111923,1,40,1,355
-51.824201,-16.932489,1,40,2,73
-45.255258,-22.864509,1,40,1,347
-48.115125,-15.848246,1,40,1,323
-48.246942,-18.896090,1,40,1,302
-48.164597,-1.291456,1,40,1,97
-46.613269,-23.540951,1,40,1,56
-49.207294,-25.441159,1,40,1,22
-43.821636,-17.108909,1,40,1,355
-49.334307,-16.106548,1,40,1,20
-45.239057,-22.852353,1,40,1,20
-48.115917,-15.847520,1,40,1,143
-46.728545,-23.391293,1,40,1,306
-48.168344,-1.291877,1,40,1,65
-46.383365,-23.554777,1,40,1,252
-45.077299,-23.425843,1,40,2,50
-43.867728,-16.896238,1,40,1,10
-54.669070,-16.445752,1,40,1,125
-38.695110,-3.958212,1,40,1,60
-52.846925,-28.726795,1,40,1,214
-46.728940,-23.391194,1,40,1,119
-48.096554,-1.275852,1,40,1,85
-43.439221,-23.008528,1,40,1,57
-48.794994,-26.342650,1,40,1,321
-43.862849,-16.879160,1,40,1,41
-51.664601,-27.065485,1,40,1,117
-45.855472,-23.179851,1,40,1,85
-52.848790,-28.729032,1,40,1,33
-54.816690,-22.259098,1,40,2,89
-48.096106,-1.275659,1,40,1,265
-43.438402,-23.007479,1,40,1,228
-48.796068,-26.342139,1,40,1,101
-45.638977,-23.770677,1,40,1,144
-52.599775,-27.104975,1,40,1,281
-45.855165,-23.179806,1,40,1,269
-52.849557,-28.723495,1,40,1,42
-50.108529,-29.513431,1,40,1,12
-56.297050,-15.679229,1,40,1,90
-45.890542,-23.274160,1,40,2,84
-53.528086,-16.948468,1,40,1,155
-45.638853,-23.770703,1,40,1,324
-43.674380,-22.930173,1,40,1,131
-48.980731,-16.372389,1,40,1,325
-52.849654,-28.723486,1,40,1,222
-34.929861,-8.039113,1,40,1,303
-57.677893,-16.099875,1,40,1,350
-44.160054,-16.249296,1,40,2,169
-53.531024,-16.942418,1,40,1,335
-53.510399,-26.731670,1,40,1,160
-35.251975,-5.821122,1,40,0,17
-48.980996,-16.372104,1,40,1,145
-52.840738,-28.731704,1,40,1,337
-42.864039,-16.220041,1,40,0,123
-57.286843,-16.089180,1,40,1,32
-49.873952,-22.973866,1,40,1,162
-43.346955,-22.953460,1,40,1,255
-55.165736,-21.637936,1,40,1,251
-35.255459,-5.820879,1,40,0,123
-38.592497,-3.977258,1,40,2,84
-52.840803,-28.731748,1,40,1,157
-43.051502,-21.729341,1,40,2,75
-51.879720,-17.569093,1,40,0,150
-50.201090,-25.117192,1,40,1,2
-44.840599,-20.046363,1,40,1,219
-55.166257,-21.638447,1,40,1,71
-54.437803,-20.097732,1,40,0,23
-47.964300,-6.849232,1,40,2,60
-53.449879,-24.948511,1,40,1,58
-46.599663,-23.464937,1,40,2,124
-39.578197,-16.374328,1,40,2,77
-46.532243,-23.785512,1,40,1,112
-44.840536,-20.046336,1,40,1,39
-56.096691,-15.589250,1,40,1,148
-54.369611,-19.915114,1,40,0,164
-47.755724,-6.710369,1,40,2,31
-50.938972,-28.512803,1,40,1,264
-35.268925,-7.842679,1,40,2,110
-39.571003,-16.372657,1,40,1,74
-43.821698,-17.108197,1,40,1,172
-41.514855,-17.850646,1,40,1,168
-56.095955,-15.589969,1,40,1,311
-54.570864,-19.390347,1,40,0,149
-47.472758,-6.563008,1,40,2,77
-50.939395,-28.512891,1,40,1,84
-56.098469,-15.619082,1,40,1,129
-39.570390,-16.372506,1,40,1,259
-47.304111,-22.950259,1,40,1,275
-41.513007,-17.839098,1,40,1,200
-47.934533,-18.198030,1,40,2,165
-48.831253,-26.322685,1,40,1,141
-48.248058,-7.221423,1,40,1,37
-45.939444,-23.285187,1,40,2,117
-35.282214,-8.122554,1,40,2,4
-46.702819,-23.447714,1,40,1,160
-47.304110,-22.950424,1,40,1,96
-46.437463,-23.486862,1,40,1,321
-51.028043,-28.588173,1,40,1,35
-55.418075,-15.822608,1,40,1,264
-45.823532,-23.174773,1,40,2,69
-49.306018,-25.666339,1,40,2,144
-46.373407,-23.969876,1,40,1,120
-43.247995,-21.356154,1,40,1,99
-48.966607,-16.298380,1,40,1,357
-46.522330,-23.436835,1,40,1,177
-51.146817,-28.877579,1,40,1,346
-44.035530,-19.931431,1,40,1,32
-52.608334,-27.118881,1,40,1,165
-39.480671,-13.687385,1,40,0,30
-40.477022,-20.629141,1,40,0,40
-53.215198,-17.315104,1,40,1,316
-48.966700,-16.298042,1,40,1,177
-46.809382,-23.633322,1,40,1,3
-50.159011,-25.054452,1,40,2,100
-49.227886,-16.680877,1,40,1,58
-54.838495,-18.916429,1,40,2,168
-48.854496,-16.062828,1,40,2,6
-49.242283,-16.827162,1,40,1,9
-53.213133,-17.317189,1,40,1,316
-48.962810,-16.307781,1,40,1,333
-49.519957,-26.245175,1,40,2,75
-50.146897,-25.053863,1,40,2,96
-51.662549,-27.072072,1,40,1,12
-45.231556,-22.848122,1,40,1,189
-43.507221,-21.554308,1,40,0,148
-46.577322,-23.755748,1,40,1,57
-43.246613,-21.355998,1,40,1,269
-48.958936,-16.317050,1,40,1,153
-47.463643,-23.433400,1,40,1,79
-46.551885,-23.527960,1,40,1,176
-41.690628,-21.431404,1,40,1,121
-46.279156,-23.958030,1,40,1,152
-35.784753,-9.565119,1,40,2,278
-51.200544,-30.129987,1,40,1,297
-53.215575,-17.314942,1,40,1,136
-43.234689,-22.979979,1,40,1,208
-48.951622,-16.348314,1,40,2,81
-51.148562,-28.878526,1,40,1,340
-43.687223,-22.760385,1,40,1,139
-46.278977,-23.957916,1,40,1,334
-48.618767,-17.758304,1,40,1,344
-51.201401,-30.129445,1,40,1,143
-45.961782,-22.246288,1,40,1,74
-48.256640,-16.042016,1,40,1,181
-51.150927,-30.029808,1,40,1,184
-51.069881,-28.974090,1,40,1,103
-41.110209,-21.718515,1,40,2,72
-48.958389,-16.312043,1,40,1,333
-48.947821,-16.303295,1,40,1,13
-34.927824,-8.067325,1,40,1,195
-46.536250,-22.951506,1,40,1,259
-48.256402,-16.043041,1,40,1,4
-51.150827,-30.030086,1,40,1,3
-51.068083,-28.974830,1,40,1,311
-43.667035,-22.936285,1,40,1,182
-51.177336,-29.202144,1,40,1,221
-51.213022,-30.016817,1,40,1,199
-47.658311,-22.701262,1,40,1,171
-51.415417,-26.998102,1,40,0,38
-39.446299,-7.209578,1,40,1,64
-51.105853,-30.124741,1,40,1,254
-47.664996,-24.780522,1,40,0,52
-43.666667,-22.938107,1,40,1,344
-51.177060,-29.204310,1,40,1,3
-51.213575,-30.018246,1,40,1,19
-49.207344,-25.441145,1,40,1,203
-46.643868,-23.468573,1,40,1,213
-51.071797,-28.970558,1,40,1,38
-51.105851,-30.124811,1,40,1,75
-51.156294,-29.745106,1,40,1,300
-46.016641,-23.303558,1,40,1,114
-51.392523,-22.123637,1,40,1,297
-46.775415,-23.473031,1,40,1,103
-46.749722,-23.582835,1,40,1,192
-49.301642,-25.424453,1,40,1,115
-51.071367,-28.969620,1,40,1,220
-45.065540,-23.450459,1,40,2,152
-51.156945,-29.744804,1,40,1,109
-49.306772,-16.484811,1,40,1,314
-51.393174,-22.123413,1,40,1,117
-43.663572,-19.865797,1,40,1,207
-46.744836,-23.520249,1,40,1,85
-49.301629,-25.424416,1,40,1,295
-48.908159,-16.314854,1,40,1,234
-43.171586,-22.953135,1,40,1,287
-44.265258,-21.156965,1,40,2,40
-43.194868,-22.917847,1,40,1,208
-46.785037,-23.667550,1,40,2,66
-50.930780,-28.504640,1,40,2,86
-46.287814,-23.491405,1,40,2,91
-53.063816,-26.077242,1,40,2,75
-40.533355,-9.379866,1,40,1,318
-49.093544,-16.484859,1,40,1,43
-44.267394,-21.158223,1,40,2,72
-38.690246,-3.925047,1,40,1,238
-49.367537,-20.812838,1,40,1,171
-50.939898,-28.503853,1,40,1,255
-46.624663,-23.618080,1,40,1,110
-53.531053,-16.942453,1,40,1,155
-48.907118,-16.314136,1,40,1,232
-44.318177,-2.620827,1,40,1,337
-52.680306,-27.089955,1,40,1,270
-38.693170,-3.928066,1,40,1,30
-40.281958,-12.518850,1,40,2,115
-39.128522,-12.663391,1,40,2,31
-46.359181,-23.556004,1,40,2,150
-53.528076,-16.948387,1,40,1,335
-48.812991,-16.300602,1,40,1,249
-44.318258,-2.620843,1,40,1,157
-52.680834,-27.090084,1,40,1,89
-38.693893,-3.949167,1,40,1,154
-40.309377,-12.510187,1,40,2,84
-39.051732,-12.602062,1,40,0,61
-48.938225,-16.346503,1,40,1,319
-44.601171,-19.835848,1,40,1,60
-48.812929,-16.300768,1,40,1,69
-46.603117,-23.483827,1,40,1,62
-45.381936,-22.890045,1,40,1,272
-38.693421,-3.950002,1,40,1,333
-41.769292,-12.427311,1,40,2,81
-46.613646,-23.584095,1,40,1,263
-48.935504,-16.346215,1,40,2,173
-44.601197,-19.835815,1,40,1,240
-38.388921,-3.904568,1,40,1,323
-46.580456,-23.508058,1,40,1,228
-48.872724,-23.982928,1,40,2,1
-38.692773,-3.953675,1,40,1,0
-42.757285,-12.254999,1,40,2,112
-52.907058,-30.024460,1,40,2,349
-46.317912,-23.949280,1,40,1,185
-44.599779,-19.835043,1,40,1,240
-38.389138,-3.904382,1,40,1,141
-46.605198,-23.615250,1,40,1,256
-38.217846,-9.398215,1,40,1,297
-43.679330,-22.923160,1,40,1,348
-45.793638,-12.091004,1,40,2,80
-46.507151,-23.496231,1,40,1,315
-45.892558,-23.231737,1,40,1,219
-44.599757,-19.835068,1,40,1,60
-38.387818,-3.902876,1,40,1,295
-48.053505,-16.009571,1,40,1,3
-43.509617,-3.711993,1,40,2,106
-43.679407,-22.923170,1,40,1,168
-46.789270,-23.620282,1,40,2,157
-46.529041,-23.575367,1,40,1,305
-46.223335,-23.979450,1,40,1,78
-53.525531,-16.953698,1,40,1,155
-38.387982,-3.902872,1,40,1,115
-48.053324,-16.005863,1,40,1,3
-43.361912,-3.754079,1,40,2,91
-47.651235,-15.637279,1,40,1,353
-50.287351,-27.795810,1,40,1,244
-34.957523,-8.039068,1,40,1,199
-44.156444,-19.776715,1,40,1,46
-53.525520,-16.953616,1,40,1,335
-48.074765,-15.854771,1,40,1,64
-46.749641,-23.583083,1,40,1,1
-39.586680,-16.386851,1,40,1,28
-45.678322,-20.384046,1,40,1,45
-50.301407,-27.797723,1,40,1,268
-34.930253,-8.038914,1,40,1,123
-46.266996,-23.987270,1,40,1,238
-45.660463,-22.825594,1,40,1,291
-48.080806,-15.857543,1,40,1,64
-46.347066,-23.669414,1,40,1,224
-39.540348,-17.026832,1,40,2,10
-45.676088,-20.382518,1,40,1,239
-46.645203,-23.575545,1,40,1,247
-46.411141,-23.556314,1,40,1,323
-46.662272,-23.479215,1,40,1,150
-54.642250,-16.493651,1,40,1,305
-35.060992,-8.401526,1,40,2,75
-41.974172,-18.861868,1,40,1,352
-52.369232,-29.982260,1,40,1,356
-49.296750,-16.605329,1,40,0,89
-39.708652,-17.525788,1,40,1,198
-46.448180,-23.532767,1,40,1,53
-49.365299,-28.784591,1,40,2,357
-48.299533,-18.918225,1,40,1,52
-35.110749,-8.599398,1,40,2,57
-46.322700,-23.644339,1,40,1,36
-52.370500,-29.980481,1,40,1,140
-50.178765,-25.089331,1,40,2,28
-39.708360,-17.525431,1,40,1,17
-49.242490,-16.826481,1,40,1,192
-46.324252,-23.535833,1,40,1,288
-51.200947,-30.152874,1,40,1,340
-35.150656,-8.896930,1,40,2,7
-43.261348,-22.949156,1,40,1,275
-41.515605,-17.864234,1,40,2,34
-45.087578,-23.439580,1,40,0,162
-48.006084,-16.014500,1,40,1,136
-46.373191,-23.969853,1,40,1,300
-48.674199,-27.626010,1,40,1,101
-51.201191,-30.152495,1,40,1,178
-42.790001,-5.101656,1,40,1,14
-43.357431,-22.938831,1,40,2,104
-41.515586,-17.864081,1,40,1,214
-48.907971,-16.347594,1,40,1,230
-48.838783,-26.355376,1,40,1,6
-46.445032,-23.550319,1,40,1,3
-43.458476,-23.021702,1,40,1,161
-48.966040,-16.327768,1,40,2,95
-45.955445,-22.243540,1,40,1,233
-39.542165,-17.016795,1,40,1,168
-51.539640,-27.179256,1,40,1,289
-43.684950,-22.917801,1,40,1,166
-48.838720,-26.354499,1,40,1,186
-46.425822,-23.549724,1,40,1,344
-45.723450,-23.758149,1,40,1,130
-48.963111,-16.951138,1,40,1,164
-48.073620,-15.853810,1,40,1,245
-43.389105,-22.924811,1,40,2,96
-56.090410,-15.607452,1,40,2,130
-43.507813,-21.548266,1,40,2,160
-37.067041,-10.904382,1,40,1,277
-46.511186,-23.460209,1,40,1,15
-48.078180,-15.830257,1,40,1,162
-39.845485,-18.724843,1,40,2,120
-48.087510,-15.862325,1,40,1,54
-43.382154,-22.923257,1,40,2,74
-46.277467,-23.960837,1,40,1,150
-48.908831,-16.348495,1,40,1,51
-61.489412,-11.440842,1,40,2,92
-46.437559,-23.486816,1,40,1,154
-47.786808,-15.802341,1,40,1,107
-39.835724,-18.726950,1,40,2,99
-48.087636,-15.861943,1,40,1,232
-46.720679,-23.334821,1,40,1,50
-41.507779,-17.877259,1,40,2,175
-54.505871,-20.986734,1,40,1,353
-49.336614,-16.647103,1,40,1,324
-46.399576,-23.522887,1,40,1,357
-48.942901,-16.321725,1,40,1,301
-44.930036,-20.122876,1,40,1,114
-48.640395,-17.755884,1,40,1,314
-46.951486,-19.625346,1,40,1,347
-51.523937,-27.178464,1,40,1,142
-54.505989,-20.986474,1,40,1,198
-54.333055,-15.574443,1,40,1,86
-46.420188,-23.519399,1,40,1,136
-43.338513,-22.845658,1,40,2,50
-44.930081,-20.122823,1,40,1,294
-48.262598,-1.360809,1,40,1,215
-46.631870,-23.595052,1,40,1,115
-51.542820,-27.178324,1,40,1,109
-43.672374,-22.931643,1,40,1,309
-48.217260,-7.186885,1,40,1,315
-46.593119,-23.537116,1,40,1,82
-46.583097,-23.485194,1,40,1,313
-46.598773,-23.659119,1,40,1,279
-49.339561,-16.689903,1,40,1,277
-51.170773,-19.698213,1,40,1,288
-54.297942,-15.563269,1,40,1,62
-43.676608,-22.928273,1,40,1,311
-48.217354,-7.186942,1,40,1,136
-53.502749,-26.737239,1,40,1,126
-48.089412,-15.812658,1,40,1,162
-51.142821,-30.020463,1,40,1,359
-49.359635,-20.798288,1,40,1,130
-51.171581,-19.698097,1,40,1,108
-49.972397,-22.235451,1,40,0,44
-43.666169,-22.939655,1,40,1,150
-48.223442,-7.196872,1,40,2,40
-49.376297,-20.804324,1,40,1,102
-48.088531,-15.814605,1,40,1,342
-51.142857,-30.019960,1,40,1,195
-49.195828,-25.402219,1,40,2,246
-49.205620,-25.403016,1,40,1,157
-52.424285,-28.271597,1,40,1,217
-43.663742,-22.941009,1,40,1,294
-48.212082,-16.461812,1,40,2,35
-46.592652,-23.481648,1,40,1,284
-46.303596,-23.538717,1,40,1,179
-51.145133,-30.050899,1,40,1,41
-48.079294,-15.856432,1,40,1,244
-46.857514,-23.248380,1,40,1,160
-48.950080,-16.616920,1,40,2,73
-49.318207,-25.653460,1,40,2,73
-46.686114,-24.126198,1,40,1,60
-46.549675,-23.706210,1,40,1,120
-46.616671,-23.580097,1,40,1,309
-50.131757,-15.944966,1,40,1,342
-47.055299,-23.257202,1,40,1,11
-45.296269,-20.096254,1,40,1,113
-37.320100,-5.199188,1,40,2,53
-37.096592,-10.907101,1,40,1,98
-50.136935,-25.092024,1,40,1,283
-46.580555,-23.508279,1,40,1,18
-46.675841,-23.488111,1,40,1,3
-50.131786,-15.945092,1,40,1,162
-49.408100,-28.769630,1,40,1,358
-45.296153,-20.096194,1,40,1,273
-48.938619,-16.346220,1,40,1,139
-37.096581,-10.906982,1,40,1,278
-49.612252,-16.054848,1,40,2,15
-46.540797,-23.572614,1,40,1,15
-35.030186,-8.280153,1,40,1,164
-46.416077,-23.524049,1,40,1,100
-46.459704,-23.533507,1,40,1,135
-48.053630,-16.008932,1,40,1,183
-43.261854,-22.949856,1,40,1,5
-49.324731,-25.653004,1,40,1,296
-37.140226,-10.807427,1,40,1,176
-46.501198,-23.527485,1,40,1,114
-38.820243,-3.591478,1,40,1,309
-46.596214,-23.568105,1,40,1,107
-46.708639,-23.538056,1,40,1,140
-43.590665,-22.941175,1,40,1,224
-44.231896,-2.541397,1,40,1,47
-49.324725,-25.653045,1,40,1,115
-37.140073,-10.808137,1,40,1,355
-46.632264,-23.480441,1,40,1,156
-38.820795,-3.591074,1,40,1,129
-46.540864,-23.572533,1,40,1,194
-46.814988,-23.652323,1,40,1,189
-49.096650,-16.487912,1,40,1,224
-44.231821,-2.541255,1,40,1,227
-49.314714,-25.648271,1,40,2,177
-48.447058,-1.445728,1,40,1,355
-45.062481,-23.454161,1,40,2,140
-38.827874,-3.580720,1,40,1,125
-46.537784,-23.573798,1,40,1,102
-46.814949,-23.652423,1,40,1,9
-49.092973,-16.483990,1,40,1,224
-48.878861,-23.969777,1,40,1,344
-54.733602,-18.503208,1,40,2,25
-48.447212,-1.445464,1,40,1,175
-46.647379,-23.515552,1,40,1,269
-38.827767,-3.579375,1,40,1,186
-46.507820,-23.597467,1,40,1,275
-44.962444,-22.390622,1,40,0,177
-46.122009,-23.827543,1,40,1,352
-44.763673,-4.224576,1,40,2,58
-43.306469,-21.795146,1,40,0,58
-53.220512,-17.309906,1,40,1,313
-46.579684,-23.483658,1,40,1,333
-43.590611,-22.941173,1,40,1,46
-46.530935,-23.597396,1,40,1,73
-47.057520,-23.260933,1,40,1,239
-46.126142,-23.834114,1,40,1,60
-46.389062,-23.556173,1,40,1,95
-43.680285,-22.921440,1,40,1,136
-53.220729,-17.310042,1,40,1,110
-47.940433,-18.163145,1,40,1,185
-46.759897,-23.648596,1,40,1,87
-46.522585,-23.597935,1,40,1,146
-47.055845,-23.259191,1,40,1,201
-51.190740,-30.085092,1,40,2,134
-46.649410,-23.564638,1,40,1,222
-49.324600,-25.655452,1,40,2,59
-50.134694,-16.607500,1,40,2,90
-46.540224,-23.522254,1,40,1,56
-46.696586,-23.671171,1,40,1,199
-46.529309,-23.575249,1,40,1,126
-47.055364,-23.257288,1,40,1,191
-45.071051,-23.420995,1,40,2,50
-41.169798,-20.485176,1,40,2,76
-47.785469,-15.648386,1,40,1,334
-50.300760,-16.574720,1,40,1,300
-46.487386,-23.499234,1,40,1,13
-46.622964,-21.575055,1,40,0,24
-48.129556,-15.797619,1,40,1,340
-51.125912,-29.933408,1,40,0,84
-45.066456,-23.411380,1,40,2,54
-48.581872,-20.553688,1,40,1,58
-47.785954,-15.648358,1,40,1,154
-50.378566,-16.528501,1,40,1,263
-43.594002,-22.991582,1,40,1,201
-48.949091,-16.340064,1,40,2,155
-48.129859,-15.797322,1,40,1,160
-34.842227,-7.168335,1,40,1,1
-45.078558,-23.449149,1,40,2,137
-48.567939,-13.784682,1,40,2,170
-47.798445,-15.643928,1,40,1,101
-49.889977,-16.590510,1,40,1,284
-50.934553,-28.502499,1,40,2,275
-47.941005,-18.159090,1,40,1,140
-46.615743,-23.497680,1,40,1,195
-46.417281,-23.493818,1,40,1,270
-45.075743,-23.451860,1,40,2,137
-48.879233,-13.653589,1,40,2,65
-47.797270,-15.644088,1,40,1,281
-50.381059,-16.528903,1,40,1,83
-46.750803,-23.508131,1,40,1,82
-47.955376,-18.171899,1,40,1,117
-46.587550,-23.498961,1,40,1,227
-48.299590,-18.918215,1,40,1,234
-45.483121,-22.423376,1,40,1,89
-48.885826,-13.655779,1,40,2,96
-48.358390,-22.933952,1,40,1,53
-49.892219,-16.589963,1,40,1,104
-34.927792,-8.067418,1,40,1,15
-50.941290,-28.520011,1,40,1,224
-46.579888,-23.483397,1,40,1,153
-51.468139,-25.402048,1,40,1,224
-45.479881,-22.423221,1,40,1,269
-54.620851,-16.475476,1,40,1,315
-46.403458,-23.536262,1,40,1,239
-49.700893,-16.584420,1,40,1,301
-34.965496,-8.094493,1,40,1,55
-46.611916,-23.475950,1,40,1,302
-46.593065,-23.481605,1,40,1,104
-49.254612,-25.432989,1,40,1,73
-48.126270,-15.806626,1,40,1,161
-54.613120,-16.475600,1,40,1,45
-46.540157,-23.522151,1,40,1,249
-46.690240,-23.575969,1,40,1,60
-38.709277,-4.224388,1,40,1,79
-40.413541,-20.274627,1,40,2,327
-50.126189,-25.076487,1,40,2,60
-49.359914,-28.683039,1,40,2,92
-48.125883,-15.807132,1,40,1,341
-54.613202,-16.475515,1,40,1,225
-46.546341,-23.518281,1,40,1,195
-49.388933,-16.578806,1,40,1,324
-38.727000,-4.229824,1,40,1,165
-40.406613,-20.276930,1,40,2,285
-45.074185,-23.453359,1,40,2,136
-46.383827,-23.524034,1,40,0,161
-44.932313,-22.290758,1,40,0,146
-54.651242,-22.209820,1,40,2,162
-46.501055,-23.527495,1,40,1,293
-49.597002,-16.205492,1,40,1,301
-38.726294,-4.233036,1,40,1,350
-40.402605,-20.279025,1,40,1,318
-47.057474,-23.260956,1,40,1,57
-40.917154,-3.857818,1,40,1,346
-48.996024,-16.327732,1,40,2,76
-47.623409,-22.726508,1,40,1,292
-39.305456,-6.791769,1,40,1,82
-49.597609,-16.205208,1,40,1,122
-46.375672,-23.956898,1,40,1,197
-40.403060,-20.278545,1,40,1,138
-48.294362,-18.907178,1,40,1,163
-40.917232,-3.857591,1,40,1,166
-43.368044,-22.940390,1,40,1,305
-47.400285,-22.593295,1,40,2,160
-39.304364,-6.791583,1,40,1,262
-50.130182,-15.961052,1,40,1,331
-46.479529,-23.487858,1,40,1,188
-40.385640,-20.314320,1,40,1,298
-48.294313,-18.907183,1,40,1,343
-50.936214,-28.508462,1,40,1,347
-43.368651,-22.938605,1,40,1,110
-48.221534,-7.177674,1,40,1,231
-47.873259,-15.767119,1,40,1,168
-48.643899,-17.724986,1,40,2,29
-46.965144,-23.102924,1,40,1,330
-40.382112,-20.320310,1,40,1,159
-51.144174,-30.048841,1,40,1,196
-45.921053,-21.687069,1,40,1,77
-49.192106,-16.684581,1,40,1,290
-48.241808,-7.208389,1,40,1,50
-46.606351,-23.621945,1,40,1,258
-46.660352,-23.556695,1,40,1,226
-46.696400,-23.671146,1,40,1,19
-49.408149,-28.769683,1,40,1,178
-48.424856,-16.121278,1,40,1,274
-45.920954,-21.686985,1,40,1,257
-48.973086,-16.348064,1,40,2,33
-49.600977,-16.202494,1,40,1,309
-46.857378,-17.236852,1,40,2,46
-44.576277,-21.934547,1,40,1,89
-46.605908,-23.470934,1,40,1,37
-46.416844,-23.536148,1,40,1,311
-48.426284,-16.121200,1,40,1,103
-44.975889,-22.190812,1,40,0,170
-44.156477,-19.776688,1,40,1,226
-49.601041,-16.202551,1,40,1,129
-46.822441,-17.142776,1,40,2,17
-42.697338,-22.950245,1,40,0,160
-46.122247,-23.827515,1,40,1,172
-46.416981,-23.535875,1,40,1,175
-48.972002,-16.283690,1,40,1,155
-38.485308,-12.991199,1,40,1,91
-48.978066,-16.387037,1,40,1,194
-49.603876,-16.199061,1,40,1,332
-46.600337,-23.457046,1,40,1,110
-46.316369,-23.950493,1,40,1,273
-46.587578,-23.509395,1,40,2,17
-46.763773,-23.615166,1,40,2,309
-46.615039,-23.625614,1,40,1,262
-43.295634,-22.837392,1,40,1,260
-48.978359,-16.388553,1,40,1,13
-43.316358,-23.007214,1,40,1,160
-46.600450,-23.456925,1,40,1,290
-51.092184,-29.894214,1,40,1,215
-43.797939,-20.947516,1,40,1,137
-46.691691,-23.528171,1,40,1,91
-46.643695,-23.690281,1,40,1,195
-43.300011,-22.837831,1,40,1,269
-41.517224,-17.868573,1,40,2,16
-43.602011,-22.853505,1,40,2,177
-45.537906,-22.410758,1,40,2,23
-51.096240,-29.907108,1,40,1,13
-34.965451,-8.094390,1,40,1,235
-48.283503,-18.924225,1,40,1,88
-46.750645,-23.508051,1,40,1,263
-40.508362,-9.391249,1,40,1,160
-43.354093,-22.895213,1,40,2,128
-49.106668,-16.616336,1,40,0,71
-48.935425,-16.328999,1,40,2,343
-51.092432,-29.894503,1,40,1,35
-46.388282,-23.495430,1,40,1,333
-46.522247,-23.598198,1,40,1,294
-48.671966,-27.626188,1,40,1,271
-50.130862,-25.093120,1,40,1,281
-46.272352,-23.968693,1,40,1,211
-46.606478,-23.701058,1,40,1,308
-44.895405,-19.687420,1,40,2,132
-46.668350,-23.567118,1,40,1,312
-46.391779,-23.501335,1,40,1,311
-46.587749,-23.499303,1,40,1,29
-48.330230,-10.198920,1,40,1,179
-46.697438,-23.538980,1,40,1,354
-34.842280,-7.168216,1,40,1,181
-47.871739,-15.715230,1,40,1,298
-48.929522,-16.324975,1,40,1,273
-41.514945,-17.861730,1,40,1,170
-46.649979,-23.479990,1,40,1,149
-49.309378,-25.649687,1,40,2,90
-48.083935,-15.828639,1,40,1,162
-49.406269,-20.833120,1,40,1,197
-45.977924,-23.309277,1,40,1,57
-43.550856,-22.884869,1,40,1,90
-48.969530,-16.336525,1,40,1,283
-41.514806,-17.862299,1,40,1,6
-46.665959,-23.550073,1,40,2,157
-52.602209,-27.131732,1,40,1,326
-48.083268,-15.829986,1,40,1,342
-46.459594,-23.533515,1,40,1,315
-43.381808,-22.781688,1,40,1,335
-43.549327,-22.883749,1,40,1,214
-43.346945,-22.953490,1,40,1,74
-35.012373,-7.959130,1,40,2,134
-46.710009,-23.672309,1,40,1,335
-46.516199,-23.587176,1,40,1,263
-47.778963,-15.782008,1,40,1,160
-43.905338,-19.860088,1,40,1,169
-47.424450,-20.532182,1,40,1,184
-46.659544,-23.661118,1,40,2,72
-45.468153,-22.240668,1,40,2,19
-48.823418,-26.300239,1,40,1,224
-50.107544,-29.509819,1,40,0,2
-52.608241,-27.118877,1,40,1,345
-48.109618,-15.830200,1,40,1,324
-46.855621,-22.986632,1,40,2,144
-52.030868,-27.229526,1,40,1,155
-48.330083,-10.199761,1,40,1,1
-49.322937,-25.407904,1,40,1,162
-46.317466,-23.546483,1,40,1,200
-46.418768,-23.542126,1,40,1,100
-37.067884,-10.904363,1,40,1,98
-48.094748,-15.805134,1,40,1,125
-46.642208,-23.460425,1,40,1,279
-49.241002,-25.409878,1,40,1,0
-46.620494,-23.477209,1,40,1,30
-40.648553,-20.372831,1,40,0,144
-54.741089,-18.529960,1,40,2,13
-39.290818,-5.192449,1,40,1,99
-51.409974,-26.997266,1,40,2,132
-48.093438,-15.805705,1,40,1,305
-46.642643,-23.460397,1,40,1,100
-46.577126,-23.755548,1,40,1,238
-46.643733,-23.690591,1,40,1,15
-46.452030,-24.015650,1,40,1,247
-39.717394,-17.543418,1,40,1,208
-39.295308,-5.191675,1,40,1,277
-46.381401,-23.529257,1,40,0,128
-46.607287,-23.498335,1,40,1,286
-43.313800,-22.873381,1,40,0,51
-49.240535,-16.745416,1,40,1,345
-46.608340,-23.499841,1,40,1,259
-43.343044,-22.957445,1,40,1,291
-46.356937,-23.535555,1,40,1,250
-35.241723,-9.054117,1,40,1,180
-46.650771,-23.636060,1,40,1,242
-46.607552,-23.498394,1,40,1,90
-39.414018,-7.225070,1,40,2,245
-43.394006,-22.800862,1,40,2,357
-43.271037,-22.994496,1,40,0,89
-43.344183,-22.957083,1,40,1,109
-59.318400,-15.228037,1,40,1,353
-35.604281,-9.527418,1,40,2,31
-46.546338,-23.518491,1,40,1,20
-46.596837,-20.739447,1,40,1,83
-39.406930,-7.223757,1,40,2,79
-48.930115,-16.325073,1,40,1,93
-48.481243,-17.318189,1,40,2,102
-34.877716,-7.942062,1,40,1,346
-59.318849,-15.224846,1,40,1,172
-48.260933,-18.893111,1,40,1,215
-46.605476,-23.601870,1,40,1,87
-46.441988,-23.528870,1,40,2,55
-39.428542,-7.117505,1,40,1,135
-48.943058,-16.321762,1,40,1,121
-41.063294,-20.273407,1,40,0,19
-34.883674,-7.129028,1,40,1,152
-38.862201,-12.358357,1,40,2,36
-49.426755,-28.702472,1,40,2,85
-46.508104,-23.597487,1,40,1,95
-46.642441,-23.649474,1,40,1,49
-39.426847,-7.119651,1,40,2,345
-41.974551,-18.861024,1,40,1,172
-48.004940,-16.015264,1,40,1,298
-41.793635,-22.397392,1,40,2,172
-40.612815,-19.591954,1,40,0,2
-51.517860,-28.212340,1,40,1,112
-46.364586,-23.929596,1,40,1,115
-46.541847,-23.715315,1,40,1,354
-49.392139,-20.784889,1,40,1,311
-41.972759,-18.867128,1,40,1,332
-46.626317,-23.698512,1,40,1,77
-49.322722,-25.408261,1,40,1,334
-46.878669,-17.209786,1,40,1,80
-51.526077,-28.212765,1,40,2,95
-46.523878,-23.612357,1,40,1,145
-48.110548,-15.829288,1,40,1,144
-49.392407,-20.784774,1,40,1,145
-41.973119,-18.866963,1,40,1,152
-46.698921,-23.715005,1,40,1,195
-49.264211,-25.388972,1,40,2,292
-46.861577,-17.226097,1,40,1,125
-46.607155,-23.645603,1,40,1,65
-46.685259,-23.544607,1,40,1,30
-47.895750,-15.764504,1,40,1,73
-46.596180,-23.568040,1,40,1,287
-46.592163,-23.715462,1,40,1,347
-46.735891,-23.655912,1,40,1,184
-49.301567,-25.413670,1,40,1,323
-46.884233,-17.210731,1,40,1,260
-49.325258,-25.636482,1,40,2,66
-35.012510,-8.111583,1,40,2,68
-46.644669,-23.515651,1,40,1,89
-46.581632,-23.572035,1,40,2,36
-48.103266,-15.799105,1,40,1,305
-46.710216,-23.672068,1,40,1,155
-46.607719,-23.583612,1,40,1,355
-46.870266,-17.215032,1,40,1,295
-39.310042,-5.195454,1,40,1,223
-43.578523,-22.895557,1,40,1,271
-50.142477,-25.053130,1,40,2,257
-52.424721,-28.272133,1,40,1,29
-48.963006,-16.307531,1,40,1,156
-49.205507,-25.403121,1,40,1,337
-46.663515,-23.541579,1,40,1,220
-46.851994,-17.232274,1,40,1,304
-39.310535,-5.196016,1,40,1,46
-43.578586,-22.895706,1,40,1,85
-43.328248,-22.877842,1,40,1,267
-46.474286,-23.528040,1,40,1,350
-43.400409,-22.791453,1,40,2,344
-43.388901,-22.917312,1,40,2,85
-46.405050,-24.008578,1,40,1,322
-46.887368,-17.211248,1,40,1,80
-39.297832,-5.191494,1,40,1,88
-49.137051,-16.635230,1,40,2,59
-47.780359,-15.764084,1,40,1,172
-38.404657,-12.902403,1,40,1,45
-48.957937,-16.316974,1,40,1,333
-43.389915,-22.919495,1,40,2,266
-34.897016,-7.773555,1,40,2,78
-47.461567,-23.477488,1,40,1,65
-46.408521,-23.560306,1,40,1,258
-35.287741,-5.760174,1,40,1,167
-47.780908,-15.776745,1,40,1,208
-46.485174,-23.310584,1,40,1,180
-48.943481,-16.350232,1,40,2,159
-47.874336,-15.715007,1,40,1,94
-34.891934,-7.773877,1,40,2,96
-35.019510,-8.009827,1,40,2,155
-46.499644,-23.572650,1,40,1,280
-35.287626,-5.760235,1,40,1,347
-47.779921,-15.766178,1,40,1,352
-50.131241,-25.093119,1,40,1,101
-46.772261,-23.678347,1,40,1,302
-50.136939,-25.092086,1,40,1,103
-47.398701,-22.593052,1,40,2,158
-35.053054,-7.988304,1,40,2,144
-46.522263,-23.436956,1,40,1,355
-47.668075,-23.284472,1,40,1,254
-47.779681,-15.771436,1,40,1,181
-46.620299,-23.476932,1,40,1,223
-49.337200,-16.646659,1,40,1,147
-49.212463,-25.414671,1,40,1,66
-46.366907,-23.539510,1,40,1,231
-35.073272,-7.979167,1,40,2,107
-46.717663,-23.535757,1,40,1,261
-47.696150,-23.293561,1,40,2,60
-47.779578,-15.772669,1,40,1,1
-46.615743,-23.498018,1,40,1,5
-48.665380,-27.640837,1,40,1,317
-46.537966,-22.930388,1,40,1,296
-47.898871,-15.748790,1,40,1,343
-47.457622,-23.474714,1,40,1,41
-49.205166,-25.437205,1,40,1,26
-46.539485,-22.929477,1,40,1,131
-43.386364,-22.943714,1,40,1,235
-48.489069,-1.459614,1,40,1,144
-46.735854,-23.656237,1,40,1,5
-52.418583,-26.872448,1,40,2,4
-46.389063,-23.556089,1,40,1,275
-43.796521,-20.948876,1,40,1,317
-46.499848,-23.572673,1,40,1,100
-47.783646,-15.797193,1,40,1,197
-43.386451,-22.943834,1,40,1,55
-45.382398,-22.890149,1,40,1,92
-46.777148,-23.678433,1,40,1,78
-46.637730,-23.501192,1,40,1,164
-43.395542,-22.961366,1,40,1,256
-34.972314,-8.012354,1,40,2,167
-46.519404,-23.648025,1,40,1,45
-46.606704,-23.622044,1,40,1,81
-43.413714,-22.970252,1,40,1,6
-46.385263,-23.488637,1,40,1,231
-46.782863,-23.702321,1,40,1,50
-38.495215,-3.726079,1,40,1,102
-43.413787,-22.970104,1,40,1,186
-46.549151,-23.706360,1,40,1,300
-43.836066,-22.680352,1,40,1,96
-35.025586,-8.297270,1,40,1,155
-46.649794,-23.480050,1,40,1,299
-50.110379,-25.099546,1,40,2,128
-49.311913,-25.401276,1,40,1,319
-46.534553,-23.586795,1,40,2,113
-46.449934,-23.556449,1,40,1,92
-46.841327,-23.212873,1,40,1,269
-46.530859,-23.611021,1,40,1,101
-48.812876,-26.282160,1,40,1,84
-39.527291,-5.929181,1,40,1,334
-46.613938,-23.525330,1,40,1,293
-49.312477,-25.400836,1,40,1,131
-46.559468,-23.603212,1,40,1,238
-46.415896,-23.524025,1,40,1,281
-48.947507,-16.301424,1,40,1,192
-50.936422,-28.508236,1,40,1,167
-46.605552,-23.615306,1,40,1,91
-52.619005,-27.087409,1,40,1,346
-46.614425,-23.525264,1,40,1,114
-46.701571,-23.693467,1,40,1,358
-48.848785,-26.273964,1,40,1,358
-47.420356,-22.603831,1,40,1,21
-46.753319,-23.490555,1,40,1,105
-46.661285,-23.594154,1,40,1,71
-43.237048,-22.916801,1,40,1,58
-52.619387,-27.086683,1,40,1,166
-46.602788,-23.483599,1,40,1,245
-41.513957,-17.841793,1,40,0,20
-52.614785,-27.086459,1,40,2,1
-46.644016,-23.468814,1,40,1,50
-38.635435,-4.039356,1,40,1,225
-46.646179,-23.482982,1,40,1,126
-46.591732,-23.474972,1,40,1,264
-43.409066,-22.919005,1,40,2,99
-51.145157,-30.039505,1,40,1,181
-48.963486,-16.301610,1,40,1,335
-46.579504,-23.734159,1,40,1,198
-46.606608,-20.741085,1,40,1,270
-38.637022,-4.041314,1,40,1,45
-34.943069,-8.029970,1,40,1,171
-46.375418,-23.956489,1,40,1,17
-48.053453,-16.005007,1,40,1,183
-46.435097,-23.554295,1,40,1,256
-48.969006,-16.289932,1,40,1,151
-46.782898,-23.702271,1,40,1,235
-48.115912,-15.829103,1,40,1,324
-38.741982,-4.313374,1,40,2,208
-34.877986,-7.942158,1,40,1,166
-46.772377,-23.678348,1,40,1,123
-46.273061,-23.994486,1,40,1,190
-51.246154,-30.095903,1,40,1,52
-48.963774,-16.301224,1,40,1,155
-47.829300,-23.348116,1,40,2,73
-48.116683,-15.828377,1,40,1,150
-38.742748,-4.314792,1,40,2,30
-46.356851,-23.535580,1,40,1,69
-50.161393,-25.100660,1,40,1,353
-46.272941,-23.994360,1,40,1,10
-46.607432,-23.536516,1,40,1,344
-48.958551,-16.311953,1,40,1,155
-47.459365,-23.476529,1,40,1,69
-44.570375,-20.070710,1,40,2,123
-47.866391,-23.329907,1,40,2,135
-50.150033,-25.081582,1,40,2,123
-46.530653,-23.597264,1,40,1,253
-46.264315,-23.998803,1,40,1,16
-47.381155,-22.579789,1,40,2,76
-46.717888,-23.535859,1,40,1,81
-48.077204,-15.832510,1,40,1,342
-46.428524,-23.484717,1,40,1,86
-34.957574,-8.039409,1,40,1,18
-39.310817,-4.346432,1,40,1,81
-38.815150,-4.377252,1,40,0,77
-46.263018,-23.990152,1,40,1,287
-50.759760,-28.211504,1,40,1,341
-46.697476,-23.538788,1,40,1,175
-45.980368,-23.309747,1,40,1,76
-46.992638,-22.704296,1,40,1,290
-46.665571,-23.551964,1,40,1,51
-46.803455,-23.647774,1,40,1,95
-46.809442,-23.633418,1,40,1,186
-46.627091,-21.579105,1,40,0,165
-47.454276,-23.542422,1,40,1,91
-46.731164,-23.493976,1,40,1,146
-46.126239,-23.833970,1,40,1,240
-43.172381,-22.952961,1,40,1,110
-46.951545,-19.625378,1,40,1,168
-46.803125,-23.647737,1,40,1,275
-46.848637,-23.715349,1,40,1,8
-46.684151,-23.461363,1,40,1,168
-48.858808,-26.316770,1,40,1,135
-51.124629,-30.012383,1,40,1,290
-46.750797,-23.545809,1,40,1,154
-46.531431,-23.506378,1,40,1,75
-49.295954,-16.646066,1,40,1,198
-46.642362,-23.649364,1,40,1,230
-46.537564,-23.573781,1,40,1,283
-40.744826,-20.010251,1,40,0,17
-48.857966,-26.317497,1,40,1,313
-51.124691,-30.012536,1,40,1,108
-52.626998,-27.100977,1,40,2,166
-44.570604,-20.056091,1,40,2,7
-49.296953,-16.648745,1,40,1,198
-46.777242,-23.678427,1,40,1,260
-46.701623,-23.693231,1,40,1,179
-49.211244,-25.408181,1,40,1,247
-43.905018,-19.861514,1,40,1,350
-46.624240,-23.618213,1,40,1,307
-46.560380,-23.626367,1,40,1,225
-46.417317,-23.493942,1,40,1,90
-49.214298,-16.621457,1,40,1,70
-46.541156,-23.597440,1,40,1,325
-46.547489,-23.655963,1,40,1,141
-46.448057,-23.532609,1,40,1,237
-46.531450,-23.506304,1,40,1,255
-47.998020,-16.005602,1,40,1,256
-46.547264,-23.656118,1,40,1,339
-48.301442,-18.913408,1,40,1,140
-49.212928,-16.620769,1,40,1,250
-46.615486,-23.625708,1,40,1,82
-46.622968,-23.493725,1,40,1,345
-43.416954,-22.868954,1,40,1,95
-46.581080,-23.549502,1,40,1,315
-47.999289,-16.006094,1,40,1,72
-35.355751,-5.859903,1,40,1,48
-48.301161,-18.913533,1,40,1,320
-43.467175,-23.018615,1,40,1,255
-48.039631,-15.943637,1,40,1,149
-49.404570,-20.811671,1,40,1,45
-48.750728,-22.152742,1,40,2,248
-45.781833,-22.476284,1,40,0,10
-46.418535,-23.542126,1,40,1,283
-47.941286,-15.801852,1,40,1,113
-34.909817,-8.086986,1,40,1,192
-43.466911,-23.018652,1,40,1,75
-48.038998,-15.944220,1,40,1,325
-43.183102,-22.933846,1,40,1,72
-48.756087,-22.154766,1,40,2,248
-38.807650,-4.369472,1,40,2,38
-46.650974,-23.462052,1,40,1,54
-52.621151,-27.080283,1,40,1,166
-47.942355,-15.810223,1,40,1,280
-43.399332,-22.962405,1,40,1,75
-46.730947,-23.494138,1,40,1,326
-52.623203,-27.072892,1,40,1,166
-49.299866,-25.498089,1,40,1,254
-34.831800,-7.081363,1,40,1,23
-46.650805,-23.461872,1,40,1,234
-52.620650,-27.100006,1,40,1,346
-47.943520,-15.810193,1,40,1,100
-49.223034,-16.639260,1,40,1,299
-46.360822,-23.492951,1,40,1,310
-52.616169,-27.116094,1,40,1,350
-49.300010,-25.498140,1,40,1,94
-46.675181,-23.550707,1,40,1,25
-46.678437,-23.502203,1,40,1,184
-52.600682,-27.105006,1,40,1,79
-46.678551,-23.583843,1,40,1,74
-46.324547,-23.535784,1,40,1,111
-39.289899,-5.192557,1,40,2,98
-52.604341,-27.105825,1,40,1,76
-46.708469,-23.538147,1,40,1,316
-48.121639,-15.818724,1,40,1,160
-46.678401,-23.502249,1,40,1,4
-46.572282,-23.590525,1,40,1,99
-47.650509,-15.620423,1,40,1,182
-34.824872,-7.938619,1,40,2,4
-46.572342,-23.590458,1,40,1,280
-51.244460,-30.094596,1,40,1,232
-46.772828,-23.618791,1,40,1,260
-48.120978,-15.819979,1,40,1,340
-46.735310,-23.616543,1,40,1,220
-51.145113,-30.039852,1,40,1,1
-46.772984,-23.618854,1,40,1,87
-47.680289,-23.276818,1,40,2,169
-46.730424,-23.633488,1,40,1,270
-48.124408,-15.811041,1,40,1,340
-46.632095,-23.480675,1,40,1,350
-46.591811,-23.493989,1,40,2,32
-47.510547,-22.996509,1,40,1,90
-43.172699,-22.794469,1,40,2,81
-49.216392,-25.458276,1,40,1,341
-35.151752,-8.889428,1,40,2,150
-46.510182,-23.589092,1,40,1,128
-46.641951,-23.572261,1,40,1,355
-49.216477,-25.458225,1,40,1,161
-48.822029,-26.383689,1,40,1,140
-46.612278,-23.475834,1,40,1,122
-46.740815,-23.616837,1,40,1,6
-47.958981,-18.170092,1,40,1,117
-48.835316,-26.282082,1,40,1,68
-46.592014,-23.475047,1,40,1,84
-46.730899,-23.633567,1,40,1,90
-48.277995,-18.941440,1,40,1,113
-46.567198,-23.480296,1,40,1,335
-46.605798,-23.470734,1,40,1,217
-45.958621,-23.301596,1,40,1,62
-46.449755,-23.556407,1,40,1,272
-46.403367,-23.536264,1,40,1,59
-46.314464,-23.547597,1,40,1,200
-45.974903,-23.304054,1,40,1,332
-46.435308,-23.554336,1,40,1,107
-48.641157,-17.755171,1,40,1,134
-46.567270,-23.480319,1,40,1,155
-46.519298,-23.647843,1,40,1,225
-47.958941,-18.170023,1,40,1,297
-48.634764,-17.761220,1,40,1,137
-46.662026,-23.479472,1,40,1,329
-49.340246,-16.689837,1,40,1,95
-49.563981,-18.682563,1,40,2,169
-35.025248,-8.296951,1,40,1,345
-46.645903,-23.483103,1,40,1,313
-48.817084,-26.294320,1,40,1,224
-49.219510,-25.387187,1,40,1,64
-46.707010,-23.543182,1,40,1,34
-46.484618,-24.027771,1,40,1,247
-46.553251,-23.598471,1,40,1,109
-46.482758,-23.539326,1,40,1,75
-51.956523,-23.399658,1,40,1,3
-46.474361,-23.528154,1,40,1,170
-43.839273,-22.665934,1,40,1,115
-43.260173,-22.846870,1,40,1,330
-51.957980,-23.407028,1,40,1,170
-46.479484,-23.488045,1,40,1,6
-43.838837,-22.679629,1,40,1,269
-46.388460,-23.495244,1,40,1,152
-43.859465,-19.876549,1,40,2,78
-46.523559,-23.612650,1,40,1,318
-43.827078,-22.682899,1,40,1,126
-46.445087,-23.550098,1,40,1,183
-46.759466,-23.622203,1,40,1,90
-46.487379,-23.499025,1,40,1,198
-46.651865,-23.637136,1,40,1,47
-46.541404,-23.597206,1,40,1,148
-46.758930,-23.622134,1,40,1,270
-46.507376,-23.496107,1,40,1,135
-43.827666,-22.668423,1,40,1,81
-46.399649,-23.522645,1,40,1,177
-48.064172,-16.017235,1,40,1,315
-46.391986,-23.501249,1,40,1,132
-46.735504,-23.616813,1,40,1,42
-38.507891,-3.925407,1,40,1,185
-48.065556,-16.016554,1,40,1,135
-46.425937,-23.549597,1,40,1,165
-40.488969,-9.389552,1,40,1,3
-46.420091,-23.519448,1,40,1,315
-48.990038,-21.761453,1,40,2,150
-46.553200,-23.598445,1,40,1,289
-34.942765,-8.030316,1,40,1,349
-46.428358,-23.484673,1,40,1,266
-48.993385,-21.754024,1,40,2,150
-46.385350,-23.488808,1,40,1,26
-34.943175,-8.029983,1,40,1,172
-46.516580,-23.587194,1,40,1,106
-46.841475,-23.212941,1,40,1,89
-46.560321,-23.626432,1,40,1,57
-34.942900,-8.030346,1,40,1,349
-46.753142,-23.490548,1,40,1,285
-49.343041,-16.659949,1,40,1,90
-46.617037,-23.579888,1,40,1,129
-47.463623,-23.433351,1,40,1,259
-46.511196,-23.460021,1,40,1,192
-49.341953,-16.659888,1,40,1,270
-46.408674,-23.560403,1,40,1,76
-49.310452,-25.656100,1,40,2,157
-46.411078,-23.556671,1,40,1,143
-49.331609,-16.660255,1,40,1,90
-46.675879,-23.488087,1,40,1,185
-47.872576,-15.769183,1,40,1,349
-46.750664,-23.545889,1,40,1,335
-46.509774,-23.589239,1,40,1,288
-46.685088,-23.544285,1,40,1,211
-45.840304,-23.529101,1,40,2,92
-46.661113,-23.594045,1,40,1,250
-40.489192,-9.389494,1,40,1,183
-46.706927,-23.542997,1,40,1,214
-40.508123,-9.391414,1,40,1,335
-43.234638,-22.980003,1,40,1,28
-46.482486,-23.539156,1,40,1,256
-48.027250,-15.958532,1,40,1,141
-47.939500,-15.803374,1,40,1,326
-47.655018,-15.616771,1,50,1,3
-46.854209,-23.604615,1,50,2,146
-38.444293,-12.907810,1,50,1,248
-52.377919,-28.279979,1,50,1,305
-46.708229,-23.577567,1,50,1,203
-46.303217,-23.970316,1,50,1,126
-46.711542,-23.542460,1,50,1,348
-43.302741,-22.992259,1,50,1,203
-47.430128,-23.494784,1,50,2,158
-46.936577,-23.547709,1,50,1,36
-46.658382,-23.522733,1,50,1,280
-52.381597,-28.275585,1,50,1,319
-52.416759,-28.279211,1,50,1,90
-51.525973,-29.167135,1,50,1,190
-46.721272,-23.439592,1,50,1,349
-46.601218,-23.682086,1,50,1,238
-47.296585,-22.947931,1,50,1,84
-46.936772,-23.547789,1,50,1,217
-46.403948,-23.402356,1,50,1,232
-52.385873,-28.272147,1,50,1,322
-52.415535,-28.279250,1,50,1,276
-51.525780,-29.166592,1,50,1,10
-46.768790,-23.534412,1,50,1,112
-46.601297,-23.682383,1,50,1,45
-47.296601,-22.947849,1,50,1,262
-35.249754,-5.652013,1,50,2,166
-46.503497,-23.466071,1,50,1,68
-52.394475,-28.266868,1,50,1,301
-45.841868,-23.171591,1,50,1,270
-51.519876,-29.177095,1,50,1,107
-46.768940,-23.534222,1,50,1,292
-43.650981,-22.926565,1,50,1,70
-47.311780,-22.949247,1,50,1,95
-47.655336,-23.285786,1,50,1,123
-46.533713,-23.455911,1,50,1,352
-52.378912,-28.240465,1,50,1,230
-52.834423,-28.740027,1,50,1,340
-51.518554,-29.178981,1,50,1,32
-46.540007,-23.448991,1,50,1,222
-45.910691,-23.239325,1,50,1,208
-46.601814,-23.620363,1,50,1,176
-49.267463,-16.643739,1,50,1,168
-46.503727,-23.466038,1,50,1,248
-52.383015,-28.243571,1,50,1,229
-52.847459,-28.721676,1,50,1,301
-51.352440,-29.215119,1,50,1,120
-46.600144,-23.475902,1,50,1,223
-42.072033,-22.841242,1,50,1,315
-46.467928,-23.593185,1,50,1,98
-49.242267,-16.644296,1,50,1,174
-49.167037,-26.716233,1,50,2,15
-52.395555,-28.266563,1,50,1,102
-52.847557,-28.721799,1,50,1,120
-51.334149,-29.221399,1,50,1,262
-49.088376,-22.319655,1,50,1,196
-47.505902,-23.501781,1,50,1,90
-46.634559,-23.587670,1,50,1,355
-42.040795,-20.273017,1,50,0,82
-48.652377,-26.916381,1,50,1,324
-52.389116,-28.269117,1,50,1,135
-47.936670,-18.158871,1,50,1,233
-46.303141,-23.970218,1,50,1,310
-46.487043,-23.580226,1,50,1,73
-43.303461,-22.994375,1,50,1,22
-48.290246,-18.922873,1,50,1,244
-45.895425,-23.199645,1,50,1,20
-50.165227,-25.076576,1,50,1,206
-52.386162,-28.272048,1,50,1,142
-42.635853,-22.914736,1,50,2,72
-45.919080,-23.195583,1,50,1,130
-46.676950,-23.546859,1,50,1,185
-46.624583,-22.473042,1,50,1,210
-45.884356,-23.220105,1,50,1,338
-46.743260,-23.672526,1,50,1,246
-46.484564,-23.452631,1,50,1,240
-52.382307,-28.275074,1,50,1,138
-42.657707,-22.924524,1,50,2,42
-49.061146,-26.934721,1,50,1,55
-38.452471,-12.861880,1,50,2,160
-47.067219,-22.922897,1,50,1,288
-35.206084,-5.800531,1,50,1,200
-47.500581,-23.502034,1,50,1,114
-34.903495,-7.890625,1,50,1,352
-35.223930,-5.834131,1,50,1,25
-42.686460,-22.945067,1,50,0,44
-51.490913,-29.721545,1,50,1,297
-46.617066,-23.470119,1,50,1,21
-46.327222,-23.490472,1,50,0,158
-34.835879,-7.105010,1,50,1,328
-47.497144,-23.514466,1,50,1,284
-34.898963,-7.914146,1,50,1,325
-35.222895,-5.831457,1,50,1,200
-47.928122,-18.151434,1,50,1,38
-47.073159,-22.874696,1,50,1,267
-47.043597,-23.146363,1,50,2,189
-46.209903,-23.533089,1,50,1,77
-48.074788,-15.874080,1,50,1,250
-47.488711,-23.460596,1,50,1,298
-43.871476,-22.377321,1,50,1,338
-48.067766,-16.026222,1,50,1,302
-47.927148,-18.150131,1,50,1,218
-54.622053,-20.453127,1,50,1,168
-46.995692,-23.024901,1,50,1,299
-43.574027,-22.542631,1,50,2,56
-48.078076,-15.862869,1,50,1,244
-47.000777,-23.020924,1,50,2,156
-52.643874,-27.075234,1,50,1,10
-48.069026,-16.025629,1,50,1,123
-47.308538,-22.738886,1,50,1,340
-47.440707,-23.540510,1,50,1,275
-46.995875,-23.024901,1,50,1,120
-46.719014,-23.542038,1,50,1,0
-47.459760,-23.433636,1,50,1,260
-35.887792,-7.266637,1,50,0,5
-52.635366,-27.067015,1,50,1,68
-48.065019,-16.011457,1,50,1,63
-47.308783,-22.738954,1,50,1,160
-51.476105,-29.686107,1,50,1,262
-46.531939,-23.454244,1,50,1,98
-46.726728,-23.542859,1,50,1,136
-47.458879,-23.433560,1,50,1,80
-48.650207,-26.919020,1,50,1,326
-51.088924,-29.363351,1,50,1,252
-49.245438,-25.488036,1,50,1,156
-47.508783,-23.503734,1,50,1,133
-51.467352,-29.678852,1,50,1,190
-54.580572,-20.491695,1,50,1,244
-46.362820,-23.969352,1,50,1,76
-47.479485,-23.477275,1,50,1,203
-47.474540,-23.489956,1,50,1,114
-51.089582,-29.363725,1,50,1,48
-46.686234,-23.690765,1,50,1,322
-46.668143,-23.529568,1,50,1,122
-46.647237,-23.621127,1,50,1,159
-54.580826,-20.491875,1,50,1,54
-46.490369,-23.890708,1,50,1,64
-47.941064,-15.810927,1,50,1,265
-51.308310,-29.450968,1,50,1,94
-49.599162,-27.416437,1,50,1,356
-46.471610,-23.592549,1,50,1,273
-46.509813,-23.519699,1,50,1,287
-47.026212,-22.894381,1,50,1,98
-41.983633,-18.670294,1,50,2,54
-46.470914,-23.892511,1,50,1,66
-46.686389,-23.690856,1,50,1,141
-53.902068,-28.369968,1,50,2,178
-46.651321,-23.522018,1,50,1,152
-49.334919,-16.718938,1,50,1,239
-47.352600,-22.744747,1,50,1,275
-46.436816,-23.700159,1,50,1,328
-46.717364,-23.489523,1,50,1,297
-35.222591,-5.795910,1,50,1,265
-51.127998,-29.130150,1,50,1,22
-46.518199,-23.465438,1,50,1,341
-52.151220,-28.535692,1,50,1,293
-49.259503,-25.461222,1,50,1,157
-46.752450,-23.610013,1,50,1,190
-46.547434,-23.629804,1,50,1,330
-49.273740,-28.679676,1,50,2,56
-35.275965,-5.776563,1,50,1,202
-49.307243,-25.442436,1,50,1,140
-51.307039,-29.450973,1,50,1,260
-52.154516,-28.534515,1,50,1,113
-48.198366,-15.713552,1,50,1,341
-38.357653,-12.932340,1,50,1,16
-46.408872,-23.717989,1,50,1,302
-54.640994,-20.502518,1,50,1,192
-35.277300,-5.779752,1,50,1,203
-49.258476,-25.396637,1,50,1,190
-50.786451,-29.879311,1,50,1,287
-52.160462,-28.532811,1,50,1,87
-48.123153,-15.729374,1,50,1,276
-43.190727,-22.961003,1,50,1,42
-46.703168,-23.709448,1,50,1,47
-54.640437,-20.503048,1,50,1,11
-47.417755,-23.416538,1,50,1,301
-46.642322,-23.549790,1,50,1,245
-43.485936,-22.762465,1,50,1,246
-46.647140,-23.621063,1,50,1,339
-46.474795,-23.518444,1,50,1,152
-45.607597,-22.750928,1,50,2,50
-50.861426,-29.369233,1,50,1,35
-46.725945,-23.608507,1,50,1,32
-48.269290,-18.931119,1,50,1,238
-49.305033,-25.443233,1,50,1,340
-47.481128,-23.489983,1,50,1,61
-51.938072,-28.713935,1,50,1,324
-46.458456,-23.502336,1,50,1,345
-35.246712,-5.746226,1,50,1,149
-50.787276,-29.571990,1,50,1,120
-46.710632,-23.616945,1,50,2,98
-43.652388,-22.796403,1,50,0,55
-48.272525,-18.923720,1,50,1,310
-34.856437,-7.097080,1,50,1,288
-46.723254,-23.484645,1,50,1,241
-46.458571,-23.502586,1,50,1,168
-47.326448,-22.733700,1,50,1,69
-50.784981,-29.574381,1,50,1,356
-38.357076,-12.929180,1,50,1,192
-49.405922,-28.803990,1,50,2,358
-48.274723,-18.923390,1,50,1,125
-42.428369,-22.162471,1,50,0,116
-46.664119,-23.522060,1,50,1,100
-46.658446,-23.532152,1,50,1,278
-47.326483,-22.733633,1,50,1,253
-51.932861,-23.441681,1,50,1,178
-41.922477,-18.580102,1,50,0,5
-52.252968,-28.379777,1,50,1,166
-38.585408,-3.701046,1,50,1,295
-46.701787,-23.589829,1,50,1,45
-52.415800,-28.264616,1,50,1,243
-43.180493,-22.499705,1,50,1,13
-47.333854,-22.731861,1,50,1,312
-46.801488,-23.525587,1,50,1,118
-39.300423,-7.210734,1,50,2,144
-48.101513,-15.822985,1,50,1,151
-38.586191,-3.700761,1,50,1,116
-52.181775,-29.621452,1,50,1,197
-47.862587,-23.333355,1,50,1,315
-46.427176,-23.667858,1,50,1,116
-47.333918,-22.731896,1,50,1,143
-46.713582,-23.596507,1,50,1,324
-41.978301,-21.410235,1,50,0,20
-48.101363,-15.822851,1,50,1,331
-46.685766,-23.582688,1,50,1,45
-46.618187,-23.502470,1,50,1,270
-46.415943,-23.445579,1,50,1,249
-46.409877,-23.708976,1,50,1,76
-47.337692,-22.734379,1,50,1,92
-42.805412,-22.706932,1,50,0,33
-42.013274,-21.452672,1,50,0,158
-46.520310,-23.705641,1,50,1,268
-49.370802,-28.726955,1,50,2,0
-46.556917,-23.628356,1,50,1,350
-46.625486,-23.628484,1,50,1,260
-38.462500,-3.747860,1,50,1,108
-47.337742,-22.734327,1,50,1,272
-52.627614,-27.095292,1,50,1,248
-42.079219,-21.501703,1,50,0,40
-34.838837,-7.125645,1,50,1,270
-43.147007,-22.469104,1,50,1,200
-42.202376,-22.844191,1,50,2,118
-46.725836,-23.608213,1,50,1,212
-46.630915,-23.526359,1,50,1,12
-48.262040,-18.893068,1,50,1,35
-52.633309,-27.095008,1,50,1,287
-42.187002,-21.560826,1,50,0,94
-43.208815,-22.931396,1,50,1,24
-49.265678,-16.645846,1,50,1,306
-41.991908,-22.833366,1,50,1,26
-46.715766,-23.595270,1,50,1,110
-46.631281,-23.525720,1,50,1,188
-47.325072,-22.753783,1,50,1,54
-52.641646,-27.096504,1,50,1,67
-42.302506,-21.654988,1,50,0,36
-47.124901,-23.542594,1,50,1,313
-49.314563,-25.431997,1,50,1,149
-46.603899,-23.572373,1,50,1,356
-47.788866,-19.980401,1,50,1,352
-46.450004,-23.690423,1,50,2,158
-47.325161,-22.753627,1,50,1,233
-52.634902,-27.094676,1,50,1,106
-42.126279,-21.893615,1,50,0,9
-47.871499,-23.356887,1,50,1,68
-49.255065,-25.434266,1,50,1,333
-46.843291,-23.011625,1,50,1,343
-34.828328,-7.107722,1,50,1,135
-46.456471,-23.672990,1,50,1,138
-47.359619,-22.759526,1,50,1,354
-46.673490,-23.639602,1,50,1,221
-41.994506,-21.724968,1,50,2,136
-43.685328,-22.940242,1,50,1,148
-49.255351,-25.434010,1,50,1,150
-46.675722,-23.609665,1,50,1,146
-51.384512,-27.013129,1,50,1,326
-47.921101,-15.776648,1,50,1,18
-47.359898,-22.758171,1,50,1,173
-47.937173,-15.807196,1,50,1,147
-42.033138,-21.698901,1,50,0,131
-43.690061,-22.928864,1,50,1,155
-34.892252,-7.146201,1,50,1,20
-54.604189,-20.508478,1,50,1,166
-51.424162,-26.999084,1,50,0,107
-47.917551,-15.765693,1,50,1,198
-47.352605,-22.744829,1,50,1,95
-51.959410,-23.435854,1,50,1,269
-42.073850,-21.673454,1,50,2,118
-47.057559,-22.877638,1,50,1,74
-47.366845,-22.729135,1,50,1,349
-46.707796,-23.479311,1,50,1,200
-46.422630,-23.400069,1,50,1,67
-46.442010,-23.582612,1,50,1,359
-48.261104,-18.928538,1,50,1,72
-47.339202,-22.748980,1,50,1,49
-42.064144,-21.681329,1,50,0,132
-47.057103,-22.877373,1,50,1,258
-46.578631,-23.549729,1,50,1,333
-47.491230,-23.505477,1,50,1,292
-49.222498,-16.710209,1,50,1,108
-46.442925,-23.587676,1,50,1,168
-46.549310,-23.486076,1,50,1,285
-46.246401,-23.982304,1,50,1,324
-42.086032,-21.660886,1,50,2,178
-46.504462,-23.510424,1,50,1,270
-46.578995,-23.549238,1,50,1,160
-47.498796,-23.502684,1,50,1,293
-46.845908,-23.517242,1,50,1,78
-46.579087,-23.549555,1,50,1,155
-46.549371,-23.486127,1,50,1,105
-46.246551,-23.982179,1,50,1,145
-42.105743,-21.628868,1,50,2,125
-46.709855,-23.712589,1,50,1,312
-48.063853,-15.835842,1,50,1,252
-47.488034,-23.506670,1,50,1,292
-47.464049,-23.557120,1,50,1,165
-46.578471,-23.549606,1,50,1,333
-46.274191,-23.999236,1,50,1,174
-35.201713,-5.803682,1,50,1,20
-42.113779,-21.622127,1,50,2,129
-43.472360,-22.760155,1,50,2,286
-46.744162,-23.673028,1,50,1,68
-47.936617,-18.158947,1,50,1,53
-47.125478,-22.981274,1,50,1,90
-46.766001,-23.657136,1,50,1,25
-46.274117,-23.999016,1,50,1,354
-35.218575,-5.834804,1,50,1,20
-53.797456,-29.705445,1,50,1,228
-46.342817,-23.929445,1,50,1,90
-46.827580,-23.635011,1,50,2,53
-47.931840,-18.167406,1,50,2,167
-46.719624,-23.571063,1,50,1,64
-46.659194,-23.567339,1,50,1,42
-35.198366,-5.760376,1,50,1,135
-46.694555,-23.591009,1,50,1,45
-42.134740,-19.785686,1,50,1,22
-46.343083,-23.929322,1,50,1,270
-46.652239,-23.535717,1,50,1,121
-47.865663,-23.355604,1,50,1,87
-46.718032,-23.570302,1,50,1,245
-46.955316,-23.138529,1,50,1,103
-46.715044,-23.696026,1,50,1,182
-42.933537,-22.911987,1,50,1,330
-42.134593,-19.785134,1,50,1,202
-47.498584,-23.515898,1,50,1,87
-46.642840,-23.536144,1,50,1,147
-47.877980,-23.358743,1,50,1,76
-49.259063,-16.692883,1,50,1,167
-53.717110,-29.701944,1,50,1,286
-43.067482,-19.818474,1,50,1,222
-46.786185,-23.618536,1,50,1,160
-41.958390,-18.881558,1,50,1,302
-47.493925,-23.511700,1,50,1,248
-49.046609,-22.316699,1,50,2,255
-42.225953,-22.842911,1,50,2,40
-46.551733,-23.433590,1,50,1,135
-53.719116,-29.701604,1,50,1,95
-48.016423,-16.015321,1,50,1,236
-47.427828,-23.501486,1,50,1,315
-41.958400,-18.881613,1,50,1,121
-47.464534,-23.512787,1,50,1,230
-46.573655,-23.569976,1,50,1,190
-46.487044,-23.580110,1,50,1,255
-46.607531,-23.484296,1,50,1,209
-53.734144,-29.697426,1,50,1,113
-46.520309,-23.705693,1,50,1,77
-47.434600,-23.505416,1,50,1,179
-47.515450,-23.494212,1,50,1,192
-46.689938,-23.537085,1,50,1,213
-46.572971,-23.571513,1,50,1,314
-46.674768,-23.519417,1,50,1,106
-46.545572,-23.470022,1,50,1,0
-53.732242,-29.698209,1,50,1,299
-47.458432,-23.496553,1,50,1,162
-47.464287,-23.512684,1,50,1,45
-49.583012,-27.417474,1,50,2,84
-42.025226,-22.870709,1,50,1,315
-46.625242,-23.628595,1,50,1,81
-46.674573,-23.519305,1,50,1,287
-46.635827,-23.658373,1,50,1,21
-54.558879,-20.459239,1,50,1,71
-51.980341,-23.433616,1,50,1,57
-47.458666,-23.513808,1,50,1,243
-47.124858,-22.981201,1,50,1,269
-42.031566,-22.865761,1,50,1,305
-38.615284,-3.748832,1,50,1,8
-43.889782,-22.624357,1,50,2,53
-47.098448,-22.911908,1,50,1,230
-54.557301,-20.451341,1,50,1,164
-46.518534,-23.530507,1,50,1,62
-43.208012,-22.973422,1,50,1,160
-41.963048,-18.877329,1,50,1,316
-46.685651,-23.599526,1,50,1,120
-47.400037,-22.587028,1,50,1,322
-43.908099,-22.629086,1,50,1,286
-46.618245,-23.552496,1,50,1,276
-54.559432,-20.442845,1,50,1,251
-46.651098,-23.623348,1,50,1,307
-47.043241,-22.921433,1,50,1,332
-42.759218,-5.080727,1,50,1,76
-43.683309,-22.919729,1,50,1,97
-46.423170,-23.905952,1,50,1,1
-48.282648,-18.930137,1,50,1,180
-34.907960,-7.861604,1,50,1,172
-46.750051,-23.606109,1,50,1,255
-48.314853,-18.909443,1,50,1,62
-47.041268,-22.923506,1,50,1,119
-52.502748,-29.709720,1,50,1,349
-46.605763,-23.607622,1,50,1,19
-46.419587,-23.888805,1,50,1,180
-41.841106,-22.406640,1,50,2,96
-46.537457,-23.435839,1,50,1,10
-50.849899,-29.361486,1,50,1,269
-47.780100,-15.900064,1,50,1,127
-43.182696,-22.515721,1,50,1,41
-49.589107,-27.418672,1,50,2,82
-46.605957,-23.607539,1,50,1,199
-46.426559,-23.892218,1,50,2,260
-47.123062,-23.546058,1,50,1,345
-46.652091,-22.521349,1,50,2,112
-51.956234,-23.407137,1,50,1,350
-47.778316,-15.901269,1,50,1,308
-43.185963,-22.518025,1,50,1,221
-52.503381,-29.707220,1,50,1,168
-46.667941,-23.529531,1,50,1,300
-46.682197,-23.560365,1,50,1,57
-47.462184,-23.482830,1,50,1,66
-47.071559,-22.917277,1,50,1,327
-51.956759,-23.400647,1,50,1,183
-47.860239,-15.718505,1,50,1,286
-43.174016,-22.503676,1,50,2,73
-42.043569,-19.193848,1,50,0,28
-49.398760,-28.676468,1,50,1,278
-46.544012,-22.961489,1,50,1,175
-42.002001,-22.632488,1,50,2,5
-46.610437,-23.490729,1,50,1,21
-46.333643,-23.499348,1,50,1,59
-47.467910,-23.493869,1,50,1,148
-43.174459,-22.484069,1,50,1,23
-41.982871,-18.977221,1,50,0,39
-46.844834,-23.644669,1,50,2,42
-46.696156,-23.571554,1,50,1,264
-48.066582,-15.836530,1,50,1,93
-45.896324,-23.158293,1,50,1,150
-45.430634,-23.612246,1,50,1,6
-52.438545,-28.268126,1,50,1,217
-43.174684,-22.483261,1,50,1,196
-41.956920,-18.951891,1,50,0,51
-48.259977,-18.894299,1,50,1,35
-46.642046,-23.549835,1,50,1,64
-42.718936,-22.926119,1,50,1,338
-46.680393,-23.549697,1,50,1,270
-38.461448,-3.748096,1,50,1,288
-48.162720,-21.750234,1,50,1,184
-43.179740,-22.493459,1,50,1,186
-41.944453,-18.902201,1,50,2,151
-49.227595,-28.668000,1,50,1,230
-48.023733,-15.837864,1,50,1,245
-46.474425,-23.417249,1,50,2,83
-46.627058,-23.561556,1,50,1,77
-46.607901,-23.684467,1,50,1,73
-47.058291,-22.872868,1,50,1,114
-54.621760,-20.453481,1,50,1,359
-43.332271,-22.795015,1,50,2,92
-46.852161,-23.658219,1,50,2,188
-49.362933,-28.718823,1,50,1,87
-47.146008,-22.859332,1,50,1,121
-46.463364,-23.490057,1,50,1,318
-45.845240,-23.172188,1,50,1,256
-43.185882,-22.517993,1,50,1,41
-34.903770,-7.890574,1,50,1,172
-43.384326,-22.783458,1,50,1,330
-46.603847,-23.659100,1,50,1,213
-49.360452,-28.718729,1,50,1,267
-46.722750,-23.484544,1,50,1,55
-46.669834,-23.611607,1,50,1,220
-45.841988,-23.171658,1,50,1,90
-48.061772,-15.870465,1,50,1,77
-34.899539,-7.913791,1,50,1,146
-47.515505,-23.494648,1,50,1,12
-46.644444,-22.519259,1,50,0,47
-46.562222,-23.582142,1,50,1,257
-48.670936,-26.915454,1,50,2,186
-45.425144,-23.645414,1,50,1,20
-46.633712,-23.536768,1,50,1,182
-46.631027,-23.526347,1,50,1,12
-48.259817,-18.899049,1,50,1,35
-46.667956,-23.574680,1,50,1,52
-47.073875,-22.874950,1,50,1,83
-43.145601,-22.465086,1,50,1,15
-46.302940,-23.552486,1,50,1,309
-46.721395,-23.439367,1,50,1,173
-47.626022,-22.742163,1,50,1,150
-46.631151,-23.525733,1,50,1,188
-45.888181,-23.176938,1,50,1,338
-42.339770,-21.658424,1,50,0,92
-51.885002,-29.232493,1,50,1,132
-46.448034,-23.530276,1,50,1,216
-46.646641,-23.487197,1,50,1,243
-45.893244,-23.232098,1,50,1,93
-46.468377,-23.439893,1,50,1,14
-47.119611,-22.936245,1,50,1,140
-49.118998,-26.924839,1,50,1,217
-49.980911,-20.407597,1,50,1,171
-51.350005,-29.216317,1,50,1,300
-46.447941,-23.530332,1,50,1,38
-46.646172,-23.487192,1,50,1,66
-48.588462,-27.046667,1,50,2,5
-46.462388,-23.662379,1,50,1,270
-54.604044,-20.508523,1,50,1,346
-46.676480,-23.649079,1,50,1,37
-43.380736,-22.776065,1,50,2,243
-54.268133,-28.362528,1,50,2,2
-46.317301,-23.391077,1,50,2,224
-46.647422,-23.592834,1,50,1,293
-48.584124,-27.033409,1,50,2,176
-46.695252,-23.567615,1,50,1,83
-41.760626,-22.339295,1,50,1,33
-34.834277,-7.115254,1,50,1,64
-49.351841,-28.682954,1,50,1,89
-38.547075,-3.737870,1,50,1,258
-46.553007,-23.535988,1,50,1,78
-53.583911,-30.164132,1,50,1,145
-48.581416,-27.008054,1,50,2,153
-46.651129,-23.597978,1,50,1,184
-52.841798,-28.727352,1,50,1,140
-49.383286,-28.674888,1,50,1,317
-34.850484,-7.063321,1,50,1,182
-43.541188,-22.914942,1,50,1,325
-46.552500,-23.535688,1,50,1,257
-47.494889,-23.512453,1,50,1,35
-48.640143,-26.955157,1,50,1,347
-46.530765,-23.469873,1,50,1,173
-52.841625,-28.727308,1,50,1,320
-43.553462,-22.874202,1,50,1,44
-34.850086,-7.065748,1,50,1,358
-47.463517,-23.483249,1,50,1,250
-41.760315,-22.338629,1,50,1,214
-41.130407,-21.982780,1,50,0,189
-42.137058,-19.790887,1,50,1,23
-46.506545,-23.464370,1,50,2,259
-42.024856,-22.871080,1,50,1,128
-49.081299,-22.331710,1,50,1,258
-34.849761,-7.072422,1,50,1,182
-47.473233,-23.488803,1,50,1,315
-41.988736,-22.581043,1,50,2,22
-42.388974,-22.885011,1,50,1,123
-42.136641,-19.789743,1,50,1,203
-46.540198,-23.449262,1,50,1,42
-54.589264,-20.496977,1,50,1,239
-47.345336,-22.752220,1,50,1,260
-46.463302,-23.490372,1,50,1,141
-34.842838,-7.129285,1,50,1,268
-46.610906,-23.573456,1,50,1,176
-42.352797,-22.922383,1,50,1,98
-46.545883,-23.471002,1,50,1,180
-50.788006,-29.491706,1,50,1,113
-54.590557,-20.497842,1,50,1,59
-53.057764,-26.064244,1,50,2,132
-53.766020,-29.591355,1,50,1,6
-47.489106,-23.472571,1,50,1,320
-51.163091,-29.179136,1,50,1,205
-46.707308,-23.556970,1,50,1,338
-42.776357,-5.080987,1,50,1,274
-46.839568,-23.006561,1,50,1,290
-46.216512,-23.516043,1,50,1,231
-43.298990,-22.922532,1,50,1,278
-53.766071,-29.589471,1,50,1,179
-34.861443,-7.101233,1,50,1,45
-46.670284,-23.559467,1,50,1,239
-48.081235,-15.906341,1,50,1,249
-48.302416,-18.904150,1,50,1,90
-54.592137,-20.459952,1,50,1,170
-46.498715,-23.432385,1,50,1,294
-46.543903,-22.961485,1,50,1,357
-34.849369,-7.074648,1,50,1,359
-34.832290,-7.103096,1,50,1,147
-46.670059,-23.559515,1,50,1,58
-48.082365,-15.906923,1,50,1,68
-48.329956,-18.897037,1,50,1,126
-46.508066,-23.510679,1,50,1,69
-46.697582,-23.571861,1,50,1,83
-46.824779,-23.001421,1,50,1,248
-43.378565,-22.909198,1,50,2,3
-42.137103,-22.836989,1,50,1,68
-46.648346,-23.592636,1,50,1,113
-46.711645,-23.542350,1,50,1,168
-48.326775,-18.899042,1,50,1,307
-46.846018,-23.517159,1,50,1,258
-47.632898,-22.715800,1,50,1,183
-46.834544,-23.005597,1,50,1,290
-53.785973,-29.762824,1,50,1,152
-51.727176,-29.972278,1,50,1,287
-46.586811,-23.580673,1,50,1,174
-34.834280,-7.104967,1,50,1,146
-42.776689,-5.081342,1,50,1,95
-50.850839,-29.361498,1,50,1,97
-46.456796,-23.523028,1,50,1,204
-42.966512,-22.804719,1,50,1,65
-53.785541,-29.763521,1,50,1,335
-51.730788,-29.971351,1,50,1,107
-46.587354,-23.574226,1,50,1,352
-34.835275,-7.088926,1,50,1,191
-38.616111,-3.757875,1,50,1,182
-51.336728,-29.221785,1,50,1,82
-54.627454,-20.465971,1,50,1,78
-42.965091,-22.803632,1,50,1,235
-51.180416,-29.041848,1,50,1,1
-51.631667,-29.968265,1,50,1,262
-46.335403,-23.968964,1,50,1,283
-34.832730,-7.081139,1,50,1,203
-46.697287,-23.638572,1,50,1,210
-48.038688,-15.837272,1,50,1,129
-54.626759,-20.465572,1,50,1,256
-42.950472,-22.794427,1,50,1,66
-49.398774,-28.676530,1,50,1,102
-51.632563,-29.968284,1,50,1,96
-46.335589,-23.969000,1,50,1,103
-46.506298,-23.520598,1,50,1,91
-46.955425,-22.368989,1,50,2,171
-42.991386,-22.808954,1,50,1,63
-42.033174,-22.861948,1,50,1,157
-42.946730,-22.792751,1,50,1,247
-46.251508,-23.976671,1,50,1,303
-42.006198,-22.668758,1,50,1,6
-46.496982,-23.579019,1,50,1,90
-48.631751,-26.963566,1,50,0,177
-46.407539,-23.405913,1,50,2,28
-48.259051,-18.895637,1,50,1,215
-43.191555,-22.963279,1,50,1,194
-46.600291,-23.476103,1,50,1,46
-42.996193,-22.663665,1,50,1,96
-47.947605,-15.791878,1,50,1,17
-50.173681,-25.086109,1,50,1,117
-48.594633,-27.050863,1,50,2,6
-46.415497,-23.425578,1,50,0,96
-48.277960,-18.926288,1,50,1,150
-46.585851,-23.648090,1,50,1,300
-46.534875,-23.660685,1,50,2,295
-42.474030,-5.039953,1,50,2,85
-42.607350,-22.865605,1,50,2,36
-48.060076,-15.870524,1,50,1,297
-43.184039,-22.511840,1,50,1,197
-46.603409,-23.503552,1,50,2,26
-46.680651,-23.560624,1,50,1,135
-42.281343,-22.783065,1,50,1,211
-43.020003,-22.856389,1,50,1,295
-53.583383,-30.164773,1,50,1,325
-49.063168,-22.326090,1,50,1,138
-49.067011,-26.955052,1,50,2,132
-49.106269,-22.360096,1,50,2,16
-46.606136,-23.511918,1,50,1,24
-51.047067,-29.359973,1,50,1,232
-42.294389,-22.802807,1,50,2,207
-47.900187,-15.744717,1,50,1,343
-34.863246,-8.024969,1,50,1,34
-49.072770,-22.340380,1,50,1,45
-35.206645,-5.802352,1,50,1,21
-46.565070,-23.746837,1,50,1,40
-46.615548,-23.461435,1,50,1,0
-46.518438,-23.471151,1,50,1,63
-42.051046,-22.883359,1,50,1,173
-42.367199,-22.883871,1,50,0,111
-34.861854,-8.022690,1,50,1,197
-49.072080,-22.339510,1,50,1,225
-42.312368,-22.865722,1,50,2,93
-63.770716,-8.800600,1,50,1,90
-46.615527,-23.460530,1,50,1,180
-52.426043,-28.269213,1,50,1,243
-39.316349,-7.223161,1,50,1,93
-47.482652,-23.520500,1,50,1,285
-47.782970,-15.892110,1,50,2,38
-49.051573,-22.351017,1,50,1,323
-42.688689,-22.565865,1,50,2,19
-63.770346,-8.800530,1,50,1,269
-46.606007,-23.510869,1,50,1,188
-52.434378,-28.267220,1,50,1,86
-39.316412,-7.223072,1,50,1,276
-47.477035,-23.521932,1,50,1,106
-39.324003,-7.215717,1,50,1,15
-46.768020,-23.624504,1,50,2,26
-52.252792,-28.380207,1,50,1,346
-34.902543,-7.897268,1,50,1,352
-46.691448,-23.740855,1,50,1,15
-52.438363,-28.268081,1,50,1,37
-46.751622,-23.649567,1,50,1,97
-47.473101,-23.524646,1,50,1,34
-49.968030,-20.416245,1,50,1,66
-47.475667,-23.442731,1,50,1,90
-42.352608,-22.881500,1,50,1,99
-34.902904,-7.896647,1,50,1,173
-49.315444,-25.481083,1,50,1,29
-52.433317,-28.267278,1,50,1,299
-42.258728,-22.727662,1,50,2,358
-46.725329,-23.543478,1,50,1,291
-43.384343,-22.783504,1,50,1,150
-47.897590,-15.841622,1,50,1,341
-46.572115,-23.579116,1,50,1,205
-34.906237,-7.871578,1,50,1,352
-45.419849,-23.635558,1,50,1,33
-52.426713,-28.269485,1,50,1,89
-42.050885,-22.883934,1,50,1,353
-47.890999,-15.776526,1,50,1,355
-41.975960,-18.854998,1,50,1,335
-49.268711,-16.695287,1,50,1,356
-54.591666,-20.551742,1,50,1,345
-34.906569,-7.871056,1,50,1,172
-46.674385,-23.481039,1,50,1,225
-52.415808,-28.265130,1,50,1,61
-46.750023,-23.644987,1,50,1,234
-41.755344,-22.346268,1,50,2,61
-46.695587,-23.515407,1,50,1,89
-54.582166,-20.444809,1,50,1,162
-43.554976,-22.904347,1,50,1,62
-34.907615,-7.861998,1,50,1,352
-47.507282,-23.505105,1,50,1,132
-47.069315,-22.909929,1,50,1,195
-46.208905,-23.532601,1,50,1,217
-45.399785,-23.623167,1,50,1,298
-48.218838,-7.199990,1,50,1,45
-43.579753,-22.884374,1,50,1,162
-47.459354,-23.514482,1,50,1,62
-48.058291,-15.901839,1,50,1,253
-48.097361,-15.827104,1,50,1,160
-46.653216,-23.549412,1,50,1,225
-42.380644,-22.674404,1,50,2,305
-53.897264,-28.377489,1,50,1,303
-48.059172,-16.031524,1,50,1,302
-46.316224,-23.497264,1,50,1,358
-47.972367,-15.846374,1,50,1,82
-47.789046,-19.979917,1,50,1,172
-48.110594,-15.806776,1,50,1,151
-40.741544,-18.857787,1,50,0,154
-45.774924,-23.133763,1,50,1,71
-47.456088,-23.482623,1,50,1,315
-51.228162,-27.388958,1,50,1,287
-45.919102,-23.231867,1,50,1,315
-48.960515,-16.333742,1,50,2,56
-51.761982,-28.660910,1,50,2,109
-48.109671,-15.808053,1,50,1,332
-40.796996,-18.808677,1,50,0,124
-46.537476,-23.458076,1,50,1,165
-47.461013,-23.490082,1,50,1,315
-49.317127,-28.674953,1,50,1,359
-50.860965,-29.368394,1,50,1,208
-46.434837,-23.447976,1,50,1,344
-51.616765,-28.772106,1,50,0,130
-49.173822,-26.747058,1,50,1,352
-52.417861,-28.253923,1,50,1,329
-46.717538,-23.505979,1,50,1,309
-47.464542,-23.486805,1,50,1,315
-49.317174,-28.671457,1,50,1,179
-46.361257,-23.484285,1,50,1,64
-46.633381,-22.487540,1,50,1,172
-46.662776,-23.535494,1,50,1,205
-46.716589,-23.764471,1,50,1,198
-52.423482,-28.249701,1,50,1,330
-34.946888,-8.090019,1,50,1,178
-47.455283,-23.491273,1,50,1,225
-45.885559,-23.194363,1,50,1,10
-47.846843,-15.851725,1,50,1,296
-41.801130,-22.388187,1,50,1,0
-48.061106,-16.009428,1,50,1,244
-46.713738,-23.756631,1,50,1,38
-46.561280,-23.582173,1,50,1,77
-49.206397,-16.726289,1,50,1,24
-47.471376,-23.493605,1,50,1,112
-45.399865,-23.623216,1,50,1,118
-42.256408,-22.861498,1,50,1,26
-41.802343,-22.371979,1,50,1,0
-47.053162,-22.876753,1,50,1,78
-46.706793,-23.744322,1,50,1,12
-49.598860,-27.407687,1,50,2,177
-49.206467,-16.726199,1,50,1,205
-50.910432,-17.770335,1,50,1,353
-42.538461,-22.257776,1,50,0,124
-42.255435,-22.860292,1,50,1,225
-46.660623,-23.558507,1,50,2,225
-47.061249,-22.873925,1,50,1,124
-47.259357,-22.806405,1,50,1,280
-47.392881,-22.572968,1,50,1,309
-46.515421,-23.557747,1,50,1,139
-46.948397,-22.363726,1,50,1,273
-45.431202,-23.615694,1,50,1,186
-42.267578,-22.870606,1,50,2,98
-46.636050,-23.657838,1,50,1,165
-47.063192,-22.878896,1,50,1,211
-47.280157,-22.797191,1,50,1,0
-42.123011,-19.560600,1,50,1,348
-49.212546,-16.735704,1,50,2,156
-46.719232,-23.541740,1,50,1,180
-39.117897,-12.649052,1,50,2,58
-42.315238,-22.865432,1,50,1,98
-51.803859,-27.950616,1,50,1,311
-43.556982,-22.526147,1,50,0,269
-46.617058,-23.469881,1,50,1,193
-46.531720,-23.454241,1,50,1,280
-46.687512,-23.680421,1,50,1,230
-43.171214,-22.939975,1,50,1,33
-51.491610,-29.721270,1,50,1,117
-46.674417,-23.527743,1,50,1,241
-46.363239,-23.969267,1,50,1,255
-42.006983,-22.676371,1,50,0,5
-46.673372,-23.641050,1,50,1,330
-46.543162,-22.963802,1,50,2,9
-46.408689,-23.433315,1,50,1,76
-46.645974,-23.561331,1,50,1,354
-50.786967,-29.492072,1,50,1,292
-35.205796,-5.856805,1,50,1,180
-46.683558,-23.567328,1,50,1,60
-49.317778,-16.668320,1,50,1,299
-46.690202,-23.537589,1,50,1,33
-39.324072,-7.215596,1,50,1,195
-48.111085,-15.803267,1,50,1,324
-44.005916,-19.802083,1,50,1,292
-51.047768,-29.360480,1,50,1,52
-47.471668,-23.436823,1,50,1,87
-46.683774,-23.567275,1,50,1,240
-43.539758,-22.902279,1,50,2,174
-46.707999,-23.496066,1,50,1,148
-46.721553,-23.449114,1,50,2,164
-54.555519,-20.444863,1,50,1,167
-43.231417,-22.929130,1,50,1,48
-43.485898,-22.762516,1,50,1,66
-47.465601,-23.434808,1,50,1,64
-46.618720,-23.552639,1,50,1,97
-43.541317,-22.914839,1,50,1,142
-46.610684,-23.490785,1,50,1,203
-46.185500,-23.510157,1,50,1,146
-46.397247,-23.436989,1,50,1,322
-46.772291,-22.703520,1,50,1,200
-48.060526,-16.030852,1,50,1,122
-47.900101,-15.746152,1,50,1,163
-47.637522,-22.714590,1,50,1,27
-42.340168,-20.887796,1,50,2,161
-50.296196,-29.895490,1,50,0,70
-47.006484,-22.964358,1,50,1,52
-46.397918,-23.436312,1,50,1,126
-46.533999,-22.937225,1,50,1,0
-52.594151,-32.676090,1,50,0,49
-43.685430,-22.940046,1,50,1,328
-51.087490,-29.675945,1,50,1,278
-43.019198,-19.739162,1,50,0,12
-37.348635,-5.169880,1,50,1,149
-50.981977,-29.641328,1,50,1,76
-46.396552,-23.444589,1,50,1,51
-46.537488,-23.435649,1,50,1,194
-52.538223,-32.538063,1,50,1,194
-43.689931,-22.929006,1,50,1,331
-46.610830,-23.573458,1,50,1,356
-42.710393,-19.560912,1,50,0,10
-46.640913,-23.629329,1,50,1,87
-50.981097,-29.641030,1,50,1,256
-46.618239,-23.552355,1,50,1,277
-50.159749,-25.109754,1,50,1,166
-52.538609,-32.538986,1,50,1,25
-42.640672,-22.433248,1,50,1,189
-42.136322,-22.836543,1,50,1,245
-34.892283,-7.145989,1,50,1,200
-47.874326,-15.826489,1,50,1,283
-49.038475,-22.320386,1,50,1,80
-49.626492,-27.195981,1,50,0,47
-47.880221,-15.818401,1,50,1,154
-46.535089,-23.447312,1,50,1,112
-49.253597,-16.706040,1,50,1,0
-46.262732,-23.966676,1,50,1,66
-43.611316,-22.993829,1,50,2,80
-48.931214,-26.951415,1,50,1,320
-49.035484,-22.319874,1,50,1,260
-35.807560,-9.509226,1,50,1,333
-42.823059,-22.907660,1,50,1,87
-46.530553,-23.450787,1,50,1,334
-49.254041,-16.706426,1,50,1,180
-46.587582,-23.572098,1,50,1,182
-34.839487,-7.192438,1,50,1,10
-48.930304,-26.941464,1,50,1,359
-51.759939,-28.661630,1,50,1,297
-35.807741,-9.509075,1,50,1,153
-47.900370,-15.834543,1,50,1,157
-43.311693,-22.893722,1,50,1,23
-49.254611,-16.708733,1,50,1,180
-34.822482,-7.130013,1,50,1,159
-52.947001,-29.732338,1,50,1,58
-48.940304,-26.934663,1,50,1,300
-52.423959,-28.249098,1,50,1,150
-41.963356,-18.877019,1,50,1,136
-46.604237,-23.659883,1,50,1,33
-49.057762,-26.916094,1,50,1,196
-49.299990,-16.673471,1,50,1,121
-34.815034,-7.141674,1,50,1,138
-43.567595,-22.889037,1,50,2,135
-45.573965,-22.720447,1,50,1,216
-38.631498,-3.740912,1,50,1,283
-42.533848,-21.774306,1,50,1,240
-47.672617,-15.602861,1,50,2,151
-42.358245,-21.655016,1,50,2,74
-49.297853,-16.674019,1,50,1,274
-34.852174,-7.127215,1,50,1,255
-43.579631,-22.884547,1,50,1,335
-45.579481,-22.725422,1,50,1,247
-38.631888,-3.740939,1,50,1,103
-42.533786,-21.774311,1,50,1,60
-40.176580,-20.037058,1,50,2,94
-46.185526,-23.509650,1,50,1,328
-49.320386,-16.687720,1,50,1,174
-46.446236,-23.572471,1,50,1,158
-53.797871,-29.705897,1,50,1,48
-47.860474,-15.689200,1,50,1,68
-48.931556,-26.949197,1,50,1,200
-47.647763,-22.704224,1,50,1,163
-46.352122,-23.968419,1,50,1,83
-49.225579,-16.729865,1,50,1,98
-49.311793,-16.659369,1,50,2,112
-43.207862,-22.973370,1,50,1,341
-53.867178,-29.691958,1,50,1,291
-51.182495,-29.048324,1,50,1,200
-48.930440,-26.940922,1,50,1,169
-35.821878,-9.571735,1,50,2,93
-47.637377,-22.714168,1,50,1,207
-49.225190,-16.729851,1,50,1,277
-49.284220,-16.638024,1,50,1,23
-49.051457,-22.351319,1,50,1,143
-53.867583,-29.691830,1,50,1,111
-51.183674,-29.051044,1,50,1,21
-48.941030,-26.934300,1,50,1,120
-46.259492,-23.967094,1,50,1,156
-49.342734,-28.687700,1,50,1,146
-35.274970,-5.767780,1,50,1,290
-48.082436,-16.008336,1,50,1,352
-47.244188,-23.137119,1,50,2,310
-34.933595,-7.987231,1,50,1,220
-49.174100,-26.727655,1,50,2,42
-48.640309,-26.954713,1,50,1,171
-46.412898,-23.461182,1,50,1,38
-49.342266,-28.687948,1,50,1,311
-35.281028,-5.765546,1,50,1,110
-43.553445,-22.872424,1,50,1,138
-47.830261,-15.635691,1,50,1,241
-34.938164,-7.994246,1,50,1,219
-46.707609,-23.479218,1,50,1,14
-50.786727,-29.879314,1,50,1,104
-49.220446,-16.710521,1,50,1,285
-47.654367,-15.605076,1,50,1,3
-35.280706,-5.765558,1,50,1,290
-43.563582,-22.916840,1,50,1,184
-47.831176,-15.636284,1,50,1,70
-42.836180,-22.566780,1,50,0,92
-46.647100,-23.507196,1,50,1,78
-49.227679,-28.668135,1,50,1,50
-46.389020,-23.441793,1,50,1,253
-46.676736,-23.546868,1,50,1,5
-44.137016,-22.769450,1,50,0,101
-43.563441,-22.916504,1,50,1,7
-34.846150,-7.124775,1,50,1,278
-42.797001,-22.565032,1,50,2,85
-47.448698,-23.510656,1,50,1,178
-42.640626,-22.433173,1,50,1,9
-46.388038,-23.441551,1,50,1,73
-49.315050,-25.480254,1,50,1,210
-35.275286,-5.767750,1,50,1,112
-41.985111,-22.571394,1,50,0,17
-34.849859,-7.126460,1,50,1,61
-42.981010,-22.549203,1,50,1,111
-46.561864,-23.456782,1,50,1,243
-42.529477,-22.360512,1,50,2,67
-51.883221,-29.233653,1,50,1,304
-43.638610,-22.805126,1,50,2,128
-35.218664,-5.807962,1,50,1,109
-50.446557,-21.213529,1,50,1,84
-46.939538,-22.379256,1,50,1,280
-34.938150,-7.994538,1,50,1,39
-48.111925,-15.802471,1,50,1,144
-42.221359,-21.588324,1,50,2,30
-47.501134,-23.461602,1,50,1,321
-38.306214,-7.980808,1,50,0,112
-42.375275,-21.125600,1,50,0,124
-47.862416,-23.333569,1,50,1,135
-42.351225,-22.839660,1,50,0,130
-34.933557,-7.987883,1,50,1,40
-46.709568,-23.664420,1,50,1,322
-49.412906,-28.701197,1,50,2,82
-47.516565,-23.512604,1,50,1,328
-38.292035,-7.981750,1,50,2,84
-45.892685,-23.165973,1,50,1,343
-38.540003,-3.716998,1,50,1,307
-35.246131,-5.746915,1,50,1,329
-37.348530,-5.169847,1,50,1,329
-48.732538,-27.689523,1,50,0,76
-49.383501,-28.674797,1,50,1,137
-47.517675,-23.511145,1,50,1,147
-46.492287,-23.873596,1,50,1,265
-43.339178,-22.800597,1,50,1,253
-46.781560,-23.206464,1,50,1,300
-42.068876,-22.064100,1,50,2,63
-41.403103,-21.719629,1,50,0,112
-35.264518,-5.940492,1,50,1,1
-47.440238,-23.468870,1,50,1,3
-51.174076,-29.124245,1,50,1,65
-46.479564,-23.886050,1,50,1,27
-43.339119,-22.800614,1,50,1,75
-46.697543,-23.689538,1,50,1,15
-45.984048,-23.309503,1,50,1,257
-42.380812,-21.111584,1,50,1,11
-46.646907,-23.506900,1,50,1,258
-49.304809,-25.414401,1,50,1,287
-42.429486,-22.876684,1,50,0,60
-49.389096,-28.689793,1,50,1,218
-51.442421,-27.273692,1,50,1,141
-35.217605,-5.808210,1,50,1,290
-52.018621,-26.872823,1,50,1,152
-46.676078,-23.554255,1,50,1,237
-49.259933,-16.694578,1,50,2,346
-49.240696,-25.422161,1,50,1,36
-49.638737,-27.204706,1,50,0,83
-37.121938,-4.946888,1,50,2,48
-35.265034,-5.937824,1,50,1,183
-42.688068,-22.560229,1,50,2,169
-52.017700,-26.873892,1,50,1,333
-46.754862,-23.564990,1,50,1,49
-42.623881,-20.231424,1,50,2,149
-42.790208,-4.907458,1,50,2,337
-46.772103,-22.703275,1,50,1,20
-53.316600,-27.659693,1,50,0,141
-42.671247,-21.865974,1,50,1,340
-42.518835,-22.358307,1,50,2,115
-55.924866,-13.067398,1,50,1,224
-46.694078,-23.637221,1,50,1,220
-42.641209,-20.226290,1,50,2,163
-49.314040,-25.413277,1,50,1,270
-49.385790,-16.671155,1,50,1,1
-45.895377,-23.199667,1,50,1,20
-49.967281,-20.415824,1,50,1,240
-48.946093,-16.295827,1,50,1,192
-55.928251,-13.070765,1,50,1,42
-46.682138,-23.624811,1,50,1,41
-42.936164,-19.944975,1,50,2,326
-54.555324,-20.444868,1,50,1,345
-49.386227,-16.669250,1,50,1,161
-47.123078,-23.546112,1,50,1,165
-49.954956,-20.423122,1,50,1,261
-47.896459,-15.756312,1,50,1,343
-49.290793,-25.631718,1,50,2,36
-44.235450,-22.987669,1,50,1,70
-47.921228,-15.776613,1,50,1,198
-47.971115,-15.846035,1,50,1,263
-53.048823,-26.093983,1,50,0,133
-46.685793,-23.599131,1,50,1,301
-34.908841,-7.855112,1,50,1,171
-47.871585,-15.776350,1,50,1,356
-46.699696,-23.725616,1,50,1,172
-46.706776,-23.678626,1,50,1,336
-38.952755,-12.226533,1,50,1,17
-42.495588,-22.873378,1,50,2,296
-51.152540,-29.158177,1,50,1,86
-46.686009,-23.599460,1,50,1,120
-34.916373,-7.821641,1,50,1,345
-47.874948,-15.761089,1,50,1,163
-54.578904,-25.551584,1,50,1,16
-46.706832,-23.678720,1,50,1,158
-38.952894,-12.226391,1,50,1,197
-42.507404,-22.863060,1,50,2,322
-47.397799,-22.752942,1,50,1,163
-46.604303,-23.572106,1,50,1,173
-34.917076,-7.819376,1,50,1,166
-47.891464,-15.776633,1,50,1,175
-39.063083,-14.764256,1,50,2,163
-44.297827,-23.002672,1,50,1,15
-36.574568,-9.480631,1,50,1,322
-47.395451,-22.755994,1,50,1,248
-41.950487,-18.883774,1,50,2,101
-43.209003,-22.930551,1,50,1,166
-49.237285,-16.635074,1,50,1,29
-41.999564,-22.611063,1,50,2,6
-39.034016,-14.787948,1,50,2,165
-46.681895,-23.632144,1,50,1,310
-36.575019,-9.480092,1,50,1,142
-34.839542,-7.192443,1,50,1,189
-41.915275,-18.574891,1,50,2,74
-49.060644,-22.326919,1,50,1,257
-42.773852,-5.081600,1,50,1,95
-46.772026,-23.687744,1,50,1,218
-39.037166,-14.804425,1,50,2,159
-37.314042,-7.036445,1,50,0,80
-46.407885,-23.448312,1,50,1,347
-34.838900,-7.125778,1,50,1,85
-51.384783,-27.012836,1,50,1,146
-49.063791,-22.327760,1,50,1,75
-35.956054,-9.587973,1,50,2,148
-45.415328,-23.629335,1,50,1,34
-43.553678,-21.436464,1,50,2,63
-46.712198,-23.674484,1,50,1,1
-42.123464,-19.558589,1,50,1,168
-51.340455,-29.318757,1,50,1,90
-49.926720,-27.258633,1,50,2,103
-47.863258,-15.717947,1,50,1,106
-53.841922,-29.701890,1,50,1,211
-48.949188,-26.920910,1,50,1,213
-46.625372,-23.527436,1,50,1,2
-38.419784,-12.155045,1,50,1,153
-47.501362,-23.461387,1,50,1,141
-46.811727,-23.645231,1,50,2,56
-49.783098,-27.285898,1,50,2,93
-48.951409,-16.315595,1,50,1,220
-53.841878,-29.701905,1,50,1,35
-42.991450,-22.808885,1,50,1,242
-53.390248,-27.493673,1,50,1,198
-47.004913,-22.903759,1,50,2,100
-46.754255,-23.464021,1,50,2,69
-46.818199,-23.820303,1,50,1,342
-49.396203,-27.041737,1,50,2,172
-42.933701,-22.911880,1,50,1,150
-34.915885,-7.963470,1,50,1,222
-46.619811,-23.503167,1,50,1,44
-49.273692,-25.398851,1,50,1,195
-48.740747,-22.092368,1,50,0,128
-54.584847,-25.509082,1,50,1,182
-46.818258,-23.820349,1,50,1,169
-49.370090,-26.962892,1,50,0,142
-48.269935,-18.931530,1,50,1,57
-44.248029,-22.993579,1,50,1,43
-48.946124,-16.296329,1,50,1,12
-53.823228,-27.760596,1,50,1,341
-51.917139,-23.445126,1,50,1,297
-54.584630,-25.509663,1,50,1,3
-34.855277,-7.188147,1,50,1,350
-49.537280,-27.124619,1,50,0,26
-45.574497,-22.722209,1,50,1,33
-47.649934,-23.297612,1,50,1,353
-48.951655,-16.316044,1,50,1,40
-49.308808,-16.645793,1,50,1,227
-43.271745,-22.915698,1,50,1,258
-47.516928,-23.500430,1,50,1,1
-34.855177,-7.192941,1,50,1,102
-42.134007,-19.784006,1,50,1,22
-46.444652,-23.597451,1,50,1,357
-49.259208,-16.600827,1,50,1,325
-42.778954,-22.682991,1,50,0,12
-49.312812,-16.648840,1,50,1,69
-43.281435,-22.916687,1,50,1,263
-47.508436,-23.497867,1,50,1,142
-51.964517,-23.400421,1,50,1,305
-47.171818,-22.881155,1,50,1,104
-35.915411,-7.267899,1,50,2,130
-49.259300,-16.600843,1,50,1,141
-42.740405,-22.603971,1,50,2,47
-41.911867,-21.187601,1,50,2,111
-49.684777,-27.239725,1,50,0,42
-38.963819,-12.233227,1,50,1,171
-38.615360,-3.748821,1,50,1,188
-46.534056,-22.936883,1,50,1,180
-35.887586,-7.275459,1,50,2,29
-46.786130,-23.618446,1,50,1,340
-42.980699,-22.549226,1,50,1,291
-41.929963,-21.185280,1,50,2,93
-60.191262,-12.725990,1,50,0,92
-46.621238,-23.595103,1,50,1,23
-49.177667,-26.740939,1,50,1,165
-48.112064,-15.812746,1,50,1,333
-43.606737,-22.845186,1,50,2,142
-47.415736,-22.581404,1,50,2,113
-42.726515,-22.591432,1,50,2,36
-50.183096,-25.081528,1,50,2,118
-38.541173,-6.894106,1,50,1,91
-41.991997,-22.833463,1,50,1,206
-41.792000,-22.399371,1,50,1,42
-49.320239,-16.688033,1,50,1,354
-55.749746,-29.812217,1,50,1,280
-35.347042,-7.162922,1,50,1,270
-43.489144,-22.469064,1,50,2,15
-53.942784,-27.458580,1,50,1,136
-38.541154,-6.893975,1,50,1,287
-42.371131,-22.882674,1,50,0,291
-46.465323,-23.498801,1,50,1,71
-43.415005,-22.871533,1,50,2,52
-46.575127,-23.540453,1,50,1,258
-46.422196,-23.399591,1,50,1,200
-46.863232,-23.009638,1,50,2,79
-53.941656,-27.459556,1,50,1,314
-38.565840,-6.902370,1,50,2,96
-42.379572,-22.879959,1,50,2,123
-49.307870,-25.414652,1,50,1,102
-47.882653,-22.021596,1,50,1,306
-46.593047,-23.544377,1,50,1,257
-49.280322,-16.736276,1,50,1,64
-47.464097,-23.477090,1,50,1,245
-54.434774,-27.841648,1,50,2,19
-38.582044,-6.891998,1,50,2,120
-53.197788,-26.780619,1,50,1,164
-49.316576,-25.413310,1,50,1,90
-47.911611,-19.793226,1,50,1,328
-42.091703,-22.830849,1,50,1,248
-45.918796,-23.195723,1,50,1,315
-47.467330,-23.478520,1,50,1,247
-46.699334,-23.726544,1,50,1,351
-39.130923,-8.079299,1,50,0,145
-53.196463,-26.783837,1,50,1,343
-49.243546,-25.438016,1,50,1,107
-47.911989,-19.792822,1,50,1,148
-53.884985,-30.342035,1,50,2,62
-49.280859,-16.736374,1,50,1,244
-51.950190,-29.487674,1,50,2,104
-47.314386,-22.939067,1,50,2,58
-39.133761,-8.070889,1,50,2,164
-42.283605,-22.868468,1,50,2,98
-45.918548,-23.232522,1,50,1,135
-46.709629,-23.712970,1,50,1,132
-41.846212,-22.406142,1,50,1,95
-46.593098,-23.544526,1,50,1,78
-51.254729,-29.398703,1,50,1,62
-49.287769,-16.643696,1,50,1,79
-46.654145,-23.462687,1,50,1,34
-51.155874,-29.792450,1,50,1,77
-53.571817,-28.642567,1,50,1,189
-46.639517,-23.579847,1,50,1,149
-46.732802,-23.508319,1,50,1,281
-41.909191,-18.570185,1,50,0,49
-51.252498,-29.397608,1,50,1,243
-52.194861,-28.277292,1,50,2,316
-51.143567,-29.775409,1,50,2,5
-48.750715,-26.408814,1,50,1,231
-53.485530,-28.301340,1,50,1,357
-47.871557,-23.356829,1,50,1,248
-43.778515,-21.197456,1,50,2,96
-42.363064,-21.128547,1,50,1,285
-47.450602,-23.485418,1,50,1,31
-51.689875,-28.272442,1,50,1,117
-34.913133,-8.103080,1,50,2,10
-48.750773,-26.408966,1,50,1,49
-53.571935,-28.643099,1,50,1,13
-47.877968,-23.358662,1,50,1,255
-46.737503,-23.573155,1,50,1,119
-42.363702,-21.128464,1,50,1,95
-46.586259,-23.543161,1,50,1,78
-51.684773,-28.274497,1,50,1,280
-40.684252,-19.065134,1,50,0,11
-48.721741,-26.379206,1,50,1,46
-53.578779,-28.648481,1,50,1,225
-42.766514,-5.173082,1,50,2,163
-46.740304,-23.570727,1,50,1,323
-46.187821,-23.575575,1,50,1,102
-52.946566,-29.732073,1,50,1,239
-50.912841,-17.791241,1,50,1,244
-42.954112,-22.900931,1,50,1,95
-48.642896,-26.273654,1,50,0,33
-53.586186,-28.654903,1,50,1,225
-42.478269,-20.296168,1,50,2,110
-37.791060,-6.756394,1,50,2,20
-47.188508,-23.064308,1,50,2,57
-52.182188,-29.622677,1,50,1,17
-50.945551,-17.806294,1,50,1,198
-47.515805,-22.999077,1,50,1,220
-49.970599,-20.426575,1,50,1,261
-53.587541,-28.656135,1,50,1,45
-47.865671,-23.355557,1,50,1,267
-37.781820,-6.761699,1,50,2,74
-46.554218,-23.504070,1,50,1,281
-52.154004,-28.534664,1,50,1,293
-50.939678,-17.798831,1,50,1,63
-47.230201,-22.879072,1,50,1,200
-63.055354,-9.916887,1,50,1,2
-46.614618,-22.470881,1,50,2,20
-35.812579,-5.538225,1,50,2,128
-37.797277,-6.785537,1,50,2,123
-46.554567,-23.503981,1,50,1,152
-43.531718,-22.892558,1,50,1,265
-51.005149,-29.521452,1,50,1,355
-44.105611,-19.778742,1,50,2,75
-63.055482,-9.915056,1,50,1,188
-46.610248,-22.469873,1,50,1,44
-39.559929,-16.372047,1,50,2,89
-43.299526,-21.787798,1,50,0,152
-51.476150,-29.686138,1,50,1,80
-52.276318,-27.656260,1,50,1,256
-48.059174,-15.902293,1,50,1,73
-41.688720,-21.382286,1,50,0,48
-63.877511,-8.774590,1,50,1,300
-45.845549,-23.172345,1,50,1,76
-41.753822,-2.913018,1,50,1,2
-43.300181,-21.783668,1,50,0,30
-51.467314,-29.678881,1,50,1,10
-52.277253,-27.656943,1,50,1,76
-42.456874,-5.039716,1,50,2,78
-54.631839,-20.447493,1,50,2,16
-63.877545,-8.774666,1,50,1,120
-43.334860,-22.939301,1,50,1,85
-41.753886,-2.912423,1,50,1,182
-43.300220,-21.786904,1,50,0,143
-53.807775,-29.720018,1,50,2,158
-34.886757,-7.117345,1,50,1,292
-51.435076,-27.283692,1,50,1,121
-46.693309,-23.586757,1,50,1,97
-38.953135,-12.264661,1,50,1,15
-54.559576,-20.443074,1,50,1,61
-61.189315,-11.675539,1,50,2,158
-47.666094,-22.725553,1,50,1,10
-45.832519,-23.245177,1,50,2,291
-47.269846,-22.816071,1,50,1,315
-55.487584,-30.850996,1,50,1,245
-46.693612,-23.586603,1,50,1,277
-38.953189,-12.264558,1,50,1,195
-54.557116,-20.451427,1,50,1,344
-49.335646,-16.720037,1,50,1,25
-46.539961,-23.533433,1,50,1,79
-48.113093,-15.811226,1,50,1,151
-47.510162,-23.495134,1,50,1,328
-55.492810,-30.853179,1,50,1,66
-46.737007,-23.637011,1,50,1,179
-43.908126,-22.629120,1,50,1,106
-54.558550,-20.458977,1,50,1,251
-52.049114,-25.565404,1,50,0,39
-46.759595,-23.653882,1,50,1,39
-48.117671,-15.802669,1,50,1,331
-47.512640,-23.437252,1,50,1,225
-40.378445,-18.713722,1,50,0,119
-35.959651,-9.582137,1,50,2,148
-43.871529,-22.377333,1,50,1,158
-35.276002,-5.776749,1,50,1,20
-48.279207,-18.904730,1,50,1,163
-46.759737,-23.653780,1,50,1,219
-48.118507,-15.801532,1,50,1,151
-47.512955,-23.437800,1,50,1,37
-40.424655,-18.724597,1,50,0,68
-35.879848,-9.587789,1,50,2,83
-42.918007,-22.383285,1,50,0,108
-35.277324,-5.779900,1,50,1,23
-36.021109,-9.166601,1,50,2,40
-54.593532,-16.472143,1,50,1,85
-48.055725,-16.039373,1,50,1,42
-47.474293,-23.442541,1,50,1,250
-51.213960,-27.390157,1,50,1,253
-46.712408,-23.674584,1,50,1,182
-42.614022,-22.268820,1,50,2,123
-42.358129,-22.834386,1,50,1,310
-38.544414,-3.715063,1,50,1,85
-54.593550,-16.472028,1,50,1,265
-46.703205,-23.709352,1,50,1,231
-47.500054,-23.510811,1,50,1,135
-43.395798,-22.835269,1,50,1,191
-46.766578,-23.577704,1,50,1,46
-36.623312,-9.421176,1,50,1,310
-42.338600,-22.849397,1,50,2,130
-50.774061,-26.092734,1,50,1,236
-46.523513,-23.518520,1,50,1,31
-41.989247,-18.831999,1,50,0,9
-47.504883,-23.506376,1,50,1,315
-51.851848,-26.970637,1,50,1,287
-46.546608,-23.509380,1,50,1,96
-36.624114,-9.421215,1,50,1,85
-42.333254,-22.854554,1,50,2,125
-46.850152,-23.575071,1,50,1,159
-43.227115,-22.809812,1,50,1,208
-45.427549,-23.651531,1,50,1,18
-41.222617,-19.301925,1,50,0,7
-42.126206,-19.540472,1,50,1,174
-51.137183,-29.783517,1,50,1,267
-41.428810,-7.085999,1,50,2,146
-34.855605,-7.105234,1,50,1,347
-46.851680,-23.567792,1,50,1,228
-37.186354,-5.086629,1,50,2,45
-42.965169,-22.552972,1,50,0,92
-47.454781,-23.484605,1,50,1,129
-42.785206,-22.821021,1,50,0,140
-46.502611,-23.575216,1,50,1,324
-34.984969,-7.500157,1,50,1,1
-34.872409,-7.107027,1,50,0,73
-46.851629,-23.567862,1,50,1,48
-48.278443,-18.951408,1,50,1,286
-53.738286,-24.712332,1,50,1,1
-47.461814,-23.490461,1,50,1,139
-54.878160,-29.162609,1,50,1,324
-46.770493,-23.630518,1,50,1,39
-41.737648,-6.824114,1,50,1,178
-34.853832,-7.193400,1,50,1,1
-36.016488,-9.161121,1,50,2,40
-48.278765,-18.951414,1,50,1,109
-53.738349,-24.711701,1,50,1,179
-47.510542,-23.514895,1,50,1,298
-46.633296,-22.487696,1,50,1,352
-46.770549,-23.630467,1,50,1,219
-41.737624,-6.824111,1,50,1,358
-42.024923,-20.257739,1,50,2,122
-36.012365,-9.241302,1,50,2,115
-42.136362,-19.802909,1,50,2,156
-49.383904,-27.031293,1,50,2,40
-47.512253,-23.514109,1,50,1,137
-50.944927,-17.804781,1,50,1,17
-46.755472,-23.613981,1,50,1,20
-42.072203,-22.841221,1,50,1,135
-43.208323,-22.809086,1,50,0,34
-35.938264,-9.307967,1,50,0,120
-47.654209,-15.601964,1,50,1,3
-46.316283,-23.497156,1,50,1,178
-47.482769,-23.494489,1,50,1,315
-50.924883,-17.768806,1,50,1,346
-46.702382,-23.739687,1,50,1,239
-42.795705,-22.275072,1,50,0,29
-41.439066,-7.078223,1,50,1,102
-38.954752,-12.270232,1,50,1,196
-47.654455,-15.603566,1,50,1,184
-46.333720,-23.499357,1,50,1,239
-47.814708,-15.848409,1,50,1,214
-47.300136,-22.753571,1,50,1,30
-48.267677,-18.947777,1,50,2,124
-48.113003,-15.850012,1,50,1,233
-41.439031,-7.078196,1,50,1,282
-38.954794,-12.270789,1,50,1,16
-42.139290,-19.977588,1,50,2,39
-46.525781,-23.521464,1,50,1,212
-46.709524,-23.501709,1,50,1,126
-50.924738,-17.769713,1,50,1,167
-41.801174,-22.393737,1,50,1,185
-48.113174,-15.850357,1,50,1,53
-43.186717,-22.810758,1,50,0,270
-35.862329,-7.239831,1,50,1,117
-46.504807,-23.639163,1,50,1,67
-41.223431,-19.390370,1,50,2,94
-46.763071,-23.678713,1,50,1,47
-43.341944,-22.832446,1,50,1,318
-35.917932,-7.234879,1,50,1,246
-34.844175,-7.118487,1,50,1,58
-48.954353,-16.320899,1,50,1,181
-43.319725,-22.895049,1,50,1,128
-47.398075,-22.748665,1,50,1,12
-46.549658,-23.509226,1,50,1,259
-46.714816,-23.696054,1,50,1,2
-39.860905,-18.001962,1,50,2,4
-35.913401,-7.232980,1,50,1,66
-48.639334,-26.958910,1,50,1,12
-43.323701,-22.880989,1,50,1,48
-47.472180,-5.473513,1,50,2,179
-39.322141,-7.276614,1,50,1,0
-48.374937,-21.988388,1,50,1,27
-46.709930,-23.490883,1,50,1,352
-50.935706,-17.796801,1,50,1,243
-43.370502,-22.856522,1,50,2,172
-48.639507,-26.959222,1,50,1,194
-43.325427,-22.836613,1,50,1,324
-46.939965,-19.580306,1,50,1,253
-39.322242,-7.276020,1,50,1,180
-48.374884,-21.988170,1,50,1,217
-43.311688,-22.893595,1,50,1,203
-46.662565,-23.578178,1,50,1,316
-46.629227,-23.625785,1,50,1,196
-41.458572,-7.080789,1,50,1,121
-42.051876,-20.275252,1,50,2,55
-46.533047,-23.459244,1,50,1,334
-37.735997,-9.266210,1,50,2,72
-45.573685,-23.036401,1,50,1,75
-36.989612,-9.404388,1,50,2,81
-46.444808,-23.597478,1,50,1,177
-46.675610,-23.597815,1,50,1,260
-41.446994,-7.078672,1,50,1,70
-42.030796,-20.257961,1,50,2,35
-51.152348,-29.468020,1,50,1,189
-35.866259,-7.185877,1,50,0,14
-45.579770,-23.026196,1,50,1,314
-54.666167,-30.966072,1,50,1,300
-46.252327,-23.976229,1,50,1,120
-46.647872,-23.542274,1,50,1,181
-42.515580,-5.814279,1,50,1,126
-40.270347,-8.992502,1,50,2,58
-51.137810,-29.444967,1,50,1,115
-46.827012,-23.647992,1,50,0,105
-46.526735,-23.522005,1,50,1,111
-42.186050,-21.516792,1,50,0,177
-51.523670,-28.203976,1,50,1,113
-46.626064,-23.605001,1,50,1,21
-42.515543,-5.814241,1,50,1,306
-43.333386,-22.928847,1,50,1,338
-51.137180,-29.446120,1,50,1,6
-37.327946,-5.205037,1,50,2,53
-48.722636,-26.941337,1,50,0,112
-47.050370,-22.875932,1,50,1,257
-42.723568,-22.523908,1,50,2,70
-46.482785,-23.602177,1,50,1,322
-41.447013,-7.078641,1,50,1,250
-42.718971,-22.926121,1,50,1,158
-43.366015,-22.783136,1,50,2,151
-49.177563,-26.740993,1,50,1,345
-46.523623,-23.505886,1,50,0,115
-47.053342,-22.873400,1,50,1,260
-52.647984,-27.094268,1,50,2,169
-46.747188,-23.598023,1,50,1,1
-41.458558,-7.080754,1,50,1,301
-41.982234,-20.247253,1,50,2,98
-47.456090,-5.555742,1,50,2,326
-51.195722,-27.392641,1,50,1,105
-46.713841,-23.582679,1,50,1,245
-42.707962,-22.521163,1,50,0,56
-54.605412,-20.467741,1,50,1,250
-47.508697,-23.001477,1,50,1,100
-46.518719,-23.471099,1,50,1,242
-48.075919,-15.874748,1,50,1,73
-49.978647,-20.420393,1,50,1,171
-51.189662,-27.394031,1,50,1,285
-35.243655,-5.791561,1,50,1,155
-47.062405,-22.877873,1,50,1,35
-54.605312,-20.467968,1,50,1,72
-46.482430,-23.602741,1,50,1,142
-34.848255,-7.090898,1,50,1,356
-48.079648,-15.864310,1,50,1,52
-46.535919,-23.427958,1,50,1,230
-51.579384,-27.159406,1,50,1,254
-35.243152,-5.792352,1,50,1,330
-48.632319,-17.724756,1,50,1,120
-56.040876,-13.307199,1,50,1,203
-42.990539,-6.788614,1,50,0,124
-46.709783,-23.566491,1,50,1,299
-47.317822,-22.970275,1,50,1,3
-46.536146,-23.428265,1,50,1,25
-46.712529,-23.607739,1,50,1,181
-34.953720,-8.187639,1,50,2,24
-52.628153,-27.095505,1,50,1,68
-56.041541,-13.308778,1,50,1,22
-43.038231,-6.782004,1,50,2,46
-46.824195,-23.557861,1,50,0,3
-47.317857,-22.970188,1,50,1,182
-51.401066,-27.003878,1,50,2,141
-46.602158,-23.602615,1,50,1,306
-52.620220,-27.136493,1,50,2,87
-41.919218,-21.723293,1,50,1,65
-42.133427,-19.782510,1,50,1,202
-43.483810,-21.708890,1,50,2,68
-39.113034,-12.665357,1,50,1,305
-47.066636,-22.877936,1,50,1,347
-39.064433,-14.760065,1,50,2,163
-42.123619,-21.617845,1,50,0,108
-46.682174,-23.632177,1,50,1,137
-34.948075,-8.107063,1,50,1,331
-42.132473,-19.873795,1,50,0,161
-43.489391,-21.710972,1,50,0,68
-49.632389,-27.200655,1,50,1,226
-45.887318,-23.274205,1,50,1,183
-50.155770,-30.037429,1,50,1,199
-47.401861,-22.757120,1,50,1,282
-42.785732,-22.262616,1,50,0,29
-34.948242,-8.107147,1,50,1,151
-42.133894,-19.870028,1,50,0,160
-43.492723,-21.710826,1,50,0,133
-49.632514,-27.201328,1,50,1,46
-40.391855,-18.687690,1,50,2,52
-50.155810,-30.037851,1,50,1,20
-46.656538,-23.666152,1,50,1,115
-45.576723,-23.054588,1,50,2,176
-47.793448,-15.892921,1,50,1,122
-45.805321,-23.210089,1,50,2,1
-46.968175,-22.432364,1,50,1,266
-41.782368,-4.130305,1,50,2,159
-54.591662,-20.459915,1,50,1,79
-47.639407,-22.710719,1,50,1,117
-46.654967,-23.666666,1,50,1,295
-45.569012,-23.038384,1,50,1,226
-55.719710,-12.560969,1,50,1,32
-34.841992,-7.115463,1,50,1,188
-46.964312,-22.432459,1,50,1,70
-47.571003,-22.410950,1,50,1,158
-43.704355,-22.742258,1,50,2,138
-47.639101,-22.710782,1,50,1,297
-46.642059,-23.676245,1,50,1,161
-45.550282,-23.000147,1,50,2,182
-46.654057,-23.586646,1,50,1,130
-46.427613,-23.445251,1,50,1,330
-41.308637,-21.713523,1,50,0,9
-47.573597,-22.384221,1,50,1,336
-46.602490,-23.688507,1,50,1,75
-47.872051,-23.343011,1,50,2,302
-46.641890,-23.676238,1,50,1,341
-35.209581,-5.748951,1,50,1,316
-46.714771,-23.548640,1,50,1,135
-47.512159,-23.489402,1,50,1,8
-46.776267,-23.410468,1,50,0,89
-47.573685,-22.384239,1,50,1,156
-36.689516,-9.406475,1,50,1,122
-49.473791,-18.967709,1,50,1,232
-46.489290,-23.507532,1,50,1,86
-43.429666,-22.876354,1,50,1,274
-49.897424,-6.071653,1,50,1,113
-46.675482,-23.609718,1,50,1,326
-46.682591,-23.549629,1,50,1,93
-45.891125,-23.172032,1,50,1,160
-36.688771,-9.406937,1,50,1,302
-49.473161,-18.967432,1,50,1,53
-34.823728,-7.125529,1,50,1,171
-42.521801,-19.454333,1,50,2,46
-38.559458,-3.740417,1,50,1,259
-49.977902,-20.415084,1,50,1,352
-49.867525,-22.984868,1,50,1,175
-43.582004,-22.960945,1,50,1,63
-46.788343,-23.519559,1,50,1,5
-48.252062,-18.925423,1,50,1,101
-34.819901,-7.135500,1,50,1,148
-37.391503,-6.949788,1,50,2,102
-38.559766,-3.740562,1,50,1,76
-46.650452,-23.596037,1,50,1,4
-39.309878,-4.380313,1,50,0,24
-43.581798,-22.960679,1,50,1,211
-36.013380,-9.150801,1,50,1,161
-48.254087,-18.924933,1,50,1,281
-46.438593,-23.459305,1,50,1,159
-46.663876,-23.658349,1,50,1,139
-41.979638,-18.894463,1,50,2,42
-42.247821,-22.858363,1,50,1,82
-49.889259,-22.975814,1,50,1,277
-44.251875,-2.613652,1,50,1,38
-36.013067,-9.151987,1,50,1,352
-45.999459,-23.310528,1,50,1,114
-52.393019,-29.890033,1,50,1,356
-46.663672,-23.658325,1,50,1,333
-42.007049,-18.913170,1,50,2,82
-42.247399,-22.858234,1,50,1,265
-45.916728,-23.238305,1,50,1,190
-44.252034,-2.613560,1,50,1,219
-46.699736,-23.709368,1,50,2,168
-45.583679,-22.731875,1,50,1,28
-52.393043,-29.888590,1,50,1,185
-47.231652,-22.851492,1,50,1,146
-36.689712,-10.063750,1,50,1,224
-55.769928,-28.789550,1,50,1,328
-47.974558,-15.830982,1,50,1,189
-38.625758,-3.772011,1,50,1,40
-46.697835,-23.732598,1,50,1,25
-46.652110,-23.609370,1,50,1,159
-46.887215,-23.481991,1,50,1,104
-47.230463,-22.852352,1,50,1,302
-36.696051,-10.078940,1,50,1,197
-55.770101,-28.789308,1,50,1,147
-42.106202,-19.627448,1,50,1,6
-38.625821,-3.771977,1,50,1,220
-51.939643,-23.413471,1,50,1,359
-42.676938,-5.355553,1,50,2,163
-46.842105,-23.578440,1,50,0,111
-42.153903,-20.246764,1,50,0,80
-36.695914,-10.078973,1,50,1,17
-46.450512,-23.624763,1,50,1,1
-46.752897,-23.675976,1,50,1,94
-49.389480,-28.690291,1,50,1,29
-51.939540,-23.413436,1,50,1,359
-42.674105,-5.364591,1,50,2,162
-35.980971,-8.270971,1,50,1,28
-46.640156,-23.622481,1,50,1,191
-36.701661,-10.095479,1,50,1,42
-46.448967,-23.620928,1,50,1,225
-46.754787,-23.675563,1,50,1,283
-39.141142,-8.068182,1,50,2,70
-37.797564,-9.668812,1,50,0,31
-42.612048,-5.558021,1,50,2,13
-35.981056,-8.270905,1,50,1,211
-46.681203,-23.580421,1,50,1,271
-36.701741,-10.095349,1,50,1,215
-47.368854,-22.712353,1,50,1,125
-47.071481,-22.917998,1,50,1,144
-47.655111,-15.615875,1,50,1,183
-43.666157,-22.774293,1,50,0,60
-42.592047,-5.639852,1,50,0,177
-38.383314,-12.334497,1,50,0,20
-46.675876,-23.606369,1,50,1,200
-51.103671,-29.661123,1,50,1,107
-41.880209,-18.835974,1,50,2,84
-46.478531,-23.620037,1,50,1,181
-47.455601,-23.492906,1,50,1,60
-52.658797,-27.088937,1,50,1,89
-41.661819,-6.970617,1,50,0,73
-45.941441,-23.309617,1,50,1,146
-46.675840,-23.606603,1,50,1,19
-51.102951,-29.661233,1,50,1,292
-46.475910,-23.519084,1,50,1,351
-45.947425,-23.301823,1,50,2,141
-41.260977,-21.837604,1,50,0,126
-52.656869,-27.088910,1,50,1,269
-39.105633,-8.060052,1,50,0,87
-45.941338,-23.309571,1,50,1,332
-46.750143,-23.648773,1,50,1,243
-46.635950,-23.668699,1,50,1,143
-46.476578,-23.515770,1,50,1,173
-46.560738,-21.786647,1,50,1,98
-49.280359,-25.619731,1,50,0,43
-47.657881,-23.302466,1,50,1,120
-49.979619,-20.392444,1,50,1,170
-39.388076,-16.390224,1,50,2,76
-46.695287,-23.660484,1,50,1,299
-40.059632,-13.867884,1,50,2,92
-46.619332,-23.625336,1,50,1,342
-52.641242,-27.096279,1,50,1,247
-47.495251,-4.956521,1,50,2,96
-49.294775,-16.706220,1,50,1,13
-49.980035,-20.389304,1,50,1,350
-39.397139,-16.391676,1,50,2,69
-46.695699,-23.660439,1,50,1,113
-46.473538,-23.612177,1,50,1,120
-46.711956,-23.561613,1,50,1,177
-47.666566,-22.742752,1,50,1,301
-36.809125,-9.389691,1,50,0,87
-49.282463,-25.632517,1,50,0,157
-49.086284,-22.327892,1,50,1,302
-39.466647,-16.394468,1,50,2,142
-46.597353,-23.598648,1,50,1,192
-45.871039,-23.182854,1,50,2,16
-46.663887,-23.585204,1,50,1,186
-39.062693,-16.440527,1,50,1,190
-36.924136,-9.400112,1,50,2,93
-49.408632,-24.118145,1,50,1,204
-45.882393,-23.186449,1,50,1,78
-52.900991,-26.905525,1,50,1,271
-46.597859,-23.588942,1,50,1,355
-47.676553,-22.704206,1,50,1,210
-43.275389,-22.906193,1,50,1,235
-46.535204,-23.514389,1,50,1,272
-46.493534,-23.535684,1,50,1,97
-51.190369,-23.316952,1,50,1,262
-46.662779,-23.578162,1,50,1,134
-52.906169,-26.904710,1,50,1,100
-46.682648,-23.527024,1,50,1,34
-47.676381,-22.704546,1,50,1,18
-46.529226,-23.599517,1,50,1,291
-46.556885,-23.430265,1,50,1,279
-46.493428,-23.535634,1,50,1,277
-51.190682,-23.317167,1,50,1,65
-46.662221,-23.580251,1,50,1,234
-52.918584,-26.896319,1,50,2,125
-46.682756,-23.527006,1,50,1,214
-48.217972,-7.198752,1,50,1,226
-53.454917,-30.359465,1,50,1,83
-46.193580,-23.531540,1,50,1,358
-45.118182,-9.688090,1,50,0,57
-48.805135,-15.931565,1,50,1,17
-46.519340,-23.560473,1,50,1,315
-46.952827,-22.429199,1,50,1,2
-43.350736,-22.868530,1,50,2,121
-39.885359,-14.017069,1,50,2,69
-53.767096,-29.615373,1,50,1,183
-46.193626,-23.531048,1,50,1,176
-44.398958,-22.936876,1,50,1,108
-47.316795,-22.732307,1,50,1,283
-46.519501,-23.560444,1,50,1,135
-39.024455,-16.313683,1,50,2,177
-45.579411,-23.029795,1,50,1,36
-36.043122,-8.080448,1,50,1,138
-53.767155,-29.616891,1,50,1,4
-36.628458,-9.057926,1,50,2,96
-47.503075,-4.944261,1,50,2,2
-45.774182,-22.260959,1,50,1,123
-47.171166,-22.814538,1,50,1,157
-47.888695,-22.064132,1,50,1,256
-46.666780,-23.502940,1,50,1,38
-36.451778,-8.349052,1,50,2,78
-53.769199,-29.625770,1,50,1,171
-36.618709,-9.054852,1,50,2,56
-35.937414,-7.243797,1,50,2,155
-45.772412,-22.261460,1,50,1,265
-46.243512,-23.542301,1,50,0,61
-52.255988,-26.855584,1,50,1,259
-46.690471,-23.683069,1,50,1,42
-46.675026,-23.539073,1,50,1,207
-46.481530,-23.541607,1,50,1,281
-54.592143,-20.468053,1,50,2,103
-35.932600,-7.253020,1,50,2,139
-46.522669,-23.617586,1,50,1,190
-46.491000,-23.612850,1,50,1,85
-38.372874,-12.308408,1,50,2,29
-53.913621,-28.417072,1,50,1,225
-38.110053,-7.293735,1,50,2,72
-46.481578,-23.541708,1,50,1,110
-49.889713,-22.975868,1,50,1,97
-35.921051,-7.263038,1,50,2,129
-46.523249,-23.620555,1,50,1,16
-43.304873,-23.000746,1,50,1,180
-38.382866,-12.381743,1,50,2,168
-53.665937,-29.232629,1,50,1,177
-48.229020,-7.191611,1,50,1,253
-46.631011,-23.504001,1,50,1,94
-46.752026,-23.645634,1,50,1,63
-49.276923,-25.615854,1,50,2,18
-35.875715,-7.208461,1,50,1,195
-54.728716,-28.124762,1,50,1,101
-46.765567,-23.575177,1,50,1,199
-53.665794,-29.235505,1,50,1,358
-48.229323,-7.191812,1,50,1,73
-46.589659,-23.518151,1,50,1,215
-50.938995,-17.801623,1,50,1,11
-49.298432,-25.636869,1,50,2,49
-35.875865,-7.209438,1,50,1,15
-39.039852,-16.393885,1,50,2,41
-47.647725,-22.704018,1,50,1,341
-47.508327,-22.983030,1,50,1,196
-46.622020,-23.569004,1,50,1,10
-35.944053,-8.456073,1,50,2,143
-50.939383,-17.801564,1,50,1,188
-48.175399,-21.762242,1,50,1,151
-46.636748,-23.599912,1,50,1,179
-46.692584,-23.545229,1,50,1,119
-46.741061,-23.598703,1,50,1,29
-47.171140,-22.814229,1,50,1,321
-53.308049,-27.681250,1,50,1,177
-46.525291,-23.548974,1,50,1,147
-48.645378,-26.995469,1,50,1,357
-46.621809,-23.595475,1,50,1,203
-46.654745,-23.609675,1,50,1,220
-46.690994,-23.744042,1,50,1,134
-49.046463,-26.908826,1,50,1,251
-46.706427,-23.500370,1,50,1,354
-53.308016,-27.682907,1,50,1,357
-46.633763,-23.626622,1,50,1,77
-48.643329,-26.983048,1,50,1,210
-48.302286,-18.938125,1,50,2,79
-46.661954,-23.580357,1,50,1,66
-49.968762,-20.423017,1,50,1,355
-49.047481,-26.909213,1,50,1,71
-46.640102,-23.622781,1,50,1,11
-46.685529,-23.599397,1,50,1,301
-43.662545,-22.777771,1,50,1,324
-48.645054,-26.992887,1,50,1,26
-49.599196,-27.415888,1,50,1,188
-45.948636,-23.285235,1,50,1,41
-46.494279,-23.514156,1,50,1,87
-49.131942,-26.894479,1,50,1,251
-43.567398,-22.534136,1,50,2,39
-47.518434,-23.231586,1,50,1,352
-43.679601,-22.766666,1,50,2,122
-48.641123,-26.988498,1,50,1,52
-43.233520,-22.852213,1,50,1,147
-45.948400,-23.284848,1,50,1,221
-46.670108,-23.584175,1,50,1,37
-46.391731,-23.495975,1,50,1,243
-46.618657,-22.472566,1,50,2,91
-41.726220,-22.325225,1,50,2,39
-46.557018,-23.430394,1,50,1,99
-48.639950,-26.978667,1,50,1,18
-43.227412,-22.860674,1,50,1,146
-35.924595,-7.214042,1,50,1,92
-46.666377,-23.581869,1,50,1,239
-51.078735,-28.961247,1,50,1,345
-46.620341,-22.471346,1,50,0,149
-46.625335,-23.577531,1,50,1,190
-35.788978,-9.544611,1,50,1,150
-48.640093,-26.983032,1,50,1,355
-43.227586,-22.860077,1,50,1,326
-35.923374,-7.213803,1,50,1,270
-48.975564,-26.918549,1,50,0,136
-51.095584,-28.794402,1,50,1,160
-46.603980,-22.470752,1,50,2,42
-53.903113,-28.295756,1,50,1,343
-35.780078,-9.560619,1,50,1,155
-48.642471,-26.975438,1,50,1,189
-34.848666,-7.087716,1,50,1,185
-46.575732,-23.583926,1,50,1,66
-43.318224,-22.895538,1,50,1,280
-51.095797,-28.797911,1,50,1,10
-47.928671,-18.172243,1,50,1,236
-53.903346,-28.294836,1,50,1,164
-50.173619,-25.086064,1,50,1,297
-46.839394,-23.592249,1,50,0,176
-34.935656,-8.076260,1,50,1,327
-46.691526,-23.524954,1,50,1,90
-46.661488,-23.617622,1,50,1,114
-46.556600,-23.530604,1,50,1,69
-48.112486,-15.844861,1,50,1,144
-46.736943,-23.636506,1,50,1,356
-43.589034,-22.964369,1,50,1,231
-35.260294,-5.773284,1,50,1,290
-34.937011,-8.074488,1,50,1,146
-46.577799,-23.584284,1,50,1,260
-46.687376,-23.523138,1,50,1,281
-51.153696,-29.791813,1,50,1,256
-48.098331,-15.837329,1,50,1,332
-46.750548,-23.490497,1,50,1,195
-52.243673,-27.640958,1,50,1,221
-35.260324,-5.773361,1,50,1,110
-34.985093,-7.500064,1,50,1,180
-46.472242,-23.503721,1,50,1,48
-51.341568,-29.320645,1,50,1,71
-51.460304,-28.297160,1,50,1,292
-48.099230,-15.836093,1,50,1,152
-37.284124,-7.008087,1,50,2,103
-52.246858,-27.643464,1,50,1,57
-41.959710,-18.883491,1,50,0,29
-46.850045,-23.575035,1,50,1,329
-46.615581,-23.558726,1,50,1,116
-39.045140,-16.404295,1,50,0,46
-51.462359,-28.295918,1,50,1,154
-48.103782,-15.827573,1,50,1,332
-46.593809,-23.606331,1,50,1,137
-52.080669,-27.432993,1,50,1,52
-41.901584,-18.834596,1,50,1,278
-49.086857,-22.353008,1,50,1,46
-47.482903,-23.494527,1,50,1,136
-55.763850,-29.810291,1,50,1,121
-44.962276,-22.589470,1,50,2,171
-48.111479,-15.845878,1,50,1,324
-46.683700,-23.524313,1,50,1,302
-46.605183,-23.482285,1,50,1,73
-51.004286,-29.520099,1,50,1,231
-49.082807,-22.349190,1,50,1,226
-47.489729,-23.488387,1,50,1,158
-47.451207,-23.469439,1,50,1,120
-46.945525,-22.368947,1,50,2,161
-46.571011,-23.750657,1,50,1,264
-43.455337,-22.879542,1,50,1,90
-36.420954,-8.343262,1,50,2,100
-45.948736,-23.200973,1,50,0,49
-43.446793,-22.877438,1,50,1,65
-47.488177,-23.489691,1,50,1,313
-38.692937,-3.732525,1,50,2,78
-52.772954,-28.317527,1,50,1,109
-46.570957,-23.750722,1,50,1,84
-43.300520,-23.008861,1,50,1,119
-36.679951,-8.367934,1,50,2,98
-51.133285,-28.843118,1,50,2,75
-47.471027,-23.502860,1,50,1,347
-47.464600,-23.483783,1,50,1,67
-49.055899,-22.345405,1,50,1,324
-51.702248,-28.729914,1,50,1,341
-34.834197,-7.088407,1,50,1,10
-46.534865,-23.583535,1,50,2,145
-36.694680,-8.365815,1,50,2,98
-51.095396,-28.788433,1,50,1,135
-47.646917,-22.738412,1,50,1,333
-49.967934,-20.403380,1,50,1,82
-42.729386,-5.097597,1,50,2,246
-46.522969,-23.499676,1,50,1,258
-34.832880,-7.083864,1,50,1,24
-55.719820,-12.560956,1,50,1,212
-37.062186,-8.430171,1,50,2,72
-42.358951,-22.833758,1,50,1,130
-51.180464,-29.039250,1,50,1,166
-43.218608,-22.918762,1,50,1,245
-47.051102,-22.872971,1,50,1,72
-46.610577,-23.589178,1,50,1,175
-42.013269,-21.176422,1,50,2,69
-55.714528,-12.552870,1,50,1,32
-46.647438,-23.547182,1,50,1,340
-47.890513,-22.025291,1,50,1,359
-41.854997,-22.400280,1,50,1,256
-46.525028,-23.549111,1,50,1,147
-47.058630,-22.872577,1,50,1,294
-42.767871,-22.662568,1,50,0,90
-36.496759,-9.584110,1,50,2,100
-55.710042,-12.545949,1,50,1,34
-44.910316,-12.139437,1,50,2,101
-47.889869,-21.993620,1,50,1,18
-46.710177,-23.645918,1,50,1,105
-43.276732,-22.903254,1,50,1,317
-47.061866,-22.873372,1,50,1,306
-49.215729,-25.530153,1,50,1,118
-36.456799,-9.590619,1,50,2,50
-55.709618,-12.544842,1,50,1,211
-45.000466,-12.122126,1,50,1,243
-45.548136,-23.017511,1,50,1,205
-46.710127,-23.645824,1,50,1,285
-49.991071,-20.432339,1,50,1,52
-48.263893,-18.918616,1,50,1,305
-46.645591,-23.610424,1,50,1,327
-48.639266,-17.732504,1,50,1,124
-50.800695,-28.280868,1,50,1,33
-52.424967,-28.236567,1,50,1,268
-49.214081,-25.561027,1,50,1,26
-34.950062,-8.097213,1,50,1,199
-45.119192,-23.400837,1,50,2,160
-49.384172,-20.832418,1,50,1,328
-46.645498,-23.610678,1,50,1,148
-48.685028,-26.888613,1,50,1,321
-53.396597,-27.366706,1,50,1,39
-52.427451,-28.236348,1,50,1,112
-49.214097,-25.560816,1,50,1,206
-34.950079,-8.098757,1,50,1,355
-47.491682,-23.460006,1,50,1,66
-35.930388,-9.316490,1,50,1,320
-41.915051,-18.838412,1,50,1,65
-34.945440,-8.112724,1,50,1,339
-53.414091,-27.406225,1,50,1,225
-43.522389,-22.882168,1,50,1,144
-42.436377,-22.143719,1,50,0,157
-47.184041,-22.943537,1,50,1,235
-47.492602,-23.445252,1,50,1,310
-35.930938,-9.315856,1,50,1,140
-46.658463,-23.600496,1,50,1,131
-34.945662,-8.112656,1,50,1,159
-53.414916,-27.408047,1,50,1,14
-43.522076,-22.882399,1,50,1,324
-45.596041,-23.046413,1,50,1,43
-47.183987,-22.943608,1,50,1,55
-38.227569,-9.398490,1,50,1,89
-49.457901,-18.950711,1,50,1,162
-38.520252,-13.008518,1,50,0,47
-34.946988,-8.139368,1,50,1,340
-53.401697,-27.472776,1,50,1,325
-34.831101,-7.110719,1,50,1,315
-45.596134,-23.046364,1,50,1,223
-51.157787,-29.025643,1,50,2,86
-38.227563,-9.398407,1,50,1,269
-49.458059,-18.950224,1,50,1,342
-49.866771,-6.069807,1,50,1,182
-34.942914,-8.151678,1,50,1,169
-45.090497,-12.121748,1,50,2,35
-53.060732,-25.741511,1,50,2,113
-49.342771,-20.806965,1,50,1,337
-34.943215,-8.079865,1,50,1,185
-35.825316,-9.571617,1,50,2,83
-46.638395,-23.614416,1,50,1,192
-51.153940,-23.297316,1,50,1,179
-34.940806,-8.157921,1,50,1,344
-41.781229,-12.428895,1,50,2,82
-34.904379,-8.115829,1,50,1,223
-45.467837,-22.937645,1,50,1,54
-39.540017,-17.033611,1,50,0,146
-35.827380,-9.572451,1,50,2,44
-46.638291,-23.614657,1,50,1,12
-49.881543,-6.075456,1,50,1,50
-41.062902,-19.499713,1,50,2,88
-38.243553,-6.778996,1,50,2,81
-46.687062,-23.560870,1,50,1,237
-45.478515,-22.947964,1,50,1,206
-39.484050,-13.746242,1,50,2,22
-54.656436,-20.529301,1,50,1,6
-37.657475,-9.861229,1,50,2,156
-49.880249,-6.074187,1,50,1,227
-43.366241,-22.995677,1,50,1,180
-38.229302,-6.778390,1,50,2,89
-46.599331,-22.465590,1,50,2,80
-45.603367,-22.745263,1,50,1,235
-51.181451,-29.018208,1,50,1,358
-47.494909,-23.445427,1,50,1,77
-37.659535,-9.857156,1,50,0,156
-49.867189,-6.080133,1,50,1,181
-46.933036,-19.592811,1,50,2,30
-36.020063,-6.219834,1,50,2,7
-46.465154,-23.498641,1,50,1,251
-45.589490,-22.736176,1,50,1,74
-51.180034,-29.011188,1,50,1,143
-47.473175,-23.454217,1,50,1,64
-37.669181,-9.838379,1,50,0,156
-49.875547,-6.075636,1,50,1,92
-46.308703,-23.980667,1,50,1,150
-36.012996,-6.234604,1,50,2,140
-46.678316,-23.563901,1,50,1,146
-45.579093,-22.725543,1,50,1,68
-39.236047,-16.376299,1,50,2,126
-47.474558,-23.454730,1,50,1,242
-37.680591,-9.816175,1,50,2,156
-49.873111,-6.075649,1,50,1,273
-46.358041,-23.933035,1,50,1,60
-46.654084,-23.462536,1,50,1,213
-46.677359,-23.564733,1,50,1,310
-42.418915,-22.158368,1,50,2,174
-39.723592,-17.554470,1,50,2,28
-47.443967,-23.478028,1,50,1,68
-45.000372,-12.122221,1,50,1,43
-35.825013,-9.466379,1,50,1,339
-47.652769,-22.708158,1,50,1,355
-47.846870,-23.332404,1,50,2,17
-44.776015,-3.462535,1,50,2,128
-35.860275,-7.240878,1,50,1,117
-52.053481,-25.571481,1,50,0,17
-46.679420,-23.661383,1,50,1,170
-49.055845,-22.345697,1,50,1,144
-35.825467,-9.465840,1,50,1,157
-47.617229,-15.503590,1,50,0,199
-46.581684,-23.757651,1,50,1,103
-46.441467,-23.739831,1,50,2,55
-35.622618,-7.241030,1,50,1,81
-46.688740,-23.628121,1,50,1,213
-47.507733,-23.436010,1,50,1,74
-48.632795,-17.743451,1,50,1,166
-42.993758,-22.533456,1,50,1,140
-52.630024,-27.113951,1,50,1,216
-39.778551,-3.750267,1,50,2,94
-46.680620,-23.554590,1,50,1,226
-35.156723,-7.202488,1,50,1,113
-44.317495,-3.043642,1,50,0,6
-47.508052,-23.435983,1,50,1,254
-48.632682,-17.743454,1,50,1,346
-48.235263,-18.949726,1,50,1,69
-52.630509,-27.114551,1,50,1,36
-51.077158,-29.020762,1,50,1,223
-46.646380,-23.539597,1,50,1,12
-46.818596,-23.143752,1,50,1,16
-44.445713,-3.331769,1,50,2,41
-54.657294,-20.527752,1,50,1,192
-46.647612,-23.542057,1,50,1,2
-48.235263,-18.949645,1,50,1,248
-39.033952,-14.810755,1,50,2,131
-49.378479,-28.670082,1,50,2,135
-46.688614,-23.628198,1,50,1,33
-46.818478,-23.143223,1,50,1,188
-46.459819,-4.315377,1,50,2,97
-43.206210,-22.898554,1,50,1,66
-49.173967,-26.746377,1,50,1,166
-46.710106,-23.750105,1,50,1,213
-48.245803,-18.953448,1,50,1,248
-34.899733,-7.177514,1,50,1,200
-46.632309,-23.539519,1,50,1,285
-52.536610,-26.951647,1,50,1,233
-47.359867,-5.725713,1,50,0,179
-47.477474,-23.455017,1,50,1,97
-46.654327,-23.514120,1,50,1,70
-46.693124,-23.544833,1,50,1,310
-48.245933,-18.953659,1,50,1,68
-45.868802,-23.192582,1,50,1,328
-46.753579,-23.475350,1,50,1,328
-51.440945,-27.276480,1,50,1,346
-47.382688,-6.026716,1,50,0,179
-42.994601,-22.664014,1,50,1,293
-47.661973,-22.732280,1,50,1,289
-39.392317,-16.390713,1,50,0,88
-36.327350,-8.657731,1,50,2,77
-53.395579,-27.365650,1,50,1,224
-46.732545,-23.536476,1,50,1,141
-49.486759,-27.803693,1,50,1,247
-48.046813,-16.005976,1,50,1,123
-46.652657,-23.583037,1,50,1,224
-47.643412,-22.708675,1,50,1,296
-35.212496,-5.823905,1,50,1,201
-50.911063,-26.170852,1,50,0,52
-46.843985,-23.010804,1,50,1,172
-46.492452,-23.580183,1,50,1,323
-42.539011,-22.252167,1,50,0,147
-39.742456,-18.054603,1,50,0,98
-45.643134,-22.827949,1,50,0,92
-47.317840,-22.732210,1,50,1,103
-46.854268,-23.655520,1,50,0,128
-50.437050,-28.652856,1,50,1,111
-34.967158,-8.224720,1,50,2,35
-46.408411,-23.419007,1,50,2,168
-54.667443,-30.965442,1,50,1,120
-45.424044,-22.454273,1,50,0,152
-47.428153,-23.511211,1,50,1,231
-43.592520,-22.991977,1,50,1,85
-54.283418,-28.378329,1,50,2,82
-46.615802,-23.558210,1,50,1,293
-34.900768,-7.181674,1,50,1,24
-46.661166,-23.569135,1,50,1,221
-47.652704,-22.713843,1,50,1,293
-49.292277,-25.477586,1,50,1,164
-55.761280,-29.811287,1,50,1,290
-36.689642,-10.064114,1,50,1,39
-43.190642,-22.912790,1,50,1,67
-48.270534,-18.925021,1,50,1,305
-35.983937,-8.286327,1,50,1,186
-46.673474,-23.553080,1,50,1,113
-48.633667,-26.991495,1,50,1,232
-46.479277,-23.884731,1,50,1,41
-45.943425,-23.279132,1,50,1,220
-37.983618,-9.330211,1,50,1,72
-37.404962,-6.851227,1,50,0,20
-35.812622,-9.497149,1,50,1,158
-35.983762,-8.286327,1,50,1,3
-46.520505,-23.531305,1,50,1,253
-51.181405,-23.261023,1,50,1,91
-46.352155,-23.968298,1,50,1,262
-45.943345,-23.279185,1,50,1,40
-37.982918,-9.329958,1,50,1,251
-35.238664,-7.845256,1,50,2,24
-35.812279,-9.497599,1,50,1,337
-35.048754,-8.292218,1,50,0,65
-46.452834,-23.486337,1,50,1,2
-42.732794,-22.906117,1,50,2,87
-49.283372,-25.465581,1,50,1,45
-44.220353,-8.814221,1,50,2,27
-46.616935,-23.626709,1,50,1,62
-42.351774,-22.881695,1,50,1,279
-46.655899,-23.491516,1,50,1,43
-52.358339,-31.754005,1,50,1,339
-46.452978,-23.486328,1,50,1,182
-42.594512,-22.858780,1,50,2,60
-51.123902,-29.392773,1,50,1,287
-46.071747,-23.810778,1,50,0,48
-46.617051,-23.626491,1,50,1,241
-43.011238,-22.858474,1,50,1,132
-46.532245,-23.515064,1,50,1,84
-52.359135,-31.752324,1,50,1,159
-46.716922,-23.601128,1,50,1,260
-47.142268,-23.514014,1,50,1,324
-48.620733,-27.002772,1,50,1,195
-52.480222,-31.748526,1,50,1,103
-47.997908,-15.783515,1,50,1,296
-38.099938,-7.291815,1,50,0,81
-45.909121,-23.204873,1,50,1,320
-52.363368,-31.742963,1,50,1,339
-46.669328,-23.554614,1,50,1,292
-47.142364,-23.514065,1,50,1,149
-51.125903,-29.391667,1,50,1,115
-52.462345,-31.752092,1,50,1,283
-52.267347,-26.859785,1,50,1,40
-38.138525,-7.299685,1,50,0,121
-47.450004,-23.469474,1,50,1,246
-52.364654,-31.740115,1,50,1,159
-46.628906,-23.500225,1,50,1,273
-49.488788,-27.804086,1,50,1,91
-51.125952,-29.389369,1,50,1,27
-46.866040,-23.714865,1,50,2,82
-41.987567,-22.717227,1,50,0,64
-38.201338,-6.774830,1,50,2,92
-37.851334,-9.700345,1,50,2,31
-52.368044,-31.735834,1,50,1,300
-45.569281,-23.028635,1,50,1,62
-41.129542,-21.984894,1,50,0,137
-53.823635,-27.759734,1,50,1,155
-52.379946,-28.241478,1,50,1,48
-41.985165,-22.718401,1,50,0,334
-46.584886,-23.711732,1,50,1,270
-46.470864,-23.614398,1,50,1,317
-43.363899,-22.864417,1,50,1,107
-46.685736,-23.578968,1,50,1,330
-46.938837,-19.583802,1,50,1,281
-52.930772,-27.946534,1,50,1,150
-46.698068,-23.524955,1,50,1,90
-48.721768,-26.379145,1,50,1,226
-46.583559,-23.757289,1,50,1,270
-49.077496,-22.320701,1,50,1,63
-46.725125,-23.667135,1,50,1,85
-46.530659,-23.599280,1,50,1,109
-46.938899,-19.583919,1,50,1,91
-49.351312,-20.828839,1,50,1,172
-46.506316,-23.571534,1,50,1,336
-51.155623,-23.341262,1,50,1,65
-47.282612,-22.723898,1,50,2,13
-36.501889,-8.900989,1,50,2,145
-46.725217,-23.667043,1,50,1,265
-46.681902,-23.555741,1,50,1,58
-44.074296,-19.792236,1,50,1,25
-49.346207,-20.808316,1,50,1,279
-47.465563,-23.500143,1,50,1,329
-51.173383,-23.322018,1,50,1,90
-49.079133,-22.305471,1,50,1,313
-46.602541,-22.469166,1,50,2,38
-50.923863,-17.773031,1,50,1,347
-34.856264,-7.186701,1,50,1,142
-44.083794,-19.807284,1,50,1,229
-49.346556,-20.808391,1,50,1,99
-46.589656,-23.518377,1,50,1,35
-38.335186,-12.904630,1,50,0,97
-49.596417,-27.416360,1,50,2,151
-46.609647,-22.469736,1,50,1,279
-35.338977,-7.171315,1,50,1,116
-46.447149,-23.544536,1,50,1,341
-44.086621,-19.809538,1,50,1,35
-43.345614,-22.872073,1,50,2,123
-47.498712,-23.511535,1,50,1,310
-38.329643,-12.901773,1,50,1,53
-49.603285,-27.410983,1,50,2,178
-46.662628,-23.587743,1,50,1,280
-35.344175,-7.168928,1,50,1,105
-46.675485,-23.540232,1,50,1,26
-48.638432,-26.981634,1,50,1,98
-43.346190,-22.805773,1,50,1,3
-47.493382,-23.514086,1,50,1,281
-38.329340,-12.901547,1,50,1,233
-49.077307,-22.307097,1,50,1,119
-46.446146,-23.459036,1,50,1,272
-35.392482,-7.172864,1,50,1,79
-48.825342,-15.138482,1,50,2,132
-49.246923,-25.485013,1,50,1,156
-47.517161,-23.516215,1,50,1,125
-46.734342,-23.589364,1,50,1,246
-38.302783,-12.882949,1,50,1,315
-42.681046,-21.881283,1,50,1,342
-46.678149,-23.597669,1,50,1,116
-55.711963,-12.548692,1,50,1,212
-47.881579,-23.359445,1,50,1,83
-49.244713,-25.484100,1,50,1,338
-54.637155,-20.498420,1,50,1,263
-47.506726,-23.504412,1,50,1,312
-38.303986,-12.882192,1,50,1,136
-42.894971,-22.203047,1,50,0,120
-46.652717,-23.564477,1,50,1,313
-46.630537,-23.500189,1,50,1,89
-47.881587,-23.359348,1,50,1,262
-42.050189,-22.888465,1,50,1,163
-54.638141,-20.498278,1,50,1,131
-51.117766,-29.766263,1,50,1,60
-38.442169,-12.874949,1,50,2,178
-38.988898,-10.576423,1,50,0,162
-45.903722,-23.161520,1,50,1,140
-39.314284,-7.219507,1,50,1,344
-34.870881,-7.111083,1,50,1,19
-48.635869,-26.929034,1,50,1,61
-47.528514,-22.364888,1,50,0,58
-51.116491,-29.765532,1,50,1,250
-46.690043,-23.590457,1,50,1,107
-49.132921,-26.896466,1,50,1,37
-45.921588,-23.193239,1,50,1,323
-39.314448,-7.219467,1,50,1,164
-34.870506,-7.109908,1,50,1,198
-48.250080,-15.942859,1,50,0,70
-46.844064,-23.705644,1,50,1,348
-51.120285,-29.761098,1,50,1,262
-46.658374,-23.586684,1,50,1,52
-48.807422,-15.916205,1,50,1,249
-45.902966,-23.157587,1,50,2,207
-50.784105,-29.659585,1,50,1,292
-46.579116,-23.599233,1,50,1,299
-54.646451,-20.467261,1,50,1,196
-45.589090,-23.787391,1,50,0,124
-51.120423,-29.761222,1,50,1,85
-46.686019,-23.582851,1,50,1,223
-43.314964,-22.925240,1,50,1,196
-50.918760,-17.768342,1,50,1,348
-50.785580,-29.659105,1,50,1,115
-46.480085,-23.517610,1,50,1,70
-54.646289,-20.467549,1,50,1,18
-43.010851,-22.858656,1,50,1,316
-54.610387,-20.421074,1,50,2,41
-46.331498,-23.956936,1,50,1,7
-47.929924,-15.804912,1,50,1,148
-50.894644,-17.772293,1,50,1,319
-45.430412,-23.663786,1,50,1,10
-51.180034,-29.192668,1,50,2,170
-49.285619,-25.413183,1,50,1,280
-41.784288,-22.395182,1,50,2,243
-54.603387,-20.416409,1,50,2,88
-45.888516,-23.193276,1,50,1,167
-51.954999,-23.432062,1,50,1,123
-50.919374,-17.764247,1,50,1,85
-54.125874,-27.357312,1,50,1,325
-51.169126,-29.182919,1,50,1,73
-49.240300,-25.419324,1,50,1,160
-41.713155,-22.289861,1,50,2,182
-46.735705,-23.590058,1,50,1,66
-45.885098,-23.202456,1,50,1,340
-46.574293,-23.650091,1,50,1,136
-50.914038,-17.763797,1,50,1,85
-54.126622,-27.356370,1,50,1,145
-51.110055,-29.078377,1,50,1,43
-46.935720,-19.606578,1,50,0,114
-46.767359,-23.682164,1,50,1,226
-51.142913,-29.759558,1,50,1,256
-34.902786,-8.032496,1,50,1,206
-46.572328,-23.649843,1,50,1,225
-50.897429,-17.769578,1,50,1,136
-46.629636,-23.518274,1,50,1,280
-51.109290,-29.076581,1,50,1,214
-37.101209,-11.063060,1,50,0,29
-46.737928,-23.670061,1,50,1,253
-46.609766,-23.596483,1,50,1,355
-42.352082,-22.922477,1,50,1,278
-46.669357,-23.613818,1,50,1,311
-50.935951,-17.794000,1,50,1,0
-46.629683,-23.518397,1,50,1,280
-51.080638,-29.023412,1,50,1,62
-37.079950,-11.032176,1,50,0,35
-46.329956,-23.510821,1,50,1,157
-46.503041,-23.635975,1,50,1,180
-42.040946,-22.924618,1,50,2,178
-46.648097,-23.628423,1,50,1,159
-34.904164,-8.116139,1,50,1,43
-46.602975,-23.553008,1,50,1,96
-47.992850,-15.977373,1,50,1,79
-42.685501,-22.944226,1,50,0,45
-46.329744,-23.511260,1,50,1,337
-51.510954,-27.204077,1,50,1,41
-42.388525,-22.885281,1,50,1,303
-46.653297,-23.622104,1,50,1,125
-45.942839,-23.251363,1,50,1,199
-46.706756,-23.743102,1,50,1,205
-46.566731,-23.608268,1,50,1,0
-46.947544,-23.607179,1,50,1,252
-39.023251,-16.287649,1,50,2,2
-48.720196,-22.518244,1,50,1,187
-38.553611,-3.739341,1,50,1,78
-46.668718,-23.614589,1,50,1,131
-45.904080,-23.193034,1,50,2,50
-46.737454,-23.624155,1,50,1,165
-35.991709,-7.523566,1,50,2,61
-46.947523,-23.607243,1,50,1,72
-39.024476,-16.303588,1,50,2,180
-48.720840,-22.524304,1,50,1,8
-38.552750,-3.739085,1,50,1,257
-46.658295,-23.618952,1,50,1,297
-49.167526,-26.718736,1,50,2,182
-46.498387,-23.514969,1,50,1,248
-47.505624,-23.442278,1,50,1,168
-43.369504,-21.757534,1,50,1,286
-39.023171,-16.321225,1,50,0,161
-45.885112,-23.239660,1,50,1,183
-42.696943,-22.573072,1,50,0,66
-48.059465,-15.999382,1,50,1,183
-49.161600,-26.702590,1,50,0,18
-46.730418,-23.538406,1,50,1,320
-47.505688,-23.436415,1,50,1,345
-46.754309,-23.474534,1,50,1,142
-34.837773,-7.099573,1,50,1,156
-51.229984,-27.388472,1,50,1,107
-48.639533,-26.988958,1,50,1,355
-48.101195,-21.726706,1,50,1,6
-49.058826,-22.296089,1,50,1,230
-48.109766,-15.837151,1,50,1,323
-47.518657,-23.229888,1,50,1,354
-48.101111,-21.726023,1,50,1,186
-46.550952,-23.688795,1,50,1,9
-51.510158,-27.202792,1,50,1,221
-48.629716,-27.005756,1,50,1,102
-42.144993,-21.580551,1,50,1,346
-42.172351,-22.848526,1,50,1,254
-48.082067,-16.005852,1,50,1,216
-52.794157,-15.698908,1,50,1,288
-42.145593,-21.579559,1,50,1,148
-46.551145,-23.688899,1,50,1,187
-49.273889,-16.651056,1,50,2,162
-48.629587,-27.005696,1,50,1,282
-51.120136,-29.118179,1,50,1,308
-42.173518,-22.848843,1,50,1,74
-50.911386,-28.512102,1,50,1,156
-43.695321,-6.496306,1,50,1,265
-54.559908,-25.503030,1,50,1,104
-34.860331,-7.133896,1,50,1,171
-53.386817,-27.354684,1,50,1,18
-42.067518,-22.468380,1,50,1,43
-43.368966,-21.757681,1,50,1,103
-45.786234,-23.204040,1,50,1,145
-50.908391,-28.513671,1,50,1,290
-43.695319,-6.496385,1,50,1,84
-53.866858,-29.708225,1,50,1,289
-47.299336,-22.730096,1,50,1,74
-40.399213,-18.693342,1,50,0,52
-42.092217,-22.831347,1,50,1,77
-53.781162,-29.693879,1,50,1,290
-45.786124,-23.203983,1,50,1,325
-46.650432,-23.566652,1,50,1,127
-60.630062,-0.551799,1,50,0,162
-53.782702,-29.693481,1,50,1,110
-34.874287,-7.145214,1,50,1,343
-43.334819,-22.928362,1,50,1,85
-47.623449,-22.747714,1,50,1,303
-53.812289,-29.710158,1,50,1,340
-50.777441,-26.093595,1,50,2,102
-52.376071,-28.238355,1,50,1,229
-60.522526,-0.856198,1,50,0,152
-53.813420,-29.708215,1,50,1,161
-34.875034,-7.145253,1,50,1,157
-36.491494,-8.881162,1,50,2,115
-47.631914,-22.715097,1,50,1,93
-53.833338,-29.700491,1,50,1,94
-46.568019,-23.668410,1,50,1,162
-46.679241,-23.520879,1,50,1,1
-46.462613,-23.416845,1,50,2,63
-53.833330,-29.700413,1,50,1,274
-34.826700,-7.163985,1,50,1,98
-51.150264,-29.771890,1,50,1,80
-46.646383,-23.548667,1,50,1,16
-46.752336,-23.607796,1,50,1,75
-46.567779,-23.668647,1,50,1,342
-46.679355,-23.521252,1,50,1,182
-46.793575,-23.638886,1,50,2,47
-49.236641,-25.441249,1,50,1,145
-34.826602,-7.163859,1,50,1,272
-54.167189,-28.374200,1,50,1,100
-46.465746,-23.621905,1,50,1,331
-53.888819,-28.385577,1,50,1,49
-43.366249,-23.009022,1,50,1,181
-43.261182,-22.583491,1,50,1,345
-46.636604,-23.596484,1,50,1,1
-46.294486,-23.483972,1,50,2,175
-34.882558,-7.135259,1,50,1,68
-54.165152,-28.374504,1,50,1,280
-48.581384,-20.561793,1,50,1,122
-53.099232,-28.641157,1,50,1,282
-46.591749,-23.587248,1,50,1,266
-52.376658,-28.239032,1,50,1,49
-46.058351,-7.519711,1,50,2,88
-53.100708,-28.640847,1,50,1,102
-52.649043,-27.103742,1,50,1,211
-53.916015,-28.418504,1,50,1,68
-48.579993,-20.562471,1,50,1,297
-46.833354,-23.697394,1,50,0,58
-37.298695,-7.006305,1,50,1,294
-46.688212,-23.753507,1,50,1,125
-46.771797,-23.687644,1,50,1,38
-49.254128,-25.418392,1,50,1,185
-52.649460,-27.104339,1,50,1,31
-45.899072,-23.256575,1,50,1,14
-39.023067,-14.910112,1,50,2,174
-46.832467,-23.645690,1,50,1,356
-37.569367,-6.670665,1,50,1,56
-46.688353,-23.753319,1,50,1,310
-44.083939,-6.596813,1,50,1,230
-39.324159,-7.218068,1,50,1,245
-46.664734,-23.594749,1,50,1,163
-45.899172,-23.256563,1,50,1,194
-46.348363,-23.930787,1,50,1,271
-46.329199,-23.473899,1,50,1,325
-37.568598,-6.670145,1,50,1,236
-46.788082,-23.536894,1,50,1,182
-44.084794,-6.597633,1,50,1,50
-34.942013,-8.039071,1,50,1,196
-48.282247,-18.936210,1,50,1,343
-41.717852,-6.667456,1,50,2,4
-43.718520,-22.841007,1,50,0,49
-37.059382,-6.482036,1,50,0,85
-45.448059,-22.943314,1,50,1,20
-46.791642,-23.526995,1,50,1,189
-47.078651,-22.967940,1,50,1,116
-47.217286,-22.850874,1,50,1,38
-47.867771,-23.342449,1,50,1,301
-42.438568,-5.857751,1,50,2,286
-54.643063,-20.483055,1,50,1,216
-47.217353,-22.850808,1,50,1,223
-45.448233,-22.943494,1,50,1,200
-46.665672,-23.587198,1,50,1,126
-47.062168,-22.956401,1,50,1,107
-51.051391,-26.197944,1,50,0,81
-47.867849,-23.342529,1,50,1,123
-46.987867,-22.970587,1,50,2,189
-42.672164,-21.865038,1,50,1,136
-53.518815,-28.325295,1,50,0,10
-40.679045,-19.085855,1,50,0,147
-46.758661,-23.606313,1,50,1,117
-34.831648,-7.077194,1,50,1,181
-53.398555,-27.377750,1,50,1,14
-47.440620,-23.467730,1,50,1,144
-36.480799,-8.878797,1,50,0,245
-51.167012,-29.315193,1,50,1,26
-53.397714,-27.374890,1,50,1,184
-45.901134,-23.228091,1,50,1,180
-45.599027,-23.036780,1,50,1,87
-39.290402,-14.801534,1,50,1,25
-52.649038,-27.087425,1,50,1,196
-46.635973,-23.668253,1,50,1,329
-54.570746,-20.456347,1,50,1,80
-49.872229,-22.989665,1,50,1,236
-52.647201,-27.084307,1,50,1,27
-46.693132,-23.588117,1,50,0,336
-46.698177,-23.570426,1,50,1,44
-39.290478,-14.801517,1,50,1,205
-52.633791,-27.066247,1,50,1,238
-47.001887,-23.006752,1,50,0,6
-54.569789,-20.455907,1,50,1,260
-40.365954,-20.319024,1,50,0,160
-51.520400,-29.187049,1,50,1,27
-46.678125,-23.575275,1,50,2,42
-45.636080,-22.962738,1,50,1,58
-52.442438,-28.229224,1,50,1,121
-51.612489,-28.775171,1,50,1,310
-46.709875,-23.566663,1,50,1,118
-47.789752,-15.897376,1,50,1,100
-40.358664,-20.324101,1,50,0,154
-53.501840,-28.315983,1,50,1,332
-49.273941,-25.412554,1,50,1,142
-46.646664,-23.569538,1,50,1,130
-52.770110,-28.318220,1,50,1,281
-51.061803,-29.938884,1,50,1,358
-47.690531,-22.673453,1,50,1,293
-45.113436,-23.418633,1,50,2,167
-48.701066,-1.539742,1,50,1,170
-51.061977,-29.937056,1,50,1,178
-49.301195,-25.437203,1,50,1,67
-46.646640,-23.569388,1,50,1,309
-46.697201,-23.622358,1,50,1,323
-50.944404,-29.942537,1,50,1,244
-47.690578,-22.673609,1,50,1,108
-43.197144,-22.509699,1,50,1,80
-48.705227,-1.518054,1,50,1,170
-50.948002,-29.943193,1,50,1,84
-48.139625,-21.763680,1,50,0,62
-51.447906,-27.243286,1,50,2,178
-46.697227,-23.622555,1,50,1,143
-42.339693,-20.889814,1,50,1,1
-46.525709,-23.547822,1,50,1,316
-43.210892,-22.511051,1,50,1,100
-48.705285,-1.517065,1,50,1,350
-42.380755,-21.111168,1,50,1,191
-49.300548,-25.436031,1,50,1,246
-43.861621,-22.898832,1,50,1,78
-46.533075,-23.531363,1,50,1,272
-46.991448,-20.907076,1,50,1,80
-46.508572,-23.563210,1,50,1,322
-48.883352,-23.993105,1,50,1,4
-48.702510,-1.532159,1,50,1,170
-46.991459,-20.907015,1,50,1,260
-43.343634,-22.802977,1,50,1,250
-43.861583,-22.898703,1,50,1,259
-52.440862,-28.230031,1,50,1,301
-39.287405,-17.528420,1,50,0,130
-50.948443,-17.814950,1,50,1,15
-43.385349,-22.866849,1,50,0,112
-48.702292,-1.532616,1,50,1,350
-39.255131,-17.528449,1,50,2,47
-42.104153,-22.832903,1,50,1,305
-46.733511,-23.621966,1,50,1,8
-46.739092,-23.637812,1,50,1,286
-49.180837,-25.504489,1,50,2,40
-42.106113,-19.626630,1,50,1,187
-35.233983,-7.748260,1,50,0,162
-46.791251,-22.886100,1,50,0,10
-49.203901,-25.548447,1,50,1,200
-44.643646,-6.812466,1,50,0,54
-46.733688,-23.622218,1,50,1,196
-46.739120,-23.637885,1,50,1,110
-49.148630,-25.502905,1,50,1,21
-35.365465,-5.722381,1,50,0,142
-43.246079,-22.847166,1,50,1,240
-42.144535,-22.839896,1,50,1,66
-49.148259,-25.502189,1,50,1,200
-35.622402,-7.240822,1,50,1,261
-45.886038,-23.254297,1,50,1,182
-43.270178,-22.842205,1,50,1,79
-46.679947,-23.595966,1,50,1,164
-49.094192,-26.871196,1,50,1,251
-51.108513,-29.759116,1,50,1,26
-42.233785,-22.856111,1,50,1,55
-46.310214,-23.372593,1,50,2,173
-42.768914,-5.081596,1,50,1,266
-45.885913,-23.254355,1,50,1,2
-51.530237,-29.159654,1,50,1,116
-53.665233,-31.463794,1,50,0,130
-46.762365,-22.696616,1,50,0,97
-45.585545,-23.789004,1,50,0,133
-43.394752,-22.850610,1,50,1,324
-53.661904,-31.466096,1,50,0,310
-35.156392,-7.202462,1,50,1,293
-45.755482,-23.127543,1,50,2,81
-51.527902,-29.160643,1,50,1,296
-43.338984,-22.950088,1,50,1,173
-49.162429,-25.580744,1,50,2,212
-45.635700,-22.962459,1,50,1,240
-47.955748,-15.857948,1,50,1,9
-42.245720,-21.976996,1,50,0,71
-45.907296,-23.244622,1,50,1,193
-46.711151,-23.551490,1,50,1,315
-52.079664,-27.432270,1,50,1,232
-41.920761,-21.723730,1,50,1,281
-49.162088,-25.519909,1,50,2,130
-46.680069,-23.688743,1,50,1,328
-50.040496,-27.254346,1,50,0,43
-42.577749,-22.274190,1,50,0,59
-48.625483,-27.002127,1,50,1,106
-55.506764,-30.865921,1,50,2,20
-52.236848,-27.623268,1,50,1,334
-41.640220,-14.220364,1,50,0,135
-52.373306,-31.733307,1,50,1,120
-47.496697,-23.513239,1,50,1,305
-51.520227,-29.182270,1,50,1,187
-41.629313,-14.230840,1,50,0,135
-48.625340,-27.002093,1,50,1,290
-43.405370,-22.789720,1,50,1,75
-46.605089,-23.684725,1,50,1,79
-42.528963,-22.256177,1,50,0,78
-48.125189,-15.729209,1,50,1,96
-46.687417,-23.515897,1,50,1,106
-49.119577,-26.925493,1,50,1,40
-50.444014,-24.525965,1,50,2,66
-42.062184,-22.852404,1,50,1,338
-43.232940,-22.852647,1,50,1,327
-49.098195,-26.921246,1,50,1,191
-48.106495,-21.744320,1,50,1,21
-49.401378,-20.824915,1,50,1,77
-52.376183,-28.236799,1,50,1,119
-49.117306,-26.849746,1,50,1,222
-37.799368,-5.653403,1,50,1,357
-42.062431,-22.852096,1,50,1,158
-52.369680,-28.237979,1,50,1,287
-51.392366,-27.008907,1,50,0,93
-37.799458,-5.653308,1,50,1,175
-42.125785,-19.541324,1,50,1,322
-52.363250,-28.239034,1,50,1,84
-60.751064,2.816238,1,50,2,86
-37.501722,-5.220273,1,50,2,35
-47.230900,-22.883359,1,50,1,3
-39.274995,-14.796710,1,50,1,196
-60.733013,2.797387,1,50,1,106
-37.497358,-5.215061,1,50,2,70
-49.315187,-20.858834,1,50,1,115
-39.274895,-14.796708,1,50,1,20
-60.734261,2.767035,1,50,2,52
-37.305523,-5.198568,1,50,2,124
-47.229697,-22.901023,1,50,1,355
-46.658481,-23.600315,1,50,1,311
-60.680065,2.836822,1,50,1,241
-51.414663,-29.843662,1,50,1,161
-49.350902,-20.773214,1,50,1,22
-46.658344,-23.581392,1,50,1,298
-60.682395,2.817141,1,50,1,69
-51.413833,-29.845762,1,50,1,341
-48.964621,-26.927348,1,50,1,308
-43.018371,-6.755055,1,50,2,83
-60.683933,2.808281,1,50,1,221
-38.299907,-6.376182,1,50,2,37
-43.663091,-22.777095,1,50,1,143
-45.239150,-23.547304,1,50,2,77
-39.621439,-3.706810,1,50,0,277
-38.323831,-6.410910,1,50,2,7
-48.990418,-26.903176,1,50,0,158
-36.002056,-9.514456,1,50,0,148
-49.460106,-27.099362,1,50,1,235
-38.226010,-6.196609,1,50,2,175
-49.373693,-20.825903,1,50,1,344
-39.418325,-13.468112,1,50,0,180
-49.461932,-27.098946,1,50,1,159
-38.221386,-6.185770,1,50,2,36
-48.999227,-26.894718,1,50,1,287
-46.665717,-23.465254,1,50,1,74
-39.626799,-3.710115,1,50,0,59
-38.205376,-6.146705,1,50,2,5
-49.371294,-20.835670,1,50,1,177
-46.665763,-23.465148,1,50,1,254
-49.165059,-25.562213,1,50,2,92
-38.206565,-6.132801,1,50,2,141
-49.000113,-26.894784,1,50,1,76
-49.188303,-25.535914,1,50,1,150
-42.172822,-22.004042,1,50,2,106
-38.207237,-6.129976,1,50,2,7
-49.371148,-20.836597,1,50,1,357
-41.724721,-22.304680,1,50,0,2
-46.525863,-23.513237,1,50,1,252
-38.206276,-6.121567,1,50,2,4
-47.184328,-22.863628,1,50,0,70
-41.722089,-22.318340,1,50,2,26
-49.281380,-16.719981,1,50,2,80
-38.166268,-5.999820,1,50,2,49
-49.962483,-20.406827,1,50,1,189
-41.717047,-22.296376,1,50,0,40
-51.945179,-23.442993,1,50,1,346
-38.163050,-5.995772,1,50,2,17
-47.189259,-22.875144,1,50,2,101
-48.619128,-27.003424,1,50,1,7
-45.892911,-23.271613,1,50,1,332
-37.989295,-5.841844,1,50,2,20
-49.976995,-20.407364,1,50,1,351
-43.363915,-21.781291,1,50,1,95
-45.893198,-23.271442,1,50,1,152
-46.584097,-23.593336,1,50,1,321
-47.180460,-22.876164,1,50,0,84
-45.910683,-23.239488,1,50,1,28
-48.698377,-15.208782,1,50,2,97
-41.802017,-22.369714,1,50,1,210
-49.983658,-20.427813,1,50,1,59
-46.587118,-23.710705,1,50,1,144
-43.764481,-21.214031,1,50,1,270
-46.675838,-23.570716,1,50,1,142
-47.206766,-22.865786,1,50,1,308
-46.584705,-22.512282,1,50,1,143
-47.974287,-15.830464,1,50,1,8
-49.260878,-16.696853,1,50,1,346
-49.976297,-20.424603,1,50,1,351
-49.287365,-25.435933,1,50,1,250
-49.354006,-28.682931,1,50,1,270
-37.909680,-5.783587,1,50,2,53
-47.195043,-22.877356,1,50,0,95
-51.806533,-30.870779,1,50,1,53
-51.520264,-29.182719,1,50,1,16
-46.661080,-23.602251,1,50,1,221
-47.180790,-22.878662,1,50,1,105
-51.804428,-30.869450,1,50,1,233
-37.762946,-9.716687,1,50,2,141
-46.425903,-23.513543,1,50,1,121
-43.301905,-22.987489,1,50,1,352
-51.389476,-30.172051,1,50,1,51
-51.173415,-29.123969,1,50,1,245
-45.909455,-23.204985,1,50,1,130
-52.367853,-28.225343,1,50,2,31
-51.386329,-30.170461,1,50,1,241
-46.672798,-23.585902,1,50,1,244
-51.169474,-23.344777,1,50,1,1
-43.565706,-22.906692,1,50,1,180
-46.321564,-23.529700,1,50,1,111
-46.671019,-23.585423,1,50,1,74
-51.169606,-23.342993,1,50,1,181
-43.565855,-22.908177,1,50,1,7
-46.321436,-23.529574,1,50,1,291
-43.209788,-22.898634,1,50,1,66
-53.453283,-30.359454,1,50,1,277
-46.637284,-23.629462,1,50,1,277
-46.843838,-23.704743,1,50,1,211
-46.671641,-23.569079,1,50,1,44
-51.938373,-28.713578,1,50,1,149
-48.685734,-18.608349,1,50,0,131
-45.907312,-23.268894,1,50,1,318
-42.792474,-22.698856,1,50,0,34
-49.278589,-16.790700,1,50,1,189
-49.005088,-26.891638,1,50,0,76
-45.907507,-23.268903,1,50,1,138
-42.739186,-22.259932,1,50,0,106
-49.278457,-16.790517,1,50,1,8
-49.215094,-18.413231,1,50,1,210
-39.071576,-14.644967,1,50,2,5
-42.765699,-22.256599,1,50,0,152
-45.568946,-22.727296,1,50,2,21
-49.209088,-18.404503,1,50,1,54
-35.935414,-7.242774,1,50,1,241
-46.748497,-23.644168,1,50,1,54
-54.606827,-20.501190,1,50,1,143
-49.209212,-18.404489,1,50,1,234
-47.664185,-15.749250,1,50,1,344
-49.351344,-20.827261,1,50,1,354
-54.606600,-20.501253,1,50,1,328
-49.220471,-18.394624,1,50,1,188
-46.912060,-23.441857,1,50,1,18
-43.087850,-19.828429,1,50,0,61
-48.642792,-26.969761,1,50,1,180
-49.219096,-18.386194,1,50,1,8
-46.891878,-23.424156,1,50,1,8
-43.394923,-22.850531,1,50,1,148
-48.163144,-21.756211,1,50,1,187
-48.627442,-26.998282,1,50,1,233
-46.463662,-23.763963,1,50,2,53
-45.422652,-23.640332,1,50,1,28
-51.148906,-23.310341,1,50,1,14
-48.588349,-27.044655,1,50,0,3
-46.456713,-23.672648,1,50,1,318
-45.415440,-23.629256,1,50,1,214
-46.688294,-23.753269,1,50,1,308
-49.005061,-26.896983,1,50,2,60
-46.454972,-23.674667,1,50,1,147
-41.930705,-22.770641,1,50,2,134
-46.688276,-23.753576,1,50,1,130
-49.021141,-26.908107,1,50,0,70
-42.065986,-22.466760,1,50,1,205
-42.006066,-22.667348,1,50,1,186
-46.664106,-23.587808,1,50,1,6
-49.110158,-26.874807,1,50,1,287
-41.991081,-21.635251,1,50,2,63
-49.110899,-26.874662,1,50,1,105
-46.354551,-23.498194,1,50,1,100
-49.097241,-26.872164,1,50,1,77
-49.098335,-26.921968,1,50,1,15
-43.279258,-22.900326,1,50,1,137
-46.353168,-23.498630,1,50,1,315
-48.079726,-15.825129,1,50,1,342
-49.076638,-26.900418,1,50,1,356
-48.081352,-15.820976,1,50,1,162
-48.600882,-17.774192,1,50,0,145
-48.114760,-15.830891,1,50,1,144
-49.032840,-26.846399,1,50,2,162
-39.241659,-16.374115,1,50,2,62
-48.591661,-17.776021,1,50,0,67
-46.540932,-23.463405,1,50,1,62
-49.087461,-26.898443,1,50,2,14
-46.541182,-23.463511,1,50,1,242
-42.180945,-21.400492,1,50,2,38
-36.957062,-10.811417,1,50,0,134
-35.780211,-9.560595,1,50,1,155
-37.790864,-9.680033,1,50,0,150
-47.902122,-22.067081,1,50,1,86
-37.750948,-9.731766,1,50,0,142
-44.295575,-22.980168,1,50,1,166
-37.793155,-9.674699,1,50,2,161
-52.467193,-31.751125,1,50,1,103
-37.684695,-9.808205,1,50,2,153
-49.118092,-26.850489,1,50,1,48
-37.624645,-9.925381,1,50,2,153
-52.477069,-31.749154,1,50,1,283
-37.686921,-9.803990,1,50,2,152
-49.057795,-26.866493,1,50,1,25
-49.457963,-18.970005,1,50,1,303
-38.523849,-3.749888,1,50,1,171
-49.457295,-18.970894,1,50,1,123
-49.057540,-26.865878,1,50,1,198
-49.154399,-25.486517,1,50,1,37
-35.956114,-8.294443,1,50,1,4
-49.154392,-25.486374,1,50,1,217
-35.953236,-8.292836,1,50,1,259
-49.077620,-26.903400,1,50,1,174
-53.948821,-27.447610,1,50,1,346
-45.431939,-23.682662,1,50,1,357
-53.949836,-27.443857,1,50,1,167
-45.432099,-23.682660,1,50,1,176
-41.328110,-12.493863,1,50,0,176
-51.975676,-23.397165,1,50,1,40
-52.256567,-27.650683,1,50,2,53
-46.558843,-23.611496,1,50,1,123
-49.214588,-25.530481,1,50,1,300
-49.185768,-25.550171,1,50,0,82
-52.401553,-24.050371,1,50,1,243
-52.401396,-24.050499,1,50,1,63
-52.411261,-24.054840,1,50,1,243
-52.410993,-24.054914,1,50,1,63
-41.106234,-22.017458,1,50,2,107
-41.138212,-21.940208,1,50,0,162
-41.278186,-21.827940,1,50,0,82
-41.245757,-21.846740,1,50,0,150
-41.204516,-21.886574,1,50,2,108
-41.134425,-21.951257,1,50,2,163
-41.461419,-21.693618,1,50,0,100
-41.654540,-21.638673,1,50,0,113
-49.289037,-25.438040,1,50,1,70
-49.308212,-25.479560,1,50,1,87
-49.304684,-25.447018,1,50,1,355
-49.304786,-25.446953,1,50,1,177
-48.951832,-26.924575,1,50,1,30
-48.943198,-26.914638,1,50,0,51
-48.636703,-26.969599,1,50,2,100
-38.419667,-12.154990,1,50,1,333
-53.555108,-26.287043,1,50,2,127
-48.199130,-15.711218,1,50,1,161
-49.934186,-27.257110,1,50,2,102
-48.599162,-27.005051,1,50,0,156
-49.513111,-23.397139,1,50,2,126
-49.653890,-27.216404,1,50,0,23
-46.373895,-23.940905,1,50,1,304
-39.287714,-14.790370,1,50,1,87
-39.287715,-14.790240,1,50,1,267
-39.286279,-14.795170,1,50,1,54
-39.286196,-14.795004,1,50,1,234
-45.904995,-23.204113,1,50,1,220
-48.639651,-26.967092,1,50,1,201
-41.747537,-22.342035,1,50,2,55
-45.900483,-23.231780,1,50,1,273
-48.642015,-27.002889,1,50,1,123
-48.641815,-27.002903,1,50,1,303
-46.368709,-23.945528,1,50,1,36
-40.655903,-19.510346,1,60,1,192
-37.142060,-10.784587,1,60,1,5
-38.660374,-3.746018,1,60,1,15
-48.612617,-27.188646,1,60,1,183
-52.111446,-32.121759,1,60,1,1
-41.581791,-20.264113,1,60,1,76
-39.997176,-18.983794,1,60,1,24
-49.067871,-22.369899,1,60,2,36
-40.390842,-19.680936,1,60,1,117
-37.142062,-10.784584,1,60,1,5
-38.612285,-3.692819,1,60,1,94
-44.451130,-18.761569,1,60,1,16
-46.111316,-21.438075,1,60,2,124
-41.450657,-20.218805,1,60,1,152
-39.995729,-18.980743,1,60,1,204
-49.064925,-22.363222,1,60,0,23
-40.575338,-19.532338,1,60,1,90
-43.395677,-16.440551,1,60,0,60
-38.629438,-3.694519,1,60,1,267
-44.451261,-18.761538,1,60,1,200
-46.097554,-17.655146,1,60,1,170
-46.162029,-19.230235,1,60,0,79
-42.549664,-16.799966,1,60,0,106
-45.977746,-22.251306,1,60,2,45
-40.570948,-19.534424,1,60,1,347
-43.425475,-16.470845,1,60,0,11
-49.384361,-20.822255,1,60,1,30
-36.002689,-8.302400,1,60,1,254
-46.097383,-17.656258,1,60,1,1
-46.258517,-19.207738,1,60,0,105
-42.925514,-17.278372,1,60,0,70
-45.970030,-23.286971,1,60,2,169
-53.514929,-26.592296,1,60,0,164
-37.149969,-10.905778,1,60,1,61
-42.127405,-19.446042,1,60,1,312
-36.003014,-8.302606,1,60,1,74
-48.716669,-17.191870,1,60,1,3
-46.234937,-19.216828,1,60,0,53
-41.501235,-17.791694,1,60,0,54
-48.179456,-24.784105,1,60,1,232
-42.615741,-22.723721,1,60,1,352
-42.081702,-22.770898,1,60,1,201
-49.394609,-20.839619,1,60,1,189
-36.058723,-8.318233,1,60,1,256
-48.716628,-17.190460,1,60,1,183
-41.229529,-20.293533,1,60,1,73
-40.092663,-19.230443,1,60,0,354
-42.379179,-16.233626,1,60,0,63
-42.904465,-22.935779,1,60,1,261
-42.081703,-22.771003,1,60,1,21
-50.159845,-16.887162,1,60,2,170
-41.297689,-21.801763,1,60,1,345
-42.907653,-22.935799,1,60,1,104
-41.225733,-20.318320,1,60,1,114
-40.066646,-19.379450,1,60,1,186
-53.720949,-26.068417,1,60,2,162
-52.507563,-28.803836,1,60,2,134
-47.758586,-21.206053,1,60,1,184
-50.678145,-16.464455,1,60,2,145
-41.298236,-21.800182,1,60,1,165
-44.246445,-2.603814,1,60,1,187
-41.156580,-20.331263,1,60,1,66
-39.951504,-18.229866,1,60,1,276
-53.719291,-26.064361,1,60,2,19
-43.772531,-19.809524,1,60,1,270
-45.522408,-20.973012,1,60,0,53
-50.403173,-16.533455,1,60,0,69
-40.908317,-21.033077,1,60,0,82
-46.344125,-23.400532,1,60,1,70
-41.153592,-20.330027,1,60,1,247
-40.066762,-19.380539,1,60,1,6
-43.820649,-17.136322,1,60,2,6
-46.375072,-17.662328,1,60,0,1
-49.251753,-25.404107,1,60,1,220
-41.966633,-20.183782,1,60,0,75
-45.341245,-22.493640,1,60,0,66
-44.172389,-21.025687,1,60,1,249
-40.887162,-20.409903,1,60,1,67
-39.935191,-18.859426,1,60,1,36
-43.845348,-16.753924,1,60,1,344
-46.083428,-17.528714,1,60,0,3
-57.470344,-16.248732,1,60,1,333
-36.595353,-9.455279,1,60,0,141
-45.360004,-22.468075,1,60,2,92
-43.332419,-21.689759,1,60,0,49
-50.068050,-23.296740,1,60,1,230
-39.934221,-18.858129,1,60,1,206
-43.843740,-16.759465,1,60,1,345
-44.421498,-22.941169,1,60,1,245
-57.462095,-16.253578,1,60,1,101
-46.136135,-19.367471,1,60,1,214
-46.957115,-22.514652,1,60,0,14
-38.487186,-12.967956,1,60,1,279
-50.255021,-22.900660,1,60,0,22
-39.972358,-18.931956,1,60,1,205
-43.846503,-16.748802,1,60,1,186
-48.841845,-26.347740,1,60,1,323
-40.323051,-20.113105,1,60,1,298
-40.573938,-20.768350,1,60,1,223
-49.326074,-26.960843,1,60,1,52
-44.178615,-19.413612,1,60,2,70
-40.729094,-20.413896,1,60,2,99
-40.489094,-20.392332,1,60,1,295
-44.884746,-12.153184,1,60,0,122
-46.379705,-20.762047,1,60,0,15
-56.190995,-15.654856,1,60,0,145
-41.998729,-20.509951,1,60,0,83
-45.589210,-23.037670,1,60,1,238
-44.252552,-19.472525,1,60,1,41
-41.579536,-20.264872,1,60,1,305
-40.556872,-20.385168,1,60,1,231
-44.945493,-12.140732,1,60,2,86
-39.070136,-12.258567,1,60,0,133
-55.004980,-15.947600,1,60,1,154
-41.995798,-20.492413,1,60,0,4
-49.106225,-26.857532,1,60,1,145
-44.251775,-19.471603,1,60,1,230
-40.440069,-20.362680,1,60,1,278
-40.702385,-20.412270,1,60,1,277
-43.797827,-16.674339,1,60,0,44
-44.113888,-19.945836,1,60,1,280
-55.007617,-15.944702,1,60,1,118
-41.994704,-20.482314,1,60,0,7
-43.920484,-19.919889,1,60,1,262
-44.238527,-19.493155,1,60,0,159
-41.565648,-20.252390,1,60,1,83
-40.939607,-20.409064,1,60,1,234
-42.833727,-5.018884,1,60,1,347
-48.786543,-1.788535,1,60,0,166
-40.379871,-19.756533,1,60,1,354
-36.013905,-9.510223,1,60,0,74
-44.304100,-22.993500,1,60,1,138
-38.908679,-12.256971,1,60,1,91
-41.563242,-20.251093,1,60,1,206
-42.830837,-22.329850,1,60,0,41
-42.834620,-5.015641,1,60,1,167
-48.815374,-2.070108,1,60,0,155
-46.911397,-19.564132,1,60,0,36
-46.815136,-23.200028,1,60,1,226
-52.598777,-26.982800,1,60,1,63
-38.908311,-12.256769,1,60,1,271
-50.207666,-22.792025,1,60,1,26
-47.006828,-23.660783,1,60,1,225
-48.169938,-15.795534,1,60,1,253
-48.871122,-1.730563,1,60,1,122
-48.109293,-22.344042,1,60,0,145
-56.085176,-15.634073,1,60,1,52
-52.597383,-26.982181,1,60,1,243
-38.927164,-12.256340,1,60,1,272
-40.814296,-20.417146,1,60,1,273
-47.006812,-23.660867,1,60,1,45
-43.507023,-18.169099,1,60,0,78
-48.871258,-1.730361,1,60,1,302
-51.050226,-29.921081,1,60,1,38
-56.085120,-15.633937,1,60,1,232
-52.023399,-26.865645,1,60,1,147
-38.927651,-12.256520,1,60,1,92
-40.908502,-20.412893,1,60,1,103
-47.014915,-23.674115,1,60,1,4
-43.228830,-22.821669,1,60,1,48
-48.847331,-1.726292,1,60,0,59
-51.049357,-29.919997,1,60,1,218
-52.111349,-32.116620,1,60,1,181
-50.721991,-27.605840,1,60,1,278
-38.903924,-12.269580,1,60,1,182
-60.046250,-3.092023,1,60,1,254
-47.014984,-23.674015,1,60,1,184
-51.138533,-29.997942,1,60,1,92
-39.350973,-14.140592,1,60,0,171
-46.747241,-22.394557,1,60,1,73
-56.098151,-15.638388,1,60,1,98
-42.199634,-21.440970,1,60,2,122
-38.899150,-12.289348,1,60,1,178
-60.047116,-3.092279,1,60,1,77
-51.056204,0.038542,1,60,1,184
-51.138536,-29.997835,1,60,1,273
-39.323416,-14.173262,1,60,0,8
-46.744641,-22.392429,1,60,1,206
-56.098109,-15.638313,1,60,1,278
-52.276036,-32.050647,1,60,1,332
-53.637556,-30.086842,1,60,1,337
-42.077119,-21.818906,1,60,0,80
-51.087448,0.036739,1,60,1,94
-46.361104,-23.417694,1,60,1,330
-39.030229,-14.806196,1,60,1,296
-42.151387,-19.802188,1,60,0,64
-41.279213,-21.128214,1,60,1,261
-52.277236,-32.049135,1,60,1,152
-53.640068,-30.081657,1,60,1,157
-59.984982,-3.015390,1,60,1,18
-51.077799,0.020538,1,60,1,2
-51.185151,-30.003266,1,60,1,98
-39.306809,-14.577773,1,60,0,122
-42.201684,-19.820252,1,60,0,137
-48.978189,-15.191689,1,60,1,32
-48.832760,-26.310861,1,60,1,127
-43.211252,-19.850466,1,60,1,54
-59.990611,-2.988404,1,60,1,326
-39.842098,-17.503949,1,60,2,108
-51.186158,-30.002916,1,60,1,288
-53.417583,-24.938511,1,60,2,180
-46.486543,-17.934712,1,60,0,15
-48.976869,-15.189669,1,60,1,212
-36.036411,-9.186573,1,60,0,8
-51.956017,-30.128390,1,60,1,263
-59.983947,-3.039212,1,60,1,225
-39.888252,-18.101058,1,60,1,82
-48.877659,-27.715385,1,60,0,66
-38.388784,-12.920488,1,60,1,273
-51.967349,-23.419303,1,60,1,98
-49.108803,-15.338398,1,60,1,18
-60.038382,-2.909964,1,60,2,20
-40.384377,-20.052344,1,60,1,330
-59.985103,-3.010705,1,60,1,184
-39.932871,-18.439394,1,60,2,172
-49.160395,-27.662679,1,60,2,111
-39.024376,-14.811180,1,60,1,180
-51.941291,-23.411538,1,60,1,251
-49.108706,-15.337656,1,60,1,193
-60.039359,-2.987866,1,60,1,292
-40.385023,-20.051209,1,60,1,151
-42.778256,-5.090272,1,60,1,330
-54.565329,-25.576942,1,60,1,267
-51.247486,-30.084982,1,60,1,191
-39.026606,-14.820665,1,60,1,186
-51.941644,-23.411816,1,60,1,71
-50.928261,-28.508218,1,60,1,224
-60.036828,-2.988962,1,60,1,111
-49.292500,-25.486898,1,60,1,349
-49.515858,-25.448973,1,60,1,74
-44.100764,-22.662090,1,60,0,54
-51.247377,-30.084982,1,60,1,11
-39.026551,-14.820908,1,60,1,6
-51.949238,-23.414292,1,60,1,71
-50.945571,-28.523893,1,60,1,224
-60.048501,-2.983024,1,60,1,278
-41.989149,-18.723526,1,60,2,355
-52.792017,-29.681160,1,60,1,270
-47.016839,-23.680460,1,60,0,42
-38.500336,-3.876714,1,60,1,196
-45.575840,-20.475975,1,60,2,84
-51.929598,-23.413612,1,60,1,111
-50.947361,-28.525541,1,60,1,44
-60.048525,-2.983147,1,60,1,98
-41.988788,-18.720362,1,60,2,8
-41.592288,-2.909153,1,60,0,113
-51.074229,0.036715,1,60,1,274
-42.800701,-20.353740,1,60,0,40
-48.341245,-1.611839,1,60,0,44
-51.929158,-23.413585,1,60,1,291
-48.058423,-15.888028,1,60,1,343
-49.182972,-25.360754,1,60,1,42
-41.310848,-21.681642,1,60,1,183
-49.105530,-26.916589,1,60,1,236
-51.069174,0.036355,1,60,1,274
-48.304663,-18.910635,1,60,1,107
-48.394044,-1.976555,1,60,0,66
-51.914321,-23.418916,1,60,1,111
-43.430819,-19.727616,1,60,2,71
-49.182648,-25.360274,1,60,1,222
-41.310942,-21.683391,1,60,1,3
-54.743198,-20.395286,1,60,0,136
-42.804322,-20.756640,1,60,0,74
-49.409125,-23.447556,1,60,2,119
-48.773633,-2.313827,1,60,0,164
-51.913607,-23.419003,1,60,1,291
-43.460428,-19.738528,1,60,0,18
-47.394222,-23.433501,1,60,1,322
-42.292754,-21.989308,1,60,0,119
-54.873969,-19.955290,1,60,0,93
-45.228154,-18.209336,1,60,1,316
-48.324517,-10.239271,1,60,1,181
-48.389781,-1.659420,1,60,0,55
-53.264006,-21.762705,1,60,0,14
-50.898303,-28.478176,1,60,1,207
-48.043219,-18.883001,1,60,1,302
-50.364452,-27.799387,1,60,1,130
-46.987788,-20.948612,1,60,0,1
-50.399367,-25.869422,1,60,2,75
-48.324249,-10.240743,1,60,1,0
-48.806723,-2.097240,1,60,0,10
-56.084337,-15.552999,1,60,1,25
-50.903951,-28.486230,1,60,1,44
-48.044833,-18.882063,1,60,1,121
-49.413305,-20.852398,1,60,1,168
-35.961714,-8.306696,1,60,1,103
-50.646268,-25.492295,1,60,2,18
-48.321950,-10.176974,1,60,1,270
-48.742567,-1.571670,1,60,0,149
-56.085708,-15.555536,1,60,1,205
-50.922228,-28.502764,1,60,1,224
-41.548694,-20.246300,1,60,1,190
-47.938943,-16.151693,1,60,1,319
-35.960515,-8.306845,1,60,1,283
-50.654173,-25.520960,1,60,0,175
-48.322872,-10.177169,1,60,1,102
-48.458751,-1.414677,1,60,1,135
-47.878265,-15.672367,1,60,1,311
-44.120913,-20.028726,1,60,0,27
-40.787631,-20.425555,1,60,1,180
-47.946180,-16.144306,1,60,1,139
-35.648854,-8.216660,1,60,1,83
-50.653413,-25.528494,1,60,0,176
-48.332804,-10.293156,1,60,0,163
-48.458435,-1.414800,1,60,1,315
-47.878049,-15.672600,1,60,1,131
-44.270359,-2.521121,1,60,1,345
-47.939737,-15.782807,1,60,1,3
-42.676733,-5.038982,1,60,0,45
-50.998541,-29.949935,1,60,1,83
-48.051915,-15.832006,1,60,1,257
-48.325551,-10.342421,1,60,0,0
-41.726601,-3.946574,1,60,0,60
-46.464078,-18.571377,1,60,1,99
-44.270027,-2.523437,1,60,1,166
-48.867993,-26.263827,1,60,1,47
-42.585938,-4.805075,1,60,2,17
-50.997936,-29.949801,1,60,1,263
-48.060858,-15.835021,1,60,1,72
-50.077899,-27.294482,1,60,0,136
-45.130640,-22.113784,1,60,0,162
-43.916583,-19.880106,1,60,1,323
-48.863176,-26.309958,1,60,2,5
-48.866268,-26.263414,1,60,1,278
-47.798495,-23.372465,1,60,1,311
-51.020612,-29.937105,1,60,1,99
-56.097918,-15.548806,1,60,1,342
-49.528227,-27.095678,1,60,1,289
-45.138172,-22.089113,1,60,0,34
-43.916829,-19.880073,1,60,1,133
-35.314376,-5.752755,1,60,1,293
-44.183515,-19.959115,1,60,1,285
-45.361181,-20.892906,1,60,1,93
-51.018228,-29.936733,1,60,1,235
-56.098158,-15.548667,1,60,1,162
-48.275191,-15.736794,1,60,1,123
-47.824121,-15.913861,1,60,1,27
-46.925888,-19.582238,1,60,1,231
-35.302365,-5.757561,1,60,1,110
-49.387632,-20.787986,1,60,1,227
-47.427584,-22.549853,1,60,1,336
-51.065209,-29.932412,1,60,1,104
-51.099823,-29.936942,1,60,1,196
-50.975619,-29.639842,1,60,1,256
-47.752611,-15.640160,1,60,1,240
-55.265557,-22.381939,1,60,0,56
-47.923489,-15.804282,1,60,1,59
-45.414417,-23.821855,1,60,1,125
-40.726930,-4.139579,1,60,0,80
-51.064256,-29.932347,1,60,1,267
-51.102213,-29.944376,1,60,1,196
-46.461845,-14.442941,1,60,1,47
-47.988642,-15.867634,1,60,1,74
-52.414687,-24.083968,1,60,0,39
-42.939399,-22.341965,1,60,0,187
-45.414302,-23.821841,1,60,1,305
-49.086390,-15.299502,1,60,0,59
-51.045036,-29.934860,1,60,1,100
-48.885474,-26.274038,1,60,2,89
-46.460205,-14.439452,1,60,1,200
-48.703230,-17.202162,1,60,2,33
-40.414264,-19.996349,1,60,1,179
-42.924907,-22.267897,1,60,0,177
-45.409082,-23.819381,1,60,2,19
-46.864506,-19.017019,1,60,2,121
-51.045070,-29.934765,1,60,1,280
-43.581379,-17.410694,1,60,1,158
-50.511789,-27.314527,1,60,1,264
-43.432795,-21.675962,1,60,0,175
-40.413334,-20.001152,1,60,1,353
-42.779437,-22.133044,1,60,1,189
-46.574779,-23.709462,1,60,1,164
-47.908115,-15.757821,1,60,0,176
-50.367718,-21.299794,1,60,2,24
-43.580847,-17.411965,1,60,1,338
-50.516612,-27.314449,1,60,1,102
-43.442374,-21.680709,1,60,0,120
-40.498091,-19.553113,1,60,1,55
-42.780070,-22.134366,1,60,1,43
-46.574529,-23.709363,1,60,1,344
-47.907217,-15.769209,1,60,0,176
-46.974102,-22.506968,1,60,0,60
-43.883525,-16.768555,1,60,0,177
-48.548546,-25.549006,1,60,1,53
-43.411879,-21.712499,1,60,1,118
-49.365271,-16.609448,1,60,1,324
-42.779015,-22.122788,1,60,2,184
-46.240001,-23.542235,1,60,1,89
-46.593911,-20.738580,1,60,1,258
-60.050263,-2.987526,1,60,1,325
-50.191095,-25.102141,1,60,1,80
-48.548592,-25.548930,1,60,1,233
-46.140914,-21.026608,1,60,0,7
-46.490405,-18.570922,1,60,1,76
-49.434008,-20.812813,1,60,1,211
-46.347154,-23.458774,1,60,1,256
-45.906224,-21.697935,1,60,1,220
-60.070616,-3.040628,1,60,1,39
-51.102246,-29.945011,1,60,1,15
-42.054398,-21.690768,1,60,1,297
-46.139042,-21.013389,1,60,0,7
-46.485725,-18.569548,1,60,1,256
-42.741123,-5.076699,1,60,1,244
-43.297456,-15.842140,1,60,0,6
-43.054517,-19.019074,1,60,0,63
-47.756712,-21.207384,1,60,1,38
-51.099923,-29.937664,1,60,1,15
-42.055894,-21.690058,1,60,1,117
-46.139319,-20.993064,1,60,0,53
-42.814334,-5.113267,1,60,1,355
-42.128851,-19.452394,1,60,1,230
-43.929569,-19.902676,1,60,1,241
-43.041037,-19.045584,1,60,2,60
-44.269541,-2.515370,1,60,1,12
-48.046163,-18.606398,1,60,0,108
-41.067991,-22.028262,1,60,0,131
-45.919812,-22.125547,1,60,0,9
-42.812877,-5.126930,1,60,1,331
-42.129839,-19.454615,1,60,1,1
-48.118138,-15.790631,1,60,1,187
-43.074955,-19.235138,1,60,2,21
-44.269659,-2.515348,1,60,1,192
-47.902097,-18.659072,1,60,0,97
-52.806317,-23.891795,1,60,0,111
-48.336359,-21.940852,1,60,1,217
-42.813052,-5.126861,1,60,1,151
-42.467188,-19.232278,1,60,0,139
-48.116895,-15.795425,1,60,1,327
-43.077766,-19.368142,1,60,1,338
-52.031438,-26.856282,1,60,1,317
-47.490935,-18.817048,1,60,0,111
-43.432976,-21.650989,1,60,0,172
-48.337831,-21.942792,1,60,1,41
-47.601015,-23.514801,1,60,1,309
-42.391962,-19.299829,1,60,0,60
-48.274291,-18.955592,1,60,1,197
-43.077613,-19.367045,1,60,1,215
-48.087490,-15.890659,1,60,1,73
-47.485617,-18.818956,1,60,0,108
-53.417694,-24.923207,1,60,2,180
-48.569211,-20.537762,1,60,1,5
-55.493062,-11.852949,1,60,1,14
-49.069259,-26.895552,1,60,1,236
-44.103695,-19.881399,1,60,1,117
-51.026043,-30.023079,1,60,2,144
-52.967883,-26.865770,1,60,1,296
-47.518404,-18.743185,1,60,0,2
-40.284278,-19.686879,1,60,1,54
-48.549747,-20.570269,1,60,1,284
-53.707412,-24.716142,1,60,1,61
-49.069800,-26.895949,1,60,1,56
-47.258766,-24.102041,1,60,1,199
-45.405240,-20.927905,1,60,1,96
-46.365549,-23.408018,1,60,1,17
-47.452827,-18.665708,1,60,0,23
-40.281845,-19.685818,1,60,1,258
-48.542227,-20.574769,1,60,1,149
-53.706984,-24.715838,1,60,1,241
-42.832220,-18.768948,1,60,0,163
-41.186487,-20.549491,1,60,1,180
-45.403168,-20.927483,1,60,1,252
-52.945773,-22.517418,1,60,2,122
-46.490770,-18.639066,1,60,1,54
-40.269960,-19.680826,1,60,1,227
-48.573146,-20.579360,1,60,1,257
-48.981488,-15.878891,1,60,0,59
-42.562218,-18.983488,1,60,0,41
-47.261162,-20.390897,1,60,0,39
-43.660386,-19.856510,1,60,0,27
-53.258041,-22.282893,1,60,0,73
-46.490056,-18.638408,1,60,1,242
-40.127785,-19.492250,1,60,1,33
-48.573135,-20.579463,1,60,1,77
-45.558284,-23.056845,1,60,1,174
-47.044337,-22.868558,1,60,1,11
-38.283195,-12.852521,1,60,1,29
-52.760891,-23.908062,1,60,0,111
-53.282477,-22.283231,1,60,1,344
-44.391468,-18.740326,1,60,0,75
-40.126146,-19.489938,1,60,1,214
-49.115912,-26.469666,1,60,0,126
-49.312950,-25.638719,1,60,1,357
-43.352820,-21.725369,1,60,1,112
-38.278048,-12.843264,1,60,1,207
-50.851393,-22.951039,1,60,2,77
-53.281939,-22.285444,1,60,1,164
-44.199876,-18.669881,1,60,0,101
-40.135208,-19.506717,1,60,1,213
-49.157879,-26.458965,1,60,0,93
-49.339598,-20.813820,1,60,1,337
-43.350932,-21.725244,1,60,1,249
-38.275181,-12.839572,1,60,1,33
-50.010340,-22.287435,1,60,1,223
-53.312887,-21.938570,1,60,0,15
-44.068546,-18.652773,1,60,0,134
-40.136697,-19.508852,1,60,1,33
-49.298518,-26.398153,1,60,1,123
-44.261055,-15.370385,1,60,0,45
-51.068962,0.077671,1,60,1,110
-38.274175,-12.837763,1,60,1,213
-50.010281,-22.287475,1,60,1,42
-53.312182,-21.936097,1,60,0,15
-43.969030,-18.595283,1,60,0,1
-40.064308,-19.407608,1,60,1,208
-50.234907,-24.129067,1,60,0,118
-44.383967,-15.460763,1,60,0,142
-51.068749,0.077791,1,60,1,278
-38.261435,-12.826211,1,60,1,72
-50.052241,-22.302738,1,60,1,116
-43.196858,-22.914270,1,60,1,80
-43.580527,-18.203498,1,60,1,210
-48.126879,-15.802284,1,60,1,247
-50.249335,-24.040955,1,60,1,233
-54.530902,-20.468637,1,60,1,267
-51.076413,0.081941,1,60,2,122
-38.189971,-12.769330,1,60,1,45
-51.902736,-23.394593,1,60,1,291
-49.227898,-25.382032,1,60,1,51
-43.588927,-18.575442,1,60,0,140
-45.456170,-23.587723,1,60,1,174
-44.249274,-2.557422,1,60,1,151
-51.674657,-27.061723,1,60,1,270
-51.087197,0.087336,1,60,1,97
-38.188535,-12.767747,1,60,1,235
-51.966713,-23.450811,1,60,1,263
-49.355688,-25.446492,1,60,1,182
-42.968798,-18.754424,1,60,0,148
-42.684832,-5.052351,1,60,0,171
-44.248996,-2.557658,1,60,1,331
-45.583395,-23.034225,1,60,1,237
-53.441892,-24.931277,1,60,2,176
-38.259418,-12.825391,1,60,1,250
-45.611092,-20.384890,1,60,0,91
-39.511141,-3.304474,1,60,2,87
-44.081000,-20.661589,1,60,2,176
-42.571070,-4.778456,1,60,0,89
-49.977295,-22.241081,1,60,1,44
-44.518968,-20.165093,1,60,0,118
-43.356547,-21.734875,1,60,1,347
-48.850942,-26.266216,1,60,1,176
-48.435365,-1.390947,1,60,1,176
-42.651835,-5.061360,1,60,0,102
-44.049176,-20.674781,1,60,0,19
-42.541608,-4.736519,1,60,0,48
-49.973891,-22.237459,1,60,1,220
-44.553680,-20.109874,1,60,0,177
-49.510271,-26.241469,1,60,1,54
-37.362315,-5.174393,1,60,1,236
-48.435198,-1.391266,1,60,1,355
-46.896193,-16.415152,1,60,0,176
-52.838654,-20.440848,1,60,0,20
-44.029393,-19.957568,1,60,1,63
-49.969139,-22.174232,1,60,1,209
-46.513033,-21.799524,1,60,1,102
-45.996770,-23.327499,1,60,0,28
-50.661358,-18.905138,1,60,2,1
-49.343725,-20.805449,1,60,1,157
-46.896769,-16.406541,1,60,0,176
-46.500664,-18.623492,1,60,1,311
-44.029211,-19.957383,1,60,1,243
-46.188439,-17.737305,1,60,1,124
-46.513158,-21.799388,1,60,1,282
-37.079152,-10.868835,1,60,1,334
-44.302799,-19.493011,1,60,1,251
-42.742653,-22.905904,1,60,1,281
-47.891505,-15.733066,1,60,1,271
-46.500998,-18.623230,1,60,1,131
-44.021684,-19.953976,1,60,1,64
-53.436467,-24.950621,1,60,1,237
-46.514228,-21.809625,1,60,0,176
-37.079358,-10.868454,1,60,1,159
-44.306243,-19.492755,1,60,1,109
-46.344372,-23.459280,1,60,1,259
-47.891334,-15.733228,1,60,1,91
-50.639720,-25.477345,1,60,2,13
-44.021055,-19.953604,1,60,1,244
-46.328656,-23.425010,1,60,0,181
-46.568106,-21.827329,1,60,0,45
-48.329938,-18.932363,1,60,1,76
-48.937535,-25.860128,1,60,1,335
-40.721893,-4.139332,1,60,1,106
-50.960763,-28.483332,1,60,1,324
-50.634128,-25.353963,1,60,0,178
-44.015735,-19.951227,1,60,1,64
-48.356318,-1.386819,1,60,0,158
-60.009770,-3.065330,1,60,1,247
-46.232383,-23.288464,1,60,0,17
-48.942963,-25.863719,1,60,1,308
-47.233374,-24.064529,1,60,1,248
-50.959845,-28.485419,1,60,1,175
-47.793126,-15.945608,1,60,1,112
-47.905900,-22.029014,1,60,1,145
-51.893952,-23.428080,1,60,1,123
-50.512082,-21.948664,1,60,1,107
-53.426406,-24.949930,1,60,1,298
-48.957895,-25.853948,1,60,1,250
-48.243766,-18.884543,1,60,1,268
-50.965539,-28.477905,1,60,1,322
-48.173631,-15.796917,1,60,1,73
-47.898411,-22.034828,1,60,1,282
-51.897348,-23.425932,1,60,1,303
-50.479618,-21.956603,1,60,1,100
-46.635111,-21.780354,1,60,1,249
-51.353845,-30.131816,1,60,1,31
-50.198958,-22.397881,1,60,0,33
-50.966967,-28.476050,1,60,1,159
-46.889537,-23.193230,1,60,1,347
-47.910149,-21.998886,1,60,1,298
-50.337748,-27.794834,1,60,1,253
-50.492734,-21.954216,1,60,1,286
-46.639292,-21.786457,1,60,1,183
-51.351024,-30.127635,1,60,1,204
-43.424080,-16.472757,1,60,0,116
-50.892556,-29.630655,1,60,1,299
-52.432582,-26.885233,1,60,1,277
-40.835405,-3.118852,1,60,2,170
-48.076974,-15.800582,1,60,1,52
-50.400611,-27.872221,1,60,1,40
-46.635823,-21.780699,1,60,1,68
-49.317665,-25.601272,1,60,1,194
-51.731222,-24.121223,1,60,1,315
-46.943451,-23.142166,1,60,1,314
-52.551379,-26.964363,1,60,1,240
-42.250603,-4.212956,1,60,0,38
-45.438903,-21.597867,1,60,1,165
-50.394339,-27.865779,1,60,1,221
-46.631806,-21.779307,1,60,1,73
-40.998052,-20.890654,1,60,1,64
-56.118194,-15.589466,1,60,1,220
-42.735620,-21.378473,1,60,0,126
-48.600358,-27.050930,1,60,1,160
-44.031332,-19.936793,1,60,1,117
-45.438852,-21.597843,1,60,1,345
-50.489640,-21.954871,1,60,1,100
-51.155014,-23.264217,1,60,1,136
-40.991165,-20.889601,1,60,1,245
-56.118269,-15.589703,1,60,1,42
-54.574876,-25.481582,1,60,1,356
-44.049271,-19.907293,1,60,1,137
-47.901030,-15.734726,1,60,1,253
-52.980547,-24.192079,1,60,2,80
-46.844305,-22.405461,1,60,1,146
-46.950620,-23.412804,1,60,2,160
-49.297384,-25.510304,1,60,1,179
-49.183252,-25.560157,1,60,2,120
-49.367274,-16.602178,1,60,1,345
-40.875851,-20.843592,1,60,1,256
-46.330688,-22.760228,1,60,0,74
-52.862885,-24.138798,1,60,2,90
-46.812590,-22.399419,1,60,0,153
-38.502398,-3.791956,1,60,1,156
-47.889703,-15.742792,1,60,1,162
-41.645641,-2.886303,1,60,2,113
-51.730160,-30.104609,1,60,1,91
-49.294478,-25.466690,1,60,1,235
-46.387769,-22.728457,1,60,0,130
-52.631287,-24.092529,1,60,2,77
-50.620622,-23.173591,1,60,1,79
-47.433318,-23.704842,1,60,0,1
-46.532266,-22.425736,1,60,0,78
-40.905445,-3.891051,1,60,0,146
-51.724941,-30.104878,1,60,1,274
-46.490858,-18.638927,1,60,1,66
-48.832249,-26.370272,1,60,1,340
-51.257985,-26.376008,1,60,1,39
-50.619999,-23.173479,1,60,1,259
-38.496638,-3.766823,1,60,1,204
-46.502594,-22.404329,1,60,0,41
-41.027481,-3.761030,1,60,0,48
-51.659758,-30.101773,1,60,1,66
-52.541929,-26.955419,1,60,0,41
-47.874627,-22.038123,1,60,1,231
-46.565389,-22.085910,1,60,2,111
-46.559365,-22.052611,1,60,0,28
-48.069749,-15.903960,1,60,1,101
-44.217045,-21.073407,1,60,0,19
-40.344665,-3.703293,1,60,1,153
-51.656965,-30.100662,1,60,1,246
-48.205740,-15.690620,1,60,1,160
-42.909577,-21.084573,1,60,2,56
-53.420052,-30.544383,1,60,1,303
-43.263142,-21.458970,1,60,0,81
-49.608016,-25.714249,1,60,1,42
-53.342381,-26.249138,1,60,2,64
-46.016857,-19.334438,1,60,1,357
-52.356126,-26.880364,1,60,1,256
-36.468026,-8.872878,1,60,0,54
-44.868655,-20.696226,1,60,0,97
-49.765421,-25.775428,1,60,0,84
-42.850416,-18.716366,1,60,0,74
-49.583223,-25.703321,1,60,1,249
-53.148044,-26.223098,1,60,0,113
-46.015254,-19.333791,1,60,1,270
-52.440774,-26.886363,1,60,1,94
-43.350283,-21.751202,1,60,1,134
-45.434364,-20.927565,1,60,0,65
-50.223586,-25.889270,1,60,2,86
-42.836410,-18.693732,1,60,0,40
-51.680533,-23.507018,1,60,1,290
-49.358986,-16.659229,1,60,1,271
-46.013823,-19.331004,1,60,0,6
-52.367761,-26.881030,1,60,1,267
-40.332126,-20.105252,1,60,0,139
-44.067112,-19.926613,1,60,1,66
-41.036692,-16.614705,1,60,0,167
-45.967304,-23.777845,1,60,0,81
-51.681872,-23.506615,1,60,1,110
-41.956920,-18.871051,1,60,1,40
-48.191408,-15.797008,1,60,1,288
-52.263815,-26.857689,1,60,1,250
-43.951480,-19.757341,1,60,1,131
-41.120261,-3.027632,1,60,0,101
-41.026566,-16.551538,1,60,0,98
-45.878273,-23.755790,1,60,0,115
-51.631485,-23.489045,1,60,1,66
-40.631499,-19.170281,1,60,0,11
-39.579761,-3.695668,1,60,0,118
-49.203910,-27.663952,1,60,0,96
-45.886348,-23.200188,1,60,1,32
-41.381566,-3.058291,1,60,0,70
-40.168585,-10.353285,1,60,0,2
-44.258056,-2.943230,1,60,0,74
-43.321890,-22.827896,1,60,1,82
-40.629573,-19.177140,1,60,0,1
-41.558936,-20.762984,1,60,1,180
-54.557489,-25.488396,1,60,1,359
-44.030845,-19.936907,1,60,1,295
-41.705151,-2.896594,1,60,0,81
-48.070557,-23.212240,1,60,0,106
-44.241498,-2.942306,1,60,0,104
-46.640294,-23.562271,1,60,1,186
-40.634625,-19.230923,1,60,0,2
-41.560140,-20.763315,1,60,1,155
-47.162940,-15.546405,1,60,1,252
-43.333468,-4.875265,1,60,1,243
-42.224929,-3.891028,1,60,0,50
-43.248220,-20.698321,1,60,2,134
-44.215746,-2.949571,1,60,0,43
-53.427142,-24.949994,1,60,1,118
-49.085243,-26.492874,1,60,1,240
-41.820584,-3.162171,1,60,1,239
-46.201963,-23.551200,1,60,1,147
-39.419496,-7.213035,1,60,1,45
-56.142302,-15.615264,1,60,1,346
-44.105699,-19.926907,1,60,1,271
-44.303057,-2.960651,1,60,0,57
-47.389113,-22.579640,1,60,1,144
-50.384139,-26.190360,1,60,0,86
-44.934293,-22.330390,1,60,0,56
-42.093272,-21.655481,1,60,1,342
-39.420291,-7.136052,1,60,0,153
-56.142360,-15.615410,1,60,1,166
-37.076621,-10.949678,1,60,1,19
-48.211981,-24.860270,1,60,1,67
-41.378288,-20.300001,1,60,0,9
-41.550419,-20.248801,1,60,1,70
-44.945508,-22.344327,1,60,2,32
-42.093433,-21.654913,1,60,1,181
-39.471662,-7.043300,1,60,1,344
-56.156423,-15.619754,1,60,0,186
-37.076775,-10.949624,1,60,1,199
-48.222579,-24.834804,1,60,1,192
-41.104791,-20.192324,1,60,0,174
-38.839684,-12.358972,1,60,0,111
-44.930043,-22.305195,1,60,2,51
-54.544775,-25.576767,1,60,2,110
-39.264847,-6.264236,1,60,1,82
-56.138054,-15.629971,1,60,1,8
-46.241686,-23.542196,1,60,1,268
-43.080942,-18.963499,1,60,0,179
-40.989317,-20.987175,1,60,0,70
-49.290101,-25.468736,1,60,1,20
-44.976980,-22.401010,1,60,1,235
-49.095929,-26.476139,1,60,2,65
-39.229246,-6.259473,1,60,1,82
-56.138160,-15.630035,1,60,1,188
-46.225886,-23.538083,1,60,1,76
-42.669603,-18.418396,1,60,0,12
-40.979715,-20.983666,1,60,0,69
-50.628071,-25.247650,1,60,0,13
-51.095656,-15.769571,1,60,2,157
-46.986683,-23.629552,1,60,1,27
-39.138283,-6.152110,1,60,1,40
-56.162515,-15.637214,1,60,2,19
-45.399123,-23.784433,1,60,0,185
-42.613980,-18.346603,1,60,2,154
-47.391506,-22.576866,1,60,1,315
-50.370445,-27.495699,1,60,0,134
-46.359328,-18.634512,1,60,1,234
-46.986742,-23.629510,1,60,1,207
-39.082284,-5.960180,1,60,1,26
-56.115521,-15.638443,1,60,1,273
-47.789293,-15.945441,1,60,1,256
-40.887119,-18.702388,1,60,0,60
-50.762363,-22.257092,1,60,0,93
-48.076032,-18.417865,1,60,1,107
-47.974060,-16.028075,1,60,1,286
-46.981581,-23.626017,1,60,1,64
-38.365650,-4.577576,1,60,1,13
-56.115322,-15.638611,1,60,1,94
-38.333344,-12.900980,1,60,1,219
-40.818410,-18.679807,1,60,1,137
-35.736804,-9.578441,1,60,2,159
-46.843864,-16.594887,1,60,0,8
-60.685906,2.821820,1,60,1,273
-42.150870,-21.572122,1,60,0,126
-38.482161,-4.330894,1,60,1,320
-56.110631,-15.642054,1,60,1,332
-38.333422,-12.901348,1,60,1,32
-40.816925,-18.680028,1,60,1,242
-56.038336,-15.623602,1,60,1,133
-46.825678,-16.747606,1,60,0,176
-60.660444,2.834931,1,60,1,42
-42.172191,-21.564298,1,60,1,276
-37.705707,-4.558008,1,60,1,89
-56.110805,-15.642071,1,60,1,153
-38.328376,-12.894841,1,60,1,42
-40.690187,-19.387002,1,60,0,161
-56.038232,-15.623576,1,60,1,313
-46.595070,-23.526888,1,60,1,291
-60.687752,2.820272,1,60,1,87
-42.174198,-21.560284,1,60,1,187
-37.704955,-4.557993,1,60,1,269
-38.658338,-3.721129,1,60,1,273
-38.302520,-12.871223,1,60,1,49
-59.951665,-3.085075,1,60,1,141
-49.835844,-24.132814,1,60,1,138
-38.756105,-12.336398,1,60,1,50
-60.655432,2.840938,1,60,1,222
-49.108402,-15.319304,1,60,1,358
-46.825583,-23.206507,1,60,1,15
-38.660424,-3.721201,1,60,1,88
-38.302322,-12.870906,1,60,1,226
-59.950846,-3.085877,1,60,1,321
-49.831791,-24.135717,1,60,1,307
-46.725779,-21.659902,1,60,2,103
-52.553855,-26.965623,1,60,1,62
-49.108539,-15.319098,1,60,1,178
-48.726910,-23.391760,1,60,1,59
-39.071887,-3.528748,1,60,1,307
-43.948447,-19.759950,1,60,1,333
-44.221771,-22.589501,1,60,2,12
-40.819624,-14.824099,1,60,2,62
-49.135503,-13.455153,1,60,2,1
-40.460169,-20.383148,1,60,1,82
-47.008912,-23.666430,1,60,1,197
-47.940657,-15.781328,1,60,1,198
-39.074427,-3.526932,1,60,1,128
-38.349027,-12.928758,1,60,1,155
-48.992316,-24.610769,1,60,0,56
-53.605048,-24.580300,1,60,2,30
-49.134971,-13.450424,1,60,2,12
-44.219367,-19.403924,1,60,1,117
-51.966623,-23.419265,1,60,1,271
-46.558384,-22.929021,1,60,0,164
-40.350678,-3.675362,1,60,1,338
-38.346666,-12.934820,1,60,1,154
-48.735121,-24.458299,1,60,0,70
-38.440329,-3.785429,1,60,1,39
-39.172154,-14.799015,1,60,2,103
-44.219339,-19.403784,1,60,1,297
-51.826857,-23.467080,1,60,1,302
-48.420270,-1.352488,1,60,1,234
-49.486468,-26.237187,1,60,0,103
-38.344148,-12.939860,1,60,1,154
-48.673453,-24.423375,1,60,0,8
-38.436001,-3.781574,1,60,1,230
-39.149148,-14.802678,1,60,0,125
-44.240234,-19.425778,1,60,1,94
-51.826966,-23.467164,1,60,1,122
-48.431955,-1.361232,1,60,1,240
-42.937413,-22.311126,1,60,0,144
-43.208670,-22.915937,1,60,1,56
-48.630183,-24.365902,1,60,0,18
-43.966043,-19.810110,1,60,1,106
-46.489982,-18.638548,1,60,1,246
-46.953075,-17.249065,1,60,0,40
-51.841767,-23.458570,1,60,1,122
-46.946205,-16.127600,1,60,0,163
-40.438237,-3.392025,1,60,0,149
-38.312675,-12.880325,1,60,1,45
-48.449741,-24.126707,1,60,0,11
-51.207551,-19.642668,1,60,0,165
-40.389994,-19.682807,1,60,1,6
-49.086860,-26.822158,1,60,1,350
-51.841608,-23.458508,1,60,1,302
-46.451378,-18.059994,1,60,2,8
-41.728901,-2.942551,1,60,1,168
-38.312304,-12.879854,1,60,1,228
-43.994341,-19.900948,1,60,1,103
-47.379589,-22.587545,1,60,1,93
-43.382210,-22.958470,1,60,1,75
-47.445302,-23.454241,1,60,1,77
-51.853559,-23.451541,1,60,1,303
-53.362527,-21.700875,1,60,1,300
-41.728622,-2.942592,1,60,1,348
-48.949223,-25.865202,1,60,1,168
-43.994216,-19.900826,1,60,1,283
-43.876129,-19.781748,1,60,1,29
-48.466475,-1.396113,1,60,1,30
-52.396808,-26.885795,1,60,1,83
-51.853897,-23.451495,1,60,1,123
-45.307466,-19.581148,1,60,2,138
-41.753927,-2.962191,1,60,1,260
-46.470447,-18.570284,1,60,1,281
-43.504213,-18.154445,1,60,0,160
-43.876199,-19.781676,1,60,1,210
-48.466018,-1.395085,1,60,1,206
-49.105807,-26.858131,1,60,1,327
-44.820655,-21.923168,1,60,1,270
-44.192248,-20.681867,1,60,0,74
-41.753736,-2.962445,1,60,1,82
-38.129609,-12.699004,1,60,1,45
-43.503280,-18.162226,1,60,0,54
-42.901144,-21.277686,1,60,2,92
-45.900061,-23.367202,1,60,2,175
-48.840221,-26.302965,1,60,1,317
-48.128398,-15.803232,1,60,1,70
-48.009884,-15.815932,1,60,1,250
-56.066860,-15.591310,1,60,1,248
-38.129499,-12.698775,1,60,1,225
-35.980115,-9.549352,1,60,0,148
-42.863801,-15.402305,1,60,0,51
-44.964603,-17.381622,1,60,2,86
-49.720652,-25.748897,1,60,0,46
-46.160466,-22.776120,1,60,0,16
-42.834605,-5.015183,1,60,1,347
-56.066582,-15.591511,1,60,1,69
-49.815890,-26.159981,1,60,0,37
-55.234877,-23.081310,1,60,2,22
-38.597343,-3.696017,1,60,1,105
-44.969456,-17.381928,1,60,2,86
-49.183597,-26.457339,1,60,1,287
-48.457106,-22.401814,1,60,0,251
-34.892102,-8.105759,1,60,1,48
-53.719847,-24.722462,1,60,1,239
-44.939209,-19.974415,1,60,0,20
-48.306970,-22.107721,1,60,2,115
-53.474848,-24.928681,1,60,0,4
-46.675855,-23.513123,1,60,1,278
-49.186977,-26.455819,1,60,1,148
-46.973751,-23.618335,1,60,1,213
-46.842780,-23.641667,1,60,1,242
-53.719536,-24.722421,1,60,1,59
-52.582990,-26.972515,1,60,1,23
-46.858320,-23.481859,1,60,1,190
-42.124484,-18.795895,1,60,0,146
-38.744979,-12.327297,1,60,1,46
-48.236274,-18.781715,1,60,1,275
-48.060034,-16.011365,1,60,1,183
-47.345720,-15.501105,1,60,0,135
-45.583566,-22.482009,1,60,2,76
-52.406145,-26.882981,1,60,1,55
-46.866051,-23.474383,1,60,1,107
-46.496630,-18.587563,1,60,1,237
-37.155204,-10.909171,1,60,1,235
-44.225921,-2.519674,1,60,1,182
-50.192982,-23.843475,1,60,2,13
-45.857110,-23.212128,1,60,1,182
-45.774275,-22.564883,1,60,0,164
-53.418358,-24.961550,1,60,1,139
-46.888683,-23.458061,1,60,1,292
-46.510151,-18.570981,1,60,1,90
-37.158481,-10.911584,1,60,1,47
-44.225858,-2.519994,1,60,1,2
-48.212686,-24.849068,1,60,1,264
-47.997186,-15.850030,1,60,1,315
-45.459717,-23.817224,1,60,2,115
-45.536006,-20.330245,1,60,0,146
-46.884183,-23.459728,1,60,1,293
-44.214201,-2.574016,1,60,1,277
-47.017362,-23.162594,1,60,1,294
-51.062485,-24.064553,1,60,0,61
-41.056884,-20.374999,1,60,1,303
-47.999641,-15.846910,1,60,1,157
-45.731491,-23.742280,1,60,0,76
-45.544018,-20.298649,1,60,2,151
-47.511545,-23.451989,1,60,1,316
-44.220036,-2.572027,1,60,1,130
-43.894303,-16.789510,1,60,0,31
-51.083995,-23.983577,1,60,1,127
-46.787948,-23.292182,1,60,0,159
-42.789906,-5.118417,1,60,1,342
-50.504257,-20.306279,1,60,0,21
-43.589162,-21.340396,1,60,1,186
-49.732161,-26.069672,1,60,1,75
-54.565401,-25.577042,1,60,1,86
-43.910733,-16.807954,1,60,0,58
-51.116656,-23.950054,1,60,1,224
-46.797500,-23.265718,1,60,0,22
-47.451885,-23.456712,1,60,1,183
-45.411552,-23.761872,1,60,2,151
-46.958162,-18.950072,1,60,2,126
-49.732153,-26.069607,1,60,1,238
-43.811421,-16.728538,1,60,0,35
-43.914394,-16.814696,1,60,1,28
-51.119291,-23.950010,1,60,1,171
-42.175548,-19.070500,1,60,2,43
-45.942872,-23.203879,1,60,1,270
-49.045393,-15.734691,1,60,1,336
-35.264592,-8.119660,1,60,1,55
-44.147059,-19.941368,1,60,1,33
-49.201000,-16.707005,1,60,1,125
-48.594347,-9.540300,1,60,1,8
-40.243181,-20.206478,1,60,1,254
-42.213319,-19.132750,1,60,1,180
-52.545877,-24.282030,1,60,2,75
-49.046526,-15.734436,1,60,1,40
-40.106838,-13.833039,1,60,1,148
-44.147044,-19.941129,1,60,1,227
-49.202792,-16.705738,1,60,1,295
-48.593561,-9.533473,1,60,1,5
-40.243398,-20.206610,1,60,1,74
-45.364806,-21.970037,1,60,0,65
-38.459910,-3.863379,1,60,1,106
-47.981252,-16.049579,1,60,1,8
-47.209371,-22.793935,1,60,0,65
-38.717132,-3.799481,1,60,0,55
-43.866166,-19.876986,1,60,1,288
-48.466949,-8.063432,1,60,1,196
-51.330674,-29.288549,1,60,2,165
-45.002179,-21.947664,1,60,2,139
-38.434912,-3.828931,1,60,1,9
-49.076039,-4.930316,1,60,0,7
-38.637895,-3.858253,1,60,1,322
-38.570654,-3.785835,1,60,1,110
-43.567826,-18.185242,1,60,0,59
-39.321677,-14.308845,1,60,1,319
-51.344590,-29.251376,1,60,1,1
-44.919372,-21.969748,1,60,2,55
-49.824010,-16.513700,1,60,1,310
-52.408217,-21.689367,1,60,0,26
-38.638061,-3.858297,1,60,1,140
-51.464565,-16.302021,1,60,1,74
-48.222267,-18.911884,1,60,1,210
-39.322555,-14.307777,1,60,1,168
-51.209121,-29.701813,1,60,1,291
-42.306516,-19.214694,1,60,1,180
-49.826038,-16.512077,1,60,1,130
-50.280107,-25.039842,1,60,1,72
-50.623233,-18.955283,1,60,2,135
-51.476450,-16.308136,1,60,0,91
-52.402679,-26.883078,1,60,1,304
-39.434126,-14.016888,1,60,2,99
-40.685695,-18.408651,1,60,0,37
-42.561545,-19.489946,1,60,1,222
-42.784293,-5.149899,1,60,1,242
-49.496569,-25.445505,1,60,1,101
-44.172675,-19.958109,1,60,1,67
-49.786390,-16.051258,1,60,1,326
-49.202462,-20.291291,1,60,2,37
-39.487968,-13.756331,1,60,0,8
-44.013653,-19.950144,1,60,1,244
-42.572182,-19.508561,1,60,1,216
-42.784275,-5.150032,1,60,1,62
-46.477263,-23.817891,1,60,0,168
-44.173048,-19.957838,1,60,1,247
-38.458561,-3.863651,1,60,1,298
-42.805987,-5.087227,1,60,1,335
-39.482390,-13.742559,1,60,2,26
-43.260999,-19.676902,1,60,0,30
-42.647166,-19.592040,1,60,2,25
-38.363871,-5.110630,1,60,2,21
-46.420923,-23.727929,1,60,0,77
-42.805189,-5.070956,1,60,1,248
-47.954001,-15.846704,1,60,1,9
-51.148841,-23.354422,1,60,1,26
-39.478993,-13.735671,1,60,0,26
-43.247793,-19.690608,1,60,1,107
-42.647997,-19.620980,1,60,2,177
-47.724321,-15.625475,1,60,1,60
-60.030978,-3.032692,1,60,1,302
-38.898834,-12.295038,1,60,1,358
-45.215814,-21.668338,1,60,0,39
-49.345342,-16.614648,1,60,1,66
-48.722280,-9.837117,1,60,2,179
-50.133885,-27.308050,1,60,2,129
-40.384141,-20.357522,1,60,1,328
-45.988230,-23.261245,1,60,1,201
-60.033096,-3.031346,1,60,1,122
-38.902513,-12.273012,1,60,1,324
-41.109098,-3.599912,1,60,1,62
-42.800758,-5.085292,1,60,1,244
-46.901795,-18.870016,1,60,2,53
-43.174226,-22.904644,1,60,1,328
-40.384969,-20.356974,1,60,1,146
-39.402074,-3.344391,1,60,2,108
-60.019815,-3.026816,1,60,1,135
-44.975387,-12.095661,1,60,2,21
-41.107448,-3.599292,1,60,1,240
-39.436143,-3.604311,1,60,2,162
-47.438519,-23.490569,1,60,1,225
-48.844772,-27.707918,1,60,2,72
-40.381891,-20.359155,1,60,1,106
-39.495773,-3.306279,1,60,2,121
-49.613969,-24.176663,1,60,0,63
-48.952681,-16.403656,1,60,1,126
-46.877731,-23.478812,1,60,1,149
-42.802186,-5.086218,1,60,1,64
-49.166066,-11.890951,1,60,2,25
-40.339559,-3.699659,1,60,1,323
-42.568927,-19.504909,1,60,1,38
-45.891391,-23.212760,1,60,1,142
-47.913733,-15.735965,1,60,1,10
-45.808130,-23.162960,1,60,1,242
-47.881935,-15.791302,1,60,1,199
-38.385104,-12.926378,1,60,1,236
-49.118219,-12.466493,1,60,2,3
-49.171879,-25.571608,1,60,0,162
-42.555405,-19.485865,1,60,1,56
-46.433549,-23.377489,1,60,0,39
-44.014256,-19.931658,1,60,1,300
-48.900606,-26.337094,1,60,2,94
-36.476556,-8.878193,1,60,2,64
-38.531807,-10.825997,1,60,0,5
-45.202268,-23.518911,1,60,0,67
-51.373144,-29.214990,1,60,0,94
-42.545137,-19.480540,1,60,1,34
-53.080170,-26.072678,1,60,1,106
-43.989927,-19.932504,1,60,1,77
-48.570503,-20.541101,1,60,1,209
-43.463168,-20.327682,1,60,2,87
-38.532041,-10.835055,1,60,2,178
-46.722656,-23.513572,1,60,1,65
-51.242698,-29.164165,1,60,2,16
-42.090284,-18.966876,1,60,1,54
-44.095403,-19.931683,1,60,1,305
-43.999880,-19.920250,1,60,1,53
-48.930929,-16.405329,1,60,1,271
-39.544752,-3.390708,1,60,1,16
-38.531003,-10.844311,1,60,2,172
-37.992643,-4.948304,1,60,2,30
-51.186667,-29.098911,1,60,2,15
-42.565132,-19.497223,1,60,1,22
-47.921362,-17.272020,1,60,1,73
-46.304373,-23.575687,1,60,1,17
-48.962979,-16.369944,1,60,1,357
-39.544545,-3.390009,1,60,1,196
-44.199539,-19.479390,1,60,0,60
-47.313803,-22.767111,1,60,1,290
-40.319767,-20.396096,1,60,1,27
-42.030195,-18.922909,1,60,2,75
-44.184180,-19.937899,1,60,1,224
-46.304425,-23.575674,1,60,1,197
-48.925653,-16.405089,1,60,1,265
-39.997111,-2.903470,1,60,2,115
-40.369593,-3.691366,1,60,1,81
-46.375402,-23.066338,1,60,1,53
-46.488221,-18.635286,1,60,1,338
-42.054467,-18.937791,1,60,2,50
-44.184101,-19.938015,1,60,1,45
-48.139791,-19.926599,1,60,2,23
-43.936157,-19.881612,1,60,1,25
-40.084086,-3.120535,1,60,2,1
-41.762256,-4.273692,1,60,0,18
-46.375487,-23.066266,1,60,1,233
-48.900012,-26.228538,1,60,2,152
-46.621955,-23.331816,1,60,0,54
-47.608545,-22.663041,1,60,1,322
-46.741606,-22.681214,1,60,0,14
-43.936321,-19.881588,1,60,1,205
-48.211848,-24.857808,1,60,1,313
-42.865928,-22.926181,1,60,1,236
-38.475060,-4.218415,1,60,0,15
-46.162578,-19.122324,1,60,0,124
-43.978037,-19.923503,1,60,1,275
-42.774903,-5.106615,1,60,1,263
-46.755635,-22.781897,1,60,0,118
-34.862481,-8.027250,1,60,1,36
-51.118468,-29.784703,1,60,1,125
-51.431929,-22.130489,1,60,1,50
-38.051211,-5.013693,1,60,2,32
-46.658776,-23.337755,1,60,1,69
-37.218306,-10.952154,1,60,1,65
-49.292668,-16.739702,1,60,1,255
-40.560018,-20.377100,1,60,1,7
-38.976151,-3.666001,1,60,2,16
-46.256089,-23.562619,1,60,0,175
-51.431945,-22.130401,1,60,1,230
-53.664534,-30.371750,1,60,1,274
-46.658784,-23.337677,1,60,1,249
-37.217835,-10.951853,1,60,1,245
-49.293663,-16.740089,1,60,1,73
-40.559991,-20.374893,1,60,1,221
-38.974391,-3.659999,1,60,2,16
-46.255232,-23.607543,1,60,0,175
-51.693223,-29.694960,1,60,1,120
-47.980839,-16.018390,1,60,1,349
-48.214566,-24.833764,1,60,1,339
-42.999801,-19.707999,1,60,1,204
-49.323694,-16.633136,1,60,1,308
-35.291000,-5.734234,1,60,1,352
-47.504224,-23.451212,1,60,1,172
-46.997318,-20.928139,1,60,2,89
-44.172891,-19.468133,1,60,1,287
-47.503595,-23.532279,1,60,1,208
-49.822390,-26.146004,1,60,1,53
-43.045860,-19.761387,1,60,1,288
-42.898496,-21.278244,1,60,0,113
-35.291169,-5.733650,1,60,1,173
-50.542527,-28.007619,1,60,1,44
-53.208381,-24.638359,1,60,2,10
-46.782754,-22.981722,1,60,0,5
-47.503450,-23.532314,1,60,1,28
-49.820709,-26.144843,1,60,1,232
-43.047160,-19.770776,1,60,1,180
-42.774901,-5.106745,1,60,1,83
-38.517228,-3.768939,1,60,1,345
-38.721113,-3.630440,1,60,2,126
-43.299601,-21.619789,1,60,0,34
-56.236979,-14.481086,1,60,0,128
-51.927119,-23.428082,1,60,1,168
-38.491241,-3.766108,1,60,1,305
-43.043532,-19.780906,1,60,1,175
-49.298650,-16.741430,1,60,1,250
-53.506600,-24.967486,1,60,1,173
-38.720740,-3.630716,1,60,2,126
-47.958349,-1.297937,1,60,1,263
-56.157463,-14.470062,1,60,0,49
-51.946689,-23.436278,1,60,1,54
-38.491294,-3.766162,1,60,1,125
-43.045246,-19.775766,1,60,2,160
-49.300415,-16.742129,1,60,1,73
-46.581972,-21.256323,1,60,0,84
-40.363818,-20.513500,1,60,1,191
-48.152429,-1.288273,1,60,1,226
-56.220488,-14.567267,1,60,1,24
-47.361165,-23.713569,1,60,2,82
-54.729802,-30.228766,1,60,1,194
-43.035926,-19.760663,1,60,1,55
-53.666287,-30.371662,1,60,1,93
-42.742171,-22.906022,1,60,1,101
-40.363860,-20.514673,1,60,1,13
-38.401245,-3.839144,1,60,1,328
-56.086214,-13.862869,1,60,0,7
-46.994340,-23.172366,1,60,1,110
-46.046971,-7.522361,1,60,2,110
-42.877254,-19.630612,1,60,1,99
-52.793939,-29.681173,1,60,1,90
-45.399015,-23.790911,1,60,2,23
-46.599286,-23.526804,1,60,1,132
-42.476983,-19.170472,1,60,0,106
-40.385374,-3.697486,1,60,0,63
-51.736858,-27.007766,1,60,0,147
-52.571175,-32.605257,1,60,0,17
-42.819880,-19.641030,1,60,1,120
-44.979341,-20.187219,1,60,2,62
-53.672044,-29.361133,1,60,0,176
-48.960269,-16.354296,1,60,1,14
-52.434160,-25.420049,1,60,2,165
-51.384912,-22.133753,1,60,1,93
-51.851529,-26.968450,1,60,1,226
-52.558554,-32.569985,1,60,0,16
-42.974480,-19.674549,1,60,1,225
-45.179428,-20.296648,1,60,0,60
-47.076900,-22.884106,1,60,1,28
-48.948694,-16.405752,1,60,1,286
-43.959903,-18.593752,1,60,0,98
-51.384915,-22.133665,1,60,1,273
-46.984243,-22.948813,1,60,1,0
-43.024572,-6.754767,1,60,2,108
-46.386558,-23.687987,1,60,0,65
-45.018106,-20.204209,1,60,2,75
-50.402505,-22.637118,1,60,1,41
-48.946376,-16.406183,1,60,1,90
-47.959123,-1.298176,1,60,1,83
-51.394923,-22.144550,1,60,2,30
-46.984243,-22.948374,1,60,1,193
-54.727737,-30.229985,1,60,1,263
-49.832732,-26.153160,1,60,1,52
-45.909142,-23.201929,1,60,1,315
-50.402449,-22.637014,1,60,1,224
-48.943367,-16.406047,1,60,1,87
-46.413829,-23.088004,1,60,1,232
-51.427070,-22.101945,1,60,1,41
-38.478544,-4.176966,1,60,1,90
-49.412428,-20.849712,1,60,1,10
-48.818114,-26.270540,1,60,1,269
-45.909435,-23.202584,1,60,1,134
-47.814558,-15.989111,1,60,0,149
-48.864312,-26.288971,1,60,0,3
-43.307977,-15.865424,1,60,0,33
-51.427123,-22.101897,1,60,1,221
-38.476480,-4.176452,1,60,1,254
-54.039331,-15.616484,1,60,1,326
-47.987148,-15.867102,1,60,1,255
-46.572886,-21.786197,1,60,1,91
-37.799435,-4.528645,1,60,1,179
-44.943208,-19.236276,1,60,0,106
-43.051085,-15.760185,1,60,0,115
-51.438895,-22.090946,1,60,1,302
-38.571275,-4.296694,1,60,1,94
-54.042400,-15.615274,1,60,1,79
-43.409116,-21.714140,1,60,1,119
-42.816345,-5.131352,1,60,1,255
-37.800315,-4.499907,1,60,1,178
-51.885262,-27.025931,1,60,1,336
-46.019214,-21.445943,1,60,1,275
-51.438984,-22.091023,1,60,1,122
-38.501771,-4.299313,1,60,2,13
-54.258398,-15.551744,1,60,2,62
-43.166877,-19.845737,1,60,2,140
-47.646437,-23.310782,1,60,1,146
-43.266608,-22.904953,1,60,1,85
-40.982698,-17.849079,1,60,2,84
-48.076680,-15.880561,1,60,1,73
-51.395017,-22.096712,1,60,1,91
-38.570741,-4.296720,1,60,1,266
-49.423766,-16.492175,1,60,1,149
-43.058210,-19.802779,1,60,0,105
-47.646409,-23.310652,1,60,1,326
-45.255224,-23.560461,1,60,0,55
-41.134792,-17.905866,1,60,2,81
-38.385865,-12.928271,1,60,1,51
-51.395017,-22.096633,1,60,1,273
-47.450360,-23.455264,1,60,1,78
-47.661384,-15.962600,1,60,2,112
-43.047595,-19.786796,1,60,0,98
-47.302220,-19.368398,1,60,1,194
-44.286953,-2.665081,1,60,1,210
-40.761004,-17.720574,1,60,2,57
-42.799032,-5.084485,1,60,1,244
-51.386149,-22.097250,1,60,1,16
-44.106450,-19.879577,1,60,1,136
-40.185044,-20.066263,1,60,2,161
-46.039403,-23.756353,1,60,1,164
-47.302405,-19.369147,1,60,1,17
-44.343965,-2.748465,1,60,1,36
-46.627065,-21.304691,1,60,2,91
-46.404252,-23.992385,1,60,1,229
-51.386224,-22.097213,1,60,1,196
-46.888626,-19.554695,1,60,1,116
-47.986008,-15.994154,1,60,1,167
-46.039214,-23.756898,1,60,1,344
-38.473881,-3.747669,1,60,1,108
-43.996373,-19.964903,1,60,1,86
-46.516204,-21.354835,1,60,2,121
-46.405187,-23.993308,1,60,1,49
-47.883519,-15.796306,1,60,1,18
-46.888288,-19.554812,1,60,1,296
-38.426605,-12.948297,1,60,1,305
-39.262903,-7.599247,1,60,0,130
-49.322387,-16.759337,1,60,1,4
-43.996238,-19.964773,1,60,1,266
-41.717988,-19.826599,1,60,2,155
-51.959275,-23.457631,1,60,1,94
-42.791492,-5.115275,1,60,1,118
-51.507256,-27.198728,1,60,1,185
-46.961617,-22.707780,1,60,1,108
-38.565785,-3.724660,1,60,1,341
-43.947002,-19.912794,1,60,1,272
-40.672100,-20.399495,1,60,1,187
-41.714483,-19.883392,1,60,2,167
-47.969117,-15.835727,1,60,1,280
-42.765280,-4.951133,1,60,0,158
-38.942664,-12.266766,1,60,1,308
-48.309522,-18.880518,1,60,1,54
-48.009029,-15.826026,1,60,1,157
-43.257701,-22.880975,1,60,2,125
-43.076704,-19.696826,1,60,0,33
-55.794631,-12.675731,1,60,0,15
-51.920262,-23.421802,1,60,1,111
-42.790285,-4.891507,1,60,0,10
-46.008580,-23.306714,1,60,1,294
-46.961545,-22.707534,1,60,1,279
-44.541931,-19.082680,1,60,0,42
-46.926537,-19.582797,1,60,1,52
-49.313495,-16.644674,1,60,1,148
-38.465444,-3.718892,1,60,2,155
-38.608281,-3.928204,1,60,1,6
-42.818643,-4.702356,1,60,0,179
-46.008068,-19.738848,1,60,2,140
-40.649889,-19.449749,1,60,0,17
-42.953874,-22.400881,1,60,0,143
-38.481225,-3.729955,1,60,1,32
-49.352817,-16.626242,1,60,1,147
-46.747109,-23.518974,1,60,1,216
-38.608387,-3.928173,1,60,1,184
-50.144679,-25.089393,1,60,1,294
-45.945752,-19.742460,1,60,2,40
-42.752031,-5.089181,1,60,1,16
-45.947676,-23.203988,1,60,1,87
-35.212261,-5.831849,1,60,1,195
-44.289818,-2.501423,1,60,1,248
-44.070526,-19.789157,1,60,1,155
-48.962758,-16.383635,1,60,1,177
-43.735063,-16.658474,1,60,1,263
-51.903494,-26.915588,1,60,1,279
-42.752090,-5.088999,1,60,1,197
-45.945739,-23.196824,1,60,1,94
-48.892170,-26.290324,1,60,1,299
-44.289880,-2.501583,1,60,1,66
-44.068140,-19.791621,1,60,1,310
-42.805046,-5.071030,1,60,1,68
-50.950012,-27.501003,1,60,1,251
-39.183743,-12.735316,1,60,2,26
-40.173930,-10.464847,1,60,2,157
-49.079231,-22.305585,1,60,1,313
-43.952481,-19.821335,1,60,1,37
-47.256395,-24.095337,1,60,1,196
-46.522434,-21.825798,1,60,2,101
-48.301723,-15.738894,1,60,1,260
-50.200374,-27.773326,1,60,1,259
-49.331058,-16.747623,1,60,1,20
-49.879805,-16.833708,1,60,2,131
-45.963287,-23.197234,1,60,1,45
-43.830723,-19.823762,1,60,1,65
-43.312894,-21.805586,1,60,0,23
-46.638230,-21.833696,1,60,1,305
-48.301527,-15.739007,1,60,1,79
-42.776250,-5.099372,1,60,1,352
-49.331364,-16.747973,1,60,1,201
-52.972356,-29.910900,1,60,1,5
-45.963299,-23.197154,1,60,1,251
-47.519299,-22.988212,1,60,2,113
-39.262527,-5.184462,1,60,1,63
-46.638941,-21.833211,1,60,1,123
-48.292770,-18.905017,1,60,1,85
-42.776392,-5.099626,1,60,1,172
-47.161892,-22.967663,1,60,1,257
-39.120819,-6.757831,1,60,2,121
-47.630156,-16.304718,1,60,1,198
-35.008541,-8.383743,1,60,1,21
-39.260327,-5.183338,1,60,1,243
-46.646245,-21.832809,1,60,1,77
-48.285717,-18.904430,1,60,1,255
-39.585382,-16.263605,1,60,2,155
-61.930440,-10.898640,1,60,1,358
-38.955639,-6.755926,1,60,0,114
-47.630402,-16.305446,1,60,1,18
-35.008618,-8.383356,1,60,1,201
-38.435016,-3.828882,1,60,1,189
-46.645365,-21.832604,1,60,1,257
-53.864942,-24.418930,1,60,2,164
-39.493886,-15.369867,1,60,2,145
-45.952348,-23.281686,1,60,1,357
-39.729681,-5.119217,1,60,1,52
-38.458633,-3.879881,1,60,1,283
-36.017393,-8.966181,1,60,0,130
-38.496944,-12.985807,1,60,1,2
-43.322264,-22.827887,1,60,1,261
-46.970204,-22.402101,1,60,1,140
-50.362166,-27.800147,1,60,1,263
-61.930589,-10.896660,1,60,1,181
-39.729993,-5.119450,1,60,1,232
-52.708833,-26.259184,1,60,0,9
-41.897250,-20.088672,1,60,2,36
-48.564204,-18.137199,1,60,1,124
-51.014029,-30.058289,1,60,2,18
-51.923770,-23.451813,1,60,1,298
-53.460892,-24.956579,1,60,1,93
-61.934944,-10.885455,1,60,1,304
-40.114741,-5.623736,1,60,0,20
-42.970680,-22.905713,1,60,1,58
-40.960809,-18.777188,1,60,0,5
-45.252143,-19.785843,1,60,1,292
-45.956852,-20.481841,1,60,2,11
-38.380043,-3.953990,1,60,1,115
-53.475869,-24.943003,1,60,1,183
-61.935844,-10.884960,1,60,1,124
-48.810764,-26.286758,1,60,1,193
-42.922794,-22.931351,1,60,1,170
-48.908622,-26.286775,1,60,1,262
-44.205630,-20.076919,1,60,0,14
-46.087974,-20.622964,1,60,0,171
-43.042637,-6.785929,1,60,2,45
-49.106768,-27.683392,1,60,0,76
-38.641669,-3.845635,1,60,1,44
-48.810478,-26.286204,1,60,1,14
-40.749051,-4.270376,1,60,0,161
-46.648985,-21.800078,1,60,1,34
-44.199141,-20.134759,1,60,0,130
-38.544205,-3.734576,1,60,1,350
-51.362955,-20.907881,1,60,0,20
-41.279917,-21.132326,1,60,1,337
-38.641556,-3.845363,1,60,1,224
-48.893009,-15.032752,1,60,0,160
-40.748933,-4.270724,1,60,0,161
-47.480098,-23.449148,1,60,1,24
-43.319012,-19.698762,1,60,1,4
-38.544006,-3.736375,1,60,1,171
-42.782795,-5.087200,1,60,1,295
-40.930709,-20.865789,1,60,1,259
-41.172484,-20.335925,1,60,0,86
-38.749072,-3.639342,1,60,1,75
-42.410123,-16.263641,1,60,0,20
-34.877790,-8.071707,1,60,1,68
-43.108615,-19.857144,1,60,1,131
-43.051983,-20.084248,1,60,0,71
-48.832238,-21.631120,1,60,2,7
-53.916050,-27.473950,1,60,1,285
-41.185176,-20.336687,1,60,0,85
-35.844435,-8.300093,1,60,1,78
-43.433247,-16.466587,1,60,0,125
-60.033514,-2.947979,1,60,2,178
-46.905771,-17.968009,1,60,2,145
-44.137494,-19.929776,1,60,1,78
-51.516871,-21.476341,1,60,1,82
-39.345375,-14.728190,1,60,2,135
-41.210355,-20.325562,1,60,2,106
-35.844459,-8.299986,1,60,1,258
-39.342576,-7.219345,1,60,1,251
-60.037550,-2.856692,1,60,0,4
-46.950446,-17.388612,1,60,0,9
-44.137662,-19.929657,1,60,1,258
-38.567959,-3.843274,1,60,1,284
-53.759984,-24.737420,1,60,1,1
-41.447760,-20.215817,1,60,1,319
-48.842946,-26.309290,1,60,1,358
-38.428783,-3.806631,1,60,1,180
-45.911246,-23.221363,1,60,1,189
-46.959647,-17.255038,1,60,0,52
-45.676713,-22.487632,1,60,0,22
-38.567986,-3.843339,1,60,1,104
-53.760088,-24.737405,1,60,1,181
-41.492769,-20.231733,1,60,0,83
-53.495619,-24.976231,1,60,1,52
-38.428841,-3.809113,1,60,1,5
-35.014795,-8.342854,1,60,1,19
-49.253819,-16.635089,1,60,1,5
-42.766055,-5.093817,1,60,1,265
-60.092208,-3.066190,1,60,1,201
-46.933632,-19.633882,1,60,0,203
-45.924900,-23.322057,1,60,2,7
-43.406928,-20.384264,1,60,1,53
-43.227022,-22.819972,1,60,1,226
-48.555524,-25.056430,1,60,1,180
-49.254208,-16.637630,1,60,1,184
-42.766047,-5.093918,1,60,1,85
-45.737913,-22.692071,1,60,1,188
-46.459046,-23.882481,1,60,1,48
-49.756197,-26.074307,1,60,1,299
-43.406614,-20.384051,1,60,1,254
-39.411064,-7.158503,1,60,2,4
-40.115280,-13.871681,1,60,0,91
-38.495981,-3.855165,1,60,1,190
-52.383601,-29.691680,1,60,1,261
-48.841884,-26.331314,1,60,1,357
-51.094982,0.088256,1,60,1,277
-49.092516,-21.618360,1,60,2,137
-39.149143,-7.332592,1,60,0,166
-39.411124,-7.159382,1,60,2,4
-40.112815,-13.867126,1,60,0,175
-38.900499,-3.598239,1,60,1,77
-47.820204,-15.888368,1,60,1,77
-43.953622,-19.822260,1,60,1,217
-51.087196,0.087426,1,60,1,276
-48.631616,-27.532395,1,60,1,151
-43.273654,-21.588498,1,60,0,179
-44.109837,-19.877275,1,60,1,309
-35.023625,-8.301264,1,60,1,147
-38.563680,-3.818628,1,60,1,116
-51.908776,-23.404952,1,60,1,79
-43.332179,-22.879701,1,60,1,127
-49.474967,-20.907731,1,60,1,254
-48.613949,-27.571614,1,60,1,176
-43.333206,-21.652271,1,60,0,36
-49.313383,-16.644638,1,60,1,329
-50.353946,-26.820941,1,60,1,89
-48.819290,-26.264102,1,60,1,31
-51.948118,-23.393751,1,60,1,90
-43.356069,-22.953535,1,60,1,260
-49.476832,-20.908223,1,60,1,74
-37.449234,-11.278304,1,60,1,350
-43.276518,-21.500111,1,60,0,30
-45.880432,-23.226302,1,60,1,347
-50.350875,-26.818171,1,60,1,173
-43.814532,-21.264492,1,60,0,21
-46.926106,-23.515107,1,60,1,265
-43.331256,-22.880766,1,60,1,307
-40.681111,-20.809771,1,60,0,50
-37.243592,-10.958338,1,60,1,268
-49.718201,-24.262304,1,60,1,78
-38.502319,-3.753456,1,60,1,215
-59.986502,-3.087945,1,60,1,22
-38.495557,-3.853792,1,60,1,9
-39.865051,-18.677009,1,60,1,164
-38.503805,-12.973405,1,60,1,152
-49.155450,-16.686367,1,60,1,100
-37.243586,-10.958406,1,60,1,88
-49.716387,-24.261918,1,60,1,259
-37.068926,-10.962608,1,60,1,358
-50.317072,-26.752756,1,60,1,346
-46.061753,-23.339418,1,60,1,345
-39.893217,-18.582968,1,60,2,164
-48.858599,-26.294102,1,60,1,274
-49.155135,-16.686337,1,60,1,283
-37.673516,-11.393216,1,60,2,50
-42.742690,-21.387291,1,60,2,147
-37.069132,-10.962603,1,60,1,177
-50.230009,-26.464663,1,60,1,15
-49.295985,-18.396376,1,60,1,57
-39.924892,-18.478975,1,60,2,164
-49.384094,-21.722244,1,60,1,48
-49.149497,-16.686983,1,60,1,83
-37.261156,-10.963188,1,60,1,70
-43.387136,-19.719962,1,60,1,56
-50.143088,-15.955849,1,60,1,323
-50.156866,-26.394095,1,60,1,250
-55.497153,-11.868661,1,60,1,14
-46.347901,-17.883628,1,60,0,35
-55.383927,-15.785881,1,60,1,226
-47.898573,-15.714097,1,60,1,14
-37.261183,-10.963111,1,60,1,250
-43.386729,-19.719609,1,60,1,223
-50.143758,-15.954983,1,60,1,143
-48.645578,-27.616980,1,60,1,41
-55.500156,-11.879996,1,60,1,194
-46.638323,-16.187577,1,60,0,28
-36.234484,-8.491261,1,60,2,48
-42.052078,-22.855774,1,60,1,140
-54.149018,-24.352000,1,60,0,12
-45.510796,-21.258710,1,60,0,158
-49.266756,-16.548034,1,60,2,8
-35.865228,-9.588265,1,60,0,52
-55.501377,-11.884851,1,60,1,14
-40.704245,-20.691894,1,60,1,46
-51.173100,-23.287278,1,60,1,181
-45.686680,-21.579141,1,60,0,157
-37.769762,-11.484269,1,60,2,61
-35.259519,-8.116977,1,60,1,258
-44.045369,-19.808877,1,60,1,145
-38.340399,-12.903372,1,60,1,86
-46.710885,-23.509370,1,60,1,94
-43.963619,-19.860825,1,60,1,70
-51.146937,-23.292456,1,60,1,336
-47.897714,-15.718821,1,60,1,342
-37.638011,-11.364798,1,60,0,98
-42.158825,-4.819195,1,60,2,24
-44.044864,-19.809406,1,60,1,326
-38.340256,-12.903252,1,60,1,266
-39.514970,-6.515224,1,60,2,70
-43.666507,-20.514658,1,60,0,91
-51.147999,-23.285790,1,60,1,180
-41.204296,-20.693983,1,60,0,14
-37.634480,-11.366193,1,60,0,121
-47.963495,-16.104505,1,60,1,245
-42.870375,-20.808543,1,60,0,1
-60.008185,-3.064758,1,60,1,68
-37.935805,-5.803004,1,60,2,53
-40.152094,-3.097844,1,60,1,339
-50.704706,-22.261462,1,60,2,136
-46.638492,-22.093342,1,60,0,260
-37.553464,-11.318697,1,60,1,225
-49.773348,-16.565647,1,60,2,55
-42.907710,-20.737483,1,60,0,121
-48.639860,-27.610726,1,60,1,221
-47.554078,-4.313514,1,60,2,171
-40.427746,-20.357441,1,60,1,279
-43.408274,-16.475870,1,60,0,164
-42.372411,-21.180569,1,60,0,300
-38.518778,-3.797706,1,60,1,192
-45.558185,-23.056862,1,60,1,354
-46.962475,-19.563843,1,60,1,279
-48.104638,-15.791383,1,60,1,291
-37.293140,-7.006903,1,60,2,92
-50.505559,-23.582078,1,60,1,67
-46.469340,-23.109295,1,60,0,60
-41.559328,-20.754585,1,60,1,49
-42.280820,-16.134401,1,60,2,112
-44.050419,-19.911289,1,60,1,223
-46.968254,-19.563119,1,60,1,99
-48.669256,-27.642345,1,60,1,212
-39.145391,-7.252917,1,60,1,286
-37.565051,-10.541641,1,60,2,98
-46.743244,-23.141513,1,60,0,19
-42.050436,-22.857926,1,60,1,354
-38.406484,-12.156083,1,60,0,54
-48.309567,-18.880411,1,60,1,234
-40.452080,-2.918825,1,60,0,57
-64.106671,-9.110837,1,60,1,61
-39.146593,-7.252538,1,60,1,107
-37.562663,-10.541998,1,60,2,97
-46.774116,-23.175068,1,60,2,32
-53.847547,-15.684074,1,60,1,315
-38.398003,-12.150139,1,60,2,55
-45.542219,-23.025952,1,60,2,51
-43.877950,-19.784335,1,60,2,18
-64.076525,-9.084344,1,60,1,244
-39.265133,-7.299294,1,60,2,161
-44.608200,-20.060677,1,60,2,108
-46.675467,-23.049277,1,60,2,29
-53.827767,-15.702806,1,60,1,135
-44.255402,-18.102426,1,60,1,36
-42.404702,-16.260284,1,60,0,16
-43.878190,-19.773941,1,60,1,325
-47.210904,-22.799862,1,60,1,200
-39.267955,-7.296137,1,60,2,105
-43.993163,-19.957397,1,60,1,242
-46.701554,-23.079856,1,60,2,55
-53.826878,-15.708373,1,60,1,26
-44.272233,-18.114872,1,60,1,55
-53.730863,-24.725915,1,60,1,262
-43.878684,-19.773872,1,60,1,138
-47.210777,-22.799891,1,60,1,19
-49.737664,-18.224990,1,60,1,311
-43.993981,-19.958089,1,60,1,61
-38.568381,-3.725314,1,60,1,18
-48.580024,-17.692908,1,60,1,271
-38.518687,-3.798202,1,60,1,12
-53.730862,-24.726036,1,60,1,81
-42.805548,-5.083006,1,60,1,138
-47.212855,-22.804721,1,60,1,200
-49.739396,-18.223840,1,60,1,131
-50.876790,-20.459366,1,60,2,85
-48.250322,-15.759085,1,60,1,112
-48.275155,-15.736472,1,60,1,301
-51.905405,-23.400379,1,60,1,295
-34.995350,-7.521509,1,60,1,179
-38.530864,-10.820031,1,60,0,11
-47.212746,-22.804754,1,60,1,20
-43.946762,-19.912881,1,60,1,92
-46.542545,-23.618505,1,60,1,348
-48.260347,-15.751456,1,60,1,317
-50.755563,-28.198238,1,60,1,276
-50.707757,-22.259552,1,60,2,107
-46.598310,-21.782266,1,60,1,154
-43.920626,-19.995169,1,60,1,277
-47.255287,-22.808605,1,60,1,230
-43.936016,-19.904834,1,60,1,250
-48.103558,-15.843410,1,60,1,53
-48.260158,-15.751800,1,60,1,137
-48.478287,-22.892576,1,60,1,68
-51.700096,-23.507382,1,60,2,47
-46.578375,-21.785481,1,60,1,273
-45.523372,-23.013646,1,60,1,52
-47.255199,-22.808680,1,60,1,50
-49.740437,-18.222649,1,60,1,312
-46.732028,-23.516759,1,60,1,249
-48.265440,-15.746300,1,60,1,317
-40.788947,-20.427591,1,60,1,69
-41.501518,-16.555110,1,60,0,13
-46.582864,-21.785222,1,60,1,274
-40.405196,-20.342110,1,60,1,206
-44.222126,-19.479507,1,60,1,273
-43.933894,-19.850683,1,60,1,207
-43.954284,-19.815465,1,60,1,318
-48.245794,-15.759860,1,60,1,283
-48.636728,-27.809337,1,60,1,297
-38.552185,-3.751611,1,60,1,224
-46.597732,-21.782501,1,60,1,335
-40.765449,-20.770825,1,60,1,97
-44.236239,-19.482757,1,60,1,214
-43.927825,-19.898989,1,60,1,9
-47.823629,-15.675421,1,60,1,235
-48.265500,-15.746391,1,60,1,137
-43.965466,-19.917347,1,60,1,75
-40.334388,-20.353168,1,60,1,171
-46.589360,-21.785195,1,60,1,93
-41.186494,-20.549894,1,60,1,0
-44.236118,-19.482820,1,60,1,34
-37.640933,-6.092045,1,60,2,30
-49.377788,-20.799569,1,60,1,194
-48.245724,-15.760013,1,60,1,103
-46.493224,-23.451652,1,60,1,160
-41.472540,-16.232535,1,60,0,19
-47.244178,-22.804922,1,60,1,236
-44.727554,-17.613509,1,60,0,134
-47.250563,-22.818573,1,60,1,82
-43.000622,-22.046432,1,60,1,141
-41.936235,-21.366182,1,60,0,62
-48.270328,-15.741139,1,60,1,309
-48.774510,-27.672937,1,60,0,77
-54.856861,-20.438722,1,60,2,134
-43.957945,-19.956059,1,60,1,327
-44.730940,-17.610380,1,60,0,134
-48.669802,-27.643805,1,60,1,32
-38.260825,-6.279349,1,60,2,35
-40.043600,-4.302075,1,60,1,277
-48.270897,-15.740873,1,60,1,139
-48.688404,-27.666152,1,60,0,37
-46.484286,-22.910284,1,60,2,79
-43.976861,-19.872740,1,60,1,189
-41.271550,-21.148003,1,60,1,352
-48.650394,-27.621751,1,60,1,42
-47.799488,-15.890390,1,60,1,108
-40.044010,-4.302052,1,60,1,97
-48.286111,-15.736323,1,60,1,260
-46.494885,-23.435837,1,60,1,10
-57.103394,-29.829942,1,60,1,22
-43.975801,-19.880862,1,60,1,167
-41.300108,-21.196649,1,60,1,219
-48.631745,-27.603380,1,60,1,52
-55.795672,-20.500346,1,60,0,93
-40.150243,-4.325414,1,60,1,233
-48.286675,-15.736554,1,60,1,80
-47.142077,-22.938962,1,60,1,11
-46.910333,-21.602213,1,60,2,79
-38.427765,-12.943465,1,60,1,264
-41.300890,-21.201886,1,60,1,351
-47.266163,-22.829957,1,60,1,145
-38.529301,-3.762486,1,60,1,20
-40.299597,-4.251878,1,60,1,309
-48.290286,-15.736889,1,60,1,260
-47.142211,-22.938927,1,60,1,191
-54.185443,-23.492721,1,60,2,11
-46.942067,-23.111442,1,60,2,163
-41.164271,-21.028573,1,60,1,108
-47.266027,-22.829865,1,60,1,325
-38.467404,-3.869042,1,60,1,155
-40.300112,-4.251451,1,60,1,129
-48.290755,-15.737435,1,60,1,81
-53.749927,-24.713447,1,60,1,90
-47.274440,-22.835405,1,60,1,208
-43.976738,-19.872765,1,60,1,9
-43.191386,-19.692081,1,60,0,8
-55.614700,-15.802513,1,60,0,62
-38.436289,-3.889889,1,60,1,159
-40.430503,-4.213161,1,60,0,124
-40.286701,-20.146540,1,60,1,90
-53.749930,-24.713372,1,60,1,270
-46.960010,-22.708029,1,60,1,300
-43.972600,-19.884610,1,60,1,288
-39.956771,-18.282490,1,60,1,151
-48.261674,-18.919458,1,60,1,36
-38.404458,-3.896941,1,60,1,119
-40.468012,-4.198836,1,60,2,115
-51.385770,-21.983515,1,60,0,47
-44.006362,-19.980904,1,60,1,9
-43.928786,-19.876405,1,60,1,195
-43.975742,-19.880637,1,60,1,346
-39.956458,-18.293884,1,60,2,20
-47.169915,-22.819142,1,60,2,167
-38.401824,-3.899605,1,60,1,341
-40.638916,-4.132457,1,60,1,59
-40.983090,-3.711212,1,60,2,54
-44.006476,-19.980877,1,60,1,191
-47.430974,-23.427833,1,60,1,256
-49.947876,-14.529307,1,60,2,95
-39.862319,-18.686116,1,60,0,165
-36.765902,-6.587145,1,60,2,34
-46.749394,-23.373717,1,60,0,148
-40.764319,-4.159306,1,60,2,101
-38.531924,-3.753183,1,60,1,135
-43.935414,-19.914670,1,60,1,105
-47.456428,-23.452727,1,60,1,107
-46.495663,-23.435906,1,60,1,189
-55.495009,-11.860357,1,60,1,194
-47.212371,-22.826351,1,60,1,111
-45.496983,-22.522120,1,60,2,24
-47.279567,-22.629033,1,60,0,81
-46.086213,-23.566287,1,60,1,91
-48.951690,-25.857107,1,60,1,160
-47.455580,-23.452912,1,60,1,298
-49.495600,-16.390222,1,60,1,157
-49.717757,-19.520539,1,60,1,223
-47.212328,-22.826219,1,60,1,291
-45.490200,-22.488376,1,60,0,3
-38.896888,-3.597345,1,60,1,250
-46.086209,-23.566144,1,60,1,259
-48.936241,-25.874407,1,60,1,17
-47.434585,-23.429072,1,60,1,30
-45.511186,-22.973606,1,60,2,33
-49.721158,-19.521105,1,60,1,94
-46.613483,-23.520606,1,60,1,310
-56.060214,-15.557750,1,60,1,217
-47.593728,-22.737986,1,60,1,285
-34.891092,-8.080747,1,60,1,317
-43.949784,-19.917816,1,60,1,97
-47.439234,-23.445918,1,60,1,190
-34.891884,-8.105328,1,60,1,216
-49.127707,-16.753562,1,60,1,317
-50.725067,-27.604159,1,60,1,187
-56.060110,-15.557866,1,60,1,36
-38.484389,-3.734745,1,60,1,214
-38.557748,-3.762256,1,60,1,28
-43.948967,-19.917705,1,60,1,274
-47.445342,-23.454120,1,60,1,257
-47.700139,-23.473433,1,60,2,135
-50.485923,-17.963171,1,60,2,290
-48.019165,-15.819876,1,60,1,238
-46.512472,-18.614143,1,60,1,131
-47.174290,-22.847513,1,60,1,77
-38.546543,-3.749206,1,60,1,40
-43.936576,-19.914191,1,60,1,285
-44.309373,-19.972470,1,60,1,80
-48.310752,-15.740483,1,60,1,258
-48.950122,-25.855099,1,60,1,356
-49.330131,-16.698331,1,60,1,57
-38.490545,-3.757153,1,60,1,284
-45.911173,-23.221456,1,60,1,9
-40.278810,-20.151232,1,60,1,343
-48.693225,-26.935310,1,60,1,55
-46.780255,-23.298449,1,60,0,59
-48.310564,-15.740590,1,60,1,79
-43.882470,-19.804288,1,60,2,41
-49.330843,-16.698567,1,60,1,238
-56.038186,-15.608759,1,60,1,294
-47.158640,-23.056857,1,60,1,38
-38.984029,-7.490096,1,60,2,4
-48.693126,-26.935156,1,60,1,233
-37.837251,-11.537314,1,60,0,84
-48.314512,-15.742166,1,60,1,58
-43.359343,-20.386335,1,60,2,71
-49.368841,-27.733315,1,60,1,116
-56.038438,-15.608860,1,60,1,114
-47.462774,-20.110390,1,60,1,65
-38.984299,-7.493515,1,60,2,4
-43.983294,-19.928464,1,60,1,196
-46.700957,-23.613422,1,60,1,191
-48.314740,-15.741806,1,60,1,237
-43.305368,-20.378861,1,60,2,61
-48.613158,-27.576149,1,60,1,357
-56.084028,-15.605012,1,60,1,310
-48.221211,-15.789008,1,60,1,264
-46.362721,-18.635031,1,60,1,113
-44.004476,-19.934761,1,60,1,136
-43.215679,-22.911630,1,60,1,110
-43.963343,-19.832011,1,60,1,202
-43.091718,-20.411021,1,60,0,1
-48.615935,-27.562892,1,60,1,154
-56.079230,-15.609299,1,60,1,130
-48.232199,-15.774553,1,60,1,205
-51.375814,-21.524689,1,60,2,119
-54.421786,-21.646294,1,60,0,167
-41.813108,-22.407262,1,60,1,117
-43.943665,-19.906613,1,60,1,168
-46.796693,-23.199233,1,60,2,9
-46.564971,-23.523002,1,60,1,254
-56.050296,-15.632043,1,60,1,305
-46.270937,-23.541259,1,60,1,288
-49.736005,-18.226700,1,60,1,132
-47.995073,-23.026280,1,60,1,93
-43.475444,-16.470303,1,60,2,100
-43.945681,-19.901471,1,60,1,153
-48.935187,-16.250825,1,60,2,13
-38.975378,-12.569532,1,60,2,45
-38.960367,-11.344370,1,60,2,8
-46.267829,-23.542296,1,60,1,108
-48.781293,-22.193055,1,60,2,30
-54.534275,-25.580293,1,60,0,110
-43.941858,-19.909477,1,60,1,323
-47.453127,-23.656799,1,60,0,137
-48.939563,-16.268992,1,60,2,12
-46.502041,-18.622372,1,60,2,131
-38.446016,-3.755770,1,60,2,155
-44.263406,-19.483666,1,60,1,245
-47.562278,-22.425606,1,60,1,37
-48.706976,-26.917702,1,60,1,71
-47.931638,-23.261467,1,60,0,127
-43.962270,-19.908331,1,60,1,71
-44.175658,-19.467903,1,60,1,76
-46.502133,-18.622538,1,60,1,131
-51.939665,-23.447878,1,60,1,89
-44.246608,-19.483492,1,60,1,262
-38.964704,-12.152356,1,60,2,1
-48.706914,-26.917578,1,60,1,250
-46.700043,-23.572489,1,60,1,303
-46.158135,-19.126582,1,60,1,282
-35.667162,-8.218648,1,60,1,264
-46.500524,-18.623357,1,60,1,311
-39.066056,-7.765815,1,60,0,23
-43.959645,-19.858228,1,60,1,341
-38.513013,-3.782886,1,60,1,335
-48.855936,-26.268726,1,60,2,115
-47.438951,-23.457375,1,60,1,143
-48.325720,-15.751703,1,60,1,225
-35.667140,-8.218789,1,60,1,83
-35.012391,-8.015665,1,60,1,86
-38.074227,-5.095631,1,60,1,23
-38.551856,-3.780644,1,60,1,21
-43.369924,-21.801671,1,60,1,197
-43.991027,-19.901383,1,60,1,322
-47.439095,-23.445919,1,60,1,9
-48.325387,-15.751991,1,60,1,45
-35.544995,-8.193066,1,60,1,281
-35.009171,-8.016557,1,60,1,288
-38.083766,-5.109449,1,60,0,23
-47.223164,-22.883901,1,60,2,14
-54.160554,-24.449281,1,60,0,160
-43.952581,-19.927024,1,60,1,62
-47.983008,-19.748023,1,60,1,340
-54.732327,-30.230453,1,60,1,84
-35.545014,-8.193164,1,60,1,101
-49.330401,-20.542964,1,60,1,357
-38.073838,-5.094836,1,60,1,207
-38.501616,-3.793405,1,60,1,335
-44.275377,-19.487988,1,60,1,220
-43.952319,-19.926716,1,60,1,239
-38.310437,-12.451816,1,60,0,39
-35.173645,-8.734139,1,60,2,161
-38.502279,-3.753618,1,60,1,50
-63.860620,-8.784180,1,60,1,303
-46.531032,-22.965115,1,60,1,195
-43.953977,-19.873311,1,60,1,339
-43.001335,-22.819435,1,60,1,176
-43.980728,-19.930258,1,60,1,257
-38.307644,-12.533999,1,60,1,4
-44.948984,-12.140934,1,60,2,86
-52.631713,-26.060541,1,60,0,45
-63.803063,-8.800339,1,60,1,269
-47.045605,-22.947321,1,60,2,167
-43.961283,-19.854823,1,60,1,162
-43.001137,-22.820319,1,60,1,355
-43.980712,-19.930338,1,60,1,77
-40.624710,-19.563587,1,60,2,20
-46.700041,-23.572336,1,60,1,310
-52.776869,-24.133919,1,60,2,74
-63.802824,-8.800415,1,60,1,89
-39.038044,-7.294341,1,60,1,103
-47.504248,-23.450024,1,60,1,351
-43.254257,-21.361175,1,60,0,44
-49.115641,-25.219623,1,60,0,175
-41.427501,-15.865657,1,60,0,25
-47.431820,-22.758661,1,60,1,18
-38.635621,-3.840609,1,60,1,64
-39.008888,-7.690474,1,60,2,54
-37.998214,-4.954572,1,60,0,52
-40.086411,-13.599600,1,60,1,205
-45.360290,-20.892924,1,60,1,265
-51.693166,-29.694844,1,60,1,300
-41.429625,-15.870044,1,60,0,25
-44.412859,-12.233713,1,60,2,88
-38.634737,-3.840024,1,60,1,243
-49.392319,-22.419853,1,60,0,1
-46.528927,-22.958555,1,60,1,10
-37.045312,-10.950861,1,60,1,10
-40.380042,-19.755197,1,60,1,174
-43.480634,-21.879712,1,60,1,63
-49.563241,-15.171694,1,60,2,90
-54.559458,-20.473307,1,60,0,179
-43.207395,-22.960663,1,60,1,263
-47.259780,-22.835498,1,60,0,150
-55.122230,-21.642893,1,60,2,76
-56.014412,-15.618986,1,60,1,294
-40.933076,-20.865853,1,60,1,111
-43.480682,-21.879698,1,60,1,243
-43.944410,-19.904000,1,60,1,349
-54.563346,-20.514937,1,60,2,41
-47.030946,-22.902587,1,60,1,229
-54.586340,-25.527501,1,60,1,333
-55.436017,-21.618346,1,60,1,260
-56.014344,-15.619247,1,60,1,114
-43.792572,-21.242912,1,60,2,176
-43.479813,-21.879311,1,60,1,64
-43.958507,-19.862235,1,60,1,160
-38.631391,-3.771352,1,60,1,303
-51.847844,-29.905507,1,60,2,96
-54.586655,-25.527370,1,60,1,144
-55.437808,-21.619084,1,60,1,80
-42.158159,-21.536771,1,60,0,53
-40.283772,-6.004513,1,60,1,225
-43.479848,-21.879295,1,60,1,264
-43.212666,-22.916409,1,60,1,246
-38.631689,-3.771235,1,60,1,124
-48.857974,-26.293170,1,60,1,94
-38.977980,-12.554886,1,60,0,172
-48.905420,-10.708779,1,60,2,176
-49.495422,-16.389865,1,60,1,332
-40.283738,-6.004551,1,60,1,45
-47.349532,-22.731477,1,60,1,50
-47.455410,-23.476286,1,60,1,173
-38.640486,-3.767325,1,60,1,95
-38.433019,-12.946614,1,60,1,211
-38.912361,-12.429797,1,60,2,32
-48.905488,-10.863432,1,60,0,2
-41.612619,-20.153928,1,60,0,12
-40.003442,-5.439204,1,60,1,208
-48.082995,-15.882137,1,60,1,252
-47.455245,-23.476387,1,60,1,351
-38.640482,-3.767242,1,60,1,277
-48.853538,-26.302964,1,60,2,177
-38.970671,-12.519365,1,60,1,25
-48.921060,-11.107002,1,60,0,5
-46.474247,-23.663129,1,60,1,84
-40.004498,-5.441126,1,60,1,31
-47.822140,-15.869092,1,60,1,195
-46.594538,-23.530153,1,60,1,113
-46.650899,-23.597493,1,60,1,185
-46.814083,-23.517326,1,60,1,218
-38.970711,-12.518841,1,60,1,200
-40.816322,-14.822320,1,60,1,241
-43.928066,-19.892532,1,60,1,345
-47.956862,-19.119203,1,60,1,139
-39.738023,-5.131044,1,60,1,355
-52.214460,-14.405324,1,60,1,245
-49.418154,-16.514962,1,60,1,150
-40.856076,-21.112368,1,60,2,29
-48.676205,-27.651841,1,60,1,214
-35.575118,-8.196660,1,60,1,80
-42.508397,-22.346880,1,60,0,136
-47.956824,-19.119180,1,60,1,319
-39.738087,-5.131065,1,60,1,172
-52.216380,-14.406185,1,60,1,65
-50.204410,-27.774011,1,60,1,79
-38.593694,-3.779246,1,60,1,286
-46.605283,-23.523606,1,60,1,88
-35.575140,-8.196543,1,60,1,260
-41.754544,-2.934437,1,60,1,10
-47.952913,-19.121151,1,60,1,256
-40.297252,-6.017632,1,60,1,224
-43.245668,-22.903403,1,60,1,105
-49.416706,-16.516746,1,60,1,334
-38.431904,-12.958642,1,60,1,218
-48.547879,-22.509339,1,60,0,34
-48.246059,-1.341926,1,60,1,57
-53.030323,-26.158219,1,60,2,79
-47.952894,-19.121196,1,60,1,78
-40.297188,-6.017631,1,60,1,46
-38.343872,-12.690652,1,60,1,321
-49.405293,-16.537498,1,60,1,151
-38.444687,-12.970363,1,60,1,239
-54.575666,-25.526884,1,60,1,184
-48.244578,-1.340524,1,60,1,228
-50.414960,-25.873328,1,60,2,74
-46.228693,-23.491101,1,60,1,272
-43.022661,-21.626974,1,60,1,7
-43.264311,-22.841854,1,60,1,322
-40.574436,-20.769025,1,60,1,38
-38.402658,-12.938078,1,60,1,81
-48.572383,-22.325653,1,60,2,173
-47.950995,-1.297187,1,60,1,84
-37.132272,-10.896010,1,60,1,175
-48.307517,-18.909830,1,60,1,107
-43.022722,-21.626959,1,60,1,185
-44.976990,-22.596190,1,60,2,24
-54.585474,-25.425858,1,60,1,341
-48.815929,-26.294478,1,60,1,59
-48.796492,-22.323653,1,60,2,176
-47.950084,-1.296931,1,60,1,264
-37.132166,-10.896132,1,60,1,355
-48.238786,-18.913438,1,60,1,298
-43.022387,-21.628383,1,60,1,158
-50.122024,-18.875751,1,60,1,254
-54.585608,-25.425877,1,60,1,167
-46.393500,-23.638086,1,60,2,117
-46.136723,-19.368454,1,60,1,34
-56.078184,-13.823315,1,60,1,22
-49.847190,-25.785468,1,60,0,110
-48.223557,-18.911834,1,60,1,352
-43.022350,-21.628325,1,60,1,338
-49.646175,-22.884727,1,60,0,146
-58.472458,-15.851886,1,60,0,66
-50.146066,-25.146348,1,60,1,325
-49.315620,-26.378679,1,60,1,348
-56.083424,-13.841685,1,60,1,6
-49.985513,-25.881275,1,60,0,76
-48.232333,-18.904794,1,60,1,302
-40.393254,-6.087077,1,60,1,61
-42.614317,-5.567684,1,60,2,13
-58.087327,-15.817939,1,60,2,65
-50.152521,-25.136896,1,60,1,333
-37.392997,-6.660579,1,60,2,79
-39.544737,-17.037495,1,60,2,94
-50.011778,-25.880818,1,60,0,90
-48.234250,-18.903738,1,60,1,123
-40.393375,-6.087012,1,60,1,241
-48.276705,-18.902132,1,60,1,51
-49.254944,-26.417504,1,60,1,127
-50.153468,-25.135563,1,60,1,150
-42.314781,-16.164532,1,60,2,20
-54.565722,-25.555595,1,60,1,128
-50.179357,-25.885004,1,60,2,77
-46.554960,-23.518841,1,60,1,2
-40.456758,-6.124327,1,60,1,221
-47.914743,-22.012043,1,60,1,194
-49.238924,-26.437006,1,60,2,106
-46.647673,-23.516875,1,60,1,277
-42.519548,-16.256669,1,60,0,79
-48.027962,-16.023688,1,60,1,52
-50.578238,-25.992688,1,60,0,56
-50.530297,-21.937772,1,60,1,337
-40.457729,-6.125480,1,60,1,38
-63.840132,-8.796055,1,60,1,302
-54.375747,-28.396357,1,60,1,261
-48.563449,-18.137689,1,60,1,304
-35.420243,-5.652170,1,60,0,133
-42.809396,-21.322448,1,60,0,111
-34.887404,-8.075820,1,60,1,68
-39.306885,-8.509394,1,60,0,108
-40.329171,-4.835513,1,60,1,53
-63.843715,-8.794122,1,60,1,121
-54.383019,-28.400143,1,60,1,46
-43.929288,-19.879194,1,60,1,15
-48.461005,-22.402953,1,60,0,72
-42.796690,-21.331441,1,60,2,141
-39.223108,-14.785649,1,60,2,104
-39.826112,-8.796112,1,60,0,21
-40.889347,-4.391298,1,60,1,71
-47.131227,-22.849327,1,60,1,275
-47.986463,-16.086275,1,60,1,165
-55.635330,-21.176170,1,60,1,102
-46.020328,-21.445870,1,60,1,95
-49.336083,-25.441757,1,60,1,56
-49.072444,-25.845079,1,60,1,292
-39.087578,-7.826474,1,60,2,177
-48.767746,-27.516859,1,60,1,12
-47.131243,-22.849425,1,60,1,100
-49.819575,-16.021557,1,60,1,110
-43.846839,-16.805615,1,60,1,215
-45.586602,-23.036107,1,60,1,238
-50.928565,-29.635207,1,60,1,258
-42.185101,-4.839382,1,60,0,35
-49.388804,-26.308187,1,60,1,146
-35.873465,-9.586953,1,60,0,82
-48.273025,-18.899094,1,60,1,230
-49.378666,-16.590893,1,60,1,305
-43.841278,-16.779624,1,60,1,221
-47.080002,-22.964239,1,60,2,24
-41.052950,-20.728546,1,60,1,236
-46.252080,-23.544925,1,60,1,99
-46.206350,-18.541738,1,60,1,14
-44.430818,-3.314832,1,60,0,42
-46.655087,-23.610245,1,60,1,220
-49.379852,-16.590535,1,60,1,125
-43.852032,-17.005108,1,60,0,155
-45.889021,-21.467412,1,60,0,87
-41.054249,-20.729709,1,60,1,28
-46.252072,-23.544839,1,60,1,279
-43.928105,-19.898961,1,60,1,189
-47.755932,-15.937441,1,60,1,75
-47.917181,-21.994621,1,60,1,320
-49.404628,-16.538368,1,60,1,332
-60.022292,-2.056062,1,60,2,149
-45.579742,-21.606673,1,60,0,124
-61.901575,-11.178680,1,60,0,179
-47.149204,-22.586836,1,60,0,85
-46.732702,-23.385287,1,60,2,110
-47.750525,-15.937514,1,60,1,105
-48.292514,-18.904954,1,60,1,265
-44.412857,-19.930986,1,60,1,82
-60.025932,-2.040881,1,60,2,180
-44.267810,-19.480390,1,60,1,42
-63.055033,-9.923655,1,60,0,177
-47.471885,-5.500784,1,60,2,180
-40.828020,-14.828517,1,60,1,62
-44.016831,-19.991776,1,60,1,78
-50.915534,-22.226054,1,60,0,1
-44.426851,-19.932659,1,60,1,44
-45.737260,-22.697449,1,60,0,172
-44.267882,-19.480331,1,60,1,222
-38.942639,-12.266960,1,60,1,128
-47.028296,-23.005785,1,60,2,151
-34.891241,-8.087437,1,60,1,198
-44.016909,-19.991712,1,60,1,259
-44.926703,-22.301330,1,60,2,4
-44.435120,-19.934946,1,60,1,79
-48.635469,-23.476090,1,60,0,102
-53.442640,-24.970926,1,60,1,266
-54.546436,-20.420155,1,60,2,169
-47.013016,-22.984981,1,60,1,176
-48.719300,-26.878860,1,60,2,106
-48.535140,-9.339714,1,60,0,4
-40.698725,-20.826110,1,60,2,61
-46.511316,-22.934008,1,60,1,87
-48.307956,-23.545449,1,60,2,97
-35.017347,-8.348687,1,60,1,202
-54.283613,-23.945629,1,60,0,43
-50.379626,-25.891383,1,60,1,321
-49.029274,-21.894484,1,60,1,350
-42.763184,-5.183969,1,60,0,161
-48.824485,-26.379934,1,60,2,140
-46.676829,-23.514847,1,60,1,100
-47.186950,-22.809126,1,60,2,66
-35.017885,-8.350199,1,60,1,26
-54.350198,-19.679537,1,60,2,2
-48.064475,-15.795315,1,60,1,252
-49.029564,-21.894458,1,60,1,170
-42.770285,-5.160667,1,60,0,166
-51.686900,-20.764195,1,60,0,120
-46.661820,-23.514872,1,60,1,278
-47.844412,-18.238112,1,60,2,139
-35.427401,-5.650431,1,60,2,98
-44.304505,-2.694559,1,60,1,216
-48.135615,-15.785951,1,60,1,74
-34.903324,-8.041217,1,60,1,156
-39.394070,-11.803521,1,60,2,114
-48.845375,-26.268963,1,60,2,9
-50.498689,-21.952541,1,60,1,107
-56.125788,-15.600004,1,60,1,44
-46.044829,-23.371004,1,60,2,92
-44.304197,-2.694307,1,60,1,36
-48.121138,-15.785032,1,60,1,291
-56.094017,-15.578777,1,60,1,292
-39.376550,-11.817226,1,60,2,114
-48.819398,-26.241776,1,60,2,17
-35.576933,-8.676305,1,60,1,193
-56.125843,-15.599922,1,60,1,224
-43.504304,-16.479447,1,60,2,41
-54.581386,-19.373275,1,60,0,148
-48.110705,-15.789296,1,60,1,112
-56.093418,-15.579122,1,60,1,112
-39.109948,-11.977773,1,60,0,93
-48.840270,-26.375849,1,60,1,248
-34.892726,-8.079721,1,60,1,158
-49.289363,-21.654355,1,60,1,58
-46.374881,-23.658134,1,60,2,38
-54.575979,-19.382059,1,60,0,150
-40.637133,-4.132233,1,60,1,283
-38.470367,-12.845289,1,60,1,92
-40.718126,-8.966318,1,60,0,151
-48.844527,-26.381114,1,60,1,23
-48.325045,-18.930246,1,60,1,259
-46.804783,-23.281992,1,60,0,124
-44.275327,-19.488071,1,60,1,41
-40.066852,-19.379411,1,60,1,186
-38.502268,-3.891647,1,60,1,185
-38.470265,-12.845179,1,60,1,257
-40.720176,-8.962491,1,60,0,151
-43.595642,-20.483721,1,60,2,13
-40.593157,-20.374359,1,60,1,335
-46.915286,-23.793536,1,60,1,186
-38.561993,-3.747404,1,60,1,139
-59.991277,-3.070653,1,60,1,20
-38.502762,-3.894586,1,60,1,9
-35.749593,-8.240964,1,60,1,235
-35.259357,-5.901867,1,60,1,13
-45.110900,-21.926486,1,60,2,94
-48.239488,-18.900618,1,60,1,122
-37.306199,-11.001301,1,60,1,37
-48.712997,-26.900795,1,60,0,81
-59.991352,-3.069475,1,60,1,200
-38.365387,-3.961311,1,60,1,332
-56.067920,-15.629883,1,60,1,75
-35.259456,-5.901827,1,60,1,193
-43.340184,-22.944373,1,60,2,157
-55.141521,-29.049174,1,60,1,279
-37.305296,-11.000067,1,60,1,219
-38.998293,-11.672344,1,60,2,147
-45.791992,-23.155863,1,60,1,62
-51.258278,-26.376319,1,60,1,220
-56.067731,-15.629716,1,60,1,255
-38.481682,-13.012579,1,60,1,79
-48.695835,-15.716034,1,60,0,3
-54.579271,-20.580791,1,60,0,55
-47.541061,-22.736338,1,60,2,125
-38.998407,-11.660976,1,60,2,33
-47.002644,-22.697886,1,60,1,106
-49.077158,-22.306797,1,60,1,297
-43.800746,-20.748123,1,60,1,4
-39.117132,-8.061517,1,60,2,79
-52.825066,-24.420857,1,60,2,33
-35.576732,-8.675966,1,60,1,13
-47.594358,-22.737828,1,60,1,105
-38.977662,-11.947272,1,60,2,169
-47.002690,-22.697755,1,60,1,286
-49.077262,-22.306930,1,60,1,117
-43.800985,-20.747017,1,60,1,154
-49.113411,-27.681453,1,60,0,44
-48.698958,-15.722016,1,60,0,61
-38.027234,-4.584853,1,60,2,88
-44.137997,-21.167878,1,60,0,93
-46.301928,-23.521875,1,60,1,53
-44.244233,-2.589595,1,60,1,14
-45.410665,-23.820927,1,60,2,55
-43.800449,-20.741958,1,60,1,211
-51.918172,-23.386953,1,60,1,35
-43.862783,-16.771146,1,60,0,87
-46.986368,-22.708478,1,60,1,108
-47.563637,-2.288797,1,60,2,1
-38.504505,-3.801788,1,60,1,155
-44.244231,-2.589198,1,60,1,194
-51.789719,-17.805845,1,60,2,154
-43.800454,-20.742074,1,60,1,34
-54.846798,-20.451071,1,60,1,324
-43.840981,-16.779345,1,60,1,41
-54.993504,-15.952880,1,60,0,109
-47.560695,-2.137903,1,60,2,179
-38.514111,-3.781306,1,60,1,155
-54.506672,-20.992325,1,60,0,6
-45.812091,-23.175544,1,60,1,353
-44.065838,-19.793334,1,60,1,125
-51.916565,-23.384662,1,60,1,215
-43.912494,-16.617666,1,60,0,127
-38.480643,-3.766302,1,60,1,86
-44.146164,-21.165128,1,60,0,101
-38.512903,-3.782838,1,60,1,335
-47.500016,-23.489582,1,60,1,70
-45.812243,-23.175723,1,60,1,174
-49.157650,-25.341236,1,60,2,31
-43.035713,-22.891922,1,60,1,34
-43.846576,-16.805275,1,60,1,35
-38.194476,-5.232743,1,60,2,158
-51.235555,-30.060699,1,60,1,40
-38.698100,-4.694553,1,60,1,218
-48.453700,-19.007867,1,60,0,59
-44.153032,-19.944745,1,60,1,104
-38.760199,-3.648455,1,60,1,270
-43.035724,-22.891749,1,60,1,214
-38.489154,-3.762533,1,60,1,310
-50.068644,-23.297274,1,60,1,41
-51.235646,-30.060608,1,60,1,218
-47.976404,-15.872197,1,60,1,62
-48.463603,-19.013162,1,60,0,72
-44.444825,-19.998376,1,60,1,245
-51.108746,-30.116998,1,60,1,6
-42.132812,-19.726465,1,60,1,230
-38.489254,-3.762584,1,60,1,130
-48.206112,-17.466961,1,60,2,137
-49.240565,-21.467991,1,60,2,138
-39.559760,-3.204631,1,60,2,287
-57.076659,-29.748111,1,60,0,90
-44.445302,-19.998705,1,60,1,65
-43.942166,-19.987395,1,60,1,244
-42.132854,-19.726587,1,60,1,52
-44.783444,-20.078532,1,60,2,78
-46.556051,-22.968900,1,60,1,62
-49.231354,-21.477350,1,60,2,137
-49.090012,-26.477792,1,60,1,118
-48.252806,-7.232738,1,60,1,29
-38.870975,-12.321086,1,60,1,308
-38.677259,-3.906472,1,60,1,56
-51.252814,-30.109470,1,60,1,244
-46.450213,-18.373432,1,60,0,177
-37.269120,-10.801505,1,60,2,124
-49.229271,-21.479451,1,60,2,138
-49.137046,-26.526439,1,60,1,9
-45.893903,-23.250711,1,60,0,105
-38.512893,-3.746740,1,60,1,197
-38.594117,-3.796410,1,60,1,224
-51.252798,-30.109534,1,60,1,71
-46.471622,-18.626419,1,60,0,168
-37.164955,-10.871422,1,60,0,100
-51.795200,-20.656626,1,60,2,13
-49.134975,-26.522725,1,60,1,210
-48.247522,-7.219849,1,60,1,210
-38.494495,-3.752890,1,60,1,51
-38.594044,-3.796592,1,60,1,44
-46.051379,-23.395833,1,60,0,167
-41.266584,-18.796586,1,60,2,110
-49.831960,-26.152585,1,60,1,233
-40.672507,-19.524336,1,60,1,244
-49.138020,-26.505354,1,60,1,310
-54.366003,-19.927208,1,60,0,164
-53.638648,-26.233751,1,60,2,150
-48.026871,-15.825395,1,60,1,58
-51.949413,-23.414180,1,60,1,251
-44.732208,-20.424656,1,60,2,53
-49.111216,-26.510021,1,60,1,269
-40.673739,-19.524925,1,60,1,63
-49.141190,-26.502934,1,60,1,131
-54.840603,-18.907814,1,60,2,166
-46.475681,-23.659685,1,60,2,115
-43.982914,-19.928003,1,60,1,18
-41.512547,-20.237517,1,60,1,263
-38.465772,-3.871448,1,60,1,330
-47.984742,-16.088738,1,60,1,328
-48.542571,-22.502037,1,60,2,33
-46.531517,-23.456759,1,60,1,139
-54.654582,-18.185821,1,60,2,159
-38.501218,-3.765910,1,60,1,114
-39.621546,-5.740042,1,60,1,236
-41.515028,-20.237222,1,60,1,100
-52.182224,-29.206343,1,60,0,181
-47.914424,-16.224751,1,60,1,350
-48.477590,-24.149463,1,60,0,71
-48.034047,-16.045977,1,60,1,2
-37.874067,-4.580378,1,60,0,89
-46.940618,-22.369313,1,60,1,124
-39.585160,-5.580140,1,60,1,22
-44.173320,-17.882282,1,60,0,2
-41.558763,-18.755692,1,60,2,58
-47.914295,-16.226837,1,60,1,172
-41.756775,-2.947463,1,60,0,9
-43.749980,-20.517253,1,60,1,111
-46.226135,-23.980287,1,60,1,45
-36.038526,-9.028280,1,60,0,0
-39.583235,-5.574196,1,60,1,195
-51.474184,-25.370021,1,60,1,0
-41.493934,-18.737868,1,60,2,114
-38.575556,-3.841397,1,60,1,104
-48.397108,-22.336903,1,60,2,4
-53.763889,-24.708864,1,60,1,348
-54.305249,-24.010399,1,60,0,125
-47.498482,-23.523921,1,60,1,216
-38.741872,-4.748926,1,60,1,51
-48.472445,-24.967064,1,60,1,107
-48.950790,-25.861269,1,60,1,167
-38.575572,-3.841334,1,60,1,284
-38.415787,-12.198273,1,60,2,160
-53.542282,-16.934091,1,60,1,259
-47.061407,-22.957578,1,60,1,183
-38.737420,-6.849542,1,60,2,178
-38.740860,-4.747759,1,60,1,221
-49.762373,-26.075493,1,60,1,55
-49.252412,-16.751849,1,60,1,343
-38.643470,-6.111173,1,60,0,15
-52.493666,-26.917704,1,60,1,25
-47.220706,-23.112743,1,60,1,202
-44.092571,-21.171831,1,60,1,267
-36.584305,-7.069145,1,60,0,92
-49.253890,-16.747438,1,60,1,164
-39.123430,-8.062706,1,60,2,80
-39.119651,-3.672219,1,60,1,91
-38.624519,-5.907312,1,60,2,7
-52.490677,-26.916044,1,60,1,262
-47.220591,-23.112770,1,60,1,22
-40.264626,-3.798879,1,60,2,77
-38.752519,-3.733121,1,60,2,100
-43.124293,-19.862095,1,60,1,195
-42.441052,-5.032401,1,60,0,47
-39.117073,-3.672062,1,60,1,268
-38.512405,-5.735156,1,60,2,24
-49.388281,-26.310079,1,60,1,11
-47.226930,-23.109736,1,60,1,240
-39.241251,-3.674095,1,60,2,78
-46.485422,-23.657557,1,60,1,83
-43.558966,-21.458718,1,60,2,10
-41.766042,-4.290183,1,60,0,13
-38.720964,-3.731373,1,60,1,131
-38.266995,-5.412076,1,60,0,76
-51.908677,-23.455388,1,60,1,32
-47.226909,-23.109859,1,60,1,63
-39.350280,-3.678814,1,60,2,80
-54.818571,-22.273717,1,60,1,47
-42.677265,-21.553970,1,60,0,165
-39.547884,-3.736129,1,60,2,108
-41.984288,-20.632546,1,60,2,82
-38.202144,-5.221429,1,60,0,165
-45.952446,-23.281082,1,60,1,172
-47.229135,-23.096065,1,60,1,182
-39.348164,-3.678164,1,60,2,78
-54.816514,-22.271791,1,60,1,227
-42.669127,-21.549870,1,60,0,55
-38.504112,-3.764652,1,60,1,290
-48.814398,-26.233940,1,60,1,76
-38.051804,-4.770628,1,60,2,133
-44.302132,-22.987697,1,60,1,249
-47.228257,-23.098309,1,60,1,110
-39.232735,-3.671266,1,60,2,90
-50.183254,-25.886541,1,60,1,31
-42.386773,-21.136527,1,60,1,168
-38.561358,-3.747947,1,60,1,319
-48.812055,-26.233250,1,60,1,255
-38.210413,-4.593035,1,60,2,134
-44.297073,-22.985671,1,60,1,34
-47.228281,-23.098422,1,60,1,292
-51.413728,-22.116835,1,60,1,234
-38.569028,-3.730858,1,60,1,355
-47.386644,-22.558370,1,60,1,71
-47.574250,-22.406688,1,60,1,94
-48.833865,-26.242036,1,60,1,237
-38.214297,-4.590373,1,60,2,120
-46.968909,-22.403340,1,60,1,326
-47.229065,-23.108827,1,60,1,29
-45.575702,-23.029009,1,60,1,237
-38.569167,-3.730871,1,60,1,175
-44.529635,-23.017453,1,60,1,54
-48.638752,-27.807536,1,60,1,176
-48.842187,-26.346996,1,60,1,177
-38.875833,-6.404967,1,60,1,278
-46.965808,-22.408174,1,60,1,155
-47.465228,-23.527408,1,60,1,10
-39.105986,-6.896486,1,60,1,69
-50.379969,-25.891066,1,60,1,141
-43.561516,-21.465597,1,60,1,294
-47.446820,-6.557024,1,60,0,70
-48.781137,-26.287882,1,60,2,120
-38.878775,-6.404551,1,60,1,98
-46.962340,-22.415550,1,60,1,140
-43.425570,-21.233317,1,60,2,101
-39.104565,-6.895791,1,60,1,233
-51.146182,-23.332923,1,60,1,7
-43.562507,-21.462568,1,60,0,39
-48.622655,-26.234244,1,60,2,110
-51.908980,-23.455789,1,60,1,213
-48.933561,-16.350980,1,60,1,132
-44.719741,-23.230859,1,60,1,296
-43.347116,-21.233484,1,60,0,21
-38.966381,-6.747977,1,60,1,123
-51.146212,-23.331713,1,60,1,187
-43.558174,-21.455639,1,60,1,147
-47.797787,-16.539153,1,60,2,142
-51.891439,-23.439561,1,60,1,225
-39.296204,-7.303273,1,60,1,47
-46.727563,-23.647903,1,60,1,171
-47.169788,-23.064106,1,60,1,114
-39.311601,-7.302099,1,60,1,336
-34.883806,-8.088336,1,60,1,317
-42.940073,-20.416137,1,60,0,26
-38.477970,-12.907011,1,60,1,16
-42.644386,-4.987447,1,60,2,5
-39.296075,-7.303050,1,60,1,227
-46.724360,-23.649431,1,60,1,324
-49.116038,-26.512807,1,60,1,72
-39.313869,-7.298056,1,60,1,155
-43.674876,-16.342467,1,60,2,2
-44.786437,-20.449117,1,60,1,294
-38.478043,-12.906965,1,60,1,196
-39.294586,-3.406371,1,60,1,359
-47.801140,-15.662553,1,60,1,245
-46.914809,-23.453221,1,60,1,210
-47.217280,-23.139560,1,60,1,159
-35.805400,-6.203211,1,60,2,50
-54.548059,-20.387353,1,60,1,235
-44.786585,-20.449157,1,60,1,114
-48.325469,-18.905704,1,60,1,83
-44.007275,-19.947356,1,60,1,64
-55.749806,-12.601285,1,60,1,39
-46.914733,-23.453249,1,60,1,30
-47.217242,-23.139540,1,60,1,336
-35.234114,-6.080766,1,60,1,12
-52.676261,-26.200281,1,60,2,41
-44.684095,-20.369963,1,60,1,283
-42.638670,-22.242460,1,60,0,0
-44.008253,-19.973933,1,60,1,255
-55.833434,-12.862800,1,60,1,21
-51.164795,-19.700206,1,60,0,108
-43.315679,-21.233827,1,60,2,84
-41.213640,-12.505522,1,60,0,102
-52.680892,-26.215595,1,60,2,2
-44.684180,-20.369997,1,60,1,95
-44.238764,-19.431201,1,60,1,10
-41.293175,-18.782785,1,60,0,136
-55.832187,-12.859562,1,60,1,200
-47.274327,-22.835446,1,60,1,28
-43.317821,-21.234070,1,60,1,82
-45.237785,-12.116992,1,60,2,88
-38.787213,-7.382151,1,60,1,111
-49.159520,-25.321003,1,60,0,10
-48.239418,-18.776239,1,60,1,349
-48.863774,-26.281163,1,60,0,3
-46.782563,-23.559528,1,60,1,16
-51.906896,-23.399936,1,60,1,112
-43.317427,-21.233998,1,60,1,263
-45.728905,-12.082466,1,60,2,81
-57.863771,-15.842524,1,60,2,115
-47.657295,-22.703289,1,60,1,139
-43.972841,-19.912712,1,60,1,90
-44.283249,-2.499353,1,60,1,84
-36.640107,-6.427939,1,60,0,179
-44.143290,-21.165669,1,60,0,101
-43.423103,-21.232876,1,60,2,51
-39.737434,-5.126858,1,60,2,29
-57.283544,-16.084221,1,60,1,212
-49.157680,-25.338408,1,60,0,170
-43.971562,-19.912330,1,60,1,250
-49.346353,-20.818708,1,60,1,335
-36.637414,-6.443069,1,60,2,158
-47.141778,-23.500514,1,60,0,5
-38.514007,-3.781236,1,60,1,155
-44.279134,-12.222856,1,60,2,90
-43.331082,-21.658513,1,60,0,54
-43.417584,-21.705775,1,60,1,137
-43.281979,-22.871635,1,60,1,295
-40.395138,-20.305835,1,60,1,175
-36.780999,-6.593508,1,60,0,75
-45.392954,-22.894101,1,60,1,62
-44.858177,-19.974191,1,60,1,354
-44.360893,-12.231659,1,60,2,72
-43.335630,-21.667400,1,60,2,19
-35.105575,-8.109739,1,60,1,29
-38.480500,-3.726943,1,60,1,177
-43.963673,-19.860653,1,60,1,250
-50.191622,-23.852590,1,60,2,173
-46.909262,-23.459767,1,60,1,133
-44.858226,-19.974193,1,60,1,174
-44.419497,-12.233336,1,60,2,114
-41.713801,-2.897901,1,60,0,81
-51.116727,-29.982934,1,60,1,225
-48.410307,-18.543234,1,60,2,108
-36.002109,-5.757199,1,60,2,88
-40.271756,-19.682361,1,60,1,47
-49.192555,-18.428767,1,60,1,342
-47.934494,-19.135127,1,60,1,133
-38.468542,-3.733177,1,60,1,250
-41.721608,-3.940413,1,60,2,39
-46.558698,-23.504934,1,60,1,355
-48.414093,-18.540747,1,60,2,136
-46.307456,-23.959105,1,60,1,143
-38.616121,-5.881718,1,60,2,19
-42.296846,-16.139982,1,60,2,29
-47.934457,-19.135051,1,60,1,313
-48.237292,-18.914366,1,60,1,118
-38.474107,-4.340382,1,60,1,139
-46.703441,-23.564147,1,60,1,340
-41.527911,-7.055379,1,60,2,126
-36.021221,-8.961248,1,60,0,138
-38.398250,-5.484424,1,60,2,239
-43.499709,-16.474413,1,60,2,40
-42.603465,-18.302559,1,60,0,143
-49.472959,-16.676564,1,60,2,153
-55.451037,-11.691267,1,60,1,194
-46.449540,-23.099392,1,60,0,61
-42.505822,-5.824132,1,60,0,157
-39.935530,-18.420824,1,60,2,172
-48.060288,-15.800807,1,60,1,72
-45.709832,-23.347169,1,60,1,135
-45.918935,-23.247609,1,60,1,191
-44.012954,-19.953197,1,60,1,54
-55.452131,-11.695567,1,60,1,14
-46.535803,-22.095206,1,60,2,98
-47.894290,-15.724081,1,60,1,37
-46.858628,-23.476101,1,60,1,324
-53.646458,-24.826346,1,60,1,308
-51.054209,0.049422,1,60,1,4
-45.805143,-23.183414,1,60,1,274
-43.343499,-21.756190,1,60,1,325
-55.249088,-11.006586,1,60,2,32
-45.796332,-21.595576,1,60,1,198
-46.940368,-22.369266,1,60,1,300
-46.877492,-23.479046,1,60,1,334
-53.646816,-24.826279,1,60,1,128
-41.542576,-20.761716,1,60,1,77
-45.936192,-23.199544,1,60,1,225
-43.396310,-21.726882,1,60,1,357
-54.904995,-9.964554,1,60,1,3
-45.796322,-21.595715,1,60,1,18
-49.571949,-15.310202,1,60,1,191
-44.444602,-19.937224,1,60,1,243
-54.660517,-29.684899,1,60,1,263
-40.942739,-20.407125,1,60,1,84
-43.931453,-19.863889,1,60,1,325
-43.396384,-21.726842,1,60,1,177
-54.903321,-9.938503,1,60,1,176
-43.328962,-21.624215,1,60,0,78
-49.571914,-15.310197,1,60,1,11
-45.909733,-23.212872,1,60,1,167
-49.570426,-15.332493,1,60,2,171
-40.902655,-20.415170,1,60,1,250
-43.931111,-19.864639,1,60,1,144
-43.399136,-21.717364,1,60,1,310
-44.725587,-19.184636,1,60,2,85
-51.965741,-23.433394,1,60,1,319
-43.804526,-20.535848,1,60,0,169
-46.851398,-23.467690,1,60,1,107
-54.181903,-29.637285,1,60,1,284
-49.701931,-23.048170,1,60,1,283
-43.928855,-19.890831,1,60,1,164
-43.399203,-21.717415,1,60,1,133
-44.728935,-19.184881,1,60,2,85
-46.439024,-23.094391,1,60,1,255
-41.485592,-7.077893,1,60,1,271
-46.833399,-23.482512,1,60,1,226
-54.187339,-29.636225,1,60,1,99
-49.701990,-23.048352,1,60,1,103
-43.196519,-21.244344,1,60,2,2
-54.387451,-21.477030,1,60,0,17
-46.353909,-22.279938,1,60,1,141
-46.314006,-22.309397,1,60,0,136
-41.485593,-7.077943,1,60,1,91
-43.398226,-22.895638,1,60,1,187
-54.661638,-29.684994,1,60,1,86
-35.218729,-5.819919,1,60,1,19
-48.940682,-26.906221,1,60,1,61
-51.398754,-22.141482,1,60,1,207
-46.352970,-22.280903,1,60,1,325
-46.470259,-18.607867,1,60,1,221
-36.050177,-9.503130,1,60,0,54
-43.382484,-22.900429,1,60,1,307
-54.737198,-18.514382,1,60,2,13
-51.721405,-26.819714,1,60,1,155
-38.505968,-3.735969,1,60,1,108
-51.398671,-22.141541,1,60,1,27
-63.118767,-9.418061,1,60,2,147
-46.311667,-22.310412,1,60,0,85
-49.525018,-27.109087,1,60,0,36
-46.964010,-20.918479,1,60,0,201
-40.705736,-20.413482,1,60,1,12
-51.725576,-26.823231,1,60,1,31
-44.565091,-19.781082,1,60,2,27
-44.300941,-19.972905,1,60,1,249
-43.375495,-21.813412,1,60,1,9
-46.215299,-22.299143,1,60,1,219
-43.882709,-16.740208,1,60,1,193
-46.891544,-23.456381,1,60,1,150
-40.672152,-20.399967,1,60,1,4
-47.272079,-22.803563,1,60,1,106
-38.504401,-3.801728,1,60,1,155
-35.211625,-5.831113,1,60,1,18
-47.344876,-22.727278,1,60,1,232
-46.221729,-22.303798,1,60,1,33
-48.939470,-26.905421,1,60,1,240
-44.271733,-18.114541,1,60,1,235
-41.047066,-20.379502,1,60,1,239
-47.272087,-22.803473,1,60,1,286
-38.502596,-3.805151,1,60,1,337
-52.971977,-29.907532,1,60,1,186
-43.406576,-23.014835,1,60,0,81
-51.925278,-23.451202,1,60,1,118
-47.985977,-16.077781,1,60,1,189
-44.254938,-18.101818,1,60,1,216
-38.442339,-3.805819,1,60,1,135
-47.302474,-22.768915,1,60,1,126
-40.496698,-19.555534,1,60,2,23
-54.687576,-22.191110,1,60,1,230
-43.389183,-23.012606,1,60,0,84
-51.932697,-23.428204,1,60,1,157
-47.972978,-16.107715,1,60,1,148
-43.111568,-19.685782,1,60,0,63
-49.283502,-16.506736,1,60,2,134
-48.434460,-24.966051,1,60,1,71
-49.336329,-25.553431,1,60,1,67
-54.693856,-22.196083,1,60,1,50
-46.531688,-23.456377,1,60,1,320
-51.931785,-23.429359,1,60,1,325
-47.946250,-15.842407,1,60,1,282
-47.227315,-23.057601,1,60,1,291
-47.145080,-22.942300,1,60,1,107
-48.345876,-16.587820,1,60,0,3
-39.199139,-4.231337,1,60,1,31
-56.334223,-14.752183,1,60,1,229
-53.057884,-26.038288,1,60,1,157
-47.268761,-24.112855,1,60,1,191
-49.556582,-27.161632,1,60,0,180
-47.227342,-23.057626,1,60,1,111
-47.144994,-22.942223,1,60,1,273
-39.484889,-5.400016,1,60,1,187
-39.199144,-4.231222,1,60,1,204
-43.947260,-19.913374,1,60,1,259
-42.744580,-5.077767,1,60,2,97
-38.609259,-3.940953,1,60,1,10
-47.943612,-15.844045,1,60,1,108
-51.052980,-23.056655,1,60,1,57
-43.228768,-22.983932,1,60,1,219
-44.352782,-2.757809,1,60,1,223
-39.057573,-4.098981,1,60,2,17
-54.973637,-28.415208,1,60,1,291
-46.690623,-23.586552,1,60,1,358
-45.789687,-22.321613,1,60,0,19
-50.266409,-25.042296,1,60,1,112
-51.050420,-23.055154,1,60,1,238
-47.237859,-22.847702,1,60,1,301
-48.059692,-16.004061,1,60,1,183
-45.506662,-19.997821,1,60,2,41
-54.975338,-28.414431,1,60,1,122
-35.234088,-6.077632,1,60,1,187
-46.471373,-18.609083,1,60,1,40
-50.263786,-25.043015,1,60,1,284
-48.087657,-15.869101,1,60,1,244
-47.240802,-22.846204,1,60,1,120
-45.900103,-22.230929,1,60,1,358
-39.951909,-2.917197,1,60,1,93
-48.846301,-26.278925,1,60,1,352
-53.058076,-26.037742,1,60,1,334
-46.494351,-23.430445,1,60,1,7
-47.981936,-16.052554,1,60,1,188
-48.066059,-15.871747,1,60,1,72
-48.711603,-17.231076,1,60,2,133
-38.894014,-7.302324,1,60,2,75
-39.140365,-3.372120,1,60,1,352
-46.711229,-23.557552,1,60,1,297
-41.141364,-3.853519,1,60,2,44
-43.266598,-21.550993,1,60,2,36
-47.983589,-16.062860,1,60,1,189
-46.711159,-23.557456,1,60,1,298
-40.639516,-20.382741,1,60,1,269
-47.990307,-23.027440,1,60,0,106
-40.365882,-3.677134,1,60,1,139
-48.459649,-1.443950,1,60,1,33
-48.599374,-27.043400,1,60,1,163
-43.275934,-21.591564,1,60,0,35
-47.983330,-16.062349,1,60,1,9
-53.412362,-26.824015,1,60,1,23
-51.184216,-30.032704,1,60,1,22
-38.902206,-12.297556,1,60,1,128
-40.365796,-3.677107,1,60,1,313
-48.459535,-1.443428,1,60,1,213
-35.358236,-5.866036,1,60,2,83
-46.980311,-20.926781,1,60,1,212
-47.928519,-15.828442,1,60,1,233
-48.044194,-16.041506,1,60,1,144
-38.540441,-3.780655,1,60,1,287
-44.238951,-2.560756,1,60,1,177
-39.140398,-3.372103,1,60,1,167
-43.182987,-22.905015,1,60,1,160
-36.252682,-5.703537,1,60,1,121
-43.893669,-19.820773,1,60,1,319
-47.914280,-15.818161,1,60,1,233
-61.982965,-10.856173,1,60,2,124
-51.885602,-27.022414,1,60,2,16
-44.238910,-2.564730,1,60,1,0
-39.951893,-2.917152,1,60,1,270
-43.172998,-22.906762,1,60,1,345
-46.548733,-22.919203,1,60,1,203
-43.256796,-19.682760,1,60,0,179
-47.920344,-15.822514,1,60,1,233
-48.914750,-16.319350,1,60,1,238
-40.991177,-3.736890,1,60,2,171
-38.895755,-12.302282,1,60,1,308
-40.407522,-19.645323,1,60,1,63
-51.413682,-22.116928,1,60,1,54
-46.561929,-22.925677,1,60,0,106
-50.917376,-28.503034,1,60,2,133
-47.909692,-15.814821,1,60,1,233
-40.067114,-5.540765,1,60,1,205
-39.536454,-3.479293,1,60,2,119
-39.322189,-7.260863,1,60,1,180
-40.405887,-19.647172,1,60,1,11
-35.218690,-5.819590,1,60,1,201
-46.549725,-22.966438,1,60,1,96
-48.448164,-1.408904,1,60,1,258
-36.019783,-9.507494,1,60,2,100
-48.914477,-16.319320,1,60,1,58
-43.951191,-19.887669,1,60,1,150
-46.843626,-23.642188,1,60,1,61
-49.061695,-26.480667,1,60,1,76
-35.217854,-5.817420,1,60,1,20
-38.443417,-12.970951,1,60,1,60
-53.063579,-25.760242,1,60,2,72
-46.553979,-19.502594,1,60,1,308
-53.571387,-28.618438,1,60,1,153
-43.965341,-19.849744,1,60,1,132
-44.274447,-2.488118,1,60,1,82
-50.114811,-19.733687,1,60,1,270
-48.456262,-1.438793,1,60,1,30
-49.529997,-27.098216,1,60,1,310
-43.956199,-19.825846,1,60,1,44
-46.551860,-19.504192,1,60,1,128
-40.067070,-5.540748,1,60,1,25
-43.965364,-19.849333,1,60,1,312
-44.274460,-2.488026,1,60,1,262
-50.114810,-19.733716,1,60,1,90
-48.456265,-1.438444,1,60,1,214
-49.121529,-22.371963,1,60,2,55
-34.981657,-8.078241,1,60,1,260
-40.492238,-9.402644,1,60,1,76
-47.977979,-16.099876,1,60,1,149
-47.977471,-15.872460,1,60,1,242
-39.356328,-3.681164,1,60,2,41
-44.328056,-2.597783,1,60,1,158
-52.116231,-23.678740,1,60,1,2
-49.114789,-22.368684,1,60,2,244
-47.094110,-22.934803,1,60,1,243
-40.442639,-20.625214,1,60,0,100
-47.986230,-16.080547,1,60,1,8
-45.784312,-23.191908,1,60,1,140
-49.075422,-26.478989,1,60,1,265
-48.211399,-24.865423,1,60,1,339
-52.168982,-14.258669,1,60,1,0
-50.207708,-22.791843,1,60,1,202
-47.075203,-22.879637,1,60,1,355
-46.554006,-19.502635,1,60,1,128
-47.955937,-16.133714,1,60,1,140
-45.784245,-23.191764,1,60,1,320
-38.875083,-12.318063,1,60,1,127
-48.212407,-24.845495,1,60,1,59
-52.168981,-14.258289,1,60,1,180
-35.353321,-5.865350,1,60,2,82
-38.567484,-3.804727,1,60,1,107
-46.551822,-19.504165,1,60,1,308
-48.967650,-16.275666,1,60,1,303
-53.176611,-26.887424,1,60,2,42
-38.805398,-12.375432,1,60,1,128
-48.808395,-25.110933,1,60,1,64
-51.406244,-22.138160,1,60,1,212
-51.174526,-30.188613,1,60,1,178
-43.970032,-19.930912,1,60,1,270
-38.955038,-12.263502,1,60,1,181
-48.972696,-16.272525,1,60,1,123
-47.127564,-22.961011,1,60,1,247
-53.743349,-24.741258,1,60,1,180
-43.728629,-20.581435,1,60,0,33
-51.406145,-22.138188,1,60,1,33
-47.226199,-23.078281,1,60,1,305
-46.183884,-23.938648,1,60,2,98
-38.487202,-4.120243,1,60,1,340
-47.475757,-23.489289,1,60,1,295
-48.008885,-15.825992,1,60,1,337
-42.056353,-22.855857,1,60,1,56
-44.327943,-2.597751,1,60,1,338
-38.987219,-7.506395,1,60,2,24
-47.225528,-23.077418,1,60,1,173
-48.107108,-15.812678,1,60,1,332
-38.488736,-4.116941,1,60,1,159
-38.629527,-3.868774,1,60,1,338
-46.985883,-23.015182,1,60,1,162
-42.056589,-22.855906,1,60,1,236
-48.046781,-15.850858,1,60,1,336
-38.980246,-7.475806,1,60,2,17
-47.241098,-23.138218,1,60,1,305
-48.107299,-15.812722,1,60,1,152
-46.826136,-23.206703,1,60,1,218
-38.608818,-3.868651,1,60,1,198
-43.873303,-21.177270,1,60,0,50
-39.184061,-12.740178,1,60,0,1
-46.521301,-22.986391,1,60,1,291
-47.017281,-22.888793,1,60,1,43
-47.171532,-22.746914,1,60,1,313
-48.096535,-15.832002,1,60,1,152
-50.340223,-27.795532,1,60,1,74
-38.608781,-3.868666,1,60,1,18
-46.183787,-19.653321,1,60,0,68
-44.325611,-2.566169,1,60,1,93
-43.329195,-22.932201,1,60,1,250
-47.017817,-22.888777,1,60,1,232
-47.012262,-22.969380,1,60,2,35
-48.096224,-15.832167,1,60,1,332
-63.701388,-8.797675,1,60,1,264
-40.498363,-9.385329,1,60,1,119
-46.163047,-19.666739,1,60,2,83
-44.325754,-2.566014,1,60,1,273
-49.234985,-16.630854,1,60,1,209
-52.687712,-31.391597,1,60,1,104
-51.252202,-30.103685,1,60,1,54
-50.045611,-22.302862,1,60,1,250
-63.701672,-8.797797,1,60,1,84
-47.930154,-16.169692,1,60,1,176
-45.252773,-19.785600,1,60,1,112
-54.804050,-22.260556,1,60,1,15
-46.649780,-23.581286,1,60,1,52
-44.218778,-19.468405,1,60,1,85
-46.791302,-23.213192,1,60,0,158
-48.069702,-15.903778,1,60,1,283
-38.517325,-3.769006,1,60,1,345
-39.345829,-4.457361,1,60,1,33
-45.259756,-19.782923,1,60,2,112
-35.248574,-5.815274,1,60,1,211
-43.580852,-18.204038,1,60,1,30
-44.220634,-19.468233,1,60,1,264
-53.024140,-26.082269,1,60,2,168
-48.458026,-1.407923,1,60,1,89
-38.517963,-3.767321,1,60,1,167
-39.345990,-4.457211,1,60,1,203
-47.898736,-15.739840,1,60,1,163
-46.671229,-21.842537,1,60,0,92
-44.151027,-19.953781,1,60,1,305
-43.226551,-22.916450,1,60,1,103
-53.047685,-26.053374,1,60,0,138
-38.524799,-3.746977,1,60,1,315
-48.623838,-26.258541,1,60,0,44
-39.440021,-4.693198,1,60,0,73
-40.482430,-3.946739,1,60,1,4
-46.675140,-21.838503,1,60,1,215
-49.335798,-25.553180,1,60,1,248
-38.491445,-3.755594,1,60,1,189
-47.964670,-15.807951,1,60,1,99
-38.525360,-3.746076,1,60,1,170
-35.197938,-8.110071,1,60,1,257
-39.482795,-4.760104,1,60,1,53
-40.482389,-3.945846,1,60,1,185
-40.635321,-20.382395,1,60,0,179
-49.413989,-25.593241,1,60,1,37
-39.969120,-13.956478,1,60,2,141
-49.264658,-16.728115,1,60,1,123
-47.785932,-15.897227,1,60,1,84
-53.182815,-26.805206,1,60,1,106
-39.482763,-4.759954,1,60,1,233
-47.977737,-16.099734,1,60,1,329
-41.026586,-20.380606,1,60,0,107
-48.962752,-16.379151,1,60,1,357
-53.842617,-27.733502,1,60,1,145
-49.265589,-16.727257,1,60,1,303
-47.785234,-15.897008,1,60,1,268
-53.179658,-26.805817,1,60,1,285
-39.573921,-4.855575,1,60,1,40
-47.972902,-16.107326,1,60,1,328
-41.060575,-20.365906,1,60,1,306
-48.957382,-16.347309,1,60,1,207
-53.838704,-27.736816,1,60,1,305
-49.418534,-16.649174,1,60,1,101
-47.082193,-22.906083,1,60,1,121
-48.451006,-1.379554,1,60,1,256
-39.573899,-4.855425,1,60,1,220
-49.282429,-16.725853,1,60,1,303
-41.063840,-20.364360,1,60,1,104
-48.963166,-16.365250,1,60,1,13
-34.888268,-8.083691,1,60,1,316
-49.416282,-16.649270,1,60,1,278
-52.047886,-30.144611,1,60,1,78
-48.599667,-27.045526,1,60,1,192
-39.727191,-5.117312,1,60,0,52
-52.981114,-26.845963,1,60,1,338
-43.952723,-21.898799,1,60,1,24
-48.963340,-16.365290,1,60,1,194
-34.888339,-8.083736,1,60,1,136
-38.502541,-3.804993,1,60,1,337
-52.037842,-30.142727,1,60,1,257
-52.523131,-26.950405,1,60,1,240
-34.872430,-7.949037,1,60,1,64
-52.983163,-26.841542,1,60,1,158
-43.952126,-21.894575,1,60,0,20
-48.962891,-16.379241,1,60,1,176
-34.889062,-8.084746,1,60,1,139
-54.106322,-16.802018,1,60,1,106
-43.174027,-22.936802,1,60,1,172
-39.180797,-12.729547,1,60,2,28
-38.959115,-12.259949,1,60,1,91
-52.022421,-26.867003,1,60,1,327
-38.552551,-3.780495,1,60,1,202
-42.681094,-21.476115,1,60,1,166
-47.270541,-24.121844,1,60,1,241
-54.106395,-16.801961,1,60,1,286
-38.583580,-3.755776,1,60,1,207
-34.916098,-8.130988,1,60,1,190
-38.468724,-12.843839,1,60,1,200
-46.993530,-22.698502,1,60,1,43
-47.166711,-15.547776,1,60,1,86
-42.681065,-21.476110,1,60,1,346
-51.131932,-30.082485,1,60,1,178
-54.093780,-16.805504,1,60,1,109
-38.482619,-3.766363,1,60,1,173
-52.605998,-26.986867,1,60,1,73
-46.736303,-23.518588,1,60,1,92
-59.992838,-3.074269,1,60,1,188
-38.331409,-12.901394,1,60,1,40
-42.831845,-21.318436,1,60,0,136
-51.131846,-30.082484,1,60,1,358
-54.093826,-16.805453,1,60,1,289
-38.480998,-3.748617,1,60,1,212
-52.604524,-26.985621,1,60,1,206
-41.471225,-16.225784,1,60,2,166
-59.992102,-3.075144,1,60,1,355
-55.186918,-10.847249,1,60,1,203
-42.935505,-21.272743,1,60,0,88
-38.480941,-3.811701,1,60,1,299
-53.520560,-16.958608,1,60,1,129
-48.439403,-1.369711,1,60,1,54
-47.950972,-15.892132,1,60,1,153
-47.794525,-15.760745,1,60,0,99
-45.009302,-23.392878,1,60,0,62
-55.188207,-10.850282,1,60,1,23
-44.046990,-19.599227,1,60,1,299
-38.481008,-3.811785,1,60,1,119
-53.520614,-16.958503,1,60,1,309
-46.930660,-23.087735,1,60,1,61
-43.814207,-20.556727,1,60,2,168
-40.395189,-3.466404,1,60,1,136
-38.780670,-7.170644,1,60,0,6
-47.467821,-23.517025,1,60,1,61
-52.894350,-30.063714,1,60,1,289
-38.500375,-3.878050,1,60,1,17
-53.542270,-16.934137,1,60,1,80
-43.887017,-19.846031,1,60,1,28
-44.444016,-18.373234,1,60,1,30
-47.949938,-15.897176,1,60,1,11
-45.413736,-19.853079,1,60,1,37
-43.389407,-21.736652,1,60,1,126
-42.655698,-18.812092,1,60,0,67
-38.500248,-3.876737,1,60,1,196
-46.680753,-21.845444,1,60,2,54
-48.421839,-1.353875,1,60,1,54
-44.443447,-18.371801,1,60,1,210
-42.768164,-5.039608,1,60,1,352
-47.965950,-15.866846,1,60,1,62
-46.352355,-21.725528,1,60,0,78
-48.223727,-18.938951,1,60,1,265
-48.443708,-1.420480,1,60,1,38
-46.962037,-21.193340,1,60,1,297
-47.489629,-23.529665,1,60,1,348
-43.017400,-22.941255,1,60,1,225
-38.547638,-3.777959,1,60,1,131
-53.265952,-27.190611,1,60,1,65
-50.836541,-25.880895,1,60,2,15
-46.258894,-21.699084,1,60,1,289
-48.443399,-1.419799,1,60,1,217
-46.962021,-21.193372,1,60,1,117
-46.977185,-23.036462,1,60,1,141
-56.083526,-13.841667,1,60,1,186
-38.494988,-3.822703,1,60,1,338
-53.262861,-27.188482,1,60,1,238
-57.488995,-16.245007,1,60,1,106
-46.258971,-21.699084,1,60,1,108
-53.234721,-17.302574,1,60,0,143
-49.139891,-16.742335,1,60,1,285
-46.976264,-23.037217,1,60,1,321
-49.144164,-25.308692,1,60,0,21
-38.494293,-3.842748,1,60,1,3
-39.317282,-7.291371,1,60,1,153
-38.292508,-12.863876,1,60,1,36
-46.381055,-21.734876,1,60,2,63
-53.317138,-17.251665,1,60,0,137
-41.050008,-20.379660,1,60,1,141
-38.560971,-3.734860,1,60,1,258
-43.876499,-19.874854,1,60,1,105
-38.622015,-4.006708,1,60,1,198
-54.504834,-20.977846,1,60,0,7
-38.292607,-12.863807,1,60,1,215
-42.898082,-21.071973,1,60,0,28
-43.809073,-20.651651,1,60,1,351
-40.885878,-20.409848,1,60,1,310
-38.552871,-3.749287,1,60,1,312
-36.614664,-9.431644,1,60,0,141
-38.302862,-4.031843,1,60,1,332
-46.428867,-18.417643,1,60,1,168
-38.492008,-12.935946,1,60,1,33
-42.930022,-21.089675,1,60,0,45
-54.567459,-25.526997,1,60,1,45
-49.384038,-25.569641,1,60,1,218
-38.552943,-3.749265,1,60,1,132
-38.965133,-12.224230,1,60,1,352
-38.241750,-4.122125,1,60,1,147
-38.933120,-7.308907,1,60,2,89
-38.491775,-12.935517,1,60,1,215
-43.982507,-19.924004,1,60,1,73
-45.888192,-22.239215,1,60,1,107
-42.942253,-20.418237,1,60,0,51
-48.092978,-15.826004,1,60,1,340
-38.965231,-12.224201,1,60,1,172
-39.278944,-7.295505,1,60,0,91
-43.839798,-19.996523,1,60,1,80
-38.326743,-12.896579,1,60,1,24
-48.864701,-25.166773,1,60,1,223
-45.886295,-22.239664,1,60,1,293
-51.174976,-30.190411,1,60,1,20
-48.095119,-15.820560,1,60,1,340
-36.644161,-9.431660,1,60,1,261
-46.148703,-22.259386,1,60,2,94
-43.838876,-19.995344,1,60,1,234
-47.084416,-22.929068,1,60,1,235
-44.019740,-19.932845,1,60,1,57
-46.520062,-22.952377,1,60,0,139
-49.407840,-25.589009,1,60,1,231
-43.945595,-19.936020,1,60,1,330
-36.644111,-9.431684,1,60,1,81
-41.471314,-16.221243,1,60,1,9
-55.490344,-11.842313,1,60,1,194
-43.349246,-22.842570,1,60,1,4
-50.184315,-19.718406,1,60,1,89
-40.066501,-19.380088,1,60,1,6
-49.391011,-25.576275,1,60,1,49
-46.673586,-23.334063,1,60,0,96
-54.678413,-16.439087,1,60,1,306
-41.471263,-16.220909,1,60,1,189
-43.520389,-21.525499,1,60,1,173
-44.704610,-19.906361,1,60,0,1
-53.430279,-30.539057,1,60,0,122
-40.498553,-9.430598,1,60,2,155
-49.390625,-25.575849,1,60,1,230
-48.063683,-15.801896,1,60,1,72
-35.260924,-5.998064,1,60,1,158
-41.397198,-15.927577,1,60,0,34
-55.516927,-11.958300,1,60,1,180
-53.443664,-24.943523,1,60,1,237
-43.349814,-22.840378,1,60,1,169
-40.497136,-9.433593,1,60,2,155
-46.404286,-21.639096,1,60,1,170
-43.922812,-19.893499,1,60,1,268
-49.107636,-26.451327,1,60,2,359
-41.340569,-15.717672,1,60,2,21
-55.516934,-11.962013,1,60,1,359
-48.254005,-18.891984,1,60,1,122
-43.306618,-22.840486,1,60,2,101
-40.496040,-9.435912,1,60,2,155
-46.404243,-21.638996,1,60,1,350
-48.099547,-15.835152,1,60,1,331
-46.709425,-23.664846,1,60,1,144
-41.343793,-15.726360,1,60,0,1
-55.492204,-11.849622,1,60,2,14
-48.284431,-18.904190,1,60,1,75
-44.152179,-19.950797,1,60,1,218
-40.478065,-9.473825,1,60,2,155
-43.110545,-19.477109,1,60,1,260
-47.938349,-15.774475,1,60,1,264
-49.143921,-25.306255,1,60,0,131
-49.510140,-26.241316,1,60,1,234
-55.942205,-13.086368,1,60,1,23
-36.523766,-6.271740,1,60,2,17
-44.019816,-19.932750,1,60,1,57
-38.482324,-3.766671,1,60,1,354
-43.110537,-19.477145,1,60,1,80
-47.047214,-22.892474,1,60,1,17
-48.976301,-16.332573,1,60,1,290
-38.852585,-12.354288,1,60,0,110
-55.912772,-13.055473,1,60,1,224
-35.849262,-8.300276,1,60,1,280
-53.748779,-24.719941,1,60,1,91
-40.503018,-9.425191,1,60,2,101
-43.811703,-20.643507,1,60,1,329
-48.113658,-15.825153,1,60,1,145
-48.977100,-16.332343,1,60,1,110
-49.036973,-22.314449,1,60,1,76
-47.979960,-16.040155,1,60,1,188
-35.849025,-8.300427,1,60,1,101
-53.748782,-24.719809,1,60,1,271
-49.396474,-16.568549,1,60,1,323
-48.104902,-15.804226,1,60,1,324
-47.885687,-15.755328,1,60,1,163
-43.663547,-19.865844,1,60,1,26
-47.411623,-22.586683,1,60,1,27
-40.641583,-20.384011,1,60,1,85
-48.240711,-7.205323,1,60,1,216
-48.980684,-16.404823,1,60,1,66
-49.546404,-16.268586,1,60,1,341
-47.996047,-15.810975,1,60,1,251
-48.550794,-21.252979,1,60,1,302
-46.984754,-22.953832,1,60,1,181
-38.942983,-7.353105,1,60,1,28
-47.979532,-16.025769,1,60,1,169
-60.025097,-3.052856,1,60,1,3
-48.975989,-16.402284,1,60,1,246
-44.576156,-21.934543,1,60,1,269
-48.005728,-15.815325,1,60,1,69
-45.407147,-23.765572,1,60,2,141
-47.003173,-22.986188,1,60,1,354
-47.865908,-22.035499,1,60,1,97
-38.783760,-7.183413,1,60,2,43
-60.025217,-3.051957,1,60,1,183
-45.400825,-23.778350,1,60,1,318
-38.995996,-11.481559,1,60,2,21
-43.882647,-16.740217,1,60,1,13
-45.400861,-23.778370,1,60,1,138
-43.865681,-19.841798,1,60,2,95
-47.824757,-20.428778,1,60,1,107
-38.780350,-7.166687,1,60,1,187
-49.254101,-16.680024,1,60,1,73
-47.060227,-22.848158,1,60,1,157
-47.052360,-22.888023,1,60,1,82
-45.450097,-21.573602,1,60,1,339
-38.609051,-3.938916,1,60,1,195
-48.803152,-27.702873,1,60,0,48
-49.297068,-25.522721,1,60,1,176
-38.780020,-7.163613,1,60,1,185
-49.251559,-16.679276,1,60,1,73
-40.881712,-4.381039,1,60,1,25
-39.007865,-7.685676,1,60,2,156
-45.450209,-21.573629,1,60,1,159
-38.622079,-4.007010,1,60,1,18
-48.908680,-27.721194,1,60,0,125
-38.591382,-3.703911,1,60,1,315
-38.442313,-3.805797,1,60,1,315
-49.250960,-16.679094,1,60,1,73
-43.958056,-19.956023,1,60,1,147
-38.973818,-11.966188,1,60,2,178
-43.860862,-16.746658,1,60,2,141
-46.969626,-23.615355,1,60,1,95
-49.159499,-27.667435,1,60,0,139
-49.302132,-25.432664,1,60,1,247
-38.572891,-3.842026,1,60,1,284
-49.240788,-16.676133,1,60,1,73
-47.059785,-22.848338,1,60,1,344
-46.843218,-17.236532,1,60,1,291
-35.249432,-5.890513,1,60,1,78
-43.861246,-19.826270,1,60,0,135
-49.332032,-27.695947,1,60,2,88
-48.224301,-18.639345,1,60,0,135
-37.111777,-10.905901,1,60,1,261
-49.239627,-16.675794,1,60,1,73
-40.189576,-19.584190,1,60,1,203
-47.037636,-22.933148,1,60,2,179
-50.137432,-15.930874,1,60,2,149
-48.064440,-16.028468,1,60,1,122
-39.034869,-6.414041,1,60,1,270
-49.295924,-25.484312,1,60,1,202
-37.111805,-10.906024,1,60,1,81
-49.235259,-16.672998,1,60,1,37
-40.190396,-19.585989,1,60,1,23
-49.154385,-14.333735,1,60,2,12
-38.446812,-4.167248,1,60,1,74
-48.062333,-16.029578,1,60,1,302
-39.036452,-6.414131,1,60,1,90
-51.899452,-23.407663,1,60,1,229
-37.135540,-10.860337,1,60,1,175
-49.235683,-16.673375,1,60,1,217
-39.973350,-18.934026,1,60,1,25
-35.259059,-5.671811,1,60,2,46
-38.445910,-4.166973,1,60,1,253
-47.913050,-15.826596,1,60,1,233
-47.033237,-22.873657,1,60,1,61
-40.286195,-6.001894,1,60,1,150
-37.135454,-10.860189,1,60,1,355
-49.239102,-16.675520,1,60,1,253
-43.032709,-21.186089,1,60,0,44
-47.825473,-15.831655,1,60,1,325
-38.592134,-3.756819,1,60,1,298
-47.920672,-15.830665,1,60,1,53
-47.991987,-16.004417,1,60,1,259
-40.285773,-6.002918,1,60,1,341
-49.818033,-26.170752,1,60,0,174
-49.240609,-16.675963,1,60,1,253
-43.137718,-21.261681,1,60,0,123
-47.826758,-15.830134,1,60,1,154
-35.465101,-8.172992,1,60,1,107
-47.887809,-15.805207,1,60,1,218
-47.933401,-15.794487,1,60,1,359
-40.292736,-5.991085,1,60,1,305
-47.979084,-16.026856,1,60,1,349
-49.248129,-16.678267,1,60,1,73
-46.990126,-22.979922,1,60,1,9
-47.503745,-23.490852,1,60,1,69
-39.832400,-3.366251,1,60,1,102
-43.124449,-22.290049,1,60,2,49
-47.917365,-15.794989,1,60,1,197
-46.808104,-23.208278,1,60,1,85
-37.135600,-10.901839,1,60,1,106
-49.251413,-16.679102,1,60,1,253
-46.990307,-22.979907,1,60,1,189
-47.502390,-23.490175,1,60,1,249
-39.831845,-3.366342,1,60,1,282
-51.346009,-29.610594,1,60,1,120
-46.656651,-23.612098,1,60,1,41
-49.482736,-16.645675,1,60,1,90
-37.138406,-10.900968,1,60,1,286
-60.071774,-3.041814,1,60,1,219
-44.228542,-23.002551,1,60,1,219
-47.829266,-15.662977,1,60,0,102
-46.704650,-23.566908,1,60,1,163
-51.339750,-29.612072,1,60,1,297
-43.388970,-21.736858,1,60,1,299
-49.479029,-16.645341,1,60,1,270
-45.951511,-23.279563,1,60,1,185
-48.245254,-18.768090,1,60,1,198
-41.480907,-17.067465,1,60,0,71
-47.101669,-22.937972,1,60,1,229
-38.505109,-3.829510,1,60,1,181
-46.978375,-21.740870,1,60,2,53
-43.344505,-21.780747,1,60,1,347
-49.460404,-16.644372,1,60,1,90
-45.950649,-23.270548,1,60,1,186
-47.031952,-22.888376,1,60,1,40
-38.578676,-3.737910,1,60,1,82
-49.206514,-16.461544,1,60,1,12
-43.919473,-19.849274,1,60,1,36
-34.885933,-8.043217,1,60,1,65
-51.221686,-29.697664,1,60,1,111
-49.458051,-16.644115,1,60,1,270
-39.445039,-3.588534,1,60,2,117
-47.030899,-22.885996,1,60,1,341
-38.578749,-3.737641,1,60,1,262
-49.206762,-16.461488,1,60,1,192
-43.919583,-19.849172,1,60,1,219
-50.931736,-28.511379,1,60,1,44
-40.221893,-20.204958,1,60,1,67
-49.362093,-16.659414,1,60,1,91
-39.339602,-3.675658,1,60,2,74
-44.286164,-2.657616,1,60,1,172
-38.591207,-3.757321,1,60,1,299
-43.255963,-22.998411,1,60,1,285
-43.138284,-22.410435,1,60,1,210
-44.050347,-19.911410,1,60,1,44
-40.192775,-20.184031,1,60,1,215
-49.339948,-25.438956,1,60,1,249
-39.111889,-3.671916,1,60,2,88
-44.286106,-2.657308,1,60,1,352
-49.233903,-16.629364,1,60,1,29
-54.746811,-18.544541,1,60,2,26
-50.418811,-26.193127,1,60,2,72
-47.079750,-22.812117,1,60,2,14
-47.170411,-22.941213,1,60,1,45
-40.647889,-6.262902,1,60,2,88
-38.980233,-3.668220,1,60,2,126
-47.933239,-16.158638,1,60,1,146
-43.141659,-20.395120,1,60,0,97
-34.886893,-8.101364,1,60,1,24
-41.956540,-18.870394,1,60,1,212
-48.027525,-15.876650,1,60,1,155
-47.129721,-22.931300,1,60,1,214
-43.930554,-19.989962,1,60,1,124
-38.976561,-3.670227,1,60,1,96
-47.932843,-16.158748,1,60,1,325
-45.908199,-23.208134,1,60,1,34
-40.341506,-3.691607,1,60,1,169
-48.240686,-18.758445,1,60,1,181
-47.077670,-22.885213,1,60,1,208
-40.186393,-20.171641,1,60,1,183
-43.939092,-19.986842,1,60,1,100
-38.976553,-3.670134,1,60,1,276
-38.568550,-3.793230,1,60,1,36
-39.353061,-7.227661,1,60,1,266
-39.954659,-18.313077,1,60,1,292
-48.046208,-15.851987,1,60,1,331
-43.943829,-19.798106,1,60,1,67
-48.183918,-21.747907,1,60,1,162
-46.874926,-23.222414,1,60,1,12
-38.914731,-3.684799,1,60,2,107
-38.508376,-3.806560,1,60,1,189
-45.553270,-21.608092,1,60,2,146
-40.147549,-19.522609,1,60,1,223
-42.863835,-22.925030,1,60,1,57
-34.957236,-8.072062,1,60,1,73
-47.472519,-23.516980,1,60,1,320
-39.306400,-6.368732,1,60,1,0
-38.909726,-3.686265,1,60,2,105
-47.879813,-15.782740,1,60,1,1
-43.896129,-19.820502,1,60,1,90
-40.150165,-19.525226,1,60,1,43
-48.036782,-16.048776,1,60,1,110
-34.981850,-8.078379,1,60,1,80
-46.263280,-23.543223,1,60,1,99
-44.115096,-19.872553,1,60,1,319
-51.856188,-26.970660,1,60,1,52
-42.939616,-22.901108,1,60,1,137
-39.294569,-3.404333,1,60,1,182
-40.199336,-19.596212,1,60,1,222
-48.035996,-16.048734,1,60,1,280
-48.074500,-15.861218,1,60,1,244
-47.386640,-22.558280,1,60,1,251
-39.565040,-6.937333,1,60,1,315
-43.229047,-22.907669,1,60,1,265
-46.967011,-22.405860,1,60,1,327
-48.979277,-16.392574,1,60,1,174
-40.200861,-19.598001,1,60,1,26
-47.525166,-23.501520,1,60,1,127
-48.073684,-15.861258,1,60,1,64
-38.481414,-3.779650,1,60,1,175
-39.565297,-6.937088,1,60,1,135
-43.229035,-22.907784,1,60,1,85
-47.934728,-15.823533,1,60,1,326
-48.978747,-16.396019,1,60,1,353
-59.311499,-15.249188,1,60,1,339
-47.524139,-23.502079,1,60,1,308
-46.639928,-23.562648,1,60,1,6
-38.481201,-3.780484,1,60,1,355
-47.899675,-22.016608,1,60,1,277
-43.360648,-21.784424,1,60,2,55
-46.782709,-23.559578,1,60,1,196
-49.071139,-22.304992,1,60,1,11
-47.129235,-22.961905,1,60,1,63
-38.503109,-4.096963,1,60,1,342
-51.141924,-23.937179,1,60,1,20
-47.863161,-15.777370,1,60,1,147
-51.909251,-23.436950,1,60,1,210
-43.332318,-21.765262,1,60,2,105
-47.761936,-15.644671,1,60,1,64
-42.749061,-5.062705,1,60,1,183
-61.436090,-11.446318,1,60,1,286
-38.503631,-4.094963,1,60,1,181
-39.322085,-7.247877,1,60,1,0
-45.923663,-23.192310,1,60,1,87
-51.909104,-23.437001,1,60,1,30
-46.586340,-22.499255,1,60,0,157
-47.898159,-15.814062,1,60,1,225
-53.685682,-29.996273,1,60,1,172
-49.431501,-20.810097,1,60,1,47
-38.514299,-3.974915,1,60,1,354
-53.028226,-26.143457,1,60,2,139
-47.899077,-15.814965,1,60,1,49
-44.303295,-19.947680,1,60,0,57
-51.184367,-30.032785,1,60,1,202
-47.937038,-15.817751,1,60,1,351
-53.685642,-29.996246,1,60,1,352
-46.896012,-17.210822,1,60,1,95
-38.514471,-3.974195,1,60,1,173
-37.051869,-10.951125,1,60,1,191
-48.718837,-27.688888,1,60,0,98
-49.294028,-25.509552,1,60,1,6
-45.813408,-23.197197,1,60,2,184
-38.592649,-3.697588,1,60,1,295
-44.977483,-22.401340,1,60,1,55
-49.649847,-16.128157,1,60,1,320
-40.914012,-20.865697,1,60,0,95
-47.476544,-23.500549,1,60,1,244
-38.786733,-7.382295,1,60,1,290
-49.328633,-25.437675,1,60,1,95
-51.133277,-30.041715,1,60,1,248
-43.384749,-22.899540,1,60,1,112
-43.761869,-19.802115,1,60,1,2
-49.651417,-16.126467,1,60,1,142
-47.879734,-15.852666,1,60,2,129
-47.452391,-23.464500,1,60,1,184
-38.892953,-7.302047,1,60,2,255
-47.062664,-22.840252,1,60,1,169
-51.225760,-30.115097,1,60,1,152
-43.397061,-23.013462,1,60,0,82
-46.707409,-21.344882,1,60,0,35
-48.962325,-16.381336,1,60,1,357
-39.020497,-4.991576,1,60,1,67
-43.912374,-19.918575,1,60,1,234
-38.468636,-12.843765,1,60,1,21
-47.062825,-22.838594,1,60,1,347
-45.611923,-22.859157,1,60,0,104
-47.822178,-15.870160,1,60,1,11
-46.702540,-21.338112,1,60,0,197
-48.165137,-15.919359,1,60,1,195
-39.019330,-4.991033,1,60,1,247
-45.950244,-23.262732,1,60,1,358
-47.132772,-22.947394,1,60,0,19
-47.180852,-23.086557,1,60,1,296
-46.947222,-22.380069,1,60,1,89
-47.000520,-22.963560,1,60,1,270
-38.567633,-4.516917,1,60,1,36
-48.165185,-15.920052,1,60,1,15
-45.775116,-23.133616,1,60,1,252
-43.993844,-19.935529,1,60,1,20
-51.940601,-23.431584,1,60,1,156
-51.474315,-25.370034,1,60,1,180
-51.146114,-30.068155,1,60,1,290
-46.181737,-23.957726,1,60,1,56
-39.595547,-5.527609,1,60,1,339
-48.963495,-16.371055,1,60,1,176
-48.942495,-16.294666,1,60,1,174
-34.883179,-8.041525,1,60,1,245
-43.928349,-19.939319,1,60,1,263
-49.294662,-25.498698,1,60,1,12
-48.313421,-18.915497,1,60,1,140
-39.386078,-6.447332,1,60,0,69
-48.977238,-16.354819,1,60,1,207
-45.857025,-23.212135,1,60,1,2
-45.073335,-22.124912,1,60,0,84
-34.867440,-7.968192,1,60,1,135
-47.089335,-22.908914,1,60,1,259
-50.654255,-25.178646,1,60,1,85
-43.176028,-22.952670,1,60,1,32
-45.411714,-19.850652,1,60,1,217
-48.977751,-16.355902,1,60,1,28
-47.074563,-22.903672,1,60,1,284
-49.384881,-25.570783,1,60,1,37
-34.866679,-7.969361,1,60,1,0
-48.107265,-15.821706,1,60,1,153
-39.286245,-7.296874,1,60,2,66
-51.199539,-30.043785,1,60,1,314
-49.821551,-23.686781,1,60,2,133
-48.981741,-16.361282,1,60,1,221
-46.773558,-23.526021,1,60,1,10
-46.547437,-23.729321,1,60,1,327
-34.966658,-8.074804,1,60,1,253
-48.831484,-26.354284,1,60,1,180
-39.189935,-7.260398,1,60,2,54
-51.219814,-30.090928,1,60,1,220
-44.951747,-21.188149,1,60,1,34
-48.982426,-16.362170,1,60,1,40
-50.925633,-28.505845,1,60,1,44
-43.192630,-19.839320,1,60,0,113
-34.969091,-8.075668,1,60,1,77
-48.831372,-26.351280,1,60,1,1
-39.166010,-7.247608,1,60,2,96
-51.133250,-30.041829,1,60,1,68
-44.949555,-21.185977,1,60,1,228
-48.938990,-25.865126,1,60,1,56
-48.200851,-15.686697,1,60,1,95
-35.749502,-8.241006,1,60,1,55
-51.160850,-29.726662,1,60,1,266
-43.963434,-19.963418,1,60,1,155
-39.094044,-7.258450,1,60,1,119
-51.121051,-30.031721,1,60,1,8
-49.398883,-16.566110,1,60,1,144
-39.307505,-6.379734,1,60,1,200
-46.591491,-23.677301,1,60,1,227
-46.934171,-19.694392,1,60,0,180
-51.161315,-29.726795,1,60,1,86
-45.865482,-23.182502,1,60,1,152
-39.092920,-7.259046,1,60,1,299
-51.119840,-30.022057,1,60,1,5
-43.809340,-20.650408,1,60,1,171
-39.307658,-6.380217,1,60,1,20
-48.057896,-15.799898,1,60,1,248
-43.195952,-22.984726,1,60,1,93
-47.201495,-23.089053,1,60,1,119
-47.386663,-23.446675,1,60,1,358
-43.993881,-19.935421,1,60,1,202
-51.121178,-30.031546,1,60,1,188
-43.017392,-22.941300,1,60,1,45
-43.521346,-20.403375,1,60,2,143
-48.059852,-15.800531,1,60,1,252
-46.525547,-22.982830,1,60,1,322
-47.043973,-22.866316,1,60,1,190
-38.521038,-3.802741,1,60,1,38
-38.596070,-4.554939,1,60,2,45
-37.799338,-4.530238,1,60,1,358
-43.008401,-22.924880,1,60,2,53
-46.436898,-22.065304,1,60,2,33
-48.063052,-15.801566,1,60,1,252
-46.525552,-22.982965,1,60,1,140
-38.588036,-3.775156,1,60,1,153
-43.231697,-22.910203,1,60,1,271
-38.595590,-4.554215,1,60,2,45
-37.800174,-4.501063,1,60,1,358
-51.221116,-29.697760,1,60,1,291
-40.835529,-3.118145,1,60,2,170
-48.065668,-15.871288,1,60,1,252
-46.533747,-22.973342,1,60,1,332
-51.516124,-29.246178,1,60,2,166
-51.438860,-29.205678,1,60,1,89
-38.615862,-4.581275,1,60,1,45
-47.055934,-22.856427,1,60,1,325
-47.666271,-15.620726,1,60,0,273
-40.336127,-3.707483,1,60,1,348
-60.083197,-3.076789,1,60,1,73
-49.694185,-21.039261,1,60,1,58
-47.077391,-22.905349,1,60,1,302
-51.434823,-29.204345,1,60,1,211
-38.616243,-4.581855,1,60,1,225
-50.958263,-28.489170,1,60,1,316
-47.219798,-23.078633,1,60,1,239
-40.337583,-3.703711,1,60,1,153
-60.077824,-3.078259,1,60,1,328
-49.696482,-21.040316,1,60,1,239
-38.560854,-3.757238,1,60,1,257
-48.116463,-15.805212,1,60,1,152
-38.479373,-3.812735,1,60,1,38
-50.963525,-28.480204,1,60,1,142
-38.462913,-3.876320,1,60,1,330
-40.341097,-3.693125,1,60,1,349
-46.547573,-23.729284,1,60,1,149
-47.989641,-15.811758,1,60,1,99
-38.568125,-3.792448,1,60,1,218
-48.115997,-15.805672,1,60,1,332
-47.434203,-23.463156,1,60,1,135
-47.986296,-15.828183,1,60,1,244
-43.542638,-22.900174,1,60,1,45
-40.345824,-3.683656,1,60,1,115
-49.061400,-22.327950,1,60,1,324
-46.325130,-23.523508,1,60,1,310
-38.573573,-3.807990,1,60,1,198
-48.109774,-15.797833,1,60,1,325
-47.451884,-23.459365,1,60,1,4
-48.322414,-18.895902,1,60,0,1
-40.533382,-20.732902,1,60,2,34
-40.346328,-3.683268,1,60,1,296
-40.291548,-20.313221,1,60,1,294
-42.629507,-22.887460,1,60,0,56
-38.573534,-3.808314,1,60,1,18
-48.108879,-15.806159,1,60,1,324
-38.136796,-5.149520,1,60,1,275
-48.317260,-18.886932,1,60,2,21
-43.947984,-19.978770,1,60,1,19
-40.825712,-3.128473,1,60,2,88
-46.542812,-23.681921,1,60,1,236
-39.255305,-7.304675,1,60,1,74
-47.836104,-15.816703,1,60,1,116
-48.110032,-15.804900,1,60,1,144
-38.143614,-5.149151,1,60,1,93
-44.599606,-19.968962,1,60,1,359
-43.951323,-19.971206,1,60,1,293
-40.824627,-3.128455,1,60,2,89
-48.957131,-16.347222,1,60,1,27
-35.393393,-8.145906,1,60,1,248
-47.483524,-23.486032,1,60,1,119
-48.116730,-15.819367,1,60,1,160
-40.915931,-3.870329,1,60,1,177
-43.913476,-19.919383,1,60,1,57
-46.999594,-22.698608,1,60,1,285
-46.469586,-23.685206,1,60,1,359
-48.954297,-16.341371,1,60,1,206
-35.393174,-8.145941,1,60,1,68
-46.542292,-23.441484,1,60,1,123
-48.115976,-15.820684,1,60,1,338
-40.890737,-3.913038,1,60,1,156
-43.897992,-19.999376,1,60,1,80
-46.986443,-22.708309,1,60,1,288
-46.469654,-23.677780,1,60,1,359
-48.961295,-16.359172,1,60,1,14
-39.254962,-7.304558,1,60,1,254
-35.275574,-5.588893,1,60,2,139
-48.118505,-15.814204,1,60,1,340
-44.048552,-19.598417,1,60,1,131
-48.933406,-16.351018,1,60,1,312
-38.560684,-3.832786,1,60,1,196
-49.054445,-26.478142,1,60,1,269
-48.953608,-16.340399,1,60,1,23
-44.486653,-20.185091,1,60,2,132
-43.774429,-19.809450,1,60,1,93
-44.115507,-19.926877,1,60,1,91
-40.915899,-3.870321,1,60,1,357
-43.128795,-22.375475,1,60,2,23
-50.157801,-25.111846,1,60,1,317
-40.324450,-20.112407,1,60,1,119
-47.920539,-15.781020,1,60,1,288
-44.534766,-20.126876,1,60,1,147
-35.265825,-5.704667,1,60,2,24
-48.104185,-15.812591,1,60,1,144
-40.890681,-3.913108,1,60,1,335
-47.979608,-15.845657,1,60,1,298
-48.059531,-16.003324,1,60,1,3
-50.653933,-23.199225,1,60,2,163
-38.762497,-3.648456,1,60,1,90
-44.033925,-19.876000,1,60,1,219
-47.533845,-23.367295,1,60,2,165
-48.103681,-15.812931,1,60,1,324
-49.113546,-26.480804,1,60,2,86
-43.365592,-22.973164,1,60,1,270
-47.171456,-22.747141,1,60,1,133
-38.942965,-7.352981,1,60,1,208
-46.191525,-23.560436,1,60,1,143
-43.355005,-21.741106,1,60,1,166
-48.474995,-22.890776,1,60,1,240
-48.099580,-15.811226,1,60,1,324
-44.207979,-21.069103,1,60,0,66
-50.991169,-26.741703,1,60,1,14
-47.174096,-22.739532,1,60,1,359
-39.017834,-7.548402,1,60,2,202
-48.944424,-16.313279,1,60,1,193
-47.853775,-15.804238,1,60,1,273
-45.625070,-22.956103,1,60,0,57
-48.100616,-15.810137,1,60,1,145
-50.148961,-25.142867,1,60,1,145
-46.995164,-22.966037,1,60,1,349
-47.893959,-15.812142,1,60,1,45
-48.509346,-25.015109,1,60,1,195
-48.942141,-16.296214,1,60,1,352
-48.935596,-25.870073,1,60,1,243
-47.680869,-23.270839,1,60,2,67
-48.105692,-15.835351,1,60,1,324
-51.598493,-29.952922,1,60,1,72
-46.995324,-22.965888,1,60,1,176
-43.943861,-19.798015,1,60,1,245
-38.463531,-4.352694,1,60,2,139
-38.668189,-3.873265,1,60,1,45
-43.197125,-22.976808,1,60,1,285
-47.913825,-15.798607,1,60,1,37
-48.091171,-15.831119,1,60,1,340
-38.450709,-3.805634,1,60,1,266
-34.844736,-7.912801,1,60,2,9
-47.932900,-15.790299,1,60,1,198
-38.481925,-4.331159,1,60,1,139
-38.667687,-3.872377,1,60,1,225
-47.861184,-15.781846,1,60,1,343
-47.881535,-15.814649,1,60,1,174
-48.098992,-15.822923,1,60,1,160
-38.452355,-3.805863,1,60,1,82
-43.366243,-22.973573,1,60,1,90
-38.541728,-3.780399,1,60,1,107
-40.110613,-19.468848,1,60,1,214
-38.673240,-3.878226,1,60,1,224
-47.073492,-22.918954,1,60,1,52
-38.568696,-3.815730,1,60,1,139
-46.773896,-23.525856,1,60,1,190
-38.477162,-3.808129,1,60,1,87
-51.218126,-30.130713,1,60,1,345
-38.532990,-3.828126,1,60,1,280
-46.818025,-23.529941,1,60,1,9
-38.673748,-3.878923,1,60,1,44
-47.192019,-22.889764,1,60,1,154
-38.533414,-3.828201,1,60,1,101
-46.558899,-23.505204,1,60,1,174
-38.460698,-3.807522,1,60,1,79
-51.218483,-30.130050,1,60,1,163
-38.509615,-3.829771,1,60,1,283
-53.056319,-25.766431,1,60,2,171
-38.594068,-3.872132,1,60,1,17
-51.122767,-30.076793,1,60,1,285
-38.509714,-3.829867,1,60,1,105
-38.507015,-4.433775,1,60,1,16
-38.460698,-3.807481,1,60,1,259
-49.087018,-26.821363,1,60,1,170
-38.479298,-3.802774,1,60,1,355
-49.039919,-22.337572,1,60,1,73
-50.441853,-21.222406,1,60,1,85
-42.970604,-22.905586,1,60,1,239
-43.927046,-22.919842,1,60,0,72
-47.902748,-22.016653,1,60,1,95
-47.201522,-23.088886,1,60,1,289
-40.529916,-20.638710,1,60,0,27
-47.045677,-22.905992,1,60,1,95
-48.944304,-16.313341,1,60,1,11
-47.511638,-23.452115,1,60,1,135
-47.058268,-22.926678,1,60,1,229
-47.478178,-23.467618,1,60,1,344
-47.905330,-22.029436,1,60,1,325
-38.388864,-3.934702,1,60,1,182
-44.155855,-19.943753,1,60,1,290
-46.959826,-22.360256,1,60,1,110
-46.428597,-18.418806,1,60,1,348
-45.865423,-23.182482,1,60,1,333
-53.454939,-24.973035,1,60,1,184
-46.945937,-22.393271,1,60,1,20
-47.919910,-22.006172,1,60,1,122
-38.388750,-3.935384,1,60,1,358
-51.176062,-30.062276,1,60,1,83
-46.943915,-22.387180,1,60,1,16
-42.074254,-18.954300,1,60,1,224
-47.055379,-22.857861,1,60,1,135
-45.803119,-20.469497,1,60,2,112
-46.946664,-22.394739,1,60,1,200
-43.964365,-19.834955,1,60,1,24
-51.210955,-29.701306,1,60,1,111
-51.146533,-30.068240,1,60,1,113
-46.948873,-22.399785,1,60,1,203
-43.100304,-19.842265,1,60,0,21
-46.742843,-23.539662,1,60,1,134
-48.272024,-18.880292,1,60,1,305
-46.950965,-22.409717,1,60,1,176
-46.786554,-23.204456,1,60,1,144
-38.242962,-4.139869,1,60,1,150
-51.138644,-30.005475,1,60,1,230
-46.952716,-22.423569,1,60,0,179
-38.532467,-3.817287,1,60,1,216
-47.112278,-22.951156,1,60,1,225
-43.319056,-19.698605,1,60,1,184
-46.949998,-22.379891,1,60,1,270
-46.704917,-23.624272,1,60,1,71
-47.904565,-15.820465,1,60,1,233
-51.138745,-30.005752,1,60,1,51
-46.934463,-22.362590,1,60,1,169
-43.798860,-20.671649,1,60,2,133
-47.112291,-22.951375,1,60,1,45
-47.880767,-15.750845,1,60,1,343
-46.952353,-22.350297,1,60,1,225
-47.964600,-16.105857,1,60,1,21
-47.411825,-22.586824,1,60,1,207
-51.107243,-30.040944,1,60,1,100
-47.934616,-15.778418,1,60,1,108
-43.802712,-20.658047,1,60,0,161
-46.223187,-23.526432,1,60,1,151
-47.399346,-23.430742,1,60,1,131
-49.385145,-20.785914,1,60,1,46
-43.899703,-19.903505,1,60,1,318
-47.380129,-22.585290,1,60,1,118
-51.104907,-30.041395,1,60,1,289
-44.036878,-22.938404,1,60,1,96
-43.813490,-20.635415,1,60,0,16
-43.393755,-22.899373,1,60,1,274
-49.872192,-26.180584,1,60,1,46
-38.491755,-3.746915,1,60,1,38
-43.899815,-19.903604,1,60,1,125
-46.559345,-23.690395,1,60,1,115
-51.244125,-30.076738,1,60,1,225
-47.904532,-15.820580,1,60,1,53
-43.810058,-20.629466,1,60,0,33
-46.848017,-23.201969,1,60,1,261
-49.870471,-26.179382,1,60,1,243
-47.887717,-15.805269,1,60,1,37
-43.908232,-19.912313,1,60,1,345
-46.575700,-22.435845,1,60,0,17
-51.165033,-30.028176,1,60,1,87
-47.467235,-23.546579,1,60,1,158
-43.275256,-19.849639,1,60,0,84
-46.838573,-23.208233,1,60,1,122
-47.912087,-16.246500,1,60,1,253
-47.960748,-15.864006,1,60,1,242
-42.776679,-5.081216,1,60,1,95
-45.952191,-23.283698,1,60,1,17
-51.155177,-30.057699,1,60,1,116
-48.091560,-15.810684,1,60,1,246
-47.075551,-23.150160,1,60,2,107
-46.279936,-23.541314,1,60,1,267
-47.912074,-16.246613,1,60,1,73
-48.092667,-15.811412,1,60,1,68
-42.776363,-5.081128,1,60,1,267
-47.047808,-22.947554,1,60,1,206
-51.176749,-30.044481,1,60,1,219
-48.075520,-15.841531,1,60,1,179
-43.217302,-19.854303,1,60,0,165
-35.443524,-8.163822,1,60,1,62
-47.937362,-16.253259,1,60,1,251
-48.075123,-15.845184,1,60,1,359
-43.909275,-19.910478,1,60,1,154
-39.306542,-6.366140,1,60,1,180
-51.128437,-30.196246,1,60,2,326
-38.568310,-3.724685,1,60,1,198
-47.731592,-23.117410,1,60,1,108
-42.551224,-22.854048,1,60,2,264
-47.937321,-16.253355,1,60,1,74
-47.137362,-22.935375,1,60,1,82
-48.060113,-16.012988,1,60,1,183
-43.953848,-19.940767,1,60,1,354
-43.922061,-19.929433,1,60,1,222
-44.004225,-19.976394,1,60,1,225
-47.764611,-23.105155,1,60,1,155
-51.946642,-23.436090,1,60,1,233
-47.092795,-22.893860,1,60,1,82
-46.196799,-23.555347,1,60,1,285
-43.921795,-19.929358,1,60,1,45
-39.321492,-7.208824,1,60,1,203
-38.585216,-3.741889,1,60,1,177
-38.586172,-3.846489,1,60,1,197
-46.820840,-23.208808,1,60,1,238
-47.228274,-23.092873,1,60,1,200
-38.856968,-3.617067,1,60,1,127
-38.594265,-3.873240,1,60,1,17
-38.305364,-12.873769,1,60,1,47
-39.292746,-6.776279,1,60,2,16
-43.998258,-19.970486,1,60,1,258
-50.138605,-25.064722,1,60,1,47
-48.057117,-15.819391,1,60,1,344
-48.099260,-15.821633,1,60,1,340
-38.856136,-3.617638,1,60,1,307
-47.937229,-15.817518,1,60,1,171
-45.979944,-23.291198,1,60,1,352
-38.565523,-3.817562,1,60,1,296
-43.998428,-19.970636,1,60,1,65
-49.237684,-16.665127,1,60,1,343
-38.567104,-4.516110,1,60,1,216
-47.882926,-15.768252,1,60,1,347
-43.951284,-19.971138,1,60,1,293
-38.483042,-3.758718,1,60,1,355
-38.507024,-4.433697,1,60,1,196
-38.554276,-3.822249,1,60,1,287
-50.177290,-25.097955,1,60,1,254
-42.890828,-22.755393,1,60,1,51
-47.104608,-22.916726,1,60,1,50
-46.516345,-23.652077,1,60,1,270
-47.435675,-23.461136,1,60,1,322
-42.888002,-22.755699,1,60,1,298
-47.917934,-15.800945,1,60,1,239
-47.380929,-22.559227,1,60,1,191
-46.730024,-22.640587,1,60,2,12
-42.801573,-22.735877,1,60,1,289
-47.421832,-23.479264,1,60,1,176
-47.043821,-22.860632,1,60,1,354
-47.431580,-23.464107,1,60,1,288
-43.321388,-22.928348,1,60,1,225
-48.057938,-15.817044,1,60,1,167
-47.380693,-22.562706,1,60,1,1
-43.904335,-19.999240,1,60,1,136
-47.044513,-22.906079,1,60,1,279
-39.037116,-7.294557,1,60,1,290
-45.864135,-23.199582,1,60,1,336
-37.063667,-10.951664,1,60,1,100
-46.530314,-23.658766,1,60,1,154
-37.045587,-10.950788,1,60,1,187
-39.321315,-6.327196,1,60,1,325
-43.881308,-19.996477,1,60,1,69
-47.252725,-22.818661,1,60,1,262
-37.043378,-10.926941,1,60,1,341
-43.541265,-22.898672,1,60,1,225
-47.786792,-15.761642,1,60,1,92
-49.310329,-16.749891,1,60,1,66
-37.043779,-10.926122,1,60,1,160
-39.321914,-6.326382,1,60,1,145
-43.359961,-21.744624,1,60,1,92
-49.036853,-22.314329,1,60,1,256
-47.858006,-15.791835,1,60,1,315
-47.824604,-20.428792,1,60,1,287
-48.833290,-26.274980,1,60,1,219
-46.521123,-22.986556,1,60,1,108
-38.369161,-3.958780,1,60,1,114
-47.881750,-15.767562,1,60,1,347
-43.417437,-21.705752,1,60,1,318
-46.533742,-22.973560,1,60,1,149
-38.592190,-3.756864,1,60,1,118
-47.051543,-22.929299,1,60,1,259
-48.828551,-26.238967,1,60,1,57
-34.892144,-8.080136,1,60,1,189
-43.945658,-19.936126,1,60,1,135
-47.881803,-15.767835,1,60,1,167
-43.380417,-21.736684,1,60,1,280
-46.784010,-23.521361,1,60,1,282
-50.158333,-25.076896,1,60,1,297
-47.939705,-15.864354,1,60,1,76
-47.092452,-22.607585,1,60,2,303
-47.918974,-15.829296,1,60,1,233
-60.065019,-3.028216,1,60,1,44
-38.494378,-3.842587,1,60,1,183
-44.013593,-19.973525,1,60,1,136
-47.984281,-15.866464,1,60,1,74
-46.961213,-23.092864,1,60,2,64
-47.935539,-15.859075,1,60,1,39
-47.335603,-22.753313,1,60,1,25
-45.918863,-23.247627,1,60,1,12
-47.894574,-22.003866,1,60,1,286
-38.562547,-3.841561,1,60,1,192
-44.901489,-19.765183,1,60,1,37
-40.175753,-20.104026,1,60,2,176
-47.919405,-21.992371,1,60,1,140
-48.095934,-15.830345,1,60,1,340
-47.344976,-22.769832,1,60,1,41
-37.051762,-10.951149,1,60,1,12
-46.493597,-23.450064,1,60,1,340
-39.447560,-6.105974,1,60,1,315
-44.900829,-19.764346,1,60,1,216
-37.063643,-10.951517,1,60,1,281
-46.376467,-23.484493,1,60,1,258
-48.027047,-16.022986,1,60,1,236
-47.317065,-22.734415,1,60,1,140
-46.263325,-23.543127,1,60,1,279
-34.881334,-7.936591,1,60,1,135
-39.551087,-5.512238,1,60,1,84
-44.931469,-21.969130,1,60,2,133
-46.279931,-23.541401,1,60,1,87
-38.589944,-3.767826,1,60,1,208
-46.556363,-22.968952,1,60,1,242
-47.306519,-22.745818,1,60,1,140
-46.299911,-23.537422,1,60,1,292
-38.586820,-3.793204,1,60,1,337
-46.697177,-23.607281,1,60,1,14
-44.064768,-19.793930,1,60,1,306
-40.193503,-20.185008,1,60,1,42
-47.106804,-22.859796,1,60,1,142
-46.549911,-22.966359,1,60,1,276
-51.116622,-29.983001,1,60,1,45
-45.995819,-23.311352,1,60,1,97
-38.573061,-3.729079,1,60,2,68
-38.503807,-3.833289,1,60,1,334
-46.330072,-23.405711,1,60,1,162
-48.087684,-15.869554,1,60,1,64
-37.060110,-10.982628,1,60,1,296
-38.502423,-3.783292,1,60,1,15
-46.329832,-23.405479,1,60,1,342
-44.277626,-2.504260,1,60,1,47
-46.414702,-23.919073,1,60,1,307
-49.942616,-21.236158,1,60,0,15
-35.197762,-8.110171,1,60,1,77
-44.277553,-2.503979,1,60,1,224
-47.543117,-22.320653,1,60,2,11
-38.502529,-3.783366,1,60,1,195
-43.939818,-19.954765,1,60,1,33
-38.521158,-3.802609,1,60,1,218
-47.345167,-22.720422,1,60,1,340
-45.393001,-22.894019,1,60,1,242
-43.939997,-19.954688,1,60,1,213
-38.531582,-3.797335,1,60,1,158
-47.345267,-22.720427,1,60,1,160
-47.893744,-15.811772,1,60,1,225
-34.872334,-7.948855,1,60,1,250
-49.036421,-22.336483,1,60,1,253
-47.360984,-22.727923,1,60,1,162
-46.539453,-23.628775,1,60,1,156
-54.563483,-25.557839,1,60,1,330
-38.567341,-3.804671,1,60,1,287
-39.306852,-6.356865,1,60,1,4
-47.870418,-15.814502,1,60,1,242
-47.821491,-19.658092,1,60,2,46
-38.587839,-3.800492,1,60,1,223
-39.306907,-6.356551,1,60,1,184
-46.496623,-23.655641,1,60,1,240
-47.266346,-22.805778,1,60,2,120
-38.585554,-3.804284,1,60,1,122
-40.294756,-5.988465,1,60,1,161
-48.828710,-26.305171,1,60,1,224
-50.037116,-24.867547,1,60,1,232
-38.510218,-3.811129,1,60,1,225
-40.654091,-5.175666,1,60,1,157
-43.359483,-21.778763,1,60,1,47
-50.037854,-24.868441,1,60,1,51
-38.532910,-3.818173,1,60,1,36
-40.653984,-5.175829,1,60,1,337
-48.824886,-26.304610,1,60,1,31
-51.516890,-21.476183,1,60,1,259
-38.553532,-3.805778,1,60,1,16
-53.411669,-24.961366,1,60,1,303
-44.042934,-19.928083,1,60,1,331
-51.234866,-29.689196,1,60,1,137
-38.552152,-3.800781,1,60,1,196
-53.412373,-24.961347,1,60,1,130
-38.504590,-3.757545,1,60,1,180
-47.122733,-22.958591,1,60,1,71
-38.550538,-3.795907,1,60,1,17
-47.339293,-22.741922,1,60,1,68
-47.890704,-15.806751,1,60,1,40
-47.095068,-22.918247,1,60,1,323
-38.549173,-3.791060,1,60,1,197
-47.316972,-22.734360,1,60,1,320
-46.649994,-23.581256,1,60,1,231
-44.039415,-19.612529,1,60,1,183
-43.144294,-22.459414,1,60,2,203
-47.308759,-22.731973,1,60,1,255
-47.909710,-15.822743,1,60,1,53
-44.039452,-19.613887,1,60,1,3
-43.144660,-22.445371,1,60,2,16
-47.335681,-22.753288,1,60,1,207
-43.373059,-22.883981,1,60,1,40
-43.950528,-19.888075,1,60,1,327
-43.136782,-22.427893,1,60,2,164
-47.345108,-22.769755,1,60,1,225
-47.908873,-15.822003,1,60,1,233
-43.949470,-19.895707,1,60,1,161
-47.020384,-22.890673,1,60,1,230
-48.294490,-18.925266,1,60,1,232
-38.384516,-12.946198,1,60,1,346
-43.948340,-19.897157,1,60,1,323
-47.023262,-22.868382,1,60,1,44
-48.269025,-18.915254,1,60,1,48
-43.380858,-21.738728,1,60,1,44
-51.234444,-29.689457,1,60,1,317
-47.026765,-22.870595,1,60,1,55
-48.269119,-18.915129,1,60,1,228
-38.566539,-3.785367,1,60,1,196
-43.970335,-19.930985,1,60,1,107
-47.028511,-22.871586,1,60,1,234
-48.261875,-18.924353,1,60,1,323
-43.953925,-19.940854,1,60,1,175
-44.000430,-19.938439,1,60,1,240
-47.864433,-15.733533,1,60,1,315
-48.262076,-18.924419,1,60,1,155
-38.481976,-3.815804,1,60,1,37
-44.000290,-19.938433,1,60,1,52
-48.767770,-27.516849,1,60,1,183
-50.404018,-26.191444,1,60,2,85
-43.955457,-19.964055,1,60,1,141
-38.556210,-3.814660,1,60,1,17
-47.489950,-23.529140,1,60,1,168
-51.227210,-30.108057,1,60,1,344
-38.241579,-4.122335,1,60,1,327
-46.968560,-22.441743,1,60,1,59
-47.491004,-23.520686,1,60,1,195
-39.182275,-5.138866,1,60,1,61
-43.964740,-19.892652,1,60,1,165
-46.365793,-23.407830,1,60,1,196
-47.500333,-23.527086,1,60,1,31
-39.180993,-5.138259,1,60,1,248
-47.494317,-23.489056,1,60,1,228
-46.354568,-23.400347,1,60,1,278
-47.447618,-23.469332,1,60,0,65
-47.360917,-22.727901,1,60,1,339
-43.964528,-19.892883,1,60,1,354
-46.344360,-23.400344,1,60,1,250
-42.919926,-22.933034,1,60,1,284
-47.400906,-22.543995,1,60,1,280
-47.477929,-23.468935,1,60,1,164
-43.922828,-19.855148,1,60,1,22
-47.907460,-15.736861,1,60,1,71
-47.400154,-22.544244,1,60,1,100
-46.494533,-23.430026,1,60,1,187
-44.035419,-19.933489,1,60,1,147
-47.423998,-23.482289,1,60,1,315
-47.306431,-22.745755,1,60,1,320
-38.303025,-4.031681,1,60,1,152
-47.415911,-22.594118,1,60,1,26
-47.421701,-23.479051,1,60,1,348
-47.923586,-18.146010,1,60,1,38
-46.818104,-23.530192,1,60,1,189
-43.923017,-19.855196,1,60,1,202
-47.463300,-23.560126,1,60,1,355
-47.920215,-18.141853,1,60,1,218
-51.136933,-30.073852,1,60,1,302
-44.013506,-19.973475,1,60,1,335
-47.460535,-23.567692,1,60,1,115
-47.918756,-18.140234,1,60,1,38
-46.474098,-23.663001,1,60,1,264
-43.935713,-19.904975,1,60,1,70
-47.432665,-23.491304,1,60,1,240
-47.915521,-18.137596,1,60,1,253
-46.486806,-18.353120,1,60,0,115
-43.986812,-19.947898,1,60,1,294
-47.438466,-23.490613,1,60,1,41
-47.908821,-18.135738,1,60,1,72
-51.225709,-30.114910,1,60,1,331
-43.987280,-19.947847,1,60,1,138
-49.098485,-26.505340,1,60,2,73
-47.908848,-18.135649,1,60,1,252
-35.817575,-6.332446,1,60,1,90
-43.927205,-19.937326,1,60,1,330
-47.892068,-15.722818,1,60,1,251
-38.554658,-3.822244,1,60,1,107
-47.379189,-22.550425,1,60,1,192
-49.931977,-24.554431,1,60,1,299
-49.065005,-26.489149,1,60,1,269
-47.062846,-22.835408,1,60,1,221
-47.973578,-15.836014,1,60,1,125
-50.651425,-25.178127,1,60,1,257
-38.504414,-3.757106,1,60,1,359
-47.823945,-15.664047,1,60,0,102
-47.414931,-22.551506,1,60,1,311
-47.874697,-22.034306,1,60,1,98
-49.096741,-26.506841,1,60,2,79
-47.123839,-22.849737,1,60,1,101
-43.372122,-22.882730,1,60,1,41
-43.907224,-19.835778,1,60,1,13
-49.076319,-26.496012,1,60,2,84
-47.123646,-22.849680,1,60,1,282
-47.416341,-22.550356,1,60,1,136
-53.736188,-24.743304,1,60,1,180
-47.854391,-15.801663,1,60,1,287
-48.849338,-25.115220,1,60,1,97
-38.580744,-3.784717,1,60,1,57
-38.508265,-3.806611,1,60,1,8
-43.957021,-19.865235,1,60,1,340
-48.448130,-24.953531,1,60,1,300
-49.364480,-20.795847,1,60,1,45
-44.554847,-20.061886,1,60,0,64
-43.376104,-23.011460,1,60,0,265
-38.585023,-3.741996,1,60,1,356
-38.580233,-3.784249,1,60,1,238
-44.533002,-20.129349,1,60,1,327
-44.026406,-19.941561,1,60,1,353
-45.948641,-20.467711,1,60,2,34
-43.884954,-19.811991,1,60,1,357
-43.967296,-19.889361,1,60,1,145
-42.807044,-22.739211,1,60,1,357
-43.967096,-19.889301,1,60,1,325
-47.003258,-22.986207,1,60,1,176
-43.999807,-19.874451,1,60,1,210
-47.044415,-22.868362,1,60,1,191
-47.380208,-22.568439,1,60,1,170
-43.885083,-19.811983,1,60,1,180
-47.381125,-22.584657,1,60,1,298
-38.479472,-3.802164,1,60,1,173
-47.910011,-15.773173,1,60,1,14
-47.044154,-22.929613,1,60,1,132
-43.950829,-19.882960,1,60,1,173
-38.481130,-3.749107,1,60,1,22
-49.329748,-25.435604,1,60,1,250
-47.180657,-23.086719,1,60,1,113
-43.911509,-19.841815,1,60,1,33
-46.563889,-23.616380,1,60,1,270
-43.910436,-19.840250,1,60,1,213
-38.616936,-3.692761,1,60,1,262
-43.904445,-19.831943,1,60,1,32
-51.122662,-30.077012,1,60,1,103
-43.907363,-19.835731,1,60,1,193
-47.225477,-23.077421,1,60,1,353
-43.903662,-19.830387,1,60,1,197
-34.888140,-8.107807,1,60,1,24
-49.235262,-25.386262,1,60,1,219
-40.492284,-9.402545,1,60,1,255
-49.256301,-25.413492,1,60,1,80
-34.891151,-8.080801,1,60,1,317
-47.414010,-22.590625,1,60,1,205
-47.226207,-23.078307,1,60,1,125
-38.698405,-4.694933,1,60,1,38
-43.963230,-19.963575,1,60,1,326
-39.484994,-5.400624,1,60,1,7
-48.847378,-26.279224,1,60,1,152
-38.542337,-3.789710,1,60,1,109
-46.985786,-23.014857,1,60,1,342
-46.799386,-23.204664,1,60,0,59
-47.241087,-23.138246,1,60,1,77
-42.630071,-4.915116,1,60,0,14
-47.822964,-15.874432,1,60,1,0
-49.244537,-25.396242,1,60,1,225
-44.080706,-19.933170,1,60,1,25
-49.394227,-20.798491,1,60,2,45
-47.918738,-15.858768,1,60,2,130
-49.318016,-25.440259,1,60,1,85
-38.434619,-3.892507,1,60,1,122
-47.476880,-22.997459,1,60,1,195
-47.910532,-15.856274,1,60,2,38
-47.846994,-23.044138,1,60,1,119
-49.396620,-20.823083,1,60,1,263
-46.720327,-23.637147,1,60,1,41
-45.864303,-23.199526,1,60,1,156
-46.548553,-22.918996,1,60,1,23
-47.169778,-23.064064,1,60,1,294
-43.131505,-22.325312,1,60,2,189
-51.977181,-30.131921,1,60,1,78
-46.650742,-23.518013,1,60,1,99
-48.039651,-15.853421,1,60,1,333
-43.138220,-22.410469,1,60,1,30
-43.916305,-19.884433,1,60,1,43
-38.494048,-3.810369,1,60,1,250
-45.453680,-21.538352,1,60,2,106
-38.494551,-3.810753,1,60,1,70
-47.476217,-23.500547,1,60,1,65
-47.940203,-15.811068,1,60,1,80
-49.090714,-26.492396,1,60,2,344
-47.477539,-23.438724,1,60,1,190
-47.458495,-23.512327,1,60,1,255
-47.478607,-23.441343,1,60,1,3
-45.805156,-23.183579,1,60,1,93
-39.035497,-7.350826,1,60,1,83
-51.934964,-23.433486,1,60,1,339
-39.034885,-7.350728,1,60,1,263
-44.059313,-19.921463,1,60,1,17
-40.878711,-3.987818,1,60,1,167
-51.926369,-23.431920,1,60,1,253
-40.878668,-3.987887,1,60,1,347
-42.763601,-4.972810,1,60,0,168
-40.869677,-4.025057,1,60,1,167
-47.878616,-15.818968,1,60,1,63
-40.869640,-4.025122,1,60,1,347
-39.299775,-7.228687,1,60,1,290
-40.863143,-4.062836,1,60,1,190
-47.827004,-15.829221,1,60,1,342
-40.863143,-4.062905,1,60,1,10
-53.764146,-24.708267,1,60,1,169
-39.299791,-7.228761,1,60,1,110
-46.651354,-23.603921,1,60,1,5
-43.897546,-19.999220,1,60,1,259
-39.296856,-7.217532,1,60,1,182
-38.510383,-3.769694,1,60,1,20
-47.854449,-15.801744,1,60,1,108
-47.371614,-22.588938,1,60,1,295
-40.025114,-5.909447,1,60,1,115
-45.399382,-21.830464,1,60,1,252
-47.075943,-22.903450,1,60,1,104
-43.172724,-22.925376,1,60,1,15
-43.273149,-22.903839,1,60,1,57
-46.993020,-22.697688,1,60,1,213
-48.070633,-15.803784,1,60,1,252
-48.346112,-18.935173,1,60,0,28
-40.023837,-5.910583,1,60,1,310
-38.476544,-3.849035,1,60,1,151
-47.832769,-15.819222,1,60,1,140
-38.474899,-3.851696,1,60,1,330
-42.768555,-5.058112,1,60,1,2
-48.298145,-18.928390,1,60,1,55
-51.137259,-30.073887,1,60,1,129
-48.311933,-18.916928,1,60,1,320
-40.881738,-4.381026,1,60,1,206
-48.275759,-18.852783,1,60,0,300
-46.302019,-23.521814,1,60,1,235
-40.118773,-3.225756,1,60,2,78
-42.768235,-5.040027,1,60,1,174
-47.021733,-22.892437,1,60,1,50
-51.154905,-30.057311,1,60,1,296
-38.674463,-3.904481,1,60,1,230
-40.889291,-4.391253,1,60,1,251
-48.287890,-18.883810,1,60,1,320
-51.108831,-30.116931,1,60,1,186
-48.284329,-18.887595,1,60,1,135
-49.389743,-20.823850,1,60,1,90
-48.303388,-18.933456,1,60,1,33
-47.073527,-22.918804,1,60,1,233
-38.510484,-3.769646,1,60,1,200
-40.329196,-4.835491,1,60,1,233
-39.448017,-6.105540,1,60,1,135
-47.072081,-22.918009,1,60,1,54
-46.698482,-23.507133,1,60,1,263
-48.001028,-15.807733,1,60,1,178
-47.723842,-23.117634,1,60,1,299
-47.089996,-22.909122,1,60,1,77
-40.395030,-3.466577,1,60,1,316
-48.127014,-19.908181,1,60,0,41
-45.907099,-21.698898,1,60,1,40
-48.849830,-26.286669,1,60,1,175
-45.923334,-21.935432,1,60,2,138
-47.997890,-15.793047,1,60,1,21
-43.359160,-21.744001,1,60,1,274
-46.544308,-23.635126,1,60,1,151
-43.947820,-19.758228,1,60,1,180
-43.955456,-19.963940,1,60,1,322
-46.563877,-23.616492,1,60,1,90
-47.627470,-22.716023,1,60,1,270
-47.914252,-15.766529,1,60,1,139
-47.123624,-22.958785,1,60,1,251
-46.696867,-23.574683,1,60,1,317
-44.078435,-19.930222,1,60,1,244
-48.448715,-1.429925,1,60,1,67
-44.051643,-19.919159,1,60,1,335
-38.305623,-12.873876,1,60,1,227
-48.076333,-15.855488,1,60,1,64
-48.445984,-1.427978,1,60,1,228
-46.821577,-23.202583,1,60,1,212
-48.090473,-15.836982,1,60,1,70
-34.956589,-8.071764,1,60,1,253
-48.066102,-15.877318,1,60,1,72
-46.777236,-23.523331,1,60,1,85
-48.056620,-15.865334,1,60,1,142
-47.880908,-15.750810,1,60,1,163
-48.066317,-15.877051,1,60,1,252
-47.862036,-15.779155,1,60,1,342
-48.033842,-15.864899,1,60,1,153
-47.881239,-15.780109,1,60,1,356
-47.477178,-23.515632,1,60,1,91
-47.881382,-15.779784,1,60,1,176
-40.491305,-9.396810,1,60,1,210
-47.886470,-15.756772,1,60,1,343
-39.265306,-6.375353,1,60,1,114
-47.886582,-15.756792,1,60,1,163
-46.577138,-23.600752,1,60,1,120
-47.885586,-15.755250,1,60,1,343
-38.660420,-4.121526,1,60,2,37
-47.883048,-15.768241,1,60,1,167
-50.183083,-25.100060,1,60,1,51
-45.979405,-23.286653,1,60,1,3
-38.650367,-3.688887,1,60,1,91
-43.940919,-19.966024,1,60,1,71
-50.186784,-25.101761,1,60,1,265
-46.548670,-23.652686,1,60,1,1
-38.647742,-3.690736,1,60,1,324
-46.993589,-22.704582,1,60,1,120
-47.889587,-15.742778,1,60,1,342
-45.936174,-23.199616,1,60,1,45
-48.118721,-15.814160,1,60,1,160
-49.405732,-20.833629,1,60,1,23
-43.941404,-19.962881,1,60,1,97
-39.496308,-3.513648,1,60,1,343
-39.353321,-7.227776,1,60,1,86
-39.496622,-3.512681,1,60,1,163
-40.491204,-9.396861,1,60,1,30
-47.915131,-15.828245,1,60,1,53
-47.047767,-22.934385,1,60,1,60
-37.060252,-10.982720,1,60,1,116
-47.052523,-22.932490,1,60,1,331
-38.585194,-3.800481,1,60,1,4
-49.377005,-20.791870,1,60,1,179
-46.326083,-23.876820,1,60,1,80
-49.376154,-20.793305,1,60,1,359
-46.339320,-23.873546,1,60,1,249
-47.879933,-15.782650,1,60,1,180
-37.043184,-10.958683,1,60,1,156
-38.482382,-3.832003,1,60,1,5
-37.043039,-10.958733,1,60,1,336
-38.482388,-3.830610,1,60,1,180
-48.181537,-15.730884,1,60,2,90
-48.104423,-15.843775,1,60,1,233
-34.903229,-8.140996,1,60,1,19
-47.890712,-15.806597,1,60,1,220
-39.622063,-5.740318,1,60,1,248
-47.170873,-22.941262,1,60,1,225
-39.595168,-5.523948,1,60,1,200
-47.135986,-22.935065,1,60,1,264
-38.524710,-3.746945,1,60,1,315
-50.482732,-21.956054,1,60,1,278
-39.629181,-5.758513,1,60,1,357
-46.223154,-23.526417,1,60,1,325
-39.628103,-5.752799,1,60,1,201
-43.436133,-23.019864,1,60,0,259
-39.547930,-5.513122,1,60,1,315
-43.411913,-23.015582,1,60,0,80
-38.561005,-3.735013,1,60,1,78
-47.894631,-22.004070,1,60,1,106
-38.495750,-3.821218,1,60,1,135
-51.034543,-30.082665,1,60,1,143
-38.495643,-3.821254,1,60,1,225
-46.324991,-23.523722,1,60,1,130
-38.495216,-3.822470,1,60,1,158
-38.343969,-12.934988,1,60,1,336
-44.962548,-22.376027,1,60,0,45
-47.832789,-15.819057,1,60,1,321
-38.547412,-3.777985,1,60,1,311
-51.936675,-23.395725,1,60,1,290
-49.291001,-25.482315,1,60,1,23
-34.915914,-8.130713,1,60,1,10
-38.536930,-3.724085,1,60,1,288
-47.088995,-22.893657,1,60,1,298
-47.866162,-22.035383,1,60,1,278
-48.055801,-15.868525,1,60,1,26
-37.054563,-10.961626,1,60,1,349
-47.032150,-22.872969,1,60,1,240
-37.054843,-10.961452,1,60,1,164
-51.598284,-29.952819,1,60,1,252
-51.935164,-23.433469,1,60,1,159
-48.060031,-16.013930,1,60,1,3
-39.264734,-6.375566,1,60,1,293
-39.322241,-7.243827,1,60,1,180
-47.233022,-22.819391,1,60,0,104
-39.315262,-7.244364,1,60,1,90
-51.946207,-23.432243,1,60,1,145
-39.367704,-7.228740,1,60,1,90
-39.378803,-7.229418,1,60,1,266
-39.383972,-7.229886,1,60,1,88
-43.177758,-22.949793,1,60,1,297
-38.974696,-4.721900,1,60,1,220
-38.975472,-4.722878,1,60,1,39
-47.909510,-22.014751,1,60,1,235
-47.908191,-22.014003,1,60,1,40
-43.961422,-19.997149,1,70,1,39
-44.131720,-19.763329,1,70,1,135
-35.182525,-5.845871,1,70,1,172
-47.235849,-22.799532,1,70,1,54
-47.095186,-22.868625,1,70,1,301
-47.041772,-22.848268,1,70,1,198
-47.236241,-22.799599,1,70,1,235
-43.365579,-22.973314,1,70,1,290
-43.196003,-22.911072,1,70,1,341
-44.131740,-19.763090,1,70,1,315
-47.302097,-22.730464,1,70,1,254
-47.413772,-22.577208,1,70,1,165
-47.096057,-22.868291,1,70,1,119
-47.057322,-22.911197,1,70,1,247
-43.336354,-22.825429,1,70,1,249
-46.994809,-22.893257,1,70,1,70
-35.181599,-5.858100,1,70,1,352
-47.409481,-23.493292,1,70,1,285
-47.302064,-22.730531,1,70,1,74
-43.980036,-19.896121,1,70,1,28
-43.901775,-19.857203,1,70,1,77
-47.438869,-23.483353,1,70,1,168
-43.336144,-22.825735,1,70,1,67
-47.925055,-15.857773,1,70,1,258
-43.897897,-19.856917,1,70,1,104
-44.083778,-19.828005,1,70,1,171
-44.000166,-19.960986,1,70,1,332
-45.914773,-23.201591,1,70,0,9
-47.849635,-15.847494,1,70,1,349
-47.818825,-15.860006,1,70,1,16
-43.215151,-22.986224,1,70,1,82
-47.805922,-15.818239,1,70,1,166
-52.291409,-22.527532,1,70,0,108
-44.033270,-19.920503,1,70,1,239
-43.967402,-19.991128,1,70,1,265
-47.069658,-22.929342,1,70,1,31
-46.691875,-23.509337,1,70,1,102
-43.337301,-23.000106,1,70,1,274
-47.022154,-22.900611,1,70,1,255
-43.217359,-22.969371,1,70,1,359
-43.438737,-21.732374,1,70,1,70
-47.438486,-23.484342,1,70,1,349
-43.935902,-19.840252,1,70,1,329
-43.934824,-19.867548,1,70,1,73
-46.706616,-23.624543,1,70,1,71
-35.181660,-5.858137,1,70,1,172
-47.403381,-23.494047,1,70,1,280
-43.217887,-22.973033,1,70,1,192
-43.450875,-21.705402,1,70,1,10
-47.001855,-22.895449,1,70,1,250
-47.447908,-23.494194,1,70,1,59
-46.592181,-23.638259,1,70,1,310
-48.166497,-21.773232,1,70,1,206
-47.042204,-22.849846,1,70,1,18
-43.946850,-19.819305,1,70,1,152
-43.975168,-19.986890,1,70,1,297
-48.031339,-16.009930,1,70,1,122
-47.002096,-22.895632,1,70,1,70
-43.994327,-19.968120,1,70,1,309
-47.920159,-15.857040,1,70,1,77
-47.887980,-15.703822,1,70,1,232
-47.023178,-22.900950,1,70,1,75
-46.661828,-23.515072,1,70,1,278
-43.919517,-19.860661,1,70,1,243
-52.138578,-22.486563,1,70,2,18
-47.059214,-22.915098,1,70,1,24
-43.986061,-19.978635,1,70,1,291
-47.819118,-15.860090,1,70,1,194
-44.055259,-19.873377,1,70,1,144
-47.447541,-23.493834,1,70,1,238
-49.246930,-25.454190,1,70,1,240
-47.818837,-15.835021,1,70,1,270
-43.365259,-22.997423,1,70,1,319
-47.066898,-22.923432,1,70,1,196
-43.981179,-19.983964,1,70,1,297
-46.677217,-23.514595,1,70,1,109
-44.054788,-19.873763,1,70,1,324
-47.421340,-23.489247,1,70,1,100
-35.182432,-5.845866,1,70,1,356
-47.836770,-15.837430,1,70,1,215
-51.183462,-23.292747,1,70,1,90
-47.066870,-22.923636,1,70,1,16
-44.008486,-19.926133,1,70,1,287
-43.220109,-22.986800,1,70,1,83
-43.385275,-23.000784,1,70,1,89
-47.421159,-23.489055,1,70,1,280
-35.183056,-5.817284,1,70,1,8
-47.959464,-15.838570,1,70,1,287
-45.902148,-23.222250,1,70,1,45
-38.482059,-12.982031,1,70,1,16
-47.708910,-15.616861,1,70,1,60
-47.100780,-22.897104,1,70,1,251
-48.040987,-16.007578,1,70,1,271
-47.409261,-23.493429,1,70,1,105
-43.988699,-19.975238,1,70,1,348
-47.963098,-15.837615,1,70,1,108
-48.384100,-10.184971,1,70,0,89
-35.182569,-5.835280,1,70,1,178
-46.472563,-23.690648,1,70,1,36
-47.383050,-22.751933,1,70,1,71
-44.352222,-19.350467,1,70,1,153
-51.118470,-23.293108,1,70,1,275
-46.596405,-23.630929,1,70,1,350
-43.337362,-23.000728,1,70,1,94
-48.405945,-10.185153,1,70,0,89
-35.182496,-5.835277,1,70,1,358
-46.469804,-23.685380,1,70,1,179
-47.381637,-22.751372,1,70,1,250
-44.352166,-19.350216,1,70,1,333
-48.273730,-18.939032,1,70,1,1
-45.894987,-23.172924,1,70,1,1
-38.459329,-12.961877,1,70,1,320
-45.894686,-23.169140,1,70,1,5
-38.438209,-12.991278,1,70,1,40
-44.009363,-19.925997,1,70,1,107
-49.229524,-25.471551,1,70,1,326
-44.179394,-19.690388,1,70,1,159
-47.013009,-22.898323,1,70,1,255
-45.895117,-23.172930,1,70,1,181
-47.771137,-21.218751,1,70,1,332
-45.894847,-23.169105,1,70,1,177
-38.496124,-12.980939,1,70,1,134
-43.941623,-19.830278,1,70,1,155
-44.141191,-19.754717,1,70,1,321
-44.174535,-19.700253,1,70,1,137
-47.694482,-15.608826,1,70,1,60
-44.153245,-19.728089,1,70,1,340
-38.438309,-12.991272,1,70,1,220
-45.930116,-23.234811,1,70,0,37
-46.994740,-22.893143,1,70,1,250
-47.876330,-15.851450,1,70,1,194
-47.034221,-22.904288,1,70,1,250
-44.153568,-19.727574,1,70,1,160
-47.869018,-15.831571,1,70,1,307
-44.173841,-19.700753,1,70,1,317
-47.767822,-21.227127,1,70,1,162
-45.910123,-23.229769,1,70,1,45
-38.458825,-12.963707,1,70,1,162
-41.862294,-3.178475,1,70,2,113
-43.209425,-22.906674,1,70,1,357
-44.141130,-19.755013,1,70,1,142
-47.943340,-15.843561,1,70,1,287
-47.132432,-23.020010,1,70,1,307
-45.898304,-23.165467,1,70,1,112
-45.910016,-23.228542,1,70,1,224
-44.049953,-19.894135,1,70,1,177
-49.201249,-25.514486,1,70,1,343
-43.210275,-22.904665,1,70,1,176
-44.118165,-19.780863,1,70,1,142
-47.886304,-15.841338,1,70,1,225
-47.136647,-23.017499,1,70,1,127
-45.898396,-23.165258,1,70,1,298
-49.297990,-25.527289,1,70,1,30
-44.339845,-19.414927,1,70,1,206
-43.188887,-22.904184,1,70,1,250
-43.235402,-22.521687,1,70,1,285
-44.082398,-19.831635,1,70,1,332
-47.849450,-15.849043,1,70,1,168
-44.007157,-19.952318,1,70,1,322
-43.321903,-21.921418,1,70,1,323
-49.296394,-25.524334,1,70,1,210
-40.284358,-20.335117,1,70,1,188
-49.235443,-25.447893,1,70,1,197
-52.340745,-22.515388,1,70,0,99
-44.089426,-19.816468,1,70,1,316
-47.069472,-22.928837,1,70,1,211
-43.187317,-22.903677,1,70,1,250
-43.322562,-21.917889,1,70,1,208
-49.220671,-25.410144,1,70,1,202
-43.390646,-22.968577,1,70,1,3
-43.308780,-22.857690,1,70,1,324
-43.222083,-22.461636,1,70,1,237
-44.089716,-19.816359,1,70,1,136
-38.480735,-12.978850,1,70,1,220
-43.180876,-22.901601,1,70,1,250
-43.280430,-22.600657,1,70,1,32
-49.196779,-25.527072,1,70,1,343
-43.279480,-23.005440,1,70,2,62
-43.944058,-19.825217,1,70,1,155
-47.034932,-22.904611,1,70,1,70
-44.099686,-19.801879,1,70,1,320
-46.694401,-23.593530,1,70,1,203
-43.182586,-22.902162,1,70,1,250
-43.217361,-22.479039,1,70,1,335
-49.201400,-25.514448,1,70,1,166
-46.613369,-23.520877,1,70,1,310
-43.361491,-22.971027,1,70,1,219
-44.178886,-19.691093,1,70,1,342
-44.100220,-19.801475,1,70,1,139
-47.283872,-22.850099,1,70,2,34
-47.416855,-22.565621,1,70,1,156
-43.158479,-22.426969,1,70,1,238
-44.113735,-19.788001,1,70,1,332
-51.234045,-23.285333,1,70,1,269
-43.324134,-23.011590,1,70,1,279
-46.632135,-23.647209,1,70,1,200
-48.101135,-15.846337,1,70,1,125
-49.197074,-25.526806,1,70,1,163
-46.631667,-23.646712,1,70,1,21
-51.118488,-23.293218,1,70,1,97
-47.441974,-22.524444,1,70,1,124
-46.645644,-23.517237,1,70,1,277
-43.324263,-23.011755,1,70,1,99
-43.161855,-22.427991,1,70,1,99
-41.426145,-7.080761,1,70,1,281
-44.007552,-19.936676,1,70,1,1
-44.039194,-19.918881,1,70,1,164
-51.228610,-23.286557,1,70,1,115
-41.426120,-7.080862,1,70,1,101
-44.050450,-19.883938,1,70,1,356
-47.681518,-15.601326,1,70,1,240
-43.451580,-21.704736,1,70,1,163
-47.877553,-15.830792,1,70,1,68
-43.286973,-23.009644,1,70,2,42
-46.636864,-23.519304,1,70,1,88
-49.206016,-25.505053,1,70,1,329
-47.939444,-15.844714,1,70,1,94
-47.084263,-22.874182,1,70,1,280
-46.713406,-23.507616,1,70,1,273
-46.595173,-23.527040,1,70,1,291
-41.134684,-8.142730,1,70,0,144
-52.248539,-22.544907,1,70,0,114
-44.048715,-19.904061,1,70,1,330
-43.228142,-22.519860,1,70,1,1
-46.598893,-23.526992,1,70,1,131
-43.981995,-19.899462,1,70,1,207
-46.736295,-23.518483,1,70,1,90
-43.233740,-22.542766,1,70,1,210
-47.983746,-19.746376,1,70,1,168
-43.948716,-19.872573,1,70,1,31
-44.049883,-19.893148,1,70,1,357
-38.382609,-12.954088,1,70,1,259
-43.941715,-19.829524,1,70,1,336
-44.412975,-19.288035,1,70,1,126
-48.026357,-16.012084,1,70,1,286
-43.229192,-22.498381,1,70,1,230
-43.158232,-22.148014,1,70,1,11
-44.207204,-19.619912,1,70,1,134
-44.030828,-19.919252,1,70,1,59
-49.206093,-25.505580,1,70,1,150
-43.939748,-19.836942,1,70,1,144
-47.367521,-24.258933,1,70,1,133
-43.166103,-22.174790,1,70,1,32
-46.698438,-23.507342,1,70,1,262
-49.233799,-25.436697,1,70,1,352
-43.961754,-19.992052,1,70,1,328
-49.232808,-25.434037,1,70,1,228
-47.805616,-15.818290,1,70,1,346
-44.050586,-19.883767,1,70,1,177
-43.990480,-19.971883,1,70,1,327
-40.183877,-10.414297,1,70,0,17
-49.302018,-25.539324,1,70,1,11
-51.136877,-23.293012,1,70,1,269
-43.948006,-19.871522,1,70,1,32
-49.224816,-25.420514,1,70,1,22
-46.493830,-23.435760,1,70,1,190
-35.444487,-5.648139,1,70,0,97
-47.875100,-15.695655,1,70,1,241
-47.865303,-15.690775,1,70,1,244
-49.225165,-25.420359,1,70,1,202
-47.888620,-15.703879,1,70,1,232
-43.204411,-22.909284,1,70,1,251
-47.896052,-15.709659,1,70,1,225
-47.870160,-15.831262,1,70,1,121
-47.720388,-15.623030,1,70,1,240
-43.249399,-22.844577,1,80,1,320
-39.901669,-18.814708,1,80,0,35
-48.613066,-27.195831,1,80,1,19
-48.035070,-15.874587,1,80,1,279
-47.367664,-24.258761,1,80,1,314
-47.875803,-15.696572,1,80,1,61
-52.462577,-24.152254,1,80,1,27
-47.772541,-15.649370,1,80,1,240
-43.276709,-22.825148,1,80,1,310
-40.069346,-19.132107,1,80,0,25
-48.605162,-27.030320,1,80,1,5
-36.295420,-5.690246,1,80,0,92
-45.411781,-23.609902,1,80,1,265
-47.854499,-15.684863,1,80,1,62
-53.604004,-24.847700,1,80,1,164
-47.777292,-15.651570,1,80,1,245
-49.884260,-20.097378,1,80,0,77
-40.087498,-19.278712,1,80,1,174
-49.124591,-25.370612,1,80,1,262
-37.355963,-5.026351,1,80,0,149
-48.906255,-25.224401,1,80,1,15
-35.318351,-5.751600,1,80,1,110
-48.152224,-15.910011,1,80,1,252
-47.785939,-15.655359,1,80,1,244
-48.074191,-23.615177,1,80,1,245
-40.087366,-19.279968,1,80,1,354
-48.105491,-24.729961,1,80,1,284
-50.898823,-17.783743,1,80,1,49
-49.076617,-25.845213,1,80,1,89
-49.168761,-14.612672,1,80,1,16
-40.225972,-19.630972,1,80,1,214
-55.393941,-20.524781,1,80,0,71
-48.073806,-23.615131,1,80,1,65
-47.897989,-15.719211,1,80,1,163
-49.193599,-25.389162,1,80,1,92
-51.008299,-17.822803,1,80,1,76
-49.903109,-29.440923,1,80,1,234
-49.208754,-14.685147,1,80,0,16
-40.226889,-19.632230,1,80,1,34
-49.535830,-16.825534,1,80,1,208
-35.301096,-7.183688,1,80,1,104
-49.245175,-18.894578,1,80,0,59
-49.193594,-25.389046,1,80,1,272
-49.196173,-16.594879,1,80,1,15
-49.903075,-29.441438,1,80,1,48
-38.634755,-3.751938,1,80,1,63
-48.309275,-10.112916,1,80,0,173
-49.127388,-25.381527,1,80,1,75
-49.358399,-16.713120,1,80,1,239
-44.516819,-3.818946,1,80,0,19
-60.747808,2.745709,1,80,0,52
-50.144536,-22.338581,1,80,0,41
-40.385665,-20.533277,1,80,1,36
-38.707414,-3.693291,1,80,1,321
-48.101880,-15.792670,1,80,1,112
-48.047314,-15.791342,1,80,1,83
-49.493338,-16.784185,1,80,1,50
-48.932497,-25.892169,1,80,1,151
-60.636369,2.796814,1,80,1,55
-48.893955,-16.164983,1,80,2,42
-40.385638,-20.533025,1,80,1,216
-38.708225,-3.692474,1,80,1,141
-46.382879,-23.703912,1,80,2,49
-53.695395,-24.759431,1,80,1,346
-49.365211,-16.717179,1,80,1,55
-49.027240,-25.839987,1,80,1,266
-43.888415,-22.906061,1,80,1,59
-48.998251,-25.854621,1,80,1,122
-40.355976,-20.493057,1,80,1,204
-43.208754,-22.876296,1,80,1,41
-46.390149,-23.709127,1,80,0,52
-53.498814,-30.425342,1,80,0,9
-50.953560,-27.495823,1,80,1,94
-48.078836,-18.872826,1,80,0,114
-47.695230,-22.277537,1,80,1,114
-35.819127,-5.525926,1,80,2,155
-40.355864,-20.493094,1,80,1,24
-43.185132,-22.868444,1,80,1,96
-49.333019,-25.430520,1,80,1,271
-52.513982,-17.579481,1,80,1,77
-45.486913,-23.574668,1,80,1,144
-54.756486,-17.373053,1,80,1,5
-53.922220,-31.368280,1,80,0,131
-49.320700,-25.547622,1,80,1,68
-54.821070,-19.963545,1,80,0,109
-43.184944,-22.868349,1,80,1,276
-49.460035,-25.443252,1,80,1,267
-49.038169,-28.486784,1,80,1,29
-48.191452,-15.920645,1,80,0,69
-54.756673,-17.366706,1,80,1,174
-49.967414,-22.171586,1,80,1,29
-49.321111,-25.547597,1,80,1,247
-52.761847,-29.667743,1,80,0,99
-43.208731,-22.876107,1,80,1,221
-52.847406,-21.297322,1,80,0,109
-48.640639,-26.304018,1,80,0,20
-48.840890,-15.931220,1,80,0,99
-49.096454,-18.879355,1,80,0,89
-47.954194,-15.846681,1,80,1,9
-47.837078,-15.734133,1,80,1,312
-47.614103,-22.720790,1,80,1,276
-43.125163,-22.873905,1,80,1,96
-54.357297,-20.700638,1,80,0,102
-48.155481,-15.791708,1,80,1,73
-50.099268,-24.928932,1,80,1,246
-34.902768,-7.162445,1,80,1,308
-49.063341,-16.013041,1,80,0,18
-51.192792,-15.306978,1,80,0,14
-49.149827,-14.501524,1,80,0,167
-43.124986,-22.873807,1,80,1,276
-54.421286,-20.683411,1,80,0,81
-50.897348,-22.608231,1,80,2,61
-49.387321,-25.427481,1,80,1,258
-44.171306,-17.894350,1,80,0,165
-37.336934,-5.225911,1,80,1,91
-39.154936,-3.670570,1,80,0,91
-48.432120,-22.394411,1,80,0,72
-43.147201,-22.871871,1,80,1,96
-44.912878,-22.624422,1,80,1,86
-54.857294,-22.523671,1,80,1,157
-49.587339,-25.462902,1,80,1,72
-35.195640,-7.185007,1,80,1,291
-37.351998,-5.224742,1,80,1,97
-39.865358,-3.740404,1,80,0,87
-49.056001,-25.842351,1,80,1,290
-43.163196,-22.870298,1,80,1,276
-54.552069,-20.562335,1,80,0,156
-37.265775,-5.330113,1,80,0,151
-49.600197,-25.470491,1,80,1,82
-38.498242,-4.312790,1,80,1,320
-37.347013,-5.225091,1,80,1,278
-60.919366,2.433814,1,80,2,15
-48.519367,-22.214138,1,80,1,211
-48.237412,-21.785752,1,80,0,82
-51.299855,-22.380839,1,80,0,49
-47.682920,-23.781147,1,80,0,37
-49.995112,-20.416081,1,80,1,9
-38.510098,-3.945222,1,80,1,30
-37.364791,-5.218437,1,80,1,127
-61.131286,1.827761,1,80,2,52
-46.328284,-23.773203,1,80,0,106
-49.018239,-25.840287,1,80,1,315
-45.465153,-23.666870,1,80,1,212
-48.742620,-16.630786,1,80,0,92
-49.995201,-20.416063,1,80,1,189
-37.141307,-6.448075,1,80,0,95
-37.378310,-5.197692,1,80,1,354
-34.990816,-7.559638,1,80,1,173
-46.365890,-23.772889,1,80,0,75
-50.323453,-15.900431,1,80,0,62
-45.468044,-23.671317,1,80,1,32
-48.098232,-16.383118,1,80,1,81
-46.868862,-22.360444,1,80,0,10
-37.185000,-6.439828,1,80,0,100
-37.372415,-5.186542,1,80,1,39
-49.806108,-21.709613,1,80,2,54
-43.124264,-19.862130,1,80,1,15
-49.288016,-15.577201,1,80,0,174
-45.487652,-20.960309,1,80,0,68
-48.934578,-16.618175,1,80,1,120
-49.362082,-18.911136,1,80,0,74
-47.528288,-23.287754,1,80,0,21
-37.371368,-5.185102,1,80,1,219
-49.439685,-16.466318,1,80,1,329
-46.564267,-23.421904,1,80,1,260
-49.375232,-20.847795,1,80,1,217
-49.071379,-26.892411,1,80,1,199
-48.783915,-16.615092,1,80,2,114
-49.370200,-18.912262,1,80,0,90
-46.282206,-18.995201,1,80,0,75
-48.668879,-16.690340,1,80,0,98
-49.440052,-16.466434,1,80,1,148
-42.085259,-18.966090,1,80,2,107
-46.488594,-23.882364,1,80,1,82
-43.888468,-22.905995,1,80,1,239
-48.455631,-16.745006,1,80,1,69
-48.900955,-25.958419,1,80,1,180
-48.532404,-17.294475,1,80,0,47
-48.634235,-16.702152,1,80,0,119
-38.375249,-12.924213,1,80,1,258
-42.001497,-18.886581,1,80,0,88
-51.138264,0.151713,1,80,0,43
-49.523660,-16.805602,1,80,1,54
-49.251062,-16.667033,1,80,1,344
-47.028449,-18.967220,1,80,0,51
-48.149586,-17.708088,1,80,1,319
-47.700637,-22.273462,1,80,1,139
-38.418868,-12.942553,1,80,1,35
-42.016366,-18.921535,1,80,2,43
-47.940075,-15.781238,1,80,1,199
-46.249069,-23.446032,1,80,1,125
-49.247128,-16.683413,1,80,1,154
-49.059715,-16.067916,1,80,0,144
-48.152637,-17.706525,1,80,1,103
-47.680070,-22.284477,1,80,1,146
-48.680005,-27.990249,1,80,1,36
-54.675090,-20.418175,1,80,1,94
-47.897896,-15.718856,1,80,1,347
-46.246658,-23.451163,1,80,1,348
-49.724241,-20.776655,1,80,2,42
-45.877514,-23.182607,1,80,1,187
-53.088231,-26.069247,1,80,1,303
-48.864202,-16.034850,1,80,0,189
-53.519103,-16.965855,1,80,0,158
-46.314151,-22.827971,1,80,1,16
-39.046579,-3.669749,1,80,0,88
-49.242053,-16.558790,1,80,1,207
-36.228147,-7.252796,1,80,2,59
-37.303205,-5.262375,1,80,0,151
-52.078618,-22.366924,1,80,2,18
-50.896594,-22.237834,1,80,2,100
-47.807885,-23.356207,1,80,1,103
-46.261692,-22.807207,1,80,1,59
-48.507397,-17.303899,1,80,0,90
-48.104440,-15.895763,1,80,1,73
-48.091677,-15.796876,1,80,1,125
-36.192242,-5.714058,1,80,0,120
-35.211655,-5.830870,1,80,1,18
-49.136116,-13.475008,1,80,2,1
-56.427094,-30.400238,1,80,0,132
-51.743590,-17.921488,1,80,1,81
-43.735050,-16.658573,1,80,1,83
-48.253451,-16.030470,1,80,1,4
-43.361370,-22.971099,1,80,1,219
-37.342074,-5.121693,1,80,0,12
-47.640137,-15.545398,1,80,1,225
-48.881172,-18.876323,1,80,1,272
-56.967048,-29.832534,1,80,2,111
-35.496215,-5.203618,1,80,2,123
-47.741567,-23.492342,1,80,0,8
-50.263131,-29.927577,1,80,1,319
-38.644155,-3.730184,1,80,1,12
-47.982610,-15.789380,1,80,2,292
-47.640823,-15.546131,1,80,1,45
-55.427680,-30.841094,1,80,0,79
-57.034148,-29.776896,1,80,2,107
-52.634633,-26.996845,1,80,1,98
-48.110985,-16.393235,1,80,0,155
-48.357031,-18.901353,1,80,1,99
-38.644148,-3.729778,1,80,1,192
-47.567489,-15.584822,1,80,1,73
-57.642701,-19.180082,1,80,0,8
-47.986418,-15.939700,1,80,1,32
-49.399866,-16.842967,1,80,0,79
-52.633127,-26.996894,1,80,1,271
-42.615587,-5.068494,1,80,0,62
-51.178439,-20.115620,1,80,0,49
-38.702317,-3.703008,1,80,1,121
-49.380911,-21.719417,1,80,1,227
-49.210858,-26.442893,1,80,0,141
-45.737879,-22.692294,1,80,1,3
-46.922654,-17.190513,1,80,1,171
-49.963182,-22.208911,1,80,1,176
-56.818351,-20.002013,1,80,0,154
-48.422495,-7.577199,1,80,0,175
-38.448473,-12.972684,1,80,1,239
-45.487011,-23.574400,1,80,1,319
-48.563514,-22.435609,1,80,2,1
-49.352360,-16.626316,1,80,1,323
-48.628586,-27.341870,1,80,1,48
-49.445059,-16.756467,1,80,1,277
-48.631430,-27.818180,1,80,1,163
-47.776760,-23.388943,1,80,2,126
-36.861313,-5.631409,1,80,2,117
-57.432121,-19.449952,1,80,0,141
-50.499933,-21.642225,1,80,2,58
-49.112805,-12.505198,1,80,2,158
-49.516636,-16.339179,1,80,1,351
-51.888637,-29.705500,1,80,2,93
-57.019674,-19.661732,1,80,0,152
-47.741431,-23.487812,1,80,1,173
-48.866681,-18.865333,1,80,1,215
-39.269710,-4.319751,1,80,0,19
-49.673467,-21.104826,1,80,0,117
-35.250083,-7.654915,1,80,2,161
-43.292393,-23.012258,1,80,1,64
-48.988075,-17.102181,1,80,0,4
-50.192497,-25.106951,1,80,1,134
-47.741201,-23.487644,1,80,1,3
-46.564855,-23.384538,1,80,1,166
-39.315732,-4.396167,1,80,0,38
-49.537739,-21.228649,1,80,0,110
-35.239837,-7.608555,1,80,0,170
-38.361984,-12.854751,1,80,1,25
-48.359120,-16.640759,1,80,1,170
-48.791019,-27.687778,1,80,0,42
-47.268406,-1.261972,1,80,0,57
-48.087532,-15.799485,1,80,1,308
-46.435040,-21.780828,1,80,0,20
-49.116852,-22.302254,1,80,1,53
-49.365497,-16.609528,1,80,1,144
-35.980933,-8.334421,1,80,0,156
-38.297746,-4.049313,1,80,1,165
-50.147918,-25.148489,1,80,1,118
-47.957945,-15.870101,1,80,1,9
-38.316713,-4.021966,1,80,1,325
-48.075254,-16.368152,1,80,1,161
-47.878362,-22.096591,1,80,0,1
-49.098798,-11.763472,1,80,2,37
-44.008043,-19.945274,1,80,1,182
-50.023935,-29.733602,1,80,2,25
-50.193925,-25.086935,1,80,1,228
-47.957755,-15.867928,1,80,1,187
-38.315893,-4.023739,1,80,1,145
-48.356674,-16.648419,1,80,1,315
-48.524854,-21.449628,1,80,0,11
-34.940676,-7.127183,1,80,1,305
-44.007587,-19.934733,1,80,1,182
-40.352898,-20.478696,1,80,1,358
-50.197134,-25.097083,1,80,1,186
-53.723188,-29.922795,1,80,0,152
-47.974463,-15.809432,1,80,1,249
-50.951488,-29.067183,1,80,0,108
-55.946390,-28.683501,1,80,1,283
-35.198760,-7.185725,1,80,1,55
-43.994598,-19.968060,1,80,1,129
-40.353019,-20.478335,1,80,1,179
-50.185196,-25.119977,1,80,1,158
-53.598189,-28.724925,1,80,0,175
-46.928837,-23.602382,1,80,1,256
-49.406781,-25.433560,1,80,1,78
-48.037536,-15.830327,1,80,1,82
-43.621179,-22.968553,1,80,1,75
-50.996443,-30.094094,1,80,0,106
-55.940057,-28.664189,1,80,1,256
-50.178296,-25.126461,1,80,1,305
-45.300874,-19.786401,1,80,1,94
-61.169773,-11.701604,1,80,0,144
-45.766200,-23.309242,1,80,1,153
-48.095146,-21.876441,1,80,1,98
-43.621230,-22.968357,1,80,1,259
-49.441431,-20.395118,1,80,2,150
-46.790236,-22.460526,1,80,0,94
-46.018264,-22.510831,1,80,1,52
-35.780733,-7.275907,1,80,1,270
-47.704898,-1.317170,1,80,2,100
-45.690724,-23.364170,1,80,1,112
-48.025817,-15.970894,1,80,1,47
-43.453637,-23.011180,1,80,1,74
-51.431418,-22.163660,1,80,2,121
-50.213316,-29.887215,1,80,0,259
-54.535044,-21.917762,1,80,0,176
-46.283687,-23.931682,1,80,1,343
-52.366920,-14.538255,1,80,0,2
-45.538505,-23.530390,1,80,1,9
-47.960659,-15.885987,1,80,1,189
-43.453300,-23.010839,1,80,1,254
-49.244366,-16.574995,1,80,1,179
-38.386016,-12.928135,1,80,1,51
-47.788501,-23.083197,1,80,1,121
-63.055393,-9.935537,1,80,0,4
-47.116410,-23.553767,1,80,1,318
-38.345867,-12.916213,1,80,1,162
-42.031066,-22.429780,1,80,1,257
-43.526895,-23.014685,1,80,1,122
-54.976670,-30.271904,1,80,2,23
-46.930688,-23.837679,1,80,1,200
-54.533013,-21.908178,1,80,0,17
-35.784035,-7.274393,1,80,1,144
-46.427265,-23.932432,1,80,1,326
-51.267405,-29.201187,1,80,1,69
-48.041300,-15.984799,1,80,1,47
-43.526922,-23.014569,1,80,1,302
-49.030893,-16.109245,1,80,0,6
-48.433066,-23.533437,1,80,2,104
-46.098123,-22.676048,1,80,1,1
-46.439903,-14.347974,1,80,1,188
-50.382493,-22.617488,1,80,0,44
-51.267411,-29.201061,1,80,1,249
-48.014187,-15.960046,1,80,1,227
-43.622816,-22.968684,1,80,1,255
-48.708080,-17.208348,1,80,2,169
-48.536007,-22.236010,1,80,1,34
-45.022214,-21.672867,1,80,0,136
-54.841655,-20.471354,1,80,0,25
-48.053619,-15.879855,1,80,1,53
-51.351698,-29.449804,1,80,1,22
-48.000781,-15.948382,1,80,1,47
-49.214223,-16.712242,1,80,1,106
-48.161925,-17.700102,1,80,2,142
-48.031492,-18.878646,1,80,1,220
-47.630282,-16.781237,1,80,1,47
-35.975821,-8.258457,1,80,1,186
-53.064529,-26.089667,1,80,2,106
-51.360546,-29.567506,1,80,1,169
-48.000733,-15.948009,1,80,1,227
-47.994429,-15.876584,1,80,1,267
-49.237928,-16.718496,1,80,1,209
-38.356950,-12.920815,1,80,1,259
-44.871362,-20.921580,1,80,1,233
-35.975670,-8.258285,1,80,1,5
-49.355934,-16.659472,1,80,1,271
-51.308009,-29.629160,1,80,1,144
-52.757098,-29.668519,1,80,0,101
-45.887812,-23.202411,1,80,1,204
-48.152134,-15.910236,1,80,1,72
-38.521796,-3.783683,1,80,1,101
-44.935680,-20.974137,1,80,1,258
-40.405919,-20.559171,1,80,1,215
-49.236935,-16.779733,1,80,1,4
-51.307603,-29.629466,1,80,1,322
-48.531671,-22.231495,1,80,1,228
-45.887680,-23.202440,1,80,1,24
-36.949215,-5.588019,1,80,2,116
-38.345511,-12.916100,1,80,1,342
-56.538160,-20.174850,1,80,0,112
-40.405759,-20.559164,1,80,1,35
-38.229077,-4.184695,1,80,1,345
-51.266938,-29.009748,1,80,0,88
-40.235535,-19.657315,1,80,1,63
-47.649880,-15.595367,1,80,1,275
-45.878019,-23.227604,1,80,1,175
-49.071272,-26.892354,1,80,1,18
-45.611355,-23.441246,1,80,1,150
-61.901748,-11.207254,1,80,0,1
-46.416772,-23.945871,1,80,1,325
-50.213039,-21.117622,1,80,0,180
-50.465568,-27.213991,1,80,1,199
-57.488819,-16.245043,1,80,1,286
-45.877872,-23.227725,1,80,1,358
-45.885950,-23.217295,1,80,1,315
-49.313901,-25.664236,1,80,1,193
-38.346042,-12.808801,1,80,1,9
-48.779131,-17.715487,1,80,1,76
-38.520549,-3.783796,1,80,1,281
-50.464523,-27.218936,1,80,1,290
-49.769892,-29.361204,1,80,0,3
-49.243752,-16.602850,1,80,1,359
-49.069047,-26.872924,1,80,1,128
-67.958472,-6.260810,1,80,1,0
-38.383328,-12.829735,1,80,1,123
-48.779131,-17.715451,1,80,1,256
-35.153459,-6.369757,1,80,1,150
-49.262654,-15.568956,1,80,0,62
-48.092467,-22.061532,1,80,2,83
-48.005787,-15.877855,1,80,1,86
-49.067926,-26.876665,1,80,1,32
-46.569271,-23.387857,1,80,1,355
-38.347390,-3.981789,1,80,1,125
-48.049322,-15.917080,1,80,1,162
-50.580152,-29.147268,1,80,0,125
-43.646191,-22.965617,1,80,1,303
-43.209590,-22.906583,1,80,1,357
-47.986883,-15.876172,1,80,1,85
-51.902426,-28.601613,1,80,0,93
-46.556225,-23.349164,1,80,1,250
-38.227035,-4.208083,1,80,1,344
-44.909485,-22.622027,1,80,1,194
-50.391105,-29.230511,1,80,0,94
-55.906609,-20.500818,1,80,0,93
-43.999191,-19.962952,1,80,1,152
-49.555204,-20.956008,1,80,1,60
-52.479085,-28.319261,1,80,0,35
-44.334463,-20.167033,1,80,1,142
-38.217157,-4.210419,1,80,1,70
-47.965132,-15.807722,1,80,1,99
-51.589626,-29.293661,1,80,0,94
-43.557227,-23.005658,1,80,1,104
-43.982034,-19.983619,1,80,1,127
-49.242858,-16.736962,1,80,1,166
-52.575627,-28.541103,1,80,0,9
-46.554148,-23.368875,1,80,1,64
-35.215281,-5.862968,1,80,1,25
-47.959934,-15.808204,1,80,1,279
-51.800379,-29.436191,1,80,2,79
-43.559432,-23.004887,1,80,1,283
-43.989773,-19.973088,1,80,1,146
-48.033124,-15.790992,1,80,0,90
-51.343765,-29.666623,1,80,0,100
-45.190184,-21.372815,1,80,1,47
-35.212173,-5.831992,1,80,1,196
-35.153408,-6.369660,1,80,1,330
-46.790236,-23.248309,1,80,2,179
-46.587908,-23.288923,1,80,1,129
-43.961090,-19.996030,1,80,1,210
-48.033397,-15.790851,1,80,0,270
-38.435604,-12.964334,1,80,1,39
-44.771479,-20.740436,1,80,1,13
-49.535776,-16.825717,1,80,1,28
-35.203068,-6.282698,1,80,1,330
-44.172507,-21.025727,1,80,1,70
-48.839977,-26.390090,1,80,1,349
-51.059554,-21.678843,1,80,0,127
-35.247657,-5.889911,1,80,1,259
-38.471386,-12.954783,1,80,1,183
-48.190418,-22.970348,1,80,1,168
-49.165932,-14.603179,1,80,1,16
-40.006163,-19.002737,1,80,0,24
-45.887709,-23.215993,1,80,1,135
-48.851708,-26.380892,1,80,1,184
-38.383277,-12.829663,1,80,1,305
-51.932618,-23.459642,1,80,0,95
-49.380343,-16.656501,1,80,1,282
-44.323749,-20.146579,1,80,1,223
-49.159532,-14.580549,1,80,0,17
-38.267588,-4.136197,1,80,1,329
-38.447153,-12.893533,1,80,1,212
-35.891903,-7.299279,1,80,0,10
-49.244116,-16.573770,1,80,1,0
-55.409396,-30.840141,1,80,1,268
-53.776498,-28.533849,1,80,0,125
-35.139386,-6.394252,1,80,1,329
-35.122190,-6.643506,1,80,1,346
-38.267341,-4.137108,1,80,1,142
-48.554422,-22.524917,1,80,2,167
-50.224571,-19.726771,1,80,0,90
-38.307679,-12.533959,1,80,1,184
-55.411452,-30.840187,1,80,1,95
-49.395007,-16.653714,1,80,1,102
-35.140335,-6.393265,1,80,1,152
-35.122329,-6.643509,1,80,1,166
-38.234084,-4.161247,1,80,1,132
-50.367167,-22.602181,1,80,0,43
-50.397208,-16.531320,1,80,0,70
-38.348028,-12.634771,1,80,0,25
-40.284622,-20.247916,1,80,1,32
-38.469564,-12.929521,1,80,1,223
-46.166913,-22.760646,1,80,1,271
-35.896804,-7.327014,1,80,1,189
-38.233966,-4.160882,1,80,1,310
-55.624035,-22.620730,1,80,2,117
-46.313598,-23.612129,1,80,0,19
-38.354161,-12.647607,1,80,1,25
-40.284859,-20.248078,1,80,1,212
-38.459322,-12.911874,1,80,1,204
-46.185631,-22.774284,1,80,1,224
-46.846971,-23.087969,1,80,1,7
-38.229434,-4.184774,1,80,1,168
-48.261256,-21.365462,1,80,2,80
-46.296403,-23.398043,1,80,1,83
-38.354213,-12.647494,1,80,1,205
-54.757548,-17.383632,1,80,1,185
-48.041332,-15.984387,1,80,1,227
-44.086538,-19.959489,1,80,1,274
-48.804694,-17.387615,1,80,2,172
-38.227361,-4.207513,1,80,1,177
-49.231176,-16.702427,1,80,1,176
-43.154577,-21.266777,1,80,0,85
-47.065979,-20.968664,1,80,0,31
-48.022642,-15.876674,1,80,1,278
-48.032496,-15.976457,1,80,1,227
-44.171682,-19.964358,1,80,1,254
-40.233228,-19.646347,1,80,1,158
-35.249473,-5.890405,1,80,1,78
-49.239409,-16.768180,1,80,1,173
-48.072675,-19.855987,1,80,0,234
-47.455360,-15.581629,1,80,1,110
-51.210322,-30.007972,1,80,1,204
-47.507217,-1.316595,1,80,0,91
-44.526666,-20.410849,1,80,1,28
-38.358948,-3.969519,1,80,1,140
-48.007342,-15.815667,1,80,1,70
-46.524714,-23.912147,1,80,1,43
-49.105763,-16.496982,1,80,1,224
-53.120238,-26.069967,1,80,1,109
-47.733146,-23.141170,1,80,1,26
-48.179663,-16.401537,1,80,0,46
-47.996190,-15.786239,1,80,2,275
-38.319811,-4.017524,1,80,1,325
-47.982706,-15.812313,1,80,1,87
-41.975595,-18.661807,1,80,2,36
-49.137055,-16.528257,1,80,1,245
-48.730429,-16.635592,1,80,1,341
-51.212242,-30.012456,1,80,1,18
-48.698837,-28.020228,1,80,1,258
-49.237636,-16.773993,1,80,1,159
-38.324126,-4.011325,1,80,1,325
-43.315038,-23.006579,1,80,1,98
-49.966505,-22.221440,1,80,1,20
-49.122131,-16.516461,1,80,1,227
-48.430788,-16.804185,1,80,2,161
-46.575996,-23.401140,1,80,1,147
-36.607126,-5.679605,1,80,2,115
-34.949391,-7.352564,1,80,1,196
-40.023273,-19.038436,1,80,0,25
-43.193874,-22.920425,1,80,1,323
-49.964255,-22.202178,1,80,1,349
-49.149223,-16.537920,1,80,1,177
-48.933688,-16.618676,1,80,1,300
-47.812894,-23.071102,1,80,1,325
-48.010345,-15.975650,1,80,1,299
-34.951175,-7.360125,1,80,1,19
-38.216237,-4.209943,1,80,1,250
-43.186193,-22.930588,1,80,1,146
-47.986798,-15.939874,1,80,1,213
-49.221661,-16.661321,1,80,1,33
-48.076732,-16.376371,1,80,1,12
-48.799029,-22.584646,1,80,1,131
-48.011784,-15.975147,1,80,1,122
-46.441774,-14.328053,1,80,1,149
-38.297429,-4.050146,1,80,1,346
-47.996083,-15.811145,1,80,1,256
-43.239180,-22.880542,1,80,1,325
-49.226385,-16.668504,1,80,1,27
-49.330307,-16.403770,1,80,1,202
-51.360221,-29.568409,1,80,1,350
-52.533411,-29.700981,1,80,2,85
-48.652804,-26.333467,1,80,0,20
-38.320101,-4.017336,1,80,1,145
-48.007640,-15.815393,1,80,1,249
-35.450643,-5.877741,1,80,0,73
-49.152559,-16.554063,1,80,1,10
-48.805903,-15.953143,1,80,1,53
-51.351362,-29.449013,1,80,1,208
-38.458279,-12.909964,1,80,1,25
-49.241260,-16.726744,1,80,1,202
-38.324400,-4.011189,1,80,1,145
-43.761936,-19.802115,1,80,1,182
-48.033012,-15.977335,1,80,1,47
-49.149834,-16.542933,1,80,1,10
-49.355077,-20.796823,1,80,1,186
-47.079522,-23.050227,1,80,1,102
-43.585705,-22.998711,1,80,1,284
-49.237980,-16.792061,1,80,1,5
-38.347307,-3.981734,1,80,1,305
-48.199432,-15.805306,1,80,0,32
-47.897978,-15.814728,1,80,1,228
-49.123813,-16.518093,1,80,1,49
-43.585729,-22.998920,1,80,1,104
-47.079332,-23.050239,1,80,1,282
-47.963339,-15.903584,1,80,1,12
-49.238005,-16.789073,1,80,1,193
-38.357528,-3.971035,1,80,1,320
-47.817408,-15.750715,1,80,1,90
-43.411374,-22.999821,1,80,1,267
-49.178502,-16.581285,1,80,1,270
-49.356717,-20.812695,1,80,1,6
-47.888811,-21.975309,1,80,0,170
-50.962192,-29.637888,1,80,1,81
-49.242878,-16.736475,1,80,1,345
-43.210138,-22.904519,1,80,1,177
-46.967966,-22.065882,1,80,1,239
-43.305094,-23.007392,1,80,1,95
-49.141604,-16.529931,1,80,1,71
-48.472884,-22.879807,1,80,1,94
-45.743191,-23.322239,1,80,1,125
-50.961757,-29.637720,1,80,1,261
-49.241988,-16.728355,1,80,1,34
-45.901020,-23.215571,1,80,1,180
-38.962430,-3.601447,1,80,1,272
-49.943508,-29.579420,1,80,0,29
-49.205149,-16.633773,1,80,1,173
-50.437925,-21.238699,1,80,1,134
-45.881615,-23.189624,1,80,1,32
-50.859728,-29.637227,1,80,1,123
-49.238097,-16.719055,1,80,1,24
-47.887259,-15.752575,1,80,1,162
-38.963934,-3.601497,1,80,1,93
-47.781786,-21.221806,1,80,1,100
-49.214517,-16.649887,1,80,1,220
-50.477618,-21.207012,1,80,1,275
-38.978217,-3.598597,1,80,1,120
-50.859481,-29.637240,1,80,1,303
-49.231345,-16.710534,1,80,1,30
-40.363181,-20.500417,1,80,1,34
-46.500697,-23.884021,1,80,1,79
-48.085436,-21.883555,1,80,1,308
-49.221837,-16.661387,1,80,1,213
-47.076876,-22.849757,1,80,1,334
-47.196960,-24.283936,1,80,1,283
-50.749265,-29.666720,1,80,0,87
-49.230912,-16.708873,1,80,1,189
-43.847788,-22.665802,1,80,1,304
-48.213951,-15.932554,1,80,1,245
-44.007077,-19.952600,1,80,1,142
-49.218074,-16.655546,1,80,1,28
-49.050421,-22.330553,1,80,1,345
-47.072465,-22.858912,1,80,1,157
-50.670371,-29.656918,1,80,0,91
-47.947334,-15.868838,1,80,1,236
-47.969231,-15.913479,1,80,1,212
-48.421087,-18.989409,1,80,2,59
-45.644973,-22.992555,1,80,0,149
-49.206019,-16.623572,1,80,1,354
-49.053562,-22.319938,1,80,1,350
-47.431290,-22.532810,1,80,2,135
-51.093680,-29.662396,1,80,1,70
-47.953952,-15.844141,1,80,1,189
-43.403972,-22.999881,1,80,1,270
-48.021017,-15.821186,1,80,1,238
-50.232342,-29.959332,1,80,1,135
-49.183137,-16.581335,1,80,1,270
-49.056280,-22.311330,1,80,1,162
-49.879677,-27.265824,1,80,2,100
-51.093643,-29.662270,1,80,1,250
-49.233491,-16.686066,1,80,1,349
-47.985839,-15.875828,1,80,1,264
-46.231639,-23.483238,1,80,1,359
-47.947118,-15.868914,1,80,1,56
-34.854215,-7.136691,1,80,1,157
-46.917629,-23.081270,1,80,1,275
-38.437181,-12.965055,1,80,1,219
-51.530742,-29.689378,1,80,0,82
-34.843356,-7.108995,1,80,1,166
-47.993407,-15.949770,1,80,1,17
-38.307998,-4.030826,1,80,1,298
-47.962209,-15.896566,1,80,1,9
-34.853481,-7.151621,1,80,1,41
-45.037753,-22.066406,1,80,0,12
-38.308977,-4.030461,1,80,1,118
-52.220946,-27.919873,1,80,0,5
-34.853742,-7.151817,1,80,1,221
-50.392407,-30.162302,1,80,0,135
-38.387936,-12.928772,1,80,1,230
-42.005404,-20.255790,1,80,0,72
-49.347559,-16.633119,1,80,1,146
-38.189980,-4.199797,1,80,1,248
-47.098891,-22.848190,1,80,1,257
-52.294528,-28.323430,1,80,0,147
-49.525472,-16.311262,1,80,1,150
-47.969237,-15.913763,1,80,1,33
-38.362121,-12.854751,1,80,1,207
-50.126148,-24.994772,1,80,1,229
-34.852034,-7.140499,1,80,1,347
-38.054561,-4.268159,1,80,1,298
-47.686909,-22.278194,1,80,1,103
-51.168455,-29.724028,1,80,1,147
-47.367146,-23.249214,1,80,1,141
-45.428815,-21.612375,1,80,2,116
-49.246939,-16.683390,1,80,1,334
-51.168165,-29.724234,1,80,1,328
-47.366111,-23.250335,1,80,1,321
-47.918628,-15.743193,1,80,1,31
-47.947422,-15.788022,1,80,0,59
-49.315340,-25.591191,1,80,1,11
-43.336333,-22.825525,1,80,1,249
-38.429942,-12.956391,1,80,1,215
-47.853493,-15.796284,1,80,1,315
-34.926379,-7.802404,1,80,1,183
-43.336181,-22.825642,1,80,1,69
-44.170748,-22.562581,1,80,1,125
-45.900860,-23.215574,1,80,1,2
-34.983589,-7.596197,1,80,1,323
-49.239223,-16.768766,1,80,1,351
-38.447856,-12.972938,1,80,1,64
-48.004370,-15.786417,1,80,0,84
-34.942865,-7.738441,1,80,1,208
-48.990556,-25.853310,1,80,1,266
-38.190904,-4.200297,1,80,1,68
-49.214202,-16.712174,1,80,1,286
-34.924868,-7.682322,1,80,1,149
-49.227851,-16.671117,1,80,1,206
-50.994129,-30.030307,1,80,1,14
-48.049098,-15.917156,1,80,1,342
-34.992338,-7.517119,1,80,1,219
-49.209869,-16.643992,1,80,1,215
-47.626924,-22.368158,1,80,1,135
-47.888823,-15.805399,1,80,1,217
-50.261476,-29.879913,1,80,1,50
-47.823147,-15.841139,1,80,1,307
-50.261568,-29.879515,1,80,1,228
-49.633574,-16.603357,1,80,0,93
-47.845972,-15.677405,1,80,1,49
-46.797168,-21.992115,1,80,1,266
-47.846476,-15.656264,1,80,1,161
-47.157099,-22.748413,1,80,1,318
-47.909271,-15.727394,1,80,1,211
-38.360515,-12.922194,1,80,1,79
-34.921664,-7.699589,1,80,1,10
-49.346620,-16.634001,1,80,1,324
-48.895242,-16.627454,1,80,0,76
-47.895083,-15.833861,1,80,1,63
-47.913374,-15.826185,1,80,1,53
-50.135360,-29.871783,1,80,0,81
-47.897985,-15.814899,1,80,1,50
-47.895123,-15.833560,1,80,1,237
-47.888655,-15.805399,1,80,1,40
-47.912141,-15.841200,1,80,1,66
-47.910000,-15.729406,1,80,1,31
-47.880588,-15.782937,1,80,1,181
-47.959268,-15.878479,1,80,1,9
-47.939616,-15.781261,1,80,1,18
-46.967883,-22.065993,1,80,1,59
-47.880471,-15.783040,1,80,1,0
-43.402088,-23.000185,1,80,1,90
-43.385271,-23.000321,1,80,1,269
-43.385266,-23.000550,1,80,1,89
-48.027244,-15.971721,1,80,1,227
-47.870123,-15.814750,1,80,1,63
-47.892392,-15.707443,1,80,1,52
-47.887147,-15.752494,1,80,1,343
-43.265520,-22.997915,1,80,1,252
-46.464242,-23.901939,1,80,1,111
-38.524294,-3.783087,1,80,1,281
-48.937557,-23.090684,1,80,1,201
-47.895603,-15.726513,1,80,1,163
-49.251211,-16.667112,1,80,1,164
-47.960505,-15.885971,1,80,1,9
-43.337327,-23.000308,1,80,1,270
-43.337343,-23.000523,1,80,1,90
-43.265615,-22.998063,1,80,1,72
-47.947778,-15.788063,1,80,2,59
-43.218694,-22.812266,1,80,1,57
-38.529648,-3.784119,1,80,1,107
-49.429601,-20.820857,1,90,1,113
-46.716967,-23.556628,1,90,1,118
-46.564946,-23.523294,1,90,1,252
-46.593379,-23.638263,1,90,1,135
-46.742792,-23.539403,1,90,1,134
-48.563993,-22.274982,1,90,1,213
-46.937263,-22.336024,1,90,1,51
-43.283142,-22.807556,1,90,1,270
-43.203027,-22.946827,1,90,1,6
-47.356247,-22.762085,1,90,1,85
-46.555197,-23.519290,1,90,1,1
-48.178269,-21.818447,1,90,1,308
-47.314460,-22.758007,1,90,1,252
-47.818755,-21.234755,1,90,1,188
-43.482461,-22.855421,1,90,1,100
-43.282871,-22.807650,1,90,1,90
-46.691420,-23.509221,1,90,1,102
-47.325071,-22.759829,1,90,1,85
-52.474646,-22.502530,1,90,0,91
-46.674963,-23.513669,1,90,1,278
-49.376363,-20.823498,1,90,1,271
-43.533450,-22.861038,1,90,1,87
-46.716756,-23.630189,1,90,1,225
-47.574270,-22.426321,1,90,1,335
-46.952007,-22.346687,1,90,1,231
-43.203797,-22.952026,1,90,1,186
-46.482162,-23.458353,1,90,1,246
-47.758554,-21.209169,1,90,1,183
-43.342451,-22.802886,1,90,1,87
-43.173449,-22.913223,1,90,1,225
-43.411204,-22.862004,1,90,1,64
-47.429406,-23.472183,1,90,1,239
-51.433348,-22.124582,1,90,1,126
-46.667687,-23.515635,1,90,1,97
-43.533788,-22.860914,1,90,1,267
-47.581223,-22.414450,1,90,1,135
-46.736295,-23.518245,1,90,1,92
-43.173090,-22.913161,1,90,1,45
-46.697496,-23.607426,1,90,1,14
-43.482759,-22.855233,1,90,1,281
-47.754873,-21.253991,1,90,1,348
-48.206481,-21.798333,1,90,1,128
-47.452516,-23.527214,1,90,1,78
-47.819170,-21.242063,1,90,1,2
-46.646759,-23.518293,1,90,1,98
-46.951717,-22.346635,1,90,1,51
-43.574695,-22.865367,1,90,1,265
-47.754718,-21.262416,1,90,1,13
-43.210144,-22.914198,1,90,1,185
-46.701517,-23.617460,1,90,1,190
-43.612066,-22.875332,1,90,1,243
-47.780240,-21.231525,1,90,1,22
-46.699116,-23.574896,1,90,1,136
-43.574314,-22.865471,1,90,1,85
-47.861635,-22.039975,1,90,1,9
-43.171742,-22.926678,1,90,1,15
-43.210048,-22.914088,1,90,1,5
-46.661552,-23.515349,1,90,1,278
-47.933889,-21.975805,1,90,1,289
-43.357998,-22.797540,1,90,1,302
-46.736154,-23.517243,1,90,1,272
-43.411282,-22.861885,1,90,1,243
-48.143464,-21.799964,1,90,1,237
-43.171957,-22.926589,1,90,1,196
-46.724530,-23.512948,1,90,1,235
-46.595204,-23.528466,1,90,1,307
-46.746100,-23.534608,1,90,1,314
-47.758107,-21.203567,1,90,1,3
-43.501804,-22.858647,1,90,1,71
-47.757021,-21.182862,1,90,1,3
-47.687513,-22.669668,1,90,1,183
-43.414127,-22.787201,1,90,1,320
-43.502149,-22.858606,1,90,1,251
-46.706882,-23.509311,1,90,1,86
-46.645514,-23.517430,1,90,1,279
-46.613479,-23.520956,1,90,1,310
-50.950135,-20.173855,1,90,1,186
-43.659113,-22.888374,1,90,1,251
-43.610617,-22.875023,1,90,1,60
-43.316259,-22.799614,1,90,1,78
-48.575461,-22.284043,1,90,1,250
-46.677555,-23.514367,1,90,1,103
-43.658722,-22.888672,1,90,1,71
-43.341640,-22.802726,1,90,1,267
-43.283617,-22.645773,1,90,1,359
-41.497503,-17.801752,1,90,0,166
-46.698610,-23.507573,1,90,1,268
-43.420426,-22.780378,1,90,1,140
-47.682003,-22.281418,1,90,1,327
-48.131747,-21.793290,1,90,1,57
-46.611584,-23.523370,1,90,1,111
-43.420352,-22.780337,1,90,1,320
-47.572277,-22.430766,1,90,1,155
-48.166095,-21.814298,1,90,1,257
-47.356271,-22.761961,1,90,1,265
-47.378481,-22.763715,1,90,1,85
-47.577704,-22.420097,1,90,1,155
-49.350654,-20.842957,1,90,1,320
-43.318212,-22.799889,1,90,1,258
-47.387779,-22.764262,1,90,1,266
-47.587865,-22.406722,1,90,1,141
-48.155503,-21.811355,1,90,1,220
-43.436694,-22.863698,1,90,1,101
-46.571137,-23.526806,1,90,1,81
-47.583668,-22.411191,1,90,1,321
-47.842008,-21.213478,1,90,1,115
-46.724457,-23.649776,1,90,1,326
-46.598535,-23.527033,1,90,1,131
-46.711120,-23.557858,1,90,1,301
-43.378526,-22.845925,1,90,1,56
-43.634898,-22.881733,1,90,1,74
-46.721238,-23.637712,1,90,1,40
-43.635271,-22.881398,1,90,1,254
-43.378845,-22.845977,1,90,1,236
-48.157434,-21.812772,1,90,1,76
-43.427915,-22.772025,1,90,1,320
-43.401868,-22.800704,1,90,1,320
-43.401801,-22.800910,1,90,1,140
-48.577746,-22.287802,1,90,1,352
-43.068995,-22.809954,1,100,1,56
-48.650894,-27.621887,1,100,1,222
-34.956046,-7.412030,1,100,1,26
-34.998394,-7.145211,1,100,1,55
-51.212229,-29.889496,1,100,0,103
-43.830073,-17.090756,1,100,0,152
-50.921650,-20.294175,1,100,0,29
-47.381161,-20.572186,1,100,1,279
-42.933114,-22.772142,1,100,1,248
-48.676455,-27.683368,1,100,1,72
-48.835304,-21.812456,1,100,0,143
-43.305012,-22.905693,1,100,1,28
-51.470978,-29.817990,1,100,0,100
-43.819041,-22.878098,1,100,1,61
-54.537890,-20.378411,1,100,0,31
-52.860654,-22.552209,1,100,0,178
-42.935846,-22.773533,1,100,1,67
-48.683242,-27.684987,1,100,1,247
-34.956744,-7.378516,1,100,1,195
-43.970455,-20.016339,1,100,1,213
-51.553084,-29.780167,1,100,0,111
-51.320689,-22.166328,1,100,1,253
-47.009082,-22.905540,1,100,1,16
-51.182870,-29.971115,1,100,1,105
-43.093088,-22.829868,1,100,1,205
-48.695279,-27.679321,1,100,1,282
-46.394648,-23.666155,1,100,1,200
-48.687234,-27.685812,1,100,1,102
-50.133079,-29.662460,1,100,1,48
-51.292759,-22.364169,1,100,0,2
-47.598498,-22.750431,1,100,1,349
-48.664878,-27.689144,1,100,1,339
-43.079183,-22.817776,1,100,1,228
-48.708427,-27.670731,1,100,1,94
-51.840883,-29.580871,1,100,1,314
-48.704371,-27.672828,1,100,1,332
-51.168012,-29.968867,1,100,1,264
-35.228976,-6.122107,1,100,1,2
-46.543213,-23.763258,1,100,1,282
-46.367890,-23.405748,1,100,1,164
-48.334517,-21.729300,1,100,0,84
-48.716121,-27.663260,1,100,1,354
-51.841000,-29.581273,1,100,1,135
-48.715831,-27.666205,1,100,1,358
-48.630835,-27.819588,1,100,1,350
-47.981772,-19.730492,1,100,1,10
-46.567199,-23.757078,1,100,1,69
-46.409240,-23.391618,1,100,1,80
-48.361141,-21.257665,1,100,0,96
-48.721473,-27.655327,1,100,1,154
-54.813638,-18.834300,1,100,0,164
-48.724005,-27.652571,1,100,1,317
-43.781204,-22.850741,1,100,1,28
-35.118755,-7.203301,1,100,1,264
-46.512417,-23.874702,1,100,1,48
-46.406797,-23.391007,1,100,1,265
-45.220360,-22.835828,1,100,1,230
-48.725566,-27.638933,1,100,1,19
-48.878442,-21.761738,1,100,2,118
-48.725743,-27.650355,1,100,1,160
-43.743662,-22.872106,1,100,1,312
-51.203626,-29.846005,1,100,1,79
-47.281875,-20.620366,1,100,2,84
-43.712918,-22.885918,1,100,1,112
-48.616145,-27.562190,1,100,1,153
-48.717422,-27.634484,1,100,1,275
-43.792326,-22.860630,1,100,1,234
-48.696124,-27.598977,1,100,1,1
-48.620529,-27.597930,1,100,1,39
-51.204039,-29.845984,1,100,1,261
-46.668404,-23.800471,1,100,1,36
-43.712872,-22.885838,1,100,1,292
-42.661271,-22.707419,1,100,1,243
-48.711088,-27.634845,1,100,1,80
-46.744593,-23.798894,1,100,1,116
-48.696540,-27.562323,1,100,1,357
-54.498973,-21.051732,1,100,0,168
-54.770668,-22.243087,1,100,1,30
-46.811629,-23.717195,1,100,1,137
-46.818590,-23.498682,1,100,1,47
-48.649715,-27.487010,1,100,1,69
-48.700363,-27.632014,1,100,1,225
-46.797812,-23.753531,1,100,1,118
-48.717692,-27.482721,1,100,1,134
-49.785118,-29.337062,1,100,1,167
-48.233477,-20.045172,1,100,2,172
-49.857698,-29.410275,1,100,1,195
-47.848544,-20.522261,1,100,0,85
-48.320376,-23.977940,1,100,1,20
-48.694876,-27.621334,1,100,1,16
-46.631604,-23.785716,1,100,1,60
-48.688209,-27.384203,1,100,1,224
-49.784985,-29.336905,1,100,1,349
-54.759501,-19.162225,1,100,0,160
-49.857464,-29.410185,1,100,1,22
-47.853540,-20.755797,1,100,2,94
-48.840992,-23.975915,1,100,1,277
-48.696045,-27.606485,1,100,1,169
-46.522897,-23.916671,1,100,1,235
-48.653695,-27.366165,1,100,1,48
-50.217892,-29.761315,1,100,1,192
-46.421300,-23.468156,1,100,1,271
-48.637058,-27.608117,1,100,1,222
-46.762144,-23.434897,1,100,1,237
-34.982197,-7.142527,1,100,1,78
-48.696323,-27.579826,1,100,1,186
-47.399154,-22.505543,1,100,1,157
-48.646923,-27.362087,1,100,1,226
-50.217725,-29.761223,1,100,1,10
-54.833136,-22.553921,1,100,0,144
-48.669097,-27.642387,1,100,1,213
-38.419112,-12.851342,1,100,1,200
-34.974831,-7.140084,1,100,1,244
-48.706067,-27.530621,1,100,1,341
-47.028508,-22.850055,1,100,1,310
-48.415004,-22.043813,1,100,1,213
-49.232323,-20.774607,1,100,1,254
-48.747749,-23.934250,1,100,1,275
-43.471031,-22.738989,1,100,1,275
-38.566194,-12.557041,1,100,1,307
-47.424284,-20.532019,1,100,1,193
-48.709346,-27.522796,1,100,1,160
-46.496028,-23.473539,1,100,1,65
-48.641541,-27.463527,1,100,1,210
-49.232892,-20.774849,1,100,1,74
-47.039229,-22.442982,1,100,1,280
-43.445906,-22.746636,1,100,1,127
-38.478136,-12.635775,1,100,1,165
-47.576314,-22.819033,1,100,0,1
-48.720072,-27.461928,1,100,1,208
-47.590805,-22.776538,1,100,1,153
-48.625937,-27.436370,1,100,1,3
-51.621822,-21.455279,1,100,2,17
-49.044398,-24.064579,1,100,1,256
-48.170907,-23.832642,1,100,1,210
-38.426753,-12.870957,1,100,1,211
-45.197021,-22.821734,1,100,1,113
-48.711171,-27.447951,1,100,1,24
-46.848386,-23.361749,1,100,1,345
-48.714303,-27.498979,1,100,1,7
-44.122095,-22.563434,1,100,1,10
-43.413162,-22.766563,1,100,1,122
-48.694539,-27.571323,1,100,1,16
-38.426827,-12.871275,1,100,1,31
-46.561896,-23.898886,1,100,1,342
-48.710452,-27.422884,1,100,1,20
-48.684267,-27.380833,1,100,1,47
-48.722710,-27.470780,1,100,1,1
-48.600875,-27.597058,1,100,1,168
-48.632499,-21.041624,1,100,1,250
-48.455432,-22.101111,1,100,1,11
-51.070359,-22.193087,1,100,0,119
-48.615702,-27.584414,1,100,1,194
-48.708887,-27.418565,1,100,1,200
-48.720231,-26.516167,1,100,1,152
-48.713290,-27.489604,1,100,1,186
-48.600774,-27.596867,1,100,1,348
-47.413452,-20.469265,1,100,1,0
-46.432127,-23.708467,1,100,1,40
-50.880051,-22.164635,1,100,0,34
-43.792205,-22.860644,1,100,1,54
-48.701323,-27.395523,1,100,1,228
-46.399510,-23.676858,1,100,1,25
-48.712444,-27.435864,1,100,1,166
-48.576314,-27.600139,1,100,1,53
-47.413709,-20.468863,1,100,1,180
-54.321942,-23.876986,1,100,0,149
-50.899100,-22.190775,1,100,0,34
-34.977145,-7.438901,1,100,1,14
-48.638210,-27.355846,1,100,1,69
-54.325674,-23.871358,1,100,0,149
-48.700417,-27.549024,1,100,1,133
-47.160120,-22.849808,1,100,1,127
-43.319993,-22.915531,1,100,1,45
-50.942523,-20.619721,1,100,0,92
-47.736017,-21.501238,1,100,0,154
-47.159979,-22.849662,1,100,1,305
-48.632999,-27.351376,1,100,1,192
-48.640777,-27.475666,1,100,1,174
-48.695055,-27.589894,1,100,1,16
-48.644788,-27.479898,1,100,1,28
-35.215563,-6.230155,1,100,1,175
-47.715083,-21.541538,1,100,0,154
-48.872936,-26.317198,1,100,1,324
-48.702454,-27.675517,1,100,1,141
-47.410648,-20.506404,1,100,1,207
-47.694327,-21.548591,1,100,2,61
-48.873622,-26.315419,1,100,1,179
-50.133364,-29.662468,1,100,1,232
-47.410506,-20.506362,1,100,1,27
-48.512014,-21.745439,1,100,0,84
-48.719705,-26.516858,1,100,1,331
-45.224331,-22.842450,1,100,1,13
-47.685464,-21.055210,1,100,1,246
-47.821089,-20.762346,1,100,2,115
-48.802488,-26.439027,1,100,1,315
-48.001489,-21.385566,1,100,0,120
-47.305421,-22.701574,1,100,1,323
-54.828034,-18.959435,1,100,0,151
-45.523232,-23.012935,1,100,1,52
-51.567683,-21.351914,1,100,2,27
-48.993122,-23.256898,1,100,1,53
-48.000185,-19.665789,1,100,1,160
-45.541024,-23.025593,1,100,1,232
-48.251662,-21.283985,1,100,0,109
-48.220106,-21.825956,1,100,1,234
-50.475632,-20.125503,1,100,2,169
-43.908998,-22.631100,1,100,1,122
-48.545717,-20.918392,1,100,0,109
-46.563319,-23.895787,1,100,1,163
-34.988641,-7.077829,1,100,1,304
-48.663814,-27.635329,1,100,1,33
-48.894416,-20.695298,1,100,0,138
-47.188355,-22.824979,1,100,1,300
-43.975830,-20.058362,1,100,1,210
-52.284058,-30.168415,1,100,0,98
-48.607147,-20.899061,1,100,0,106
-47.489656,-22.575236,1,100,2,76
-43.346305,-22.934598,1,100,1,209
-47.836407,-23.558781,1,100,1,68
-48.687794,-20.878283,1,100,2,105
-50.746834,-22.257746,1,100,2,92
-48.869592,-21.092021,1,100,1,79
-47.588602,-20.912577,1,100,2,126
-48.743347,-20.854007,1,100,2,127
-47.553010,-20.936862,1,100,2,126
-43.320379,-22.915433,1,100,1,226
-54.465384,-21.193065,1,100,0,159
-48.852098,-20.739205,1,100,0,138
-47.147437,-22.700486,1,100,1,325
-48.991813,-23.255932,1,100,1,233
-47.092228,-22.921383,1,100,1,313
-47.223100,-23.249194,1,100,1,272
-50.721271,-21.711402,1,100,2,82
-46.879027,-23.221474,1,100,1,322
-47.860136,-21.172783,1,100,1,302
-48.668853,-23.928368,1,100,1,144
-47.039463,-22.442983,1,100,1,100
-47.047539,-22.843504,1,100,1,105
-47.156926,-22.738076,1,100,1,222
-43.619035,-22.731819,1,100,1,95
-47.202872,-22.817439,1,100,1,120
-43.414034,-22.765961,1,100,1,302
-47.268052,-22.743909,1,100,1,316
-43.455833,-22.740621,1,100,1,290
-43.346159,-22.934684,1,100,1,37
-47.860453,-21.172707,1,100,1,122
-48.781437,-21.786333,1,100,0,79
-46.977574,-23.083190,1,100,1,149
-43.429826,-22.757780,1,100,1,127
-46.342839,-23.409484,1,110,1,254
-47.761877,-22.221102,1,110,1,299
-48.827413,-18.849682,1,110,1,88
-47.013059,-22.703083,1,110,1,2
-43.949980,-19.799978,1,110,1,182
-43.949747,-19.800200,1,110,1,3
-48.314878,-21.278833,1,110,1,248
-47.553147,-22.453819,1,110,1,307
-44.643614,-22.496799,1,110,1,297
-47.885729,-21.191750,1,110,1,151
-48.906034,-18.876634,1,110,1,87
-46.969841,-22.364424,1,110,1,4
-48.153163,-21.028116,1,110,1,130
-46.632942,-23.664456,1,110,1,354
-49.253311,-16.942017,1,110,1,342
-47.111854,-23.002971,1,110,1,22
-45.405273,-22.952602,1,110,1,61
-46.972281,-22.395019,1,110,1,5
-47.830582,-21.118603,1,110,1,238
-47.117264,-23.013206,1,110,1,207
-46.402757,-23.927100,1,110,1,293
-51.366421,-20.884830,1,110,1,119
-49.254821,-16.901039,1,110,1,172
-47.020365,-22.752089,1,110,1,4
-45.114443,-22.757534,1,110,1,52
-49.772476,-22.909444,1,110,1,258
-45.727978,-23.123165,1,110,1,61
-43.913872,-19.700269,1,110,1,226
-47.420329,-23.510562,1,110,1,225
-49.129991,-28.676415,1,110,1,82
-48.688717,-22.309295,1,110,1,87
-46.970066,-22.364220,1,110,1,184
-44.669334,-22.502124,1,110,1,65
-50.411377,-21.262181,1,110,1,314
-48.699835,-28.276550,1,110,1,8
-46.524652,-23.784706,1,110,1,313
-47.327970,-23.319651,1,110,1,346
-49.119782,-28.669341,1,110,1,233
-48.939203,-21.201456,1,110,1,316
-46.972482,-22.394983,1,110,1,185
-45.973862,-23.274703,1,110,1,235
-46.711535,-23.036181,1,110,1,99
-49.144244,-28.681222,1,110,1,241
-48.356712,-18.901012,1,110,1,279
-43.945880,-19.736168,1,110,1,31
-49.024691,-28.473253,1,110,1,239
-48.666295,-22.307996,1,110,1,266
-47.013289,-22.703085,1,110,1,182
-46.112552,-23.321819,1,110,1,269
-47.447460,-21.993545,1,110,1,163
-46.686743,-23.037886,1,110,1,101
-49.794181,-20.490258,1,110,1,305
-43.907614,-19.676840,1,110,1,311
-49.026373,-28.474363,1,110,1,55
-48.732609,-22.323583,1,110,1,54
-46.974448,-22.278653,1,110,1,165
-45.423381,-22.961601,1,110,1,241
-48.679338,-27.961639,1,110,1,14
-49.500649,-22.772278,1,110,1,221
-49.794162,-20.490512,1,110,1,125
-49.704943,-16.097175,1,110,1,294
-50.492716,-20.272390,1,110,1,273
-50.185567,-22.749291,1,110,1,119
-46.974209,-22.278611,1,110,1,345
-44.395776,-22.455705,1,110,1,265
-48.677874,-27.958265,1,110,1,209
-47.614215,-22.720956,1,110,1,97
-46.406152,-23.852951,1,110,1,42
-48.886523,-16.330150,1,110,1,56
-50.492745,-20.272581,1,110,1,93
-48.892852,-22.518425,1,110,1,296
-47.584372,-22.524227,1,110,1,175
-45.610990,-23.054688,1,110,1,242
-48.363170,-16.109674,1,110,1,50
-47.493448,-21.858000,1,110,1,342
-46.406566,-23.853205,1,110,1,222
-50.565547,-29.883960,1,110,1,266
-47.825180,-21.050245,1,110,1,336
-49.001245,-22.421267,1,110,1,148
-47.390501,-22.336947,1,110,1,202
-49.050467,-28.582115,1,110,1,329
-48.995155,-16.893479,1,110,1,292
-47.883245,-20.667533,1,110,1,12
-47.269192,-22.754478,1,110,1,95
-50.374261,-29.891464,1,110,1,265
-47.707542,-16.677949,1,110,1,147
-50.243514,-22.719910,1,110,1,299
-47.389514,-22.400973,1,110,1,1
-48.545333,-20.665838,1,110,1,341
-49.025570,-16.448358,1,110,1,257
-47.883246,-20.600577,1,110,1,9
-47.269292,-22.754344,1,110,1,275
-48.766045,-16.265696,1,110,1,219
-47.673373,-22.297328,1,110,1,328
-51.832269,-21.897163,1,110,1,110
-46.256126,-23.378805,1,110,1,54
-43.934739,-19.662195,1,110,1,125
-49.001477,-16.883079,1,110,1,170
-47.930993,-21.533305,1,110,1,204
-35.977738,-8.167595,1,110,1,145
-48.774407,-28.387981,1,110,1,40
-47.613064,-22.380579,1,110,1,315
-50.453735,-22.635352,1,110,1,274
-45.728154,-23.123118,1,110,1,241
-43.934435,-19.661949,1,110,1,306
-49.013539,-16.866619,1,110,1,315
-47.417343,-22.094591,1,110,1,162
-49.550207,-22.824117,1,110,1,41
-49.089635,-28.630977,1,110,1,235
-47.477811,-22.479056,1,110,1,287
-51.346784,-22.217146,1,110,1,338
-44.391334,-22.455447,1,110,1,85
-44.273197,-19.973574,1,110,1,100
-50.291544,-20.271582,1,110,1,91
-47.840965,-23.328096,1,110,1,245
-48.501867,-22.267413,1,110,1,98
-50.373924,-29.891638,1,110,1,86
-47.810655,-21.071364,1,110,1,323
-49.627761,-22.241485,1,110,1,87
-43.960032,-19.722478,1,110,1,224
-35.977008,-8.233754,1,110,1,332
-50.291486,-20.271396,1,110,1,272
-48.948897,-28.428539,1,110,1,57
-48.996306,-22.316696,1,110,1,280
-50.565386,-29.884150,1,110,1,86
-47.863604,-20.557439,1,110,1,25
-46.771554,-23.004232,1,110,1,105
-43.961531,-19.724145,1,110,1,43
-49.972375,-22.873642,1,110,1,147
-48.262157,-16.057586,1,110,1,202
-48.451638,-16.105426,1,110,1,317
-48.882947,-22.337162,1,110,1,281
-50.965362,-29.951429,1,110,1,71
-47.842034,-20.526259,1,110,1,213
-49.806780,-21.653763,1,110,1,305
-43.955801,-19.741494,1,110,1,187
-48.598393,-18.871578,1,110,1,220
-49.995231,-20.398958,1,110,1,294
-48.232460,-15.992472,1,110,1,45
-48.976759,-22.320338,1,110,1,100
-50.965613,-29.951309,1,110,1,247
-47.839336,-20.522210,1,110,1,26
-49.165886,-22.220671,1,110,1,321
-43.956023,-19.744657,1,110,1,6
-50.919920,-20.192285,1,110,1,293
-49.995297,-20.399130,1,110,1,114
-49.528812,-28.972319,1,110,1,222
-49.724641,-29.148574,1,110,1,33
-49.948733,-20.422157,1,110,1,120
-47.889801,-20.693728,1,110,1,193
-49.018870,-22.394933,1,110,1,328
-43.948386,-19.770839,1,110,1,2
-49.948632,-20.422035,1,110,1,300
-47.786535,-20.054478,1,110,1,214
-49.351799,-28.793644,1,110,1,57
-49.630554,-29.085085,1,110,1,15
-49.669215,-20.614451,1,110,1,155
-44.510306,-22.467969,1,110,1,84
-49.007889,-21.143650,1,110,1,130
-43.948632,-19.770859,1,110,1,182
-49.657484,-20.631071,1,110,1,144
-50.943622,-20.186363,1,110,1,283
-49.232230,-28.717211,1,110,1,229
-49.527598,-28.944136,1,110,1,42
-49.656992,-20.631437,1,110,1,324
-47.656718,-22.324662,1,110,1,191
-47.953177,-23.447373,1,110,1,221
-44.055659,-22.585992,1,110,1,65
-49.668028,-20.616639,1,110,1,335
-50.934630,-20.188490,1,110,1,103
-49.221332,-28.714489,1,110,1,78
-49.519318,-28.936145,1,110,1,42
-50.529620,-20.264744,1,110,1,284
-47.511213,-22.467818,1,110,1,294
-47.788489,-21.101050,1,110,1,326
-43.565631,-22.729911,1,110,1,87
-50.529679,-20.264887,1,110,1,104
-47.892883,-20.753836,1,110,1,176
-49.181353,-28.697709,1,110,1,85
-49.490459,-28.920042,1,110,1,41
-50.240765,-20.272811,1,110,1,272
-47.504192,-22.471064,1,110,1,115
-43.939645,-19.728583,1,110,1,43
-43.967524,-19.704903,1,110,1,321
-50.240797,-20.272968,1,110,1,92
-47.785214,-21.105941,1,110,1,146
-49.052429,-28.577424,1,110,1,175
-49.389498,-28.813307,1,110,1,245
-50.642675,-20.238173,1,110,1,104
-47.473936,-22.480474,1,110,1,108
-50.359671,-22.661051,1,110,1,299
-43.967697,-19.704951,1,110,1,139
-50.642636,-20.237998,1,110,1,284
-49.450873,-28.869597,1,110,1,214
-48.944375,-28.426007,1,110,1,58
-43.905169,-19.685174,1,110,1,215
-49.570623,-20.741524,1,110,1,145
-49.518219,-28.934871,1,110,1,224
-48.391561,-16.115595,1,110,1,51
-48.460007,-20.910283,1,110,1,163
-49.570725,-20.741099,1,110,1,325
-49.527753,-28.944008,1,110,1,223
-48.935916,-28.424608,1,110,1,278
-48.457051,-20.918679,1,110,1,343
-48.881121,-28.428280,1,110,1,111
-49.630554,-29.084738,1,110,1,194
-48.471405,-16.100175,1,110,1,110
-49.806891,-21.653945,1,110,1,127
-43.283721,-22.652429,1,110,1,180
-49.724786,-29.148605,1,110,1,211
-48.704040,-28.257399,1,110,1,197
-45.491038,-22.995565,1,110,1,242
-48.464765,-16.102047,1,110,1,88
-44.995584,-22.671718,1,110,1,30
-48.694375,-28.170138,1,110,1,6
-49.286857,-20.914482,1,110,1,320
-43.289509,-22.698990,1,110,1,16
-48.694482,-28.170225,1,110,1,186
-49.528656,-28.972294,1,110,1,41
-48.692920,-28.157274,1,110,1,186
-47.000466,-22.562903,1,110,1,189
-48.705554,-28.097757,1,110,1,328
-49.706941,-16.096912,1,110,1,110
-48.717004,-28.059614,1,110,1,347
-50.608369,-20.246292,1,110,1,104
-50.599630,-20.248162,1,110,1,284
-47.516047,-23.350301,1,120,1,297
-47.098174,-23.003867,1,120,1,142
-47.266121,-22.871719,1,120,1,271
-45.845242,-23.277924,1,120,1,84
-46.960233,-23.516767,1,120,1,294
-47.433627,-22.782497,1,120,1,122
-48.440358,-23.138634,1,120,1,102
-46.745613,-23.474654,1,120,1,300
-48.209323,-23.203472,1,120,1,310
-48.235783,-23.193986,1,120,1,95
-47.792906,-23.283655,1,120,1,91
-46.077342,-23.359685,1,120,1,260
-47.021179,-23.468240,1,120,1,291
-45.915570,-23.324424,1,120,1,219
-46.847715,-23.284679,1,120,1,355
-46.311764,-23.444154,1,120,1,257
-47.090244,-23.436161,1,120,1,270
-46.205159,-23.419932,1,120,1,227
-47.270499,-23.413911,1,120,1,290
-48.415716,-23.143406,1,120,1,283
-47.372732,-22.824701,1,120,1,302
-46.947426,-23.162559,1,120,1,315
-46.571990,-23.870660,1,120,1,163
-47.192621,-23.420323,1,120,1,96
-46.594546,-23.753618,1,120,1,160
-46.956942,-23.154039,1,120,1,140
