id,latitude,longitude,velocidade_maxima,sentido_tipo,direcao_graus,tipo,fonte,atualizado_em
1,-26.147677,-53.02423,30,UNICO,139.0,RADAR_FIXO,iGO8/Amigo - mapa de radar,2026-07-21
2,-26.147777,-53.02391,30,UNICO,319.0,RADAR_FIXO,iGO8/Amigo - mapa de radar,2026-07-21
3,-27.619201,-51.485823,30,UNICO,239.0,RADAR_FIXO,iGO8/Amigo - mapa de radar,2026-07-21
4,-26.917232,-53.944726,30,DESCONHECIDO,3.0,RADAR_FIXO,iGO8/Amigo - mapa de radar,2026-07-21
5,-29.74634,-53.367067,30,DESCONHECIDO,159.0,RADAR_FIXO,iGO8/Amigo - mapa de radar,2026-07-21
6,-30.040167,-51.127826,40,UNICO,79.0,RADAR_FIXO,iGO8/Amigo - mapa de radar,2026-07-21
7,-30.039693,-51.125825,40,UNICO,255.0,RADAR_FIXO,iGO8/Amigo - mapa de radar,2026-07-21
8,-26.874739,-52.416197,40,AMBOS,95.0,RADAR_FIXO,iGO8/Amigo - mapa de radar,2026-07-21
9,-26.285608,-48.869538,40,AMBOS,107.0,RADAR_FIXO,iGO8/Amigo - mapa de radar,2026-07-21
10,-26.877371,-52.425814,40,UNICO,276.0,RADAR_FIXO,iGO8/Amigo - mapa de radar,2026-07-21
11,-26.877432,-52.425814,40,UNICO,96.0,RADAR_FIXO,iGO8/Amigo - mapa de radar,2026-07-21
12,-26.284414,-48.854544,40,UNICO,267.0,RADAR_FIXO,iGO8/Amigo - mapa de radar,2026-07-21
13,-26.274701,-48.853556,40,UNICO,267.0,RADAR_FIXO,iGO8/Amigo - mapa de radar,2026-07-21
14,-26.274774,-48.854013,40,UNICO,87.0,RADAR_FIXO,iGO8/Amigo - mapa de radar,2026-07-21
15,-26.38384,-48.821824,40,UNICO,320.0,RADAR_FIXO,iGO8/Amigo - mapa de radar,2026-07-21
16,-29.836263,-50.594566,40,DESCONHECIDO,73.0,RADAR_FIXO,iGO8/Amigo - mapa de radar,2026-07-21
17,-28.498374,-50.951752,40,UNICO,152.0,RADAR_FIXO,iGO8/Amigo - mapa de radar,2026-07-21
18,-29.101056,-50.631034,40,UNICO,263.0,RADAR_FIXO,iGO8/Amigo - mapa de radar,2026-07-21
19,-26.319318,-48.819256,40,AMBOS,85.0,RADAR_FIXO,iGO8/Amigo - mapa de radar,2026-07-21
20,-29.624141,-51.134797,40,UNICO,229.0,RADAR_FIXO,iGO8/Amigo - mapa de radar,2026-07-21
21,-26.292246,-48.900576,40,UNICO,88.0,RADAR_FIXO,iGO8/Amigo - mapa de radar,2026-07-21
22,-29.90575,-51.095896,40,UNICO,194.0,RADAR_FIXO,iGO8/Amigo - mapa de radar,2026-07-21
23,-26.306835,-48.854894,40,UNICO,222.0,RADAR_FIXO,iGO8/Amigo - mapa de radar,2026-07-21
24,-28.279273,-53.489594,40,UNICO,215.0,RADAR_FIXO,iGO8/Amigo - mapa de radar,2026-07-21
25,-26.055984,-53.045179,40,UNICO,135.0,RADAR_FIXO,iGO8/Amigo - mapa de radar,2026-07-21
26,-28.638202,-53.112604,40,UNICO,270.0,RADAR_FIXO,iGO8/Amigo - mapa de radar,2026-07-21
27,-28.638362,-53.116238,40,UNICO,88.0,RADAR_FIXO,iGO8/Amigo - mapa de radar,2026-07-21
28,-26.878327,-52.411453,40,UNICO,72.0,RADAR_FIXO,iGO8/Amigo - mapa de radar,2026-07-21
29,-26.889613,-52.402961,40,AMBOS,134.0,RADAR_FIXO,iGO8/Amigo - mapa de radar,2026-07-21
30,-26.330732,-48.832893,40,UNICO,140.0,RADAR_FIXO,iGO8/Amigo - mapa de radar,2026-07-21
31,-26.879704,-52.39059,40,UNICO,106.0,RADAR_FIXO,iGO8/Amigo - mapa de radar,2026-07-21
32,-26.089804,-53.049939,40,AMBOS,22.0,RADAR_FIXO,iGO8/Amigo - mapa de radar,2026-07-21
33,-27.095231,-52.608812,40,AMBOS,166.0,RADAR_FIXO,iGO8/Amigo - mapa de radar,2026-07-21
34,-26.331547,-48.832459,40,UNICO,347.0,RADAR_FIXO,iGO8/Amigo - mapa de radar,2026-07-21
35,-26.87961,-52.390562,40,UNICO,286.0,RADAR_FIXO,iGO8/Amigo - mapa de radar,2026-07-21
36,-26.880031,-52.417315,40,UNICO,72.0,RADAR_FIXO,iGO8/Amigo - mapa de radar,2026-07-21
37,-26.997682,-51.404254,40,UNICO,243.0,RADAR_FIXO,iGO8/Amigo - mapa de radar,2026-07-21
38,-26.882265,-52.393497,40,AMBOS,119.0,RADAR_FIXO,iGO8/Amigo - mapa de radar,2026-07-21
39,-26.879818,-52.416541,40,UNICO,251.0,RADAR_FIXO,iGO8/Amigo - mapa de radar,2026-07-21
40,-29.176144,-51.182926,40,UNICO,36.0,RADAR_FIXO,iGO8/Amigo - mapa de radar,2026-07-21
41,-26.881258,-52.424471,40,UNICO,263.0,RADAR_FIXO,iGO8/Amigo - mapa de radar,2026-07-21
42,-26.30236,-48.850808,40,UNICO,185.0,RADAR_FIXO,iGO8/Amigo - mapa de radar,2026-07-21
43,-26.298991,-48.8207,40,UNICO,31.0,RADAR_FIXO,iGO8/Amigo - mapa de radar,2026-07-21
44,-26.276651,-48.832409,40,UNICO,15.0,RADAR_FIXO,iGO8/Amigo - mapa de radar,2026-07-21
45,-26.226024,-51.091912,40,UNICO,326.0,RADAR_FIXO,iGO8/Amigo - mapa de radar,2026-07-21
46,-30.07765,-51.037473,40,DESCONHECIDO,17.0,RADAR_FIXO,iGO8/Amigo - mapa de radar,2026-07-21
47,-26.275944,-48.811365,40,UNICO,356.0,RADAR_FIXO,iGO8/Amigo - mapa de radar,2026-07-21
48,-30.067278,-51.026305,40,DESCONHECIDO,31.0,RADAR_FIXO,iGO8/Amigo - mapa de radar,2026-07-21
49,-30.065937,-51.022214,40,AMBOS,107.0,RADAR_FIXO,iGO8/Amigo - mapa de radar,2026-07-21
50,-27.131284,-52.611389,40,DESCONHECIDO,107.0,RADAR_FIXO,iGO8/Amigo - mapa de radar,2026-07-21
51,-29.200087,-51.465358,40,UNICO,107.0,RADAR_FIXO,iGO8/Amigo - mapa de radar,2026-07-21
52,-27.121807,-52.609492,40,UNICO,346.0,RADAR_FIXO,iGO8/Amigo - mapa de radar,2026-07-21
53,-29.200602,-51.464179,40,UNICO,309.0,RADAR_FIXO,iGO8/Amigo - mapa de radar,2026-07-21
54,-27.117572,-52.610824,40,UNICO,166.0,RADAR_FIXO,iGO8/Amigo - mapa de radar,2026-07-21
55,-30.00503,-52.907551,40,UNICO,160.0,RADAR_FIXO,iGO8/Amigo - mapa de radar,2026-07-21
56,-26.313153,-48.854113,40,UNICO,47.0,RADAR_FIXO,iGO8/Amigo - mapa de radar,2026-07-21
57,-30.005532,-52.907344,40,UNICO,340.0,RADAR_FIXO,iGO8/Amigo - mapa de radar,2026-07-21
58,-26.273164,-48.811562,40,UNICO,356.0,RADAR_FIXO,iGO8/Amigo - mapa de radar,2026-07-21
59,-26.861046,-52.406284,40,DESCONHECIDO,18.0,RADAR_FIXO,iGO8/Amigo - mapa de radar,2026-07-21
60,-26.724949,-53.513399,40,UNICO,341.0,RADAR_FIXO,iGO8/Amigo - mapa de radar,2026-07-21
61,-26.878279,-52.395699,40,UNICO,286.0,RADAR_FIXO,iGO8/Amigo - mapa de radar,2026-07-21
62,-29.197113,-54.873492,40,UNICO,54.0,RADAR_FIXO,iGO8/Amigo - mapa de radar,2026-07-21
63,-26.340269,-48.823543,40,AMBOS,127.0,RADAR_FIXO,iGO8/Amigo - mapa de radar,2026-07-21
64,-26.045098,-53.054416,40,UNICO,155.0,RADAR_FIXO,iGO8/Amigo - mapa de radar,2026-07-21
65,-26.045071,-53.05433,40,UNICO,336.0,RADAR_FIXO,iGO8/Amigo - mapa de radar,2026-07-21
66,-30.013037,-52.889182,40,UNICO,82.0,RADAR_FIXO,iGO8/Amigo - mapa de radar,2026-07-21
67,-30.012931,-52.888449,40,UNICO,265.0,RADAR_FIXO,iGO8/Amigo - mapa de radar,2026-07-21
68,-26.284494,-48.855433,40,UNICO,86.0,RADAR_FIXO,iGO8/Amigo - mapa de radar,2026-07-21
69,-26.082919,-53.055092,40,UNICO,43.0,RADAR_FIXO,iGO8/Amigo - mapa de radar,2026-07-21
70,-27.080597,-52.620902,40,UNICO,345.0,RADAR_FIXO,iGO8/Amigo - mapa de radar,2026-07-21
71,-28.685676,-49.419885,40,AMBOS,176.0,RADAR_FIXO,iGO8/Amigo - mapa de radar,2026-07-21
72,-26.75536,-53.500689,40,UNICO,179.0,RADAR_FIXO,iGO8/Amigo - mapa de radar,2026-07-21
73,-28.690897,-49.419482,40,UNICO,176.0,RADAR_FIXO,iGO8/Amigo - mapa de radar,2026-07-21
74,-26.746589,-53.50096,40,UNICO,179.0,RADAR_FIXO,iGO8/Amigo - mapa de radar,2026-07-21
75,-28.691828,-49.419364,40,UNICO,356.0,RADAR_FIXO,iGO8/Amigo - mapa de radar,2026-07-21
76,-26.74647,-53.500869,40,UNICO,359.0,RADAR_FIXO,iGO8/Amigo - mapa de radar,2026-07-21
77,-28.697513,-49.41886,40,AMBOS,176.0,RADAR_FIXO,iGO8/Amigo - mapa de radar,2026-07-21
78,-26.311066,-48.851075,40,UNICO,139.0,RADAR_FIXO,iGO8/Amigo - mapa de radar,2026-07-21
79,-27.798019,-50.301644,40,UNICO,88.0,RADAR_FIXO,iGO8/Amigo - mapa de radar,2026-07-21
80,-26.073781,-53.045619,40,UNICO,45.0,RADAR_FIXO,iGO8/Amigo - mapa de radar,2026-07-21
81,-27.51179,-48.641968,40,UNICO,316.0,RADAR_FIXO,iGO8/Amigo - mapa de radar,2026-07-21
82,-27.511481,-48.642913,40,UNICO,136.0,RADAR_FIXO,iGO8/Amigo - mapa de radar,2026-07-21
83,-26.709041,-53.514492,40,UNICO,13.0,RADAR_FIXO,iGO8/Amigo - mapa de radar,2026-07-21
84,-27.303297,-50.079511,40,DESCONHECIDO,118.0,RADAR_FIXO,iGO8/Amigo - mapa de radar,2026-07-21
85,-26.870425,-48.729346,40,UNICO,342.0,RADAR_FIXO,iGO8/Amigo - mapa de radar,2026-07-21
86,-26.066813,-53.034297,40,AMBOS,36.0,RADAR_FIXO,iGO8/Amigo - mapa de radar,2026-07-21
87,-26.868971,-48.730359,40,UNICO,169.0,RADAR_FIXO,iGO8/Amigo - mapa de radar,2026-07-21
88,-26.327291,-48.845629,40,UNICO,186.0,RADAR_FIXO,iGO8/Amigo - mapa de radar,2026-07-21
89,-29.029856,-51.180473,40,AMBOS,178.0,RADAR_FIXO,iGO8/Amigo - mapa de radar,2026-07-21
90,-27.638903,-48.666766,40,UNICO,212.0,RADAR_FIXO,iGO8/Amigo - mapa de radar,2026-07-21
91,-29.030367,-51.185895,40,UNICO,269.0,RADAR_FIXO,iGO8/Amigo - mapa de radar,2026-07-21
92,-29.030362,-51.184888,40,UNICO,89.0,RADAR_FIXO,iGO8/Amigo - mapa de radar,2026-07-21
93,-27.632563,-48.661288,40,UNICO,41.0,RADAR_FIXO,iGO8/Amigo - mapa de radar,2026-07-21
94,-26.319529,-48.83101,40,UNICO,220.0,RADAR_FIXO,iGO8/Amigo - mapa de radar,2026-07-21
95,-29.032753,-51.180406,40,UNICO,178.0,RADAR_FIXO,iGO8/Amigo - mapa de radar,2026-07-21
96,-27.631743,-48.661021,40,UNICO,222.0,RADAR_FIXO,iGO8/Amigo - mapa de radar,2026-07-21
97,-26.335813,-48.847575,40,UNICO,178.0,RADAR_FIXO,iGO8/Amigo - mapa de radar,2026-07-21
98,-29.0323,-51.180372,40,UNICO,358.0,RADAR_FIXO,iGO8/Amigo - mapa de radar,2026-07-21
99,-29.747639,-51.096655,40,UNICO,7.0,RADAR_FIXO,iGO8/Amigo - mapa de radar,2026-07-21
100,-29.030513,-51.192292,40,AMBOS,89.0,RADAR_FIXO,iGO8/Amigo - mapa de radar,2026-07-21
101,-29.747594,-51.096811,40,UNICO,187.0,RADAR_FIXO,iGO8/Amigo - mapa de radar,2026-07-21
102,-29.775472,-51.129395,40,UNICO,318.0,RADAR_FIXO,iGO8/Amigo - mapa de radar,2026-07-21
103,-29.775261,-51.129813,40,UNICO,138.0,RADAR_FIXO,iGO8/Amigo - mapa de radar,2026-07-21
104,-27.301362,-50.081347,40,UNICO,34.0,RADAR_FIXO,iGO8/Amigo - mapa de radar,2026-07-21
105,-27.617581,-51.485434,40,UNICO,248.0,RADAR_FIXO,iGO8/Amigo - mapa de radar,2026-07-21
106,-27.581242,-48.614415,40,UNICO,16.0,RADAR_FIXO,iGO8/Amigo - mapa de radar,2026-07-21
107,-27.796957,-50.314627,40,UNICO,280.0,RADAR_FIXO,iGO8/Amigo - mapa de radar,2026-07-21
108,-26.883529,-48.723865,40,UNICO,340.0,RADAR_FIXO,iGO8/Amigo - mapa de radar,2026-07-21
109,-26.758351,-53.500556,40,UNICO,178.0,RADAR_FIXO,iGO8/Amigo - mapa de radar,2026-07-21
110,-27.797114,-50.315052,40,UNICO,101.0,RADAR_FIXO,iGO8/Amigo - mapa de radar,2026-07-21
111,-27.09579,-48.618674,40,UNICO,192.0,RADAR_FIXO,iGO8/Amigo - mapa de radar,2026-07-21
112,-27.096299,-48.618315,40,UNICO,10.0,RADAR_FIXO,iGO8/Amigo - mapa de radar,2026-07-21
113,-27.580457,-48.614614,40,UNICO,196.0,RADAR_FIXO,iGO8/Amigo - mapa de radar,2026-07-21
114,-29.994758,-51.188233,40,UNICO,219.0,RADAR_FIXO,iGO8/Amigo - mapa de radar,2026-07-21
115,-27.099428,-52.620917,40,UNICO,167.0,RADAR_FIXO,iGO8/Amigo - mapa de radar,2026-07-21
116,-30.022041,-51.187782,40,UNICO,240.0,RADAR_FIXO,iGO8/Amigo - mapa de radar,2026-07-21
117,-28.702223,-49.439053,40,UNICO,273.0,RADAR_FIXO,iGO8/Amigo - mapa de radar,2026-07-21
118,-27.073905,-52.622738,40,UNICO,346.0,RADAR_FIXO,iGO8/Amigo - mapa de radar,2026-07-21
119,-28.702297,-49.439974,40,UNICO,85.0,RADAR_FIXO,iGO8/Amigo - mapa de radar,2026-07-21
120,-30.087144,-51.187683,40,AMBOS,149.0,RADAR_FIXO,iGO8/Amigo - mapa de radar,2026-07-21
121,-27.642019,-48.699215,40,AMBOS,99.0,RADAR_FIXO,iGO8/Amigo - mapa de radar,2026-07-21
122,-27.635296,-48.658961,40,UNICO,230.0,RADAR_FIXO,iGO8/Amigo - mapa de radar,2026-07-21
123,-27.105596,-52.603716,40,UNICO,256.0,RADAR_FIXO,iGO8/Amigo - mapa de radar,2026-07-21
124,-27.641539,-48.702634,40,UNICO,279.0,RADAR_FIXO,iGO8/Amigo - mapa de radar,2026-07-21
125,-27.641508,-48.703039,40,UNICO,96.0,RADAR_FIXO,iGO8/Amigo - mapa de radar,2026-07-21
126,-26.345189,-48.792675,40,UNICO,140.0,RADAR_FIXO,iGO8/Amigo - mapa de radar,2026-07-21
127,-30.072873,-51.108714,40,AMBOS,60.0,RADAR_FIXO,iGO8/Amigo - mapa de radar,2026-07-21
128,-26.345456,-48.792336,40,UNICO,320.0,RADAR_FIXO,iGO8/Amigo - mapa de radar,2026-07-21
129,-30.069272,-51.106295,40,UNICO,340.0,RADAR_FIXO,iGO8/Amigo - mapa de radar,2026-07-21
130,-30.069284,-51.106389,40,UNICO,160.0,RADAR_FIXO,iGO8/Amigo - mapa de radar,2026-07-21
131,-27.249573,-51.952756,40,DESCONHECIDO,180.0,RADAR_FIXO,iGO8/Amigo - mapa de radar,2026-07-21
132,-30.062377,-51.111183,40,UNICO,48.0,RADAR_FIXO,iGO8/Amigo - mapa de radar,2026-07-21
133,-26.712282,-53.515382,40,UNICO,192.0,RADAR_FIXO,iGO8/Amigo - mapa de radar,2026-07-21
134,-27.63916,-48.664087,40,UNICO,50.0,RADAR_FIXO,iGO8/Amigo - mapa de radar,2026-07-21
135,-30.062297,-51.111226,40,UNICO,226.0,RADAR_FIXO,iGO8/Amigo - mapa de radar,2026-07-21
136,-26.712963,-53.515697,40,UNICO,37.0,RADAR_FIXO,iGO8/Amigo - mapa de radar,2026-07-21
137,-27.635728,-48.65937,40,UNICO,50.0,RADAR_FIXO,iGO8/Amigo - mapa de radar,2026-07-21
138,-27.638706,-48.663641,40,UNICO,230.0,RADAR_FIXO,iGO8/Amigo - mapa de radar,2026-07-21
139,-27.181574,-51.5213,40,UNICO,323.0,RADAR_FIXO,iGO8/Amigo - mapa de radar,2026-07-21
140,-26.732939,-53.50927,40,UNICO,300.0,RADAR_FIXO,iGO8/Amigo - mapa de radar,2026-07-21
141,-28.501894,-50.940877,40,UNICO,97.0,RADAR_FIXO,iGO8/Amigo - mapa de radar,2026-07-21
142,-28.507497,-50.945713,40,UNICO,44.0,RADAR_FIXO,iGO8/Amigo - mapa de radar,2026-07-21
143,-27.645566,-48.676638,40,UNICO,279.0,RADAR_FIXO,iGO8/Amigo - mapa de radar,2026-07-21
144,-28.501947,-50.940335,40,UNICO,277.0,RADAR_FIXO,iGO8/Amigo - mapa de radar,2026-07-21
145,-27.645463,-48.677268,40,UNICO,100.0,RADAR_FIXO,iGO8/Amigo - mapa de radar,2026-07-21
146,-27.117014,-52.614537,40,AMBOS,166.0,RADAR_FIXO,iGO8/Amigo - mapa de radar,2026-07-21
147,-27.115284,-52.616511,40,UNICO,168.0,RADAR_FIXO,iGO8/Amigo - mapa de radar,2026-07-21
148,-28.507469,-50.945719,40,UNICO,224.0,RADAR_FIXO,iGO8/Amigo - mapa de radar,2026-07-21
149,-27.131009,-52.602862,40,UNICO,146.0,RADAR_FIXO,iGO8/Amigo - mapa de radar,2026-07-21
150,-28.726795,-52.846925,40,UNICO,214.0,RADAR_FIXO,iGO8/Amigo - mapa de radar,2026-07-21
151,-26.34265,-48.794994,40,UNICO,321.0,RADAR_FIXO,iGO8/Amigo - mapa de radar,2026-07-21
152,-27.065485,-51.664601,40,UNICO,117.0,RADAR_FIXO,iGO8/Amigo - mapa de radar,2026-07-21
153,-28.729032,-52.84879,40,UNICO,33.0,RADAR_FIXO,iGO8/Amigo - mapa de radar,2026-07-21
154,-26.342139,-48.796068,40,UNICO,101.0,RADAR_FIXO,iGO8/Amigo - mapa de radar,2026-07-21
155,-27.104975,-52.599775,40,UNICO,281.0,RADAR_FIXO,iGO8/Amigo - mapa de radar,2026-07-21
156,-28.723495,-52.849557,40,UNICO,42.0,RADAR_FIXO,iGO8/Amigo - mapa de radar,2026-07-21
157,-29.513431,-50.108529,40,UNICO,12.0,RADAR_FIXO,iGO8/Amigo - mapa de radar,2026-07-21
158,-28.723486,-52.849654,40,UNICO,222.0,RADAR_FIXO,iGO8/Amigo - mapa de radar,2026-07-21
159,-26.73167,-53.510399,40,UNICO,160.0,RADAR_FIXO,iGO8/Amigo - mapa de radar,2026-07-21
160,-28.731704,-52.840738,40,UNICO,337.0,RADAR_FIXO,iGO8/Amigo - mapa de radar,2026-07-21
161,-28.731748,-52.840803,40,UNICO,157.0,RADAR_FIXO,iGO8/Amigo - mapa de radar,2026-07-21
162,-28.512803,-50.938972,40,UNICO,264.0,RADAR_FIXO,iGO8/Amigo - mapa de radar,2026-07-21
163,-28.512891,-50.939395,40,UNICO,84.0,RADAR_FIXO,iGO8/Amigo - mapa de radar,2026-07-21
164,-26.322685,-48.831253,40,UNICO,141.0,RADAR_FIXO,iGO8/Amigo - mapa de radar,2026-07-21
165,-28.588173,-51.028043,40,UNICO,35.0,RADAR_FIXO,iGO8/Amigo - mapa de radar,2026-07-21
166,-28.877579,-51.146817,40,UNICO,346.0,RADAR_FIXO,iGO8/Amigo - mapa de radar,2026-07-21
167,-27.118881,-52.608334,40,UNICO,165.0,RADAR_FIXO,iGO8/Amigo - mapa de radar,2026-07-21
168,-26.245175,-49.519957,40,AMBOS,75.0,RADAR_FIXO,iGO8/Amigo - mapa de radar,2026-07-21
169,-27.072072,-51.662549,40,UNICO,12.0,RADAR_FIXO,iGO8/Amigo - mapa de radar,2026-07-21
170,-30.129987,-51.200544,40,UNICO,297.0,RADAR_FIXO,iGO8/Amigo - mapa de radar,2026-07-21
171,-28.878526,-51.148562,40,UNICO,340.0,RADAR_FIXO,iGO8/Amigo - mapa de radar,2026-07-21
172,-30.129445,-51.201401,40,UNICO,143.0,RADAR_FIXO,iGO8/Amigo - mapa de radar,2026-07-21
173,-30.029808,-51.150927,40,UNICO,184.0,RADAR_FIXO,iGO8/Amigo - mapa de radar,2026-07-21
174,-28.97409,-51.069881,40,UNICO,103.0,RADAR_FIXO,iGO8/Amigo - mapa de radar,2026-07-21
175,-30.030086,-51.150827,40,UNICO,3.0,RADAR_FIXO,iGO8/Amigo - mapa de radar,2026-07-21
176,-28.97483,-51.068083,40,UNICO,311.0,RADAR_FIXO,iGO8/Amigo - mapa de radar,2026-07-21
177,-29.202144,-51.177336,40,UNICO,221.0,RADAR_FIXO,iGO8/Amigo - mapa de radar,2026-07-21
178,-30.016817,-51.213022,40,UNICO,199.0,RADAR_FIXO,iGO8/Amigo - mapa de radar,2026-07-21
179,-26.998102,-51.415417,40,DESCONHECIDO,38.0,RADAR_FIXO,iGO8/Amigo - mapa de radar,2026-07-21
180,-30.124741,-51.105853,40,UNICO,254.0,RADAR_FIXO,iGO8/Amigo - mapa de radar,2026-07-21
181,-29.20431,-51.17706,40,UNICO,3.0,RADAR_FIXO,iGO8/Amigo - mapa de radar,2026-07-21
182,-30.018246,-51.213575,40,UNICO,19.0,RADAR_FIXO,iGO8/Amigo - mapa de radar,2026-07-21
183,-28.970558,-51.071797,40,UNICO,38.0,RADAR_FIXO,iGO8/Amigo - mapa de radar,2026-07-21
184,-30.124811,-51.105851,40,UNICO,75.0,RADAR_FIXO,iGO8/Amigo - mapa de radar,2026-07-21
185,-29.745106,-51.156294,40,UNICO,300.0,RADAR_FIXO,iGO8/Amigo - mapa de radar,2026-07-21
186,-28.96962,-51.071367,40,UNICO,220.0,RADAR_FIXO,iGO8/Amigo - mapa de radar,2026-07-21
187,-29.744804,-51.156945,40,UNICO,109.0,RADAR_FIXO,iGO8/Amigo - mapa de radar,2026-07-21
188,-28.50464,-50.93078,40,AMBOS,86.0,RADAR_FIXO,iGO8/Amigo - mapa de radar,2026-07-21
189,-26.077242,-53.063816,40,AMBOS,75.0,RADAR_FIXO,iGO8/Amigo - mapa de radar,2026-07-21
190,-28.503853,-50.939898,40,UNICO,255.0,RADAR_FIXO,iGO8/Amigo - mapa de radar,2026-07-21
191,-27.089955,-52.680306,40,UNICO,270.0,RADAR_FIXO,iGO8/Amigo - mapa de radar,2026-07-21
192,-27.090084,-52.680834,40,UNICO,89.0,RADAR_FIXO,iGO8/Amigo - mapa de radar,2026-07-21
193,-30.02446,-52.907058,40,AMBOS,349.0,RADAR_FIXO,iGO8/Amigo - mapa de radar,2026-07-21
194,-27.79581,-50.287351,40,UNICO,244.0,RADAR_FIXO,iGO8/Amigo - mapa de radar,2026-07-21
195,-27.797723,-50.301407,40,UNICO,268.0,RADAR_FIXO,iGO8/Amigo - mapa de radar,2026-07-21
196,-29.98226,-52.369232,40,UNICO,356.0,RADAR_FIXO,iGO8/Amigo - mapa de radar,2026-07-21
197,-28.784591,-49.365299,40,AMBOS,357.0,RADAR_FIXO,iGO8/Amigo - mapa de radar,2026-07-21
198,-29.980481,-52.3705,40,UNICO,140.0,RADAR_FIXO,iGO8/Amigo - mapa de radar,2026-07-21
199,-30.152874,-51.200947,40,UNICO,340.0,RADAR_FIXO,iGO8/Amigo - mapa de radar,2026-07-21
200,-27.62601,-48.674199,40,UNICO,101.0,RADAR_FIXO,iGO8/Amigo - mapa de radar,2026-07-21
201,-30.152495,-51.201191,40,UNICO,178.0,RADAR_FIXO,iGO8/Amigo - mapa de radar,2026-07-21
202,-26.355376,-48.838783,40,UNICO,6.0,RADAR_FIXO,iGO8/Amigo - mapa de radar,2026-07-21
203,-27.179256,-51.53964,40,UNICO,289.0,RADAR_FIXO,iGO8/Amigo - mapa de radar,2026-07-21
204,-26.354499,-48.83872,40,UNICO,186.0,RADAR_FIXO,iGO8/Amigo - mapa de radar,2026-07-21
205,-27.178464,-51.523937,40,UNICO,142.0,RADAR_FIXO,iGO8/Amigo - mapa de radar,2026-07-21
206,-27.178324,-51.54282,40,UNICO,109.0,RADAR_FIXO,iGO8/Amigo - mapa de radar,2026-07-21
207,-26.737239,-53.502749,40,UNICO,126.0,RADAR_FIXO,iGO8/Amigo - mapa de radar,2026-07-21
208,-30.020463,-51.142821,40,UNICO,359.0,RADAR_FIXO,iGO8/Amigo - mapa de radar,2026-07-21
209,-30.01996,-51.142857,40,UNICO,195.0,RADAR_FIXO,iGO8/Amigo - mapa de radar,2026-07-21
210,-28.271597,-52.424285,40,UNICO,217.0,RADAR_FIXO,iGO8/Amigo - mapa de radar,2026-07-21
211,-30.050899,-51.145133,40,UNICO,41.0,RADAR_FIXO,iGO8/Amigo - mapa de radar,2026-07-21
212,-28.76963,-49.4081,40,UNICO,358.0,RADAR_FIXO,iGO8/Amigo - mapa de radar,2026-07-21
213,-30.085092,-51.19074,40,AMBOS,134.0,RADAR_FIXO,iGO8/Amigo - mapa de radar,2026-07-21
214,-29.933408,-51.125912,40,DESCONHECIDO,84.0,RADAR_FIXO,iGO8/Amigo - mapa de radar,2026-07-21
215,-28.502499,-50.934553,40,AMBOS,275.0,RADAR_FIXO,iGO8/Amigo - mapa de radar,2026-07-21
216,-28.520011,-50.94129,40,UNICO,224.0,RADAR_FIXO,iGO8/Amigo - mapa de radar,2026-07-21
217,-28.683039,-49.359914,40,AMBOS,92.0,RADAR_FIXO,iGO8/Amigo - mapa de radar,2026-07-21
218,-28.508462,-50.936214,40,UNICO,347.0,RADAR_FIXO,iGO8/Amigo - mapa de radar,2026-07-21
219,-30.048841,-51.144174,40,UNICO,196.0,RADAR_FIXO,iGO8/Amigo - mapa de radar,2026-07-21
220,-28.769683,-49.408149,40,UNICO,178.0,RADAR_FIXO,iGO8/Amigo - mapa de radar,2026-07-21
221,-29.894214,-51.092184,40,UNICO,215.0,RADAR_FIXO,iGO8/Amigo - mapa de radar,2026-07-21
222,-29.907108,-51.09624,40,UNICO,13.0,RADAR_FIXO,iGO8/Amigo - mapa de radar,2026-07-21
223,-29.894503,-51.092432,40,UNICO,35.0,RADAR_FIXO,iGO8/Amigo - mapa de radar,2026-07-21
224,-27.626188,-48.671966,40,UNICO,271.0,RADAR_FIXO,iGO8/Amigo - mapa de radar,2026-07-21
225,-27.131732,-52.602209,40,UNICO,326.0,RADAR_FIXO,iGO8/Amigo - mapa de radar,2026-07-21
226,-26.300239,-48.823418,40,UNICO,224.0,RADAR_FIXO,iGO8/Amigo - mapa de radar,2026-07-21
227,-29.509819,-50.107544,40,DESCONHECIDO,2.0,RADAR_FIXO,iGO8/Amigo - mapa de radar,2026-07-21
228,-27.118877,-52.608241,40,UNICO,345.0,RADAR_FIXO,iGO8/Amigo - mapa de radar,2026-07-21
229,-27.229526,-52.030868,40,UNICO,155.0,RADAR_FIXO,iGO8/Amigo - mapa de radar,2026-07-21
230,-26.997266,-51.409974,40,AMBOS,132.0,RADAR_FIXO,iGO8/Amigo - mapa de radar,2026-07-21
231,-28.702472,-49.426755,40,AMBOS,85.0,RADAR_FIXO,iGO8/Amigo - mapa de radar,2026-07-21
232,-28.21234,-51.51786,40,UNICO,112.0,RADAR_FIXO,iGO8/Amigo - mapa de radar,2026-07-21
233,-28.212765,-51.526077,40,AMBOS,95.0,RADAR_FIXO,iGO8/Amigo - mapa de radar,2026-07-21
234,-28.272133,-52.424721,40,UNICO,29.0,RADAR_FIXO,iGO8/Amigo - mapa de radar,2026-07-21
235,-27.640837,-48.66538,40,UNICO,317.0,RADAR_FIXO,iGO8/Amigo - mapa de radar,2026-07-21
236,-26.872448,-52.418583,40,AMBOS,4.0,RADAR_FIXO,iGO8/Amigo - mapa de radar,2026-07-21
237,-26.28216,-48.812876,40,UNICO,84.0,RADAR_FIXO,iGO8/Amigo - mapa de radar,2026-07-21
238,-28.508236,-50.936422,40,UNICO,167.0,RADAR_FIXO,iGO8/Amigo - mapa de radar,2026-07-21
239,-27.087409,-52.619005,40,UNICO,346.0,RADAR_FIXO,iGO8/Amigo - mapa de radar,2026-07-21
240,-26.273964,-48.848785,40,UNICO,358.0,RADAR_FIXO,iGO8/Amigo - mapa de radar,2026-07-21
241,-27.086683,-52.619387,40,UNICO,166.0,RADAR_FIXO,iGO8/Amigo - mapa de radar,2026-07-21
242,-27.086459,-52.614785,40,AMBOS,1.0,RADAR_FIXO,iGO8/Amigo - mapa de radar,2026-07-21
243,-30.039505,-51.145157,40,UNICO,181.0,RADAR_FIXO,iGO8/Amigo - mapa de radar,2026-07-21
244,-30.095903,-51.246154,40,UNICO,52.0,RADAR_FIXO,iGO8/Amigo - mapa de radar,2026-07-21
245,-28.211504,-50.75976,40,UNICO,341.0,RADAR_FIXO,iGO8/Amigo - mapa de radar,2026-07-21
246,-26.31677,-48.858808,40,UNICO,135.0,RADAR_FIXO,iGO8/Amigo - mapa de radar,2026-07-21
247,-30.012383,-51.124629,40,UNICO,290.0,RADAR_FIXO,iGO8/Amigo - mapa de radar,2026-07-21
248,-26.317497,-48.857966,40,UNICO,313.0,RADAR_FIXO,iGO8/Amigo - mapa de radar,2026-07-21
249,-30.012536,-51.124691,40,UNICO,108.0,RADAR_FIXO,iGO8/Amigo - mapa de radar,2026-07-21
250,-27.100977,-52.626998,40,AMBOS,166.0,RADAR_FIXO,iGO8/Amigo - mapa de radar,2026-07-21
251,-27.080283,-52.621151,40,UNICO,166.0,RADAR_FIXO,iGO8/Amigo - mapa de radar,2026-07-21
252,-27.072892,-52.623203,40,UNICO,166.0,RADAR_FIXO,iGO8/Amigo - mapa de radar,2026-07-21
253,-27.100006,-52.62065,40,UNICO,346.0,RADAR_FIXO,iGO8/Amigo - mapa de radar,2026-07-21
254,-27.116094,-52.616169,40,UNICO,350.0,RADAR_FIXO,iGO8/Amigo - mapa de radar,2026-07-21
255,-27.105006,-52.600682,40,UNICO,79.0,RADAR_FIXO,iGO8/Amigo - mapa de radar,2026-07-21
256,-27.105825,-52.604341,40,UNICO,76.0,RADAR_FIXO,iGO8/Amigo - mapa de radar,2026-07-21
257,-30.094596,-51.24446,40,UNICO,232.0,RADAR_FIXO,iGO8/Amigo - mapa de radar,2026-07-21
258,-30.039852,-51.145113,40,UNICO,1.0,RADAR_FIXO,iGO8/Amigo - mapa de radar,2026-07-21
259,-26.383689,-48.822029,40,UNICO,140.0,RADAR_FIXO,iGO8/Amigo - mapa de radar,2026-07-21
260,-26.282082,-48.835316,40,UNICO,68.0,RADAR_FIXO,iGO8/Amigo - mapa de radar,2026-07-21
261,-26.29432,-48.817084,40,UNICO,224.0,RADAR_FIXO,iGO8/Amigo - mapa de radar,2026-07-21
262,-28.279979,-52.377919,50,UNICO,305.0,RADAR_FIXO,iGO8/Amigo - mapa de radar,2026-07-21
263,-28.275585,-52.381597,50,UNICO,319.0,RADAR_FIXO,iGO8/Amigo - mapa de radar,2026-07-21
264,-28.279211,-52.416759,50,UNICO,90.0,RADAR_FIXO,iGO8/Amigo - mapa de radar,2026-07-21
265,-29.167135,-51.525973,50,UNICO,190.0,RADAR_FIXO,iGO8/Amigo - mapa de radar,2026-07-21
266,-28.272147,-52.385873,50,UNICO,322.0,RADAR_FIXO,iGO8/Amigo - mapa de radar,2026-07-21
267,-28.27925,-52.415535,50,UNICO,276.0,RADAR_FIXO,iGO8/Amigo - mapa de radar,2026-07-21
268,-29.166592,-51.52578,50,UNICO,10.0,RADAR_FIXO,iGO8/Amigo - mapa de radar,2026-07-21
269,-28.266868,-52.394475,50,UNICO,301.0,RADAR_FIXO,iGO8/Amigo - mapa de radar,2026-07-21
270,-29.177095,-51.519876,50,UNICO,107.0,RADAR_FIXO,iGO8/Amigo - mapa de radar,2026-07-21
271,-28.240465,-52.378912,50,UNICO,230.0,RADAR_FIXO,iGO8/Amigo - mapa de radar,2026-07-21
272,-28.740027,-52.834423,50,UNICO,340.0,RADAR_FIXO,iGO8/Amigo - mapa de radar,2026-07-21
273,-29.178981,-51.518554,50,UNICO,32.0,RADAR_FIXO,iGO8/Amigo - mapa de radar,2026-07-21
274,-28.243571,-52.383015,50,UNICO,229.0,RADAR_FIXO,iGO8/Amigo - mapa de radar,2026-07-21
275,-28.721676,-52.847459,50,UNICO,301.0,RADAR_FIXO,iGO8/Amigo - mapa de radar,2026-07-21
276,-29.215119,-51.35244,50,UNICO,120.0,RADAR_FIXO,iGO8/Amigo - mapa de radar,2026-07-21
277,-26.716233,-49.167037,50,AMBOS,15.0,RADAR_FIXO,iGO8/Amigo - mapa de radar,2026-07-21
278,-28.266563,-52.395555,50,UNICO,102.0,RADAR_FIXO,iGO8/Amigo - mapa de radar,2026-07-21
279,-28.721799,-52.847557,50,UNICO,120.0,RADAR_FIXO,iGO8/Amigo - mapa de radar,2026-07-21
280,-29.221399,-51.334149,50,UNICO,262.0,RADAR_FIXO,iGO8/Amigo - mapa de radar,2026-07-21
281,-26.916381,-48.652377,50,UNICO,324.0,RADAR_FIXO,iGO8/Amigo - mapa de radar,2026-07-21
282,-28.269117,-52.389116,50,UNICO,135.0,RADAR_FIXO,iGO8/Amigo - mapa de radar,2026-07-21
283,-28.272048,-52.386162,50,UNICO,142.0,RADAR_FIXO,iGO8/Amigo - mapa de radar,2026-07-21
284,-28.275074,-52.382307,50,UNICO,138.0,RADAR_FIXO,iGO8/Amigo - mapa de radar,2026-07-21
285,-26.934721,-49.061146,50,UNICO,55.0,RADAR_FIXO,iGO8/Amigo - mapa de radar,2026-07-21
286,-29.721545,-51.490913,50,UNICO,297.0,RADAR_FIXO,iGO8/Amigo - mapa de radar,2026-07-21
287,-27.075234,-52.643874,50,UNICO,10.0,RADAR_FIXO,iGO8/Amigo - mapa de radar,2026-07-21
288,-27.067015,-52.635366,50,UNICO,68.0,RADAR_FIXO,iGO8/Amigo - mapa de radar,2026-07-21
289,-29.686107,-51.476105,50,UNICO,262.0,RADAR_FIXO,iGO8/Amigo - mapa de radar,2026-07-21
290,-26.91902,-48.650207,50,UNICO,326.0,RADAR_FIXO,iGO8/Amigo - mapa de radar,2026-07-21
291,-29.363351,-51.088924,50,UNICO,252.0,RADAR_FIXO,iGO8/Amigo - mapa de radar,2026-07-21
292,-29.678852,-51.467352,50,UNICO,190.0,RADAR_FIXO,iGO8/Amigo - mapa de radar,2026-07-21
293,-29.363725,-51.089582,50,UNICO,48.0,RADAR_FIXO,iGO8/Amigo - mapa de radar,2026-07-21
294,-29.450968,-51.30831,50,UNICO,94.0,RADAR_FIXO,iGO8/Amigo - mapa de radar,2026-07-21
295,-27.416437,-49.599162,50,UNICO,356.0,RADAR_FIXO,iGO8/Amigo - mapa de radar,2026-07-21
296,-28.369968,-53.902068,50,AMBOS,178.0,RADAR_FIXO,iGO8/Amigo - mapa de radar,2026-07-21
297,-29.13015,-51.127998,50,UNICO,22.0,RADAR_FIXO,iGO8/Amigo - mapa de radar,2026-07-21
298,-28.535692,-52.15122,50,UNICO,293.0,RADAR_FIXO,iGO8/Amigo - mapa de radar,2026-07-21
299,-28.679676,-49.27374,50,AMBOS,56.0,RADAR_FIXO,iGO8/Amigo - mapa de radar,2026-07-21
300,-29.450973,-51.307039,50,UNICO,260.0,RADAR_FIXO,iGO8/Amigo - mapa de radar,2026-07-21
301,-28.534515,-52.154516,50,UNICO,113.0,RADAR_FIXO,iGO8/Amigo - mapa de radar,2026-07-21
302,-29.879311,-50.786451,50,UNICO,287.0,RADAR_FIXO,iGO8/Amigo - mapa de radar,2026-07-21
303,-28.532811,-52.160462,50,UNICO,87.0,RADAR_FIXO,iGO8/Amigo - mapa de radar,2026-07-21
304,-29.369233,-50.861426,50,UNICO,35.0,RADAR_FIXO,iGO8/Amigo - mapa de radar,2026-07-21
305,-28.713935,-51.938072,50,UNICO,324.0,RADAR_FIXO,iGO8/Amigo - mapa de radar,2026-07-21
306,-29.57199,-50.787276,50,UNICO,120.0,RADAR_FIXO,iGO8/Amigo - mapa de radar,2026-07-21
307,-29.574381,-50.784981,50,UNICO,356.0,RADAR_FIXO,iGO8/Amigo - mapa de radar,2026-07-21
308,-28.80399,-49.405922,50,AMBOS,358.0,RADAR_FIXO,iGO8/Amigo - mapa de radar,2026-07-21
309,-28.379777,-52.252968,50,UNICO,166.0,RADAR_FIXO,iGO8/Amigo - mapa de radar,2026-07-21
310,-28.264616,-52.4158,50,UNICO,243.0,RADAR_FIXO,iGO8/Amigo - mapa de radar,2026-07-21
311,-29.621452,-52.181775,50,UNICO,197.0,RADAR_FIXO,iGO8/Amigo - mapa de radar,2026-07-21
312,-28.726955,-49.370802,50,AMBOS,0.0,RADAR_FIXO,iGO8/Amigo - mapa de radar,2026-07-21
313,-27.095292,-52.627614,50,UNICO,248.0,RADAR_FIXO,iGO8/Amigo - mapa de radar,2026-07-21
314,-27.095008,-52.633309,50,UNICO,287.0,RADAR_FIXO,iGO8/Amigo - mapa de radar,2026-07-21
315,-27.096504,-52.641646,50,UNICO,67.0,RADAR_FIXO,iGO8/Amigo - mapa de radar,2026-07-21
316,-27.094676,-52.634902,50,UNICO,106.0,RADAR_FIXO,iGO8/Amigo - mapa de radar,2026-07-21
317,-27.013129,-51.384512,50,UNICO,326.0,RADAR_FIXO,iGO8/Amigo - mapa de radar,2026-07-21
318,-26.999084,-51.424162,50,DESCONHECIDO,107.0,RADAR_FIXO,iGO8/Amigo - mapa de radar,2026-07-21
319,-29.705445,-53.797456,50,UNICO,228.0,RADAR_FIXO,iGO8/Amigo - mapa de radar,2026-07-21
320,-29.701944,-53.71711,50,UNICO,286.0,RADAR_FIXO,iGO8/Amigo - mapa de radar,2026-07-21
321,-29.701604,-53.719116,50,UNICO,95.0,RADAR_FIXO,iGO8/Amigo - mapa de radar,2026-07-21
322,-29.697426,-53.734144,50,UNICO,113.0,RADAR_FIXO,iGO8/Amigo - mapa de radar,2026-07-21
323,-29.698209,-53.732242,50,UNICO,299.0,RADAR_FIXO,iGO8/Amigo - mapa de radar,2026-07-21
324,-27.417474,-49.583012,50,AMBOS,84.0,RADAR_FIXO,iGO8/Amigo - mapa de radar,2026-07-21
325,-29.70972,-52.502748,50,UNICO,349.0,RADAR_FIXO,iGO8/Amigo - mapa de radar,2026-07-21
326,-29.361486,-50.849899,50,UNICO,269.0,RADAR_FIXO,iGO8/Amigo - mapa de radar,2026-07-21
327,-27.418672,-49.589107,50,AMBOS,82.0,RADAR_FIXO,iGO8/Amigo - mapa de radar,2026-07-21
328,-29.70722,-52.503381,50,UNICO,168.0,RADAR_FIXO,iGO8/Amigo - mapa de radar,2026-07-21
329,-28.676468,-49.39876,50,UNICO,278.0,RADAR_FIXO,iGO8/Amigo - mapa de radar,2026-07-21
330,-28.268126,-52.438545,50,UNICO,217.0,RADAR_FIXO,iGO8/Amigo - mapa de radar,2026-07-21
331,-28.668,-49.227595,50,UNICO,230.0,RADAR_FIXO,iGO8/Amigo - mapa de radar,2026-07-21
332,-28.718823,-49.362933,50,UNICO,87.0,RADAR_FIXO,iGO8/Amigo - mapa de radar,2026-07-21
333,-28.718729,-49.360452,50,UNICO,267.0,RADAR_FIXO,iGO8/Amigo - mapa de radar,2026-07-21
334,-26.915454,-48.670936,50,AMBOS,186.0,RADAR_FIXO,iGO8/Amigo - mapa de radar,2026-07-21
335,-29.232493,-51.885002,50,UNICO,132.0,RADAR_FIXO,iGO8/Amigo - mapa de radar,2026-07-21
336,-26.924839,-49.118998,50,UNICO,217.0,RADAR_FIXO,iGO8/Amigo - mapa de radar,2026-07-21
337,-29.216317,-51.350005,50,UNICO,300.0,RADAR_FIXO,iGO8/Amigo - mapa de radar,2026-07-21
338,-27.046667,-48.588462,50,AMBOS,5.0,RADAR_FIXO,iGO8/Amigo - mapa de radar,2026-07-21
339,-28.362528,-54.268133,50,AMBOS,2.0,RADAR_FIXO,iGO8/Amigo - mapa de radar,2026-07-21
340,-27.033409,-48.584124,50,AMBOS,176.0,RADAR_FIXO,iGO8/Amigo - mapa de radar,2026-07-21
341,-28.682954,-49.351841,50,UNICO,89.0,RADAR_FIXO,iGO8/Amigo - mapa de radar,2026-07-21
342,-30.164132,-53.583911,50,UNICO,145.0,RADAR_FIXO,iGO8/Amigo - mapa de radar,2026-07-21
343,-27.008054,-48.581416,50,AMBOS,153.0,RADAR_FIXO,iGO8/Amigo - mapa de radar,2026-07-21
344,-28.727352,-52.841798,50,UNICO,140.0,RADAR_FIXO,iGO8/Amigo - mapa de radar,2026-07-21
345,-28.674888,-49.383286,50,UNICO,317.0,RADAR_FIXO,iGO8/Amigo - mapa de radar,2026-07-21
346,-26.955157,-48.640143,50,UNICO,347.0,RADAR_FIXO,iGO8/Amigo - mapa de radar,2026-07-21
347,-28.727308,-52.841625,50,UNICO,320.0,RADAR_FIXO,iGO8/Amigo - mapa de radar,2026-07-21
348,-29.491706,-50.788006,50,UNICO,113.0,RADAR_FIXO,iGO8/Amigo - mapa de radar,2026-07-21
349,-26.064244,-53.057764,50,AMBOS,132.0,RADAR_FIXO,iGO8/Amigo - mapa de radar,2026-07-21
350,-29.591355,-53.76602,50,UNICO,6.0,RADAR_FIXO,iGO8/Amigo - mapa de radar,2026-07-21
351,-29.179136,-51.163091,50,UNICO,205.0,RADAR_FIXO,iGO8/Amigo - mapa de radar,2026-07-21
352,-29.589471,-53.766071,50,UNICO,179.0,RADAR_FIXO,iGO8/Amigo - mapa de radar,2026-07-21
353,-29.762824,-53.785973,50,UNICO,152.0,RADAR_FIXO,iGO8/Amigo - mapa de radar,2026-07-21
354,-29.972278,-51.727176,50,UNICO,287.0,RADAR_FIXO,iGO8/Amigo - mapa de radar,2026-07-21
355,-29.361498,-50.850839,50,UNICO,97.0,RADAR_FIXO,iGO8/Amigo - mapa de radar,2026-07-21
356,-29.763521,-53.785541,50,UNICO,335.0,RADAR_FIXO,iGO8/Amigo - mapa de radar,2026-07-21
357,-29.971351,-51.730788,50,UNICO,107.0,RADAR_FIXO,iGO8/Amigo - mapa de radar,2026-07-21
358,-29.221785,-51.336728,50,UNICO,82.0,RADAR_FIXO,iGO8/Amigo - mapa de radar,2026-07-21
359,-29.041848,-51.180416,50,UNICO,1.0,RADAR_FIXO,iGO8/Amigo - mapa de radar,2026-07-21
360,-29.968265,-51.631667,50,UNICO,262.0,RADAR_FIXO,iGO8/Amigo - mapa de radar,2026-07-21
361,-28.67653,-49.398774,50,UNICO,102.0,RADAR_FIXO,iGO8/Amigo - mapa de radar,2026-07-21
362,-29.968284,-51.632563,50,UNICO,96.0,RADAR_FIXO,iGO8/Amigo - mapa de radar,2026-07-21
363,-26.963566,-48.631751,50,DESCONHECIDO,177.0,RADAR_FIXO,iGO8/Amigo - mapa de radar,2026-07-21
364,-27.050863,-48.594633,50,AMBOS,6.0,RADAR_FIXO,iGO8/Amigo - mapa de radar,2026-07-21
365,-30.164773,-53.583383,50,UNICO,325.0,RADAR_FIXO,iGO8/Amigo - mapa de radar,2026-07-21
366,-26.955052,-49.067011,50,AMBOS,132.0,RADAR_FIXO,iGO8/Amigo - mapa de radar,2026-07-21
367,-29.359973,-51.047067,50,UNICO,232.0,RADAR_FIXO,iGO8/Amigo - mapa de radar,2026-07-21
368,-28.269213,-52.426043,50,UNICO,243.0,RADAR_FIXO,iGO8/Amigo - mapa de radar,2026-07-21
369,-28.26722,-52.434378,50,UNICO,86.0,RADAR_FIXO,iGO8/Amigo - mapa de radar,2026-07-21
370,-28.380207,-52.252792,50,UNICO,346.0,RADAR_FIXO,iGO8/Amigo - mapa de radar,2026-07-21
371,-28.268081,-52.438363,50,UNICO,37.0,RADAR_FIXO,iGO8/Amigo - mapa de radar,2026-07-21
372,-28.267278,-52.433317,50,UNICO,299.0,RADAR_FIXO,iGO8/Amigo - mapa de radar,2026-07-21
373,-28.269485,-52.426713,50,UNICO,89.0,RADAR_FIXO,iGO8/Amigo - mapa de radar,2026-07-21
374,-28.26513,-52.415808,50,UNICO,61.0,RADAR_FIXO,iGO8/Amigo - mapa de radar,2026-07-21
375,-28.377489,-53.897264,50,UNICO,303.0,RADAR_FIXO,iGO8/Amigo - mapa de radar,2026-07-21
376,-27.388958,-51.228162,50,UNICO,287.0,RADAR_FIXO,iGO8/Amigo - mapa de radar,2026-07-21
377,-28.66091,-51.761982,50,AMBOS,109.0,RADAR_FIXO,iGO8/Amigo - mapa de radar,2026-07-21
378,-28.674953,-49.317127,50,UNICO,359.0,RADAR_FIXO,iGO8/Amigo - mapa de radar,2026-07-21
379,-29.368394,-50.860965,50,UNICO,208.0,RADAR_FIXO,iGO8/Amigo - mapa de radar,2026-07-21
380,-28.772106,-51.616765,50,DESCONHECIDO,130.0,RADAR_FIXO,iGO8/Amigo - mapa de radar,2026-07-21
381,-26.747058,-49.173822,50,UNICO,352.0,RADAR_FIXO,iGO8/Amigo - mapa de radar,2026-07-21
382,-28.253923,-52.417861,50,UNICO,329.0,RADAR_FIXO,iGO8/Amigo - mapa de radar,2026-07-21
383,-28.671457,-49.317174,50,UNICO,179.0,RADAR_FIXO,iGO8/Amigo - mapa de radar,2026-07-21
384,-28.249701,-52.423482,50,UNICO,330.0,RADAR_FIXO,iGO8/Amigo - mapa de radar,2026-07-21
385,-27.407687,-49.59886,50,AMBOS,177.0,RADAR_FIXO,iGO8/Amigo - mapa de radar,2026-07-21
386,-27.950616,-51.803859,50,UNICO,311.0,RADAR_FIXO,iGO8/Amigo - mapa de radar,2026-07-21
387,-29.72127,-51.49161,50,UNICO,117.0,RADAR_FIXO,iGO8/Amigo - mapa de radar,2026-07-21
388,-29.492072,-50.786967,50,UNICO,292.0,RADAR_FIXO,iGO8/Amigo - mapa de radar,2026-07-21
389,-29.36048,-51.047768,50,UNICO,52.0,RADAR_FIXO,iGO8/Amigo - mapa de radar,2026-07-21
390,-29.89549,-50.296196,50,DESCONHECIDO,70.0,RADAR_FIXO,iGO8/Amigo - mapa de radar,2026-07-21
391,-32.67609,-52.594151,50,DESCONHECIDO,49.0,RADAR_FIXO,iGO8/Amigo - mapa de radar,2026-07-21
392,-29.675945,-51.08749,50,UNICO,278.0,RADAR_FIXO,iGO8/Amigo - mapa de radar,2026-07-21
393,-29.641328,-50.981977,50,UNICO,76.0,RADAR_FIXO,iGO8/Amigo - mapa de radar,2026-07-21
394,-32.538063,-52.538223,50,UNICO,194.0,RADAR_FIXO,iGO8/Amigo - mapa de radar,2026-07-21
395,-29.64103,-50.981097,50,UNICO,256.0,RADAR_FIXO,iGO8/Amigo - mapa de radar,2026-07-21
396,-32.538986,-52.538609,50,UNICO,25.0,RADAR_FIXO,iGO8/Amigo - mapa de radar,2026-07-21
397,-27.195981,-49.626492,50,DESCONHECIDO,47.0,RADAR_FIXO,iGO8/Amigo - mapa de radar,2026-07-21
398,-26.951415,-48.931214,50,UNICO,320.0,RADAR_FIXO,iGO8/Amigo - mapa de radar,2026-07-21
399,-26.941464,-48.930304,50,UNICO,359.0,RADAR_FIXO,iGO8/Amigo - mapa de radar,2026-07-21
400,-28.66163,-51.759939,50,UNICO,297.0,RADAR_FIXO,iGO8/Amigo - mapa de radar,2026-07-21
401,-29.732338,-52.947001,50,UNICO,58.0,RADAR_FIXO,iGO8/Amigo - mapa de radar,2026-07-21
402,-26.934663,-48.940304,50,UNICO,300.0,RADAR_FIXO,iGO8/Amigo - mapa de radar,2026-07-21
403,-28.249098,-52.423959,50,UNICO,150.0,RADAR_FIXO,iGO8/Amigo - mapa de radar,2026-07-21
404,-26.916094,-49.057762,50,UNICO,196.0,RADAR_FIXO,iGO8/Amigo - mapa de radar,2026-07-21
405,-29.705897,-53.797871,50,UNICO,48.0,RADAR_FIXO,iGO8/Amigo - mapa de radar,2026-07-21
406,-26.949197,-48.931556,50,UNICO,200.0,RADAR_FIXO,iGO8/Amigo - mapa de radar,2026-07-21
407,-29.691958,-53.867178,50,UNICO,291.0,RADAR_FIXO,iGO8/Amigo - mapa de radar,2026-07-21
408,-29.048324,-51.182495,50,UNICO,200.0,RADAR_FIXO,iGO8/Amigo - mapa de radar,2026-07-21
409,-26.940922,-48.93044,50,UNICO,169.0,RADAR_FIXO,iGO8/Amigo - mapa de radar,2026-07-21
410,-29.69183,-53.867583,50,UNICO,111.0,RADAR_FIXO,iGO8/Amigo - mapa de radar,2026-07-21
411,-29.051044,-51.183674,50,UNICO,21.0,RADAR_FIXO,iGO8/Amigo - mapa de radar,2026-07-21
412,-26.9343,-48.94103,50,UNICO,120.0,RADAR_FIXO,iGO8/Amigo - mapa de radar,2026-07-21
413,-28.6877,-49.342734,50,UNICO,146.0,RADAR_FIXO,iGO8/Amigo - mapa de radar,2026-07-21
414,-26.727655,-49.1741,50,AMBOS,42.0,RADAR_FIXO,iGO8/Amigo - mapa de radar,2026-07-21
415,-26.954713,-48.640309,50,UNICO,171.0,RADAR_FIXO,iGO8/Amigo - mapa de radar,2026-07-21
416,-28.687948,-49.342266,50,UNICO,311.0,RADAR_FIXO,iGO8/Amigo - mapa de radar,2026-07-21
417,-29.879314,-50.786727,50,UNICO,104.0,RADAR_FIXO,iGO8/Amigo - mapa de radar,2026-07-21
418,-28.668135,-49.227679,50,UNICO,50.0,RADAR_FIXO,iGO8/Amigo - mapa de radar,2026-07-21
419,-29.233653,-51.883221,50,UNICO,304.0,RADAR_FIXO,iGO8/Amigo - mapa de radar,2026-07-21
420,-28.701197,-49.412906,50,AMBOS,82.0,RADAR_FIXO,iGO8/Amigo - mapa de radar,2026-07-21
421,-27.689523,-48.732538,50,DESCONHECIDO,76.0,RADAR_FIXO,iGO8/Amigo - mapa de radar,2026-07-21
422,-28.674797,-49.383501,50,UNICO,137.0,RADAR_FIXO,iGO8/Amigo - mapa de radar,2026-07-21
423,-29.124245,-51.174076,50,UNICO,65.0,RADAR_FIXO,iGO8/Amigo - mapa de radar,2026-07-21
424,-28.689793,-49.389096,50,UNICO,218.0,RADAR_FIXO,iGO8/Amigo - mapa de radar,2026-07-21
425,-27.273692,-51.442421,50,UNICO,141.0,RADAR_FIXO,iGO8/Amigo - mapa de radar,2026-07-21
426,-26.872823,-52.018621,50,UNICO,152.0,RADAR_FIXO,iGO8/Amigo - mapa de radar,2026-07-21
427,-27.204706,-49.638737,50,DESCONHECIDO,83.0,RADAR_FIXO,iGO8/Amigo - mapa de radar,2026-07-21
428,-26.873892,-52.0177,50,UNICO,333.0,RADAR_FIXO,iGO8/Amigo - mapa de radar,2026-07-21
429,-27.659693,-53.3166,50,DESCONHECIDO,141.0,RADAR_FIXO,iGO8/Amigo - mapa de radar,2026-07-21
430,-26.093983,-53.048823,50,DESCONHECIDO,133.0,RADAR_FIXO,iGO8/Amigo - mapa de radar,2026-07-21
431,-29.158177,-51.15254,50,UNICO,86.0,RADAR_FIXO,iGO8/Amigo - mapa de radar,2026-07-21
432,-27.012836,-51.384783,50,UNICO,146.0,RADAR_FIXO,iGO8/Amigo - mapa de radar,2026-07-21
433,-29.318757,-51.340455,50,UNICO,90.0,RADAR_FIXO,iGO8/Amigo - mapa de radar,2026-07-21
434,-27.258633,-49.92672,50,AMBOS,103.0,RADAR_FIXO,iGO8/Amigo - mapa de radar,2026-07-21
435,-29.70189,-53.841922,50,UNICO,211.0,RADAR_FIXO,iGO8/Amigo - mapa de radar,2026-07-21
436,-26.92091,-48.949188,50,UNICO,213.0,RADAR_FIXO,iGO8/Amigo - mapa de radar,2026-07-21
437,-27.285898,-49.783098,50,AMBOS,93.0,RADAR_FIXO,iGO8/Amigo - mapa de radar,2026-07-21
438,-29.701905,-53.841878,50,UNICO,35.0,RADAR_FIXO,iGO8/Amigo - mapa de radar,2026-07-21
439,-27.493673,-53.390248,50,UNICO,198.0,RADAR_FIXO,iGO8/Amigo - mapa de radar,2026-07-21
440,-27.041737,-49.396203,50,AMBOS,172.0,RADAR_FIXO,iGO8/Amigo - mapa de radar,2026-07-21
441,-26.962892,-49.37009,50,DESCONHECIDO,142.0,RADAR_FIXO,iGO8/Amigo - mapa de radar,2026-07-21
442,-27.760596,-53.823228,50,UNICO,341.0,RADAR_FIXO,iGO8/Amigo - mapa de radar,2026-07-21
443,-27.124619,-49.53728,50,DESCONHECIDO,26.0,RADAR_FIXO,iGO8/Amigo - mapa de radar,2026-07-21
444,-27.239725,-49.684777,50,DESCONHECIDO,42.0,RADAR_FIXO,iGO8/Amigo - mapa de radar,2026-07-21
445,-26.740939,-49.177667,50,UNICO,165.0,RADAR_FIXO,iGO8/Amigo - mapa de radar,2026-07-21
446,-29.812217,-55.749746,50,UNICO,280.0,RADAR_FIXO,iGO8/Amigo - mapa de radar,2026-07-21
447,-27.45858,-53.942784,50,UNICO,136.0,RADAR_FIXO,iGO8/Amigo - mapa de radar,2026-07-21
448,-27.459556,-53.941656,50,UNICO,314.0,RADAR_FIXO,iGO8/Amigo - mapa de radar,2026-07-21
449,-27.841648,-54.434774,50,AMBOS,19.0,RADAR_FIXO,iGO8/Amigo - mapa de radar,2026-07-21
450,-26.780619,-53.197788,50,UNICO,164.0,RADAR_FIXO,iGO8/Amigo - mapa de radar,2026-07-21
451,-26.783837,-53.196463,50,UNICO,343.0,RADAR_FIXO,iGO8/Amigo - mapa de radar,2026-07-21
452,-30.342035,-53.884985,50,AMBOS,62.0,RADAR_FIXO,iGO8/Amigo - mapa de radar,2026-07-21
453,-29.487674,-51.95019,50,AMBOS,104.0,RADAR_FIXO,iGO8/Amigo - mapa de radar,2026-07-21
454,-29.398703,-51.254729,50,UNICO,62.0,RADAR_FIXO,iGO8/Amigo - mapa de radar,2026-07-21
455,-29.79245,-51.155874,50,UNICO,77.0,RADAR_FIXO,iGO8/Amigo - mapa de radar,2026-07-21
456,-28.642567,-53.571817,50,UNICO,189.0,RADAR_FIXO,iGO8/Amigo - mapa de radar,2026-07-21
457,-29.397608,-51.252498,50,UNICO,243.0,RADAR_FIXO,iGO8/Amigo - mapa de radar,2026-07-21
458,-28.277292,-52.194861,50,AMBOS,316.0,RADAR_FIXO,iGO8/Amigo - mapa de radar,2026-07-21
459,-29.775409,-51.143567,50,AMBOS,5.0,RADAR_FIXO,iGO8/Amigo - mapa de radar,2026-07-21
460,-26.408814,-48.750715,50,UNICO,231.0,RADAR_FIXO,iGO8/Amigo - mapa de radar,2026-07-21
461,-28.30134,-53.48553,50,UNICO,357.0,RADAR_FIXO,iGO8/Amigo - mapa de radar,2026-07-21
462,-28.272442,-51.689875,50,UNICO,117.0,RADAR_FIXO,iGO8/Amigo - mapa de radar,2026-07-21
463,-26.408966,-48.750773,50,UNICO,49.0,RADAR_FIXO,iGO8/Amigo - mapa de radar,2026-07-21
464,-28.643099,-53.571935,50,UNICO,13.0,RADAR_FIXO,iGO8/Amigo - mapa de radar,2026-07-21
465,-28.274497,-51.684773,50,UNICO,280.0,RADAR_FIXO,iGO8/Amigo - mapa de radar,2026-07-21
466,-26.379206,-48.721741,50,UNICO,46.0,RADAR_FIXO,iGO8/Amigo - mapa de radar,2026-07-21
467,-28.648481,-53.578779,50,UNICO,225.0,RADAR_FIXO,iGO8/Amigo - mapa de radar,2026-07-21
468,-29.732073,-52.946566,50,UNICO,239.0,RADAR_FIXO,iGO8/Amigo - mapa de radar,2026-07-21
469,-26.273654,-48.642896,50,DESCONHECIDO,33.0,RADAR_FIXO,iGO8/Amigo - mapa de radar,2026-07-21
470,-28.654903,-53.586186,50,UNICO,225.0,RADAR_FIXO,iGO8/Amigo - mapa de radar,2026-07-21
471,-29.622677,-52.182188,50,UNICO,17.0,RADAR_FIXO,iGO8/Amigo - mapa de radar,2026-07-21
472,-28.656135,-53.587541,50,UNICO,45.0,RADAR_FIXO,iGO8/Amigo - mapa de radar,2026-07-21
473,-28.534664,-52.154004,50,UNICO,293.0,RADAR_FIXO,iGO8/Amigo - mapa de radar,2026-07-21
474,-29.521452,-51.005149,50,UNICO,355.0,RADAR_FIXO,iGO8/Amigo - mapa de radar,2026-07-21
475,-29.686138,-51.47615,50,UNICO,80.0,RADAR_FIXO,iGO8/Amigo - mapa de radar,2026-07-21
476,-27.65626,-52.276318,50,UNICO,256.0,RADAR_FIXO,iGO8/Amigo - mapa de radar,2026-07-21
477,-29.678881,-51.467314,50,UNICO,10.0,RADAR_FIXO,iGO8/Amigo - mapa de radar,2026-07-21
478,-27.656943,-52.277253,50,UNICO,76.0,RADAR_FIXO,iGO8/Amigo - mapa de radar,2026-07-21
479,-29.720018,-53.807775,50,AMBOS,158.0,RADAR_FIXO,iGO8/Amigo - mapa de radar,2026-07-21
480,-27.283692,-51.435076,50,UNICO,121.0,RADAR_FIXO,iGO8/Amigo - mapa de radar,2026-07-21
481,-30.850996,-55.487584,50,UNICO,245.0,RADAR_FIXO,iGO8/Amigo - mapa de radar,2026-07-21
482,-30.853179,-55.49281,50,UNICO,66.0,RADAR_FIXO,iGO8/Amigo - mapa de radar,2026-07-21
483,-27.390157,-51.21396,50,UNICO,253.0,RADAR_FIXO,iGO8/Amigo - mapa de radar,2026-07-21
484,-26.092734,-50.774061,50,UNICO,236.0,RADAR_FIXO,iGO8/Amigo - mapa de radar,2026-07-21
485,-26.970637,-51.851848,50,UNICO,287.0,RADAR_FIXO,iGO8/Amigo - mapa de radar,2026-07-21
486,-29.783517,-51.137183,50,UNICO,267.0,RADAR_FIXO,iGO8/Amigo - mapa de radar,2026-07-21
487,-29.162609,-54.87816,50,UNICO,324.0,RADAR_FIXO,iGO8/Amigo - mapa de radar,2026-07-21
488,-27.031293,-49.383904,50,AMBOS,40.0,RADAR_FIXO,iGO8/Amigo - mapa de radar,2026-07-21
489,-26.95891,-48.639334,50,UNICO,12.0,RADAR_FIXO,iGO8/Amigo - mapa de radar,2026-07-21
490,-26.959222,-48.639507,50,UNICO,194.0,RADAR_FIXO,iGO8/Amigo - mapa de radar,2026-07-21
491,-29.46802,-51.152348,50,UNICO,189.0,RADAR_FIXO,iGO8/Amigo - mapa de radar,2026-07-21
492,-30.966072,-54.666167,50,UNICO,300.0,RADAR_FIXO,iGO8/Amigo - mapa de radar,2026-07-21
493,-29.444967,-51.13781,50,UNICO,115.0,RADAR_FIXO,iGO8/Amigo - mapa de radar,2026-07-21
494,-28.203976,-51.52367,50,UNICO,113.0,RADAR_FIXO,iGO8/Amigo - mapa de radar,2026-07-21
495,-29.44612,-51.13718,50,UNICO,6.0,RADAR_FIXO,iGO8/Amigo - mapa de radar,2026-07-21
496,-26.941337,-48.722636,50,DESCONHECIDO,112.0,RADAR_FIXO,iGO8/Amigo - mapa de radar,2026-07-21
497,-26.740993,-49.177563,50,UNICO,345.0,RADAR_FIXO,iGO8/Amigo - mapa de radar,2026-07-21
498,-27.094268,-52.647984,50,AMBOS,169.0,RADAR_FIXO,iGO8/Amigo - mapa de radar,2026-07-21
499,-27.392641,-51.195722,50,UNICO,105.0,RADAR_FIXO,iGO8/Amigo - mapa de radar,2026-07-21
500,-27.394031,-51.189662,50,UNICO,285.0,RADAR_FIXO,iGO8/Amigo - mapa de radar,2026-07-21
501,-27.159406,-51.579384,50,UNICO,254.0,RADAR_FIXO,iGO8/Amigo - mapa de radar,2026-07-21
502,-27.095505,-52.628153,50,UNICO,68.0,RADAR_FIXO,iGO8/Amigo - mapa de radar,2026-07-21
503,-27.003878,-51.401066,50,AMBOS,141.0,RADAR_FIXO,iGO8/Amigo - mapa de radar,2026-07-21
504,-27.136493,-52.62022,50,AMBOS,87.0,RADAR_FIXO,iGO8/Amigo - mapa de radar,2026-07-21
505,-27.200655,-49.632389,50,UNICO,226.0,RADAR_FIXO,iGO8/Amigo - mapa de radar,2026-07-21
506,-30.037429,-50.15577,50,UNICO,199.0,RADAR_FIXO,iGO8/Amigo - mapa de radar,2026-07-21
507,-27.201328,-49.632514,50,UNICO,46.0,RADAR_FIXO,iGO8/Amigo - mapa de radar,2026-07-21
508,-30.037851,-50.15581,50,UNICO,20.0,RADAR_FIXO,iGO8/Amigo - mapa de radar,2026-07-21
509,-29.890033,-52.393019,50,UNICO,356.0,RADAR_FIXO,iGO8/Amigo - mapa de radar,2026-07-21
510,-29.88859,-52.393043,50,UNICO,185.0,RADAR_FIXO,iGO8/Amigo - mapa de radar,2026-07-21
511,-28.78955,-55.769928,50,UNICO,328.0,RADAR_FIXO,iGO8/Amigo - mapa de radar,2026-07-21
512,-28.789308,-55.770101,50,UNICO,147.0,RADAR_FIXO,iGO8/Amigo - mapa de radar,2026-07-21
513,-28.690291,-49.38948,50,UNICO,29.0,RADAR_FIXO,iGO8/Amigo - mapa de radar,2026-07-21
514,-29.661123,-51.103671,50,UNICO,107.0,RADAR_FIXO,iGO8/Amigo - mapa de radar,2026-07-21
515,-27.088937,-52.658797,50,UNICO,89.0,RADAR_FIXO,iGO8/Amigo - mapa de radar,2026-07-21
516,-29.661233,-51.102951,50,UNICO,292.0,RADAR_FIXO,iGO8/Amigo - mapa de radar,2026-07-21
517,-27.08891,-52.656869,50,UNICO,269.0,RADAR_FIXO,iGO8/Amigo - mapa de radar,2026-07-21
518,-27.096279,-52.641242,50,UNICO,247.0,RADAR_FIXO,iGO8/Amigo - mapa de radar,2026-07-21
519,-26.905525,-52.900991,50,UNICO,271.0,RADAR_FIXO,iGO8/Amigo - mapa de radar,2026-07-21
520,-26.90471,-52.906169,50,UNICO,100.0,RADAR_FIXO,iGO8/Amigo - mapa de radar,2026-07-21
521,-26.896319,-52.918584,50,AMBOS,125.0,RADAR_FIXO,iGO8/Amigo - mapa de radar,2026-07-21
522,-30.359465,-53.454917,50,UNICO,83.0,RADAR_FIXO,iGO8/Amigo - mapa de radar,2026-07-21
523,-29.615373,-53.767096,50,UNICO,183.0,RADAR_FIXO,iGO8/Amigo - mapa de radar,2026-07-21
524,-29.616891,-53.767155,50,UNICO,4.0,RADAR_FIXO,iGO8/Amigo - mapa de radar,2026-07-21
525,-29.62577,-53.769199,50,UNICO,171.0,RADAR_FIXO,iGO8/Amigo - mapa de radar,2026-07-21
526,-26.855584,-52.255988,50,UNICO,259.0,RADAR_FIXO,iGO8/Amigo - mapa de radar,2026-07-21
527,-28.417072,-53.913621,50,UNICO,225.0,RADAR_FIXO,iGO8/Amigo - mapa de radar,2026-07-21
528,-29.232629,-53.665937,50,UNICO,177.0,RADAR_FIXO,iGO8/Amigo - mapa de radar,2026-07-21
529,-28.124762,-54.728716,50,UNICO,101.0,RADAR_FIXO,iGO8/Amigo - mapa de radar,2026-07-21
530,-29.235505,-53.665794,50,UNICO,358.0,RADAR_FIXO,iGO8/Amigo - mapa de radar,2026-07-21
531,-27.68125,-53.308049,50,UNICO,177.0,RADAR_FIXO,iGO8/Amigo - mapa de radar,2026-07-21
532,-26.995469,-48.645378,50,UNICO,357.0,RADAR_FIXO,iGO8/Amigo - mapa de radar,2026-07-21
533,-26.908826,-49.046463,50,UNICO,251.0,RADAR_FIXO,iGO8/Amigo - mapa de radar,2026-07-21
534,-27.682907,-53.308016,50,UNICO,357.0,RADAR_FIXO,iGO8/Amigo - mapa de radar,2026-07-21
535,-26.983048,-48.643329,50,UNICO,210.0,RADAR_FIXO,iGO8/Amigo - mapa de radar,2026-07-21
536,-26.909213,-49.047481,50,UNICO,71.0,RADAR_FIXO,iGO8/Amigo - mapa de radar,2026-07-21
537,-26.992887,-48.645054,50,UNICO,26.0,RADAR_FIXO,iGO8/Amigo - mapa de radar,2026-07-21
538,-27.415888,-49.599196,50,UNICO,188.0,RADAR_FIXO,iGO8/Amigo - mapa de radar,2026-07-21
539,-26.894479,-49.131942,50,UNICO,251.0,RADAR_FIXO,iGO8/Amigo - mapa de radar,2026-07-21
540,-26.988498,-48.641123,50,UNICO,52.0,RADAR_FIXO,iGO8/Amigo - mapa de radar,2026-07-21
541,-26.978667,-48.63995,50,UNICO,18.0,RADAR_FIXO,iGO8/Amigo - mapa de radar,2026-07-21
542,-28.961247,-51.078735,50,UNICO,345.0,RADAR_FIXO,iGO8/Amigo - mapa de radar,2026-07-21
543,-26.983032,-48.640093,50,UNICO,355.0,RADAR_FIXO,iGO8/Amigo - mapa de radar,2026-07-21
544,-26.918549,-48.975564,50,DESCONHECIDO,136.0,RADAR_FIXO,iGO8/Amigo - mapa de radar,2026-07-21
545,-28.794402,-51.095584,50,UNICO,160.0,RADAR_FIXO,iGO8/Amigo - mapa de radar,2026-07-21
546,-28.295756,-53.903113,50,UNICO,343.0,RADAR_FIXO,iGO8/Amigo - mapa de radar,2026-07-21
547,-26.975438,-48.642471,50,UNICO,189.0,RADAR_FIXO,iGO8/Amigo - mapa de radar,2026-07-21
548,-28.797911,-51.095797,50,UNICO,10.0,RADAR_FIXO,iGO8/Amigo - mapa de radar,2026-07-21
549,-28.294836,-53.903346,50,UNICO,164.0,RADAR_FIXO,iGO8/Amigo - mapa de radar,2026-07-21
550,-29.791813,-51.153696,50,UNICO,256.0,RADAR_FIXO,iGO8/Amigo - mapa de radar,2026-07-21
551,-27.640958,-52.243673,50,UNICO,221.0,RADAR_FIXO,iGO8/Amigo - mapa de radar,2026-07-21
552,-29.320645,-51.341568,50,UNICO,71.0,RADAR_FIXO,iGO8/Amigo - mapa de radar,2026-07-21
553,-28.29716,-51.460304,50,UNICO,292.0,RADAR_FIXO,iGO8/Amigo - mapa de radar,2026-07-21
554,-27.643464,-52.246858,50,UNICO,57.0,RADAR_FIXO,iGO8/Amigo - mapa de radar,2026-07-21
555,-28.295918,-51.462359,50,UNICO,154.0,RADAR_FIXO,iGO8/Amigo - mapa de radar,2026-07-21
556,-27.432993,-52.080669,50,UNICO,52.0,RADAR_FIXO,iGO8/Amigo - mapa de radar,2026-07-21
557,-29.810291,-55.76385,50,UNICO,121.0,RADAR_FIXO,iGO8/Amigo - mapa de radar,2026-07-21
558,-29.520099,-51.004286,50,UNICO,231.0,RADAR_FIXO,iGO8/Amigo - mapa de radar,2026-07-21
559,-28.317527,-52.772954,50,UNICO,109.0,RADAR_FIXO,iGO8/Amigo - mapa de radar,2026-07-21
560,-28.843118,-51.133285,50,AMBOS,75.0,RADAR_FIXO,iGO8/Amigo - mapa de radar,2026-07-21
561,-28.729914,-51.702248,50,UNICO,341.0,RADAR_FIXO,iGO8/Amigo - mapa de radar,2026-07-21
562,-28.788433,-51.095396,50,UNICO,135.0,RADAR_FIXO,iGO8/Amigo - mapa de radar,2026-07-21
563,-29.03925,-51.180464,50,UNICO,166.0,RADAR_FIXO,iGO8/Amigo - mapa de radar,2026-07-21
564,-28.280868,-50.800695,50,UNICO,33.0,RADAR_FIXO,iGO8/Amigo - mapa de radar,2026-07-21
565,-28.236567,-52.424967,50,UNICO,268.0,RADAR_FIXO,iGO8/Amigo - mapa de radar,2026-07-21
566,-26.888613,-48.685028,50,UNICO,321.0,RADAR_FIXO,iGO8/Amigo - mapa de radar,2026-07-21
567,-27.366706,-53.396597,50,UNICO,39.0,RADAR_FIXO,iGO8/Amigo - mapa de radar,2026-07-21
568,-28.236348,-52.427451,50,UNICO,112.0,RADAR_FIXO,iGO8/Amigo - mapa de radar,2026-07-21
569,-27.406225,-53.414091,50,UNICO,225.0,RADAR_FIXO,iGO8/Amigo - mapa de radar,2026-07-21
570,-27.408047,-53.414916,50,UNICO,14.0,RADAR_FIXO,iGO8/Amigo - mapa de radar,2026-07-21
571,-27.472776,-53.401697,50,UNICO,325.0,RADAR_FIXO,iGO8/Amigo - mapa de radar,2026-07-21
572,-29.025643,-51.157787,50,AMBOS,86.0,RADAR_FIXO,iGO8/Amigo - mapa de radar,2026-07-21
573,-29.018208,-51.181451,50,UNICO,358.0,RADAR_FIXO,iGO8/Amigo - mapa de radar,2026-07-21
574,-29.011188,-51.180034,50,UNICO,143.0,RADAR_FIXO,iGO8/Amigo - mapa de radar,2026-07-21
575,-27.113951,-52.630024,50,UNICO,216.0,RADAR_FIXO,iGO8/Amigo - mapa de radar,2026-07-21
576,-27.114551,-52.630509,50,UNICO,36.0,RADAR_FIXO,iGO8/Amigo - mapa de radar,2026-07-21
577,-29.020762,-51.077158,50,UNICO,223.0,RADAR_FIXO,iGO8/Amigo - mapa de radar,2026-07-21
578,-28.670082,-49.378479,50,AMBOS,135.0,RADAR_FIXO,iGO8/Amigo - mapa de radar,2026-07-21
579,-26.746377,-49.173967,50,UNICO,166.0,RADAR_FIXO,iGO8/Amigo - mapa de radar,2026-07-21
580,-26.951647,-52.53661,50,UNICO,233.0,RADAR_FIXO,iGO8/Amigo - mapa de radar,2026-07-21
581,-27.27648,-51.440945,50,UNICO,346.0,RADAR_FIXO,iGO8/Amigo - mapa de radar,2026-07-21
582,-27.36565,-53.395579,50,UNICO,224.0,RADAR_FIXO,iGO8/Amigo - mapa de radar,2026-07-21
583,-27.803693,-49.486759,50,UNICO,247.0,RADAR_FIXO,iGO8/Amigo - mapa de radar,2026-07-21
584,-26.170852,-50.911063,50,DESCONHECIDO,52.0,RADAR_FIXO,iGO8/Amigo - mapa de radar,2026-07-21
585,-28.652856,-50.43705,50,UNICO,111.0,RADAR_FIXO,iGO8/Amigo - mapa de radar,2026-07-21
586,-30.965442,-54.667443,50,UNICO,120.0,RADAR_FIXO,iGO8/Amigo - mapa de radar,2026-07-21
587,-28.378329,-54.283418,50,AMBOS,82.0,RADAR_FIXO,iGO8/Amigo - mapa de radar,2026-07-21
588,-29.811287,-55.76128,50,UNICO,290.0,RADAR_FIXO,iGO8/Amigo - mapa de radar,2026-07-21
589,-26.991495,-48.633667,50,UNICO,232.0,RADAR_FIXO,iGO8/Amigo - mapa de radar,2026-07-21
590,-31.754005,-52.358339,50,UNICO,339.0,RADAR_FIXO,iGO8/Amigo - mapa de radar,2026-07-21
591,-29.392773,-51.123902,50,UNICO,287.0,RADAR_FIXO,iGO8/Amigo - mapa de radar,2026-07-21
592,-31.752324,-52.359135,50,UNICO,159.0,RADAR_FIXO,iGO8/Amigo - mapa de radar,2026-07-21
593,-27.002772,-48.620733,50,UNICO,195.0,RADAR_FIXO,iGO8/Amigo - mapa de radar,2026-07-21
594,-31.748526,-52.480222,50,UNICO,103.0,RADAR_FIXO,iGO8/Amigo - mapa de radar,2026-07-21
595,-31.742963,-52.363368,50,UNICO,339.0,RADAR_FIXO,iGO8/Amigo - mapa de radar,2026-07-21
596,-29.391667,-51.125903,50,UNICO,115.0,RADAR_FIXO,iGO8/Amigo - mapa de radar,2026-07-21
597,-31.752092,-52.462345,50,UNICO,283.0,RADAR_FIXO,iGO8/Amigo - mapa de radar,2026-07-21
598,-26.859785,-52.267347,50,UNICO,40.0,RADAR_FIXO,iGO8/Amigo - mapa de radar,2026-07-21
599,-31.740115,-52.364654,50,UNICO,159.0,RADAR_FIXO,iGO8/Amigo - mapa de radar,2026-07-21
600,-27.804086,-49.488788,50,UNICO,91.0,RADAR_FIXO,iGO8/Amigo - mapa de radar,2026-07-21
601,-29.389369,-51.125952,50,UNICO,27.0,RADAR_FIXO,iGO8/Amigo - mapa de radar,2026-07-21
602,-31.735834,-52.368044,50,UNICO,300.0,RADAR_FIXO,iGO8/Amigo - mapa de radar,2026-07-21
603,-27.759734,-53.823635,50,UNICO,155.0,RADAR_FIXO,iGO8/Amigo - mapa de radar,2026-07-21
604,-28.241478,-52.379946,50,UNICO,48.0,RADAR_FIXO,iGO8/Amigo - mapa de radar,2026-07-21
605,-27.946534,-52.930772,50,UNICO,150.0,RADAR_FIXO,iGO8/Amigo - mapa de radar,2026-07-21
606,-26.379145,-48.721768,50,UNICO,226.0,RADAR_FIXO,iGO8/Amigo - mapa de radar,2026-07-21
607,-27.41636,-49.596417,50,AMBOS,151.0,RADAR_FIXO,iGO8/Amigo - mapa de radar,2026-07-21
608,-27.410983,-49.603285,50,AMBOS,178.0,RADAR_FIXO,iGO8/Amigo - mapa de radar,2026-07-21
609,-26.981634,-48.638432,50,UNICO,98.0,RADAR_FIXO,iGO8/Amigo - mapa de radar,2026-07-21
610,-29.766263,-51.117766,50,UNICO,60.0,RADAR_FIXO,iGO8/Amigo - mapa de radar,2026-07-21
611,-26.929034,-48.635869,50,UNICO,61.0,RADAR_FIXO,iGO8/Amigo - mapa de radar,2026-07-21
612,-29.765532,-51.116491,50,UNICO,250.0,RADAR_FIXO,iGO8/Amigo - mapa de radar,2026-07-21
613,-26.896466,-49.132921,50,UNICO,37.0,RADAR_FIXO,iGO8/Amigo - mapa de radar,2026-07-21
614,-29.761098,-51.120285,50,UNICO,262.0,RADAR_FIXO,iGO8/Amigo - mapa de radar,2026-07-21
615,-29.659585,-50.784105,50,UNICO,292.0,RADAR_FIXO,iGO8/Amigo - mapa de radar,2026-07-21
616,-29.761222,-51.120423,50,UNICO,85.0,RADAR_FIXO,iGO8/Amigo - mapa de radar,2026-07-21
617,-29.659105,-50.78558,50,UNICO,115.0,RADAR_FIXO,iGO8/Amigo - mapa de radar,2026-07-21
618,-29.192668,-51.180034,50,AMBOS,170.0,RADAR_FIXO,iGO8/Amigo - mapa de radar,2026-07-21
619,-27.357312,-54.125874,50,UNICO,325.0,RADAR_FIXO,iGO8/Amigo - mapa de radar,2026-07-21
620,-29.182919,-51.169126,50,UNICO,73.0,RADAR_FIXO,iGO8/Amigo - mapa de radar,2026-07-21
621,-27.35637,-54.126622,50,UNICO,145.0,RADAR_FIXO,iGO8/Amigo - mapa de radar,2026-07-21
622,-29.078377,-51.110055,50,UNICO,43.0,RADAR_FIXO,iGO8/Amigo - mapa de radar,2026-07-21
623,-29.759558,-51.142913,50,UNICO,256.0,RADAR_FIXO,iGO8/Amigo - mapa de radar,2026-07-21
624,-29.076581,-51.10929,50,UNICO,214.0,RADAR_FIXO,iGO8/Amigo - mapa de radar,2026-07-21
625,-29.023412,-51.080638,50,UNICO,62.0,RADAR_FIXO,iGO8/Amigo - mapa de radar,2026-07-21
626,-27.204077,-51.510954,50,UNICO,41.0,RADAR_FIXO,iGO8/Amigo - mapa de radar,2026-07-21
627,-26.718736,-49.167526,50,AMBOS,182.0,RADAR_FIXO,iGO8/Amigo - mapa de radar,2026-07-21
628,-26.70259,-49.1616,50,DESCONHECIDO,18.0,RADAR_FIXO,iGO8/Amigo - mapa de radar,2026-07-21
629,-27.388472,-51.229984,50,UNICO,107.0,RADAR_FIXO,iGO8/Amigo - mapa de radar,2026-07-21
630,-26.988958,-48.639533,50,UNICO,355.0,RADAR_FIXO,iGO8/Amigo - mapa de radar,2026-07-21
631,-27.202792,-51.510158,50,UNICO,221.0,RADAR_FIXO,iGO8/Amigo - mapa de radar,2026-07-21
632,-27.005756,-48.629716,50,UNICO,102.0,RADAR_FIXO,iGO8/Amigo - mapa de radar,2026-07-21
633,-27.005696,-48.629587,50,UNICO,282.0,RADAR_FIXO,iGO8/Amigo - mapa de radar,2026-07-21
634,-29.118179,-51.120136,50,UNICO,308.0,RADAR_FIXO,iGO8/Amigo - mapa de radar,2026-07-21
635,-28.512102,-50.911386,50,UNICO,156.0,RADAR_FIXO,iGO8/Amigo - mapa de radar,2026-07-21
636,-27.354684,-53.386817,50,UNICO,18.0,RADAR_FIXO,iGO8/Amigo - mapa de radar,2026-07-21
637,-28.513671,-50.908391,50,UNICO,290.0,RADAR_FIXO,iGO8/Amigo - mapa de radar,2026-07-21
638,-29.708225,-53.866858,50,UNICO,289.0,RADAR_FIXO,iGO8/Amigo - mapa de radar,2026-07-21
639,-29.693879,-53.781162,50,UNICO,290.0,RADAR_FIXO,iGO8/Amigo - mapa de radar,2026-07-21
640,-29.693481,-53.782702,50,UNICO,110.0,RADAR_FIXO,iGO8/Amigo - mapa de radar,2026-07-21
641,-29.710158,-53.812289,50,UNICO,340.0,RADAR_FIXO,iGO8/Amigo - mapa de radar,2026-07-21
642,-26.093595,-50.777441,50,AMBOS,102.0,RADAR_FIXO,iGO8/Amigo - mapa de radar,2026-07-21
643,-28.238355,-52.376071,50,UNICO,229.0,RADAR_FIXO,iGO8/Amigo - mapa de radar,2026-07-21
644,-29.708215,-53.81342,50,UNICO,161.0,RADAR_FIXO,iGO8/Amigo - mapa de radar,2026-07-21
645,-29.700491,-53.833338,50,UNICO,94.0,RADAR_FIXO,iGO8/Amigo - mapa de radar,2026-07-21
646,-29.700413,-53.83333,50,UNICO,274.0,RADAR_FIXO,iGO8/Amigo - mapa de radar,2026-07-21
647,-29.77189,-51.150264,50,UNICO,80.0,RADAR_FIXO,iGO8/Amigo - mapa de radar,2026-07-21
648,-28.3742,-54.167189,50,UNICO,100.0,RADAR_FIXO,iGO8/Amigo - mapa de radar,2026-07-21
649,-28.385577,-53.888819,50,UNICO,49.0,RADAR_FIXO,iGO8/Amigo - mapa de radar,2026-07-21
650,-28.374504,-54.165152,50,UNICO,280.0,RADAR_FIXO,iGO8/Amigo - mapa de radar,2026-07-21
651,-28.641157,-53.099232,50,UNICO,282.0,RADAR_FIXO,iGO8/Amigo - mapa de radar,2026-07-21
652,-28.239032,-52.376658,50,UNICO,49.0,RADAR_FIXO,iGO8/Amigo - mapa de radar,2026-07-21
653,-28.640847,-53.100708,50,UNICO,102.0,RADAR_FIXO,iGO8/Amigo - mapa de radar,2026-07-21
654,-27.103742,-52.649043,50,UNICO,211.0,RADAR_FIXO,iGO8/Amigo - mapa de radar,2026-07-21
655,-28.418504,-53.916015,50,UNICO,68.0,RADAR_FIXO,iGO8/Amigo - mapa de radar,2026-07-21
656,-27.104339,-52.64946,50,UNICO,31.0,RADAR_FIXO,iGO8/Amigo - mapa de radar,2026-07-21
657,-26.197944,-51.051391,50,DESCONHECIDO,81.0,RADAR_FIXO,iGO8/Amigo - mapa de radar,2026-07-21
658,-28.325295,-53.518815,50,DESCONHECIDO,10.0,RADAR_FIXO,iGO8/Amigo - mapa de radar,2026-07-21
659,-27.37775,-53.398555,50,UNICO,14.0,RADAR_FIXO,iGO8/Amigo - mapa de radar,2026-07-21
660,-29.315193,-51.167012,50,UNICO,26.0,RADAR_FIXO,iGO8/Amigo - mapa de radar,2026-07-21
661,-27.37489,-53.397714,50,UNICO,184.0,RADAR_FIXO,iGO8/Amigo - mapa de radar,2026-07-21
662,-27.087425,-52.649038,50,UNICO,196.0,RADAR_FIXO,iGO8/Amigo - mapa de radar,2026-07-21
663,-27.084307,-52.647201,50,UNICO,27.0,RADAR_FIXO,iGO8/Amigo - mapa de radar,2026-07-21
664,-27.066247,-52.633791,50,UNICO,238.0,RADAR_FIXO,iGO8/Amigo - mapa de radar,2026-07-21
665,-29.187049,-51.5204,50,UNICO,27.0,RADAR_FIXO,iGO8/Amigo - mapa de radar,2026-07-21
666,-28.229224,-52.442438,50,UNICO,121.0,RADAR_FIXO,iGO8/Amigo - mapa de radar,2026-07-21
667,-28.775171,-51.612489,50,UNICO,310.0,RADAR_FIXO,iGO8/Amigo - mapa de radar,2026-07-21
668,-28.315983,-53.50184,50,UNICO,332.0,RADAR_FIXO,iGO8/Amigo - mapa de radar,2026-07-21
669,-28.31822,-52.77011,50,UNICO,281.0,RADAR_FIXO,iGO8/Amigo - mapa de radar,2026-07-21
670,-29.938884,-51.061803,50,UNICO,358.0,RADAR_FIXO,iGO8/Amigo - mapa de radar,2026-07-21
671,-29.937056,-51.061977,50,UNICO,178.0,RADAR_FIXO,iGO8/Amigo - mapa de radar,2026-07-21
672,-29.942537,-50.944404,50,UNICO,244.0,RADAR_FIXO,iGO8/Amigo - mapa de radar,2026-07-21
673,-29.943193,-50.948002,50,UNICO,84.0,RADAR_FIXO,iGO8/Amigo - mapa de radar,2026-07-21
674,-27.243286,-51.447906,50,AMBOS,178.0,RADAR_FIXO,iGO8/Amigo - mapa de radar,2026-07-21
675,-28.230031,-52.440862,50,UNICO,301.0,RADAR_FIXO,iGO8/Amigo - mapa de radar,2026-07-21
676,-26.871196,-49.094192,50,UNICO,251.0,RADAR_FIXO,iGO8/Amigo - mapa de radar,2026-07-21
677,-29.759116,-51.108513,50,UNICO,26.0,RADAR_FIXO,iGO8/Amigo - mapa de radar,2026-07-21
678,-29.159654,-51.530237,50,UNICO,116.0,RADAR_FIXO,iGO8/Amigo - mapa de radar,2026-07-21
679,-31.463794,-53.665233,50,DESCONHECIDO,130.0,RADAR_FIXO,iGO8/Amigo - mapa de radar,2026-07-21
680,-31.466096,-53.661904,50,DESCONHECIDO,310.0,RADAR_FIXO,iGO8/Amigo - mapa de radar,2026-07-21
681,-29.160643,-51.527902,50,UNICO,296.0,RADAR_FIXO,iGO8/Amigo - mapa de radar,2026-07-21
682,-27.43227,-52.079664,50,UNICO,232.0,RADAR_FIXO,iGO8/Amigo - mapa de radar,2026-07-21
683,-27.254346,-50.040496,50,DESCONHECIDO,43.0,RADAR_FIXO,iGO8/Amigo - mapa de radar,2026-07-21
684,-27.002127,-48.625483,50,UNICO,106.0,RADAR_FIXO,iGO8/Amigo - mapa de radar,2026-07-21
685,-30.865921,-55.506764,50,AMBOS,20.0,RADAR_FIXO,iGO8/Amigo - mapa de radar,2026-07-21
686,-27.623268,-52.236848,50,UNICO,334.0,RADAR_FIXO,iGO8/Amigo - mapa de radar,2026-07-21
687,-31.733307,-52.373306,50,UNICO,120.0,RADAR_FIXO,iGO8/Amigo - mapa de radar,2026-07-21
688,-29.18227,-51.520227,50,UNICO,187.0,RADAR_FIXO,iGO8/Amigo - mapa de radar,2026-07-21
689,-27.002093,-48.62534,50,UNICO,290.0,RADAR_FIXO,iGO8/Amigo - mapa de radar,2026-07-21
690,-26.925493,-49.119577,50,UNICO,40.0,RADAR_FIXO,iGO8/Amigo - mapa de radar,2026-07-21
691,-26.921246,-49.098195,50,UNICO,191.0,RADAR_FIXO,iGO8/Amigo - mapa de radar,2026-07-21
692,-28.236799,-52.376183,50,UNICO,119.0,RADAR_FIXO,iGO8/Amigo - mapa de radar,2026-07-21
693,-26.849746,-49.117306,50,UNICO,222.0,RADAR_FIXO,iGO8/Amigo - mapa de radar,2026-07-21
694,-28.237979,-52.36968,50,UNICO,287.0,RADAR_FIXO,iGO8/Amigo - mapa de radar,2026-07-21
695,-27.008907,-51.392366,50,DESCONHECIDO,93.0,RADAR_FIXO,iGO8/Amigo - mapa de radar,2026-07-21
696,-28.239034,-52.36325,50,UNICO,84.0,RADAR_FIXO,iGO8/Amigo - mapa de radar,2026-07-21
697,-29.843662,-51.414663,50,UNICO,161.0,RADAR_FIXO,iGO8/Amigo - mapa de radar,2026-07-21
698,-29.845762,-51.413833,50,UNICO,341.0,RADAR_FIXO,iGO8/Amigo - mapa de radar,2026-07-21
699,-26.927348,-48.964621,50,UNICO,308.0,RADAR_FIXO,iGO8/Amigo - mapa de radar,2026-07-21
700,-26.903176,-48.990418,50,DESCONHECIDO,158.0,RADAR_FIXO,iGO8/Amigo - mapa de radar,2026-07-21
701,-27.099362,-49.460106,50,UNICO,235.0,RADAR_FIXO,iGO8/Amigo - mapa de radar,2026-07-21
702,-27.098946,-49.461932,50,UNICO,159.0,RADAR_FIXO,iGO8/Amigo - mapa de radar,2026-07-21
703,-26.894718,-48.999227,50,UNICO,287.0,RADAR_FIXO,iGO8/Amigo - mapa de radar,2026-07-21
704,-26.894784,-49.000113,50,UNICO,76.0,RADAR_FIXO,iGO8/Amigo - mapa de radar,2026-07-21
705,-27.003424,-48.619128,50,UNICO,7.0,RADAR_FIXO,iGO8/Amigo - mapa de radar,2026-07-21
706,-28.682931,-49.354006,50,UNICO,270.0,RADAR_FIXO,iGO8/Amigo - mapa de radar,2026-07-21
707,-30.870779,-51.806533,50,UNICO,53.0,RADAR_FIXO,iGO8/Amigo - mapa de radar,2026-07-21
708,-29.182719,-51.520264,50,UNICO,16.0,RADAR_FIXO,iGO8/Amigo - mapa de radar,2026-07-21
709,-30.86945,-51.804428,50,UNICO,233.0,RADAR_FIXO,iGO8/Amigo - mapa de radar,2026-07-21
710,-30.172051,-51.389476,50,UNICO,51.0,RADAR_FIXO,iGO8/Amigo - mapa de radar,2026-07-21
711,-29.123969,-51.173415,50,UNICO,245.0,RADAR_FIXO,iGO8/Amigo - mapa de radar,2026-07-21
712,-28.225343,-52.367853,50,AMBOS,31.0,RADAR_FIXO,iGO8/Amigo - mapa de radar,2026-07-21
713,-30.170461,-51.386329,50,UNICO,241.0,RADAR_FIXO,iGO8/Amigo - mapa de radar,2026-07-21
714,-30.359454,-53.453283,50,UNICO,277.0,RADAR_FIXO,iGO8/Amigo - mapa de radar,2026-07-21
715,-28.713578,-51.938373,50,UNICO,149.0,RADAR_FIXO,iGO8/Amigo - mapa de radar,2026-07-21
716,-26.891638,-49.005088,50,DESCONHECIDO,76.0,RADAR_FIXO,iGO8/Amigo - mapa de radar,2026-07-21
717,-26.969761,-48.642792,50,UNICO,180.0,RADAR_FIXO,iGO8/Amigo - mapa de radar,2026-07-21
718,-26.998282,-48.627442,50,UNICO,233.0,RADAR_FIXO,iGO8/Amigo - mapa de radar,2026-07-21
719,-27.044655,-48.588349,50,DESCONHECIDO,3.0,RADAR_FIXO,iGO8/Amigo - mapa de radar,2026-07-21
720,-26.896983,-49.005061,50,AMBOS,60.0,RADAR_FIXO,iGO8/Amigo - mapa de radar,2026-07-21
721,-26.908107,-49.021141,50,DESCONHECIDO,70.0,RADAR_FIXO,iGO8/Amigo - mapa de radar,2026-07-21
722,-26.874807,-49.110158,50,UNICO,287.0,RADAR_FIXO,iGO8/Amigo - mapa de radar,2026-07-21
723,-26.874662,-49.110899,50,UNICO,105.0,RADAR_FIXO,iGO8/Amigo - mapa de radar,2026-07-21
724,-26.872164,-49.097241,50,UNICO,77.0,RADAR_FIXO,iGO8/Amigo - mapa de radar,2026-07-21
725,-26.921968,-49.098335,50,UNICO,15.0,RADAR_FIXO,iGO8/Amigo - mapa de radar,2026-07-21
726,-26.900418,-49.076638,50,UNICO,356.0,RADAR_FIXO,iGO8/Amigo - mapa de radar,2026-07-21
727,-26.846399,-49.03284,50,AMBOS,162.0,RADAR_FIXO,iGO8/Amigo - mapa de radar,2026-07-21
728,-26.898443,-49.087461,50,AMBOS,14.0,RADAR_FIXO,iGO8/Amigo - mapa de radar,2026-07-21
729,-31.751125,-52.467193,50,UNICO,103.0,RADAR_FIXO,iGO8/Amigo - mapa de radar,2026-07-21
730,-26.850489,-49.118092,50,UNICO,48.0,RADAR_FIXO,iGO8/Amigo - mapa de radar,2026-07-21
731,-31.749154,-52.477069,50,UNICO,283.0,RADAR_FIXO,iGO8/Amigo - mapa de radar,2026-07-21
732,-26.866493,-49.057795,50,UNICO,25.0,RADAR_FIXO,iGO8/Amigo - mapa de radar,2026-07-21
733,-26.865878,-49.05754,50,UNICO,198.0,RADAR_FIXO,iGO8/Amigo - mapa de radar,2026-07-21
734,-26.9034,-49.07762,50,UNICO,174.0,RADAR_FIXO,iGO8/Amigo - mapa de radar,2026-07-21
735,-27.44761,-53.948821,50,UNICO,346.0,RADAR_FIXO,iGO8/Amigo - mapa de radar,2026-07-21
736,-27.443857,-53.949836,50,UNICO,167.0,RADAR_FIXO,iGO8/Amigo - mapa de radar,2026-07-21
737,-27.650683,-52.256567,50,AMBOS,53.0,RADAR_FIXO,iGO8/Amigo - mapa de radar,2026-07-21
738,-26.924575,-48.951832,50,UNICO,30.0,RADAR_FIXO,iGO8/Amigo - mapa de radar,2026-07-21
739,-26.914638,-48.943198,50,DESCONHECIDO,51.0,RADAR_FIXO,iGO8/Amigo - mapa de radar,2026-07-21
740,-26.969599,-48.636703,50,AMBOS,100.0,RADAR_FIXO,iGO8/Amigo - mapa de radar,2026-07-21
741,-26.287043,-53.555108,50,AMBOS,127.0,RADAR_FIXO,iGO8/Amigo - mapa de radar,2026-07-21
742,-27.25711,-49.934186,50,AMBOS,102.0,RADAR_FIXO,iGO8/Amigo - mapa de radar,2026-07-21
743,-27.005051,-48.599162,50,DESCONHECIDO,156.0,RADAR_FIXO,iGO8/Amigo - mapa de radar,2026-07-21
744,-27.216404,-49.65389,50,DESCONHECIDO,23.0,RADAR_FIXO,iGO8/Amigo - mapa de radar,2026-07-21
745,-26.967092,-48.639651,50,UNICO,201.0,RADAR_FIXO,iGO8/Amigo - mapa de radar,2026-07-21
746,-27.002889,-48.642015,50,UNICO,123.0,RADAR_FIXO,iGO8/Amigo - mapa de radar,2026-07-21
747,-27.002903,-48.641815,50,UNICO,303.0,RADAR_FIXO,iGO8/Amigo - mapa de radar,2026-07-21
748,-27.188646,-48.612617,60,UNICO,183.0,RADAR_FIXO,iGO8/Amigo - mapa de radar,2026-07-21
749,-32.121759,-52.111446,60,UNICO,1.0,RADAR_FIXO,iGO8/Amigo - mapa de radar,2026-07-21
750,-26.592296,-53.514929,60,DESCONHECIDO,164.0,RADAR_FIXO,iGO8/Amigo - mapa de radar,2026-07-21
751,-26.068417,-53.720949,60,AMBOS,162.0,RADAR_FIXO,iGO8/Amigo - mapa de radar,2026-07-21
752,-28.803836,-52.507563,60,AMBOS,134.0,RADAR_FIXO,iGO8/Amigo - mapa de radar,2026-07-21
753,-26.064361,-53.719291,60,AMBOS,19.0,RADAR_FIXO,iGO8/Amigo - mapa de radar,2026-07-21
754,-26.34774,-48.841845,60,UNICO,323.0,RADAR_FIXO,iGO8/Amigo - mapa de radar,2026-07-21
755,-26.960843,-49.326074,60,UNICO,52.0,RADAR_FIXO,iGO8/Amigo - mapa de radar,2026-07-21
756,-26.857532,-49.106225,60,UNICO,145.0,RADAR_FIXO,iGO8/Amigo - mapa de radar,2026-07-21
757,-26.9828,-52.598777,60,UNICO,63.0,RADAR_FIXO,iGO8/Amigo - mapa de radar,2026-07-21
758,-26.982181,-52.597383,60,UNICO,243.0,RADAR_FIXO,iGO8/Amigo - mapa de radar,2026-07-21
759,-29.921081,-51.050226,60,UNICO,38.0,RADAR_FIXO,iGO8/Amigo - mapa de radar,2026-07-21
760,-26.865645,-52.023399,60,UNICO,147.0,RADAR_FIXO,iGO8/Amigo - mapa de radar,2026-07-21
761,-29.919997,-51.049357,60,UNICO,218.0,RADAR_FIXO,iGO8/Amigo - mapa de radar,2026-07-21
762,-32.11662,-52.111349,60,UNICO,181.0,RADAR_FIXO,iGO8/Amigo - mapa de radar,2026-07-21
763,-27.60584,-50.721991,60,UNICO,278.0,RADAR_FIXO,iGO8/Amigo - mapa de radar,2026-07-21
764,-29.997942,-51.138533,60,UNICO,92.0,RADAR_FIXO,iGO8/Amigo - mapa de radar,2026-07-21
765,-29.997835,-51.138536,60,UNICO,273.0,RADAR_FIXO,iGO8/Amigo - mapa de radar,2026-07-21
766,-32.050647,-52.276036,60,UNICO,332.0,RADAR_FIXO,iGO8/Amigo - mapa de radar,2026-07-21
767,-30.086842,-53.637556,60,UNICO,337.0,RADAR_FIXO,iGO8/Amigo - mapa de radar,2026-07-21
768,-32.049135,-52.277236,60,UNICO,152.0,RADAR_FIXO,iGO8/Amigo - mapa de radar,2026-07-21
769,-30.081657,-53.640068,60,UNICO,157.0,RADAR_FIXO,iGO8/Amigo - mapa de radar,2026-07-21
770,-30.003266,-51.185151,60,UNICO,98.0,RADAR_FIXO,iGO8/Amigo - mapa de radar,2026-07-21
771,-26.310861,-48.83276,60,UNICO,127.0,RADAR_FIXO,iGO8/Amigo - mapa de radar,2026-07-21
772,-30.002916,-51.186158,60,UNICO,288.0,RADAR_FIXO,iGO8/Amigo - mapa de radar,2026-07-21
773,-30.12839,-51.956017,60,UNICO,263.0,RADAR_FIXO,iGO8/Amigo - mapa de radar,2026-07-21
774,-27.715385,-48.877659,60,DESCONHECIDO,66.0,RADAR_FIXO,iGO8/Amigo - mapa de radar,2026-07-21
775,-27.662679,-49.160395,60,AMBOS,111.0,RADAR_FIXO,iGO8/Amigo - mapa de radar,2026-07-21
776,-30.084982,-51.247486,60,UNICO,191.0,RADAR_FIXO,iGO8/Amigo - mapa de radar,2026-07-21
777,-28.508218,-50.928261,60,UNICO,224.0,RADAR_FIXO,iGO8/Amigo - mapa de radar,2026-07-21
778,-30.084982,-51.247377,60,UNICO,11.0,RADAR_FIXO,iGO8/Amigo - mapa de radar,2026-07-21
779,-28.523893,-50.945571,60,UNICO,224.0,RADAR_FIXO,iGO8/Amigo - mapa de radar,2026-07-21
780,-29.68116,-52.792017,60,UNICO,270.0,RADAR_FIXO,iGO8/Amigo - mapa de radar,2026-07-21
781,-28.525541,-50.947361,60,UNICO,44.0,RADAR_FIXO,iGO8/Amigo - mapa de radar,2026-07-21
782,-26.916589,-49.10553,60,UNICO,236.0,RADAR_FIXO,iGO8/Amigo - mapa de radar,2026-07-21
783,-28.478176,-50.898303,60,UNICO,207.0,RADAR_FIXO,iGO8/Amigo - mapa de radar,2026-07-21
784,-27.799387,-50.364452,60,UNICO,130.0,RADAR_FIXO,iGO8/Amigo - mapa de radar,2026-07-21
785,-28.48623,-50.903951,60,UNICO,44.0,RADAR_FIXO,iGO8/Amigo - mapa de radar,2026-07-21
786,-28.502764,-50.922228,60,UNICO,224.0,RADAR_FIXO,iGO8/Amigo - mapa de radar,2026-07-21
787,-29.949935,-50.998541,60,UNICO,83.0,RADAR_FIXO,iGO8/Amigo - mapa de radar,2026-07-21
788,-26.263827,-48.867993,60,UNICO,47.0,RADAR_FIXO,iGO8/Amigo - mapa de radar,2026-07-21
789,-29.949801,-50.997936,60,UNICO,263.0,RADAR_FIXO,iGO8/Amigo - mapa de radar,2026-07-21
790,-27.294482,-50.077899,60,DESCONHECIDO,136.0,RADAR_FIXO,iGO8/Amigo - mapa de radar,2026-07-21
791,-26.309958,-48.863176,60,AMBOS,5.0,RADAR_FIXO,iGO8/Amigo - mapa de radar,2026-07-21
792,-26.263414,-48.866268,60,UNICO,278.0,RADAR_FIXO,iGO8/Amigo - mapa de radar,2026-07-21
793,-29.937105,-51.020612,60,UNICO,99.0,RADAR_FIXO,iGO8/Amigo - mapa de radar,2026-07-21
794,-27.095678,-49.528227,60,UNICO,289.0,RADAR_FIXO,iGO8/Amigo - mapa de radar,2026-07-21
795,-29.936733,-51.018228,60,UNICO,235.0,RADAR_FIXO,iGO8/Amigo - mapa de radar,2026-07-21
796,-29.932412,-51.065209,60,UNICO,104.0,RADAR_FIXO,iGO8/Amigo - mapa de radar,2026-07-21
797,-29.936942,-51.099823,60,UNICO,196.0,RADAR_FIXO,iGO8/Amigo - mapa de radar,2026-07-21
798,-29.639842,-50.975619,60,UNICO,256.0,RADAR_FIXO,iGO8/Amigo - mapa de radar,2026-07-21
799,-29.932347,-51.064256,60,UNICO,267.0,RADAR_FIXO,iGO8/Amigo - mapa de radar,2026-07-21
800,-29.944376,-51.102213,60,UNICO,196.0,RADAR_FIXO,iGO8/Amigo - mapa de radar,2026-07-21
801,-29.93486,-51.045036,60,UNICO,100.0,RADAR_FIXO,iGO8/Amigo - mapa de radar,2026-07-21
802,-26.274038,-48.885474,60,AMBOS,89.0,RADAR_FIXO,iGO8/Amigo - mapa de radar,2026-07-21
803,-29.934765,-51.04507,60,UNICO,280.0,RADAR_FIXO,iGO8/Amigo - mapa de radar,2026-07-21
804,-27.314527,-50.511789,60,UNICO,264.0,RADAR_FIXO,iGO8/Amigo - mapa de radar,2026-07-21
805,-27.314449,-50.516612,60,UNICO,102.0,RADAR_FIXO,iGO8/Amigo - mapa de radar,2026-07-21
806,-29.945011,-51.102246,60,UNICO,15.0,RADAR_FIXO,iGO8/Amigo - mapa de radar,2026-07-21
807,-29.937664,-51.099923,60,UNICO,15.0,RADAR_FIXO,iGO8/Amigo - mapa de radar,2026-07-21
808,-26.856282,-52.031438,60,UNICO,317.0,RADAR_FIXO,iGO8/Amigo - mapa de radar,2026-07-21
809,-26.895552,-49.069259,60,UNICO,236.0,RADAR_FIXO,iGO8/Amigo - mapa de radar,2026-07-21
810,-30.023079,-51.026043,60,AMBOS,144.0,RADAR_FIXO,iGO8/Amigo - mapa de radar,2026-07-21
811,-26.86577,-52.967883,60,UNICO,296.0,RADAR_FIXO,iGO8/Amigo - mapa de radar,2026-07-21
812,-26.895949,-49.0698,60,UNICO,56.0,RADAR_FIXO,iGO8/Amigo - mapa de radar,2026-07-21
813,-26.469666,-49.115912,60,DESCONHECIDO,126.0,RADAR_FIXO,iGO8/Amigo - mapa de radar,2026-07-21
814,-26.458965,-49.157879,60,DESCONHECIDO,93.0,RADAR_FIXO,iGO8/Amigo - mapa de radar,2026-07-21
815,-26.398153,-49.298518,60,UNICO,123.0,RADAR_FIXO,iGO8/Amigo - mapa de radar,2026-07-21
816,-27.061723,-51.674657,60,UNICO,270.0,RADAR_FIXO,iGO8/Amigo - mapa de radar,2026-07-21
817,-26.266216,-48.850942,60,UNICO,176.0,RADAR_FIXO,iGO8/Amigo - mapa de radar,2026-07-21
818,-26.241469,-49.510271,60,UNICO,54.0,RADAR_FIXO,iGO8/Amigo - mapa de radar,2026-07-21
819,-28.483332,-50.960763,60,UNICO,324.0,RADAR_FIXO,iGO8/Amigo - mapa de radar,2026-07-21
820,-28.485419,-50.959845,60,UNICO,175.0,RADAR_FIXO,iGO8/Amigo - mapa de radar,2026-07-21
821,-28.477905,-50.965539,60,UNICO,322.0,RADAR_FIXO,iGO8/Amigo - mapa de radar,2026-07-21
822,-30.131816,-51.353845,60,UNICO,31.0,RADAR_FIXO,iGO8/Amigo - mapa de radar,2026-07-21
823,-28.47605,-50.966967,60,UNICO,159.0,RADAR_FIXO,iGO8/Amigo - mapa de radar,2026-07-21
824,-27.794834,-50.337748,60,UNICO,253.0,RADAR_FIXO,iGO8/Amigo - mapa de radar,2026-07-21
825,-30.127635,-51.351024,60,UNICO,204.0,RADAR_FIXO,iGO8/Amigo - mapa de radar,2026-07-21
826,-29.630655,-50.892556,60,UNICO,299.0,RADAR_FIXO,iGO8/Amigo - mapa de radar,2026-07-21
827,-26.885233,-52.432582,60,UNICO,277.0,RADAR_FIXO,iGO8/Amigo - mapa de radar,2026-07-21
828,-27.872221,-50.400611,60,UNICO,40.0,RADAR_FIXO,iGO8/Amigo - mapa de radar,2026-07-21
829,-26.964363,-52.551379,60,UNICO,240.0,RADAR_FIXO,iGO8/Amigo - mapa de radar,2026-07-21
830,-27.865779,-50.394339,60,UNICO,221.0,RADAR_FIXO,iGO8/Amigo - mapa de radar,2026-07-21
831,-27.05093,-48.600358,60,UNICO,160.0,RADAR_FIXO,iGO8/Amigo - mapa de radar,2026-07-21
832,-30.104609,-51.73016,60,UNICO,91.0,RADAR_FIXO,iGO8/Amigo - mapa de radar,2026-07-21
833,-30.104878,-51.724941,60,UNICO,274.0,RADAR_FIXO,iGO8/Amigo - mapa de radar,2026-07-21
834,-26.370272,-48.832249,60,UNICO,340.0,RADAR_FIXO,iGO8/Amigo - mapa de radar,2026-07-21
835,-26.376008,-51.257985,60,UNICO,39.0,RADAR_FIXO,iGO8/Amigo - mapa de radar,2026-07-21
836,-30.101773,-51.659758,60,UNICO,66.0,RADAR_FIXO,iGO8/Amigo - mapa de radar,2026-07-21
837,-26.955419,-52.541929,60,DESCONHECIDO,41.0,RADAR_FIXO,iGO8/Amigo - mapa de radar,2026-07-21
838,-30.100662,-51.656965,60,UNICO,246.0,RADAR_FIXO,iGO8/Amigo - mapa de radar,2026-07-21
839,-30.544383,-53.420052,60,UNICO,303.0,RADAR_FIXO,iGO8/Amigo - mapa de radar,2026-07-21
840,-26.249138,-53.342381,60,AMBOS,64.0,RADAR_FIXO,iGO8/Amigo - mapa de radar,2026-07-21
841,-26.880364,-52.356126,60,UNICO,256.0,RADAR_FIXO,iGO8/Amigo - mapa de radar,2026-07-21
842,-26.223098,-53.148044,60,DESCONHECIDO,113.0,RADAR_FIXO,iGO8/Amigo - mapa de radar,2026-07-21
843,-26.886363,-52.440774,60,UNICO,94.0,RADAR_FIXO,iGO8/Amigo - mapa de radar,2026-07-21
844,-26.88103,-52.367761,60,UNICO,267.0,RADAR_FIXO,iGO8/Amigo - mapa de radar,2026-07-21
845,-26.857689,-52.263815,60,UNICO,250.0,RADAR_FIXO,iGO8/Amigo - mapa de radar,2026-07-21
846,-27.663952,-49.20391,60,DESCONHECIDO,96.0,RADAR_FIXO,iGO8/Amigo - mapa de radar,2026-07-21
847,-26.492874,-49.085243,60,UNICO,240.0,RADAR_FIXO,iGO8/Amigo - mapa de radar,2026-07-21
848,-26.19036,-50.384139,60,DESCONHECIDO,86.0,RADAR_FIXO,iGO8/Amigo - mapa de radar,2026-07-21
849,-26.476139,-49.095929,60,AMBOS,65.0,RADAR_FIXO,iGO8/Amigo - mapa de radar,2026-07-21
850,-27.495699,-50.370445,60,DESCONHECIDO,134.0,RADAR_FIXO,iGO8/Amigo - mapa de radar,2026-07-21
851,-26.965623,-52.553855,60,UNICO,62.0,RADAR_FIXO,iGO8/Amigo - mapa de radar,2026-07-21
852,-26.237187,-49.486468,60,DESCONHECIDO,103.0,RADAR_FIXO,iGO8/Amigo - mapa de radar,2026-07-21
853,-26.822158,-49.08686,60,UNICO,350.0,RADAR_FIXO,iGO8/Amigo - mapa de radar,2026-07-21
854,-26.885795,-52.396808,60,UNICO,83.0,RADAR_FIXO,iGO8/Amigo - mapa de radar,2026-07-21
855,-26.858131,-49.105807,60,UNICO,327.0,RADAR_FIXO,iGO8/Amigo - mapa de radar,2026-07-21
856,-26.302965,-48.840221,60,UNICO,317.0,RADAR_FIXO,iGO8/Amigo - mapa de radar,2026-07-21
857,-26.159981,-49.81589,60,DESCONHECIDO,37.0,RADAR_FIXO,iGO8/Amigo - mapa de radar,2026-07-21
858,-26.457339,-49.183597,60,UNICO,287.0,RADAR_FIXO,iGO8/Amigo - mapa de radar,2026-07-21
859,-26.455819,-49.186977,60,UNICO,148.0,RADAR_FIXO,iGO8/Amigo - mapa de radar,2026-07-21
860,-26.972515,-52.58299,60,UNICO,23.0,RADAR_FIXO,iGO8/Amigo - mapa de radar,2026-07-21
861,-26.882981,-52.406145,60,UNICO,55.0,RADAR_FIXO,iGO8/Amigo - mapa de radar,2026-07-21
862,-26.069672,-49.732161,60,UNICO,75.0,RADAR_FIXO,iGO8/Amigo - mapa de radar,2026-07-21
863,-26.069607,-49.732153,60,UNICO,238.0,RADAR_FIXO,iGO8/Amigo - mapa de radar,2026-07-21
864,-29.288549,-51.330674,60,AMBOS,165.0,RADAR_FIXO,iGO8/Amigo - mapa de radar,2026-07-21
865,-29.251376,-51.34459,60,UNICO,1.0,RADAR_FIXO,iGO8/Amigo - mapa de radar,2026-07-21
866,-29.701813,-51.209121,60,UNICO,291.0,RADAR_FIXO,iGO8/Amigo - mapa de radar,2026-07-21
867,-26.883078,-52.402679,60,UNICO,304.0,RADAR_FIXO,iGO8/Amigo - mapa de radar,2026-07-21
868,-27.30805,-50.133885,60,AMBOS,129.0,RADAR_FIXO,iGO8/Amigo - mapa de radar,2026-07-21
869,-27.707918,-48.844772,60,AMBOS,72.0,RADAR_FIXO,iGO8/Amigo - mapa de radar,2026-07-21
870,-26.337094,-48.900606,60,AMBOS,94.0,RADAR_FIXO,iGO8/Amigo - mapa de radar,2026-07-21
871,-29.21499,-51.373144,60,DESCONHECIDO,94.0,RADAR_FIXO,iGO8/Amigo - mapa de radar,2026-07-21
872,-26.072678,-53.08017,60,UNICO,106.0,RADAR_FIXO,iGO8/Amigo - mapa de radar,2026-07-21
873,-29.164165,-51.242698,60,AMBOS,16.0,RADAR_FIXO,iGO8/Amigo - mapa de radar,2026-07-21
874,-29.098911,-51.186667,60,AMBOS,15.0,RADAR_FIXO,iGO8/Amigo - mapa de radar,2026-07-21
875,-26.228538,-48.900012,60,AMBOS,152.0,RADAR_FIXO,iGO8/Amigo - mapa de radar,2026-07-21
876,-29.784703,-51.118468,60,UNICO,125.0,RADAR_FIXO,iGO8/Amigo - mapa de radar,2026-07-21
877,-30.37175,-53.664534,60,UNICO,274.0,RADAR_FIXO,iGO8/Amigo - mapa de radar,2026-07-21
878,-29.69496,-51.693223,60,UNICO,120.0,RADAR_FIXO,iGO8/Amigo - mapa de radar,2026-07-21
879,-26.146004,-49.82239,60,UNICO,53.0,RADAR_FIXO,iGO8/Amigo - mapa de radar,2026-07-21
880,-28.007619,-50.542527,60,UNICO,44.0,RADAR_FIXO,iGO8/Amigo - mapa de radar,2026-07-21
881,-26.144843,-49.820709,60,UNICO,232.0,RADAR_FIXO,iGO8/Amigo - mapa de radar,2026-07-21
882,-30.228766,-54.729802,60,UNICO,194.0,RADAR_FIXO,iGO8/Amigo - mapa de radar,2026-07-21
883,-30.371662,-53.666287,60,UNICO,93.0,RADAR_FIXO,iGO8/Amigo - mapa de radar,2026-07-21
884,-29.681173,-52.793939,60,UNICO,90.0,RADAR_FIXO,iGO8/Amigo - mapa de radar,2026-07-21
885,-27.007766,-51.736858,60,DESCONHECIDO,147.0,RADAR_FIXO,iGO8/Amigo - mapa de radar,2026-07-21
886,-32.605257,-52.571175,60,DESCONHECIDO,17.0,RADAR_FIXO,iGO8/Amigo - mapa de radar,2026-07-21
887,-29.361133,-53.672044,60,DESCONHECIDO,176.0,RADAR_FIXO,iGO8/Amigo - mapa de radar,2026-07-21
888,-26.96845,-51.851529,60,UNICO,226.0,RADAR_FIXO,iGO8/Amigo - mapa de radar,2026-07-21
889,-32.569985,-52.558554,60,DESCONHECIDO,16.0,RADAR_FIXO,iGO8/Amigo - mapa de radar,2026-07-21
890,-30.229985,-54.727737,60,UNICO,263.0,RADAR_FIXO,iGO8/Amigo - mapa de radar,2026-07-21
891,-26.15316,-49.832732,60,UNICO,52.0,RADAR_FIXO,iGO8/Amigo - mapa de radar,2026-07-21
892,-26.27054,-48.818114,60,UNICO,269.0,RADAR_FIXO,iGO8/Amigo - mapa de radar,2026-07-21
893,-26.288971,-48.864312,60,DESCONHECIDO,3.0,RADAR_FIXO,iGO8/Amigo - mapa de radar,2026-07-21
894,-27.025931,-51.885262,60,UNICO,336.0,RADAR_FIXO,iGO8/Amigo - mapa de radar,2026-07-21
895,-27.198728,-51.507256,60,UNICO,185.0,RADAR_FIXO,iGO8/Amigo - mapa de radar,2026-07-21
896,-26.915588,-51.903494,60,UNICO,279.0,RADAR_FIXO,iGO8/Amigo - mapa de radar,2026-07-21
897,-26.290324,-48.89217,60,UNICO,299.0,RADAR_FIXO,iGO8/Amigo - mapa de radar,2026-07-21
898,-27.501003,-50.950012,60,UNICO,251.0,RADAR_FIXO,iGO8/Amigo - mapa de radar,2026-07-21
899,-27.773326,-50.200374,60,UNICO,259.0,RADAR_FIXO,iGO8/Amigo - mapa de radar,2026-07-21
900,-29.9109,-52.972356,60,UNICO,5.0,RADAR_FIXO,iGO8/Amigo - mapa de radar,2026-07-21
901,-27.800147,-50.362166,60,UNICO,263.0,RADAR_FIXO,iGO8/Amigo - mapa de radar,2026-07-21
902,-26.259184,-52.708833,60,DESCONHECIDO,9.0,RADAR_FIXO,iGO8/Amigo - mapa de radar,2026-07-21
903,-30.058289,-51.014029,60,AMBOS,18.0,RADAR_FIXO,iGO8/Amigo - mapa de radar,2026-07-21
904,-26.286758,-48.810764,60,UNICO,193.0,RADAR_FIXO,iGO8/Amigo - mapa de radar,2026-07-21
905,-26.286775,-48.908622,60,UNICO,262.0,RADAR_FIXO,iGO8/Amigo - mapa de radar,2026-07-21
906,-27.683392,-49.106768,60,DESCONHECIDO,76.0,RADAR_FIXO,iGO8/Amigo - mapa de radar,2026-07-21
907,-26.286204,-48.810478,60,UNICO,14.0,RADAR_FIXO,iGO8/Amigo - mapa de radar,2026-07-21
908,-27.47395,-53.91605,60,UNICO,285.0,RADAR_FIXO,iGO8/Amigo - mapa de radar,2026-07-21
909,-26.30929,-48.842946,60,UNICO,358.0,RADAR_FIXO,iGO8/Amigo - mapa de radar,2026-07-21
910,-26.074307,-49.756197,60,UNICO,299.0,RADAR_FIXO,iGO8/Amigo - mapa de radar,2026-07-21
911,-29.69168,-52.383601,60,UNICO,261.0,RADAR_FIXO,iGO8/Amigo - mapa de radar,2026-07-21
912,-26.331314,-48.841884,60,UNICO,357.0,RADAR_FIXO,iGO8/Amigo - mapa de radar,2026-07-21
913,-27.532395,-48.631616,60,UNICO,151.0,RADAR_FIXO,iGO8/Amigo - mapa de radar,2026-07-21
914,-27.571614,-48.613949,60,UNICO,176.0,RADAR_FIXO,iGO8/Amigo - mapa de radar,2026-07-21
915,-26.820941,-50.353946,60,UNICO,89.0,RADAR_FIXO,iGO8/Amigo - mapa de radar,2026-07-21
916,-26.264102,-48.81929,60,UNICO,31.0,RADAR_FIXO,iGO8/Amigo - mapa de radar,2026-07-21
917,-26.818171,-50.350875,60,UNICO,173.0,RADAR_FIXO,iGO8/Amigo - mapa de radar,2026-07-21
918,-26.752756,-50.317072,60,UNICO,346.0,RADAR_FIXO,iGO8/Amigo - mapa de radar,2026-07-21
919,-26.294102,-48.858599,60,UNICO,274.0,RADAR_FIXO,iGO8/Amigo - mapa de radar,2026-07-21
920,-26.464663,-50.230009,60,UNICO,15.0,RADAR_FIXO,iGO8/Amigo - mapa de radar,2026-07-21
921,-26.394095,-50.156866,60,UNICO,250.0,RADAR_FIXO,iGO8/Amigo - mapa de radar,2026-07-21
922,-27.61698,-48.645578,60,UNICO,41.0,RADAR_FIXO,iGO8/Amigo - mapa de radar,2026-07-21
923,-27.610726,-48.63986,60,UNICO,221.0,RADAR_FIXO,iGO8/Amigo - mapa de radar,2026-07-21
924,-27.642345,-48.669256,60,UNICO,212.0,RADAR_FIXO,iGO8/Amigo - mapa de radar,2026-07-21
925,-28.198238,-50.755563,60,UNICO,276.0,RADAR_FIXO,iGO8/Amigo - mapa de radar,2026-07-21
926,-27.809337,-48.636728,60,UNICO,297.0,RADAR_FIXO,iGO8/Amigo - mapa de radar,2026-07-21
927,-27.672937,-48.77451,60,DESCONHECIDO,77.0,RADAR_FIXO,iGO8/Amigo - mapa de radar,2026-07-21
928,-27.643805,-48.669802,60,UNICO,32.0,RADAR_FIXO,iGO8/Amigo - mapa de radar,2026-07-21
929,-27.666152,-48.688404,60,DESCONHECIDO,37.0,RADAR_FIXO,iGO8/Amigo - mapa de radar,2026-07-21
930,-27.621751,-48.650394,60,UNICO,42.0,RADAR_FIXO,iGO8/Amigo - mapa de radar,2026-07-21
931,-29.829942,-57.103394,60,UNICO,22.0,RADAR_FIXO,iGO8/Amigo - mapa de radar,2026-07-21
932,-27.60338,-48.631745,60,UNICO,52.0,RADAR_FIXO,iGO8/Amigo - mapa de radar,2026-07-21
933,-27.604159,-50.725067,60,UNICO,187.0,RADAR_FIXO,iGO8/Amigo - mapa de radar,2026-07-21
934,-26.93531,-48.693225,60,UNICO,55.0,RADAR_FIXO,iGO8/Amigo - mapa de radar,2026-07-21
935,-26.935156,-48.693126,60,UNICO,233.0,RADAR_FIXO,iGO8/Amigo - mapa de radar,2026-07-21
936,-27.733315,-49.368841,60,UNICO,116.0,RADAR_FIXO,iGO8/Amigo - mapa de radar,2026-07-21
937,-27.576149,-48.613158,60,UNICO,357.0,RADAR_FIXO,iGO8/Amigo - mapa de radar,2026-07-21
938,-27.562892,-48.615935,60,UNICO,154.0,RADAR_FIXO,iGO8/Amigo - mapa de radar,2026-07-21
939,-26.917702,-48.706976,60,UNICO,71.0,RADAR_FIXO,iGO8/Amigo - mapa de radar,2026-07-21
940,-26.917578,-48.706914,60,UNICO,250.0,RADAR_FIXO,iGO8/Amigo - mapa de radar,2026-07-21
941,-26.268726,-48.855936,60,AMBOS,115.0,RADAR_FIXO,iGO8/Amigo - mapa de radar,2026-07-21
942,-30.230453,-54.732327,60,UNICO,84.0,RADAR_FIXO,iGO8/Amigo - mapa de radar,2026-07-21
943,-26.060541,-52.631713,60,DESCONHECIDO,45.0,RADAR_FIXO,iGO8/Amigo - mapa de radar,2026-07-21
944,-29.694844,-51.693166,60,UNICO,300.0,RADAR_FIXO,iGO8/Amigo - mapa de radar,2026-07-21
945,-29.905507,-51.847844,60,AMBOS,96.0,RADAR_FIXO,iGO8/Amigo - mapa de radar,2026-07-21
946,-26.29317,-48.857974,60,UNICO,94.0,RADAR_FIXO,iGO8/Amigo - mapa de radar,2026-07-21
947,-26.302964,-48.853538,60,AMBOS,177.0,RADAR_FIXO,iGO8/Amigo - mapa de radar,2026-07-21
948,-27.651841,-48.676205,60,UNICO,214.0,RADAR_FIXO,iGO8/Amigo - mapa de radar,2026-07-21
949,-27.774011,-50.20441,60,UNICO,79.0,RADAR_FIXO,iGO8/Amigo - mapa de radar,2026-07-21
950,-26.158219,-53.030323,60,AMBOS,79.0,RADAR_FIXO,iGO8/Amigo - mapa de radar,2026-07-21
951,-26.294478,-48.815929,60,UNICO,59.0,RADAR_FIXO,iGO8/Amigo - mapa de radar,2026-07-21
952,-26.378679,-49.31562,60,UNICO,348.0,RADAR_FIXO,iGO8/Amigo - mapa de radar,2026-07-21
953,-26.417504,-49.254944,60,UNICO,127.0,RADAR_FIXO,iGO8/Amigo - mapa de radar,2026-07-21
954,-26.437006,-49.238924,60,AMBOS,106.0,RADAR_FIXO,iGO8/Amigo - mapa de radar,2026-07-21
955,-25.992688,-50.578238,60,DESCONHECIDO,56.0,RADAR_FIXO,iGO8/Amigo - mapa de radar,2026-07-21
956,-28.396357,-54.375747,60,UNICO,261.0,RADAR_FIXO,iGO8/Amigo - mapa de radar,2026-07-21
957,-28.400143,-54.383019,60,UNICO,46.0,RADAR_FIXO,iGO8/Amigo - mapa de radar,2026-07-21
958,-27.516859,-48.767746,60,UNICO,12.0,RADAR_FIXO,iGO8/Amigo - mapa de radar,2026-07-21
959,-29.635207,-50.928565,60,UNICO,258.0,RADAR_FIXO,iGO8/Amigo - mapa de radar,2026-07-21
960,-26.308187,-49.388804,60,UNICO,146.0,RADAR_FIXO,iGO8/Amigo - mapa de radar,2026-07-21
961,-26.87886,-48.7193,60,AMBOS,106.0,RADAR_FIXO,iGO8/Amigo - mapa de radar,2026-07-21
962,-26.379934,-48.824485,60,AMBOS,140.0,RADAR_FIXO,iGO8/Amigo - mapa de radar,2026-07-21
963,-26.268963,-48.845375,60,AMBOS,9.0,RADAR_FIXO,iGO8/Amigo - mapa de radar,2026-07-21
964,-26.241776,-48.819398,60,AMBOS,17.0,RADAR_FIXO,iGO8/Amigo - mapa de radar,2026-07-21
965,-26.375849,-48.84027,60,UNICO,248.0,RADAR_FIXO,iGO8/Amigo - mapa de radar,2026-07-21
966,-26.381114,-48.844527,60,UNICO,23.0,RADAR_FIXO,iGO8/Amigo - mapa de radar,2026-07-21
967,-26.900795,-48.712997,60,DESCONHECIDO,81.0,RADAR_FIXO,iGO8/Amigo - mapa de radar,2026-07-21
968,-29.049174,-55.141521,60,UNICO,279.0,RADAR_FIXO,iGO8/Amigo - mapa de radar,2026-07-21
969,-26.376319,-51.258278,60,UNICO,220.0,RADAR_FIXO,iGO8/Amigo - mapa de radar,2026-07-21
970,-27.681453,-49.113411,60,DESCONHECIDO,44.0,RADAR_FIXO,iGO8/Amigo - mapa de radar,2026-07-21
971,-30.060699,-51.235555,60,UNICO,40.0,RADAR_FIXO,iGO8/Amigo - mapa de radar,2026-07-21
972,-30.060608,-51.235646,60,UNICO,218.0,RADAR_FIXO,iGO8/Amigo - mapa de radar,2026-07-21
973,-30.116998,-51.108746,60,UNICO,6.0,RADAR_FIXO,iGO8/Amigo - mapa de radar,2026-07-21
974,-29.748111,-57.076659,60,DESCONHECIDO,90.0,RADAR_FIXO,iGO8/Amigo - mapa de radar,2026-07-21
975,-26.477792,-49.090012,60,UNICO,118.0,RADAR_FIXO,iGO8/Amigo - mapa de radar,2026-07-21
976,-30.10947,-51.252814,60,UNICO,244.0,RADAR_FIXO,iGO8/Amigo - mapa de radar,2026-07-21
977,-26.526439,-49.137046,60,UNICO,9.0,RADAR_FIXO,iGO8/Amigo - mapa de radar,2026-07-21
978,-30.109534,-51.252798,60,UNICO,71.0,RADAR_FIXO,iGO8/Amigo - mapa de radar,2026-07-21
979,-26.522725,-49.134975,60,UNICO,210.0,RADAR_FIXO,iGO8/Amigo - mapa de radar,2026-07-21
980,-26.152585,-49.83196,60,UNICO,233.0,RADAR_FIXO,iGO8/Amigo - mapa de radar,2026-07-21
981,-26.505354,-49.13802,60,UNICO,310.0,RADAR_FIXO,iGO8/Amigo - mapa de radar,2026-07-21
982,-26.233751,-53.638648,60,AMBOS,150.0,RADAR_FIXO,iGO8/Amigo - mapa de radar,2026-07-21
983,-26.510021,-49.111216,60,UNICO,269.0,RADAR_FIXO,iGO8/Amigo - mapa de radar,2026-07-21
984,-26.502934,-49.14119,60,UNICO,131.0,RADAR_FIXO,iGO8/Amigo - mapa de radar,2026-07-21
985,-29.206343,-52.182224,60,DESCONHECIDO,181.0,RADAR_FIXO,iGO8/Amigo - mapa de radar,2026-07-21
986,-26.075493,-49.762373,60,UNICO,55.0,RADAR_FIXO,iGO8/Amigo - mapa de radar,2026-07-21
987,-26.917704,-52.493666,60,UNICO,25.0,RADAR_FIXO,iGO8/Amigo - mapa de radar,2026-07-21
988,-26.916044,-52.490677,60,UNICO,262.0,RADAR_FIXO,iGO8/Amigo - mapa de radar,2026-07-21
989,-26.310079,-49.388281,60,UNICO,11.0,RADAR_FIXO,iGO8/Amigo - mapa de radar,2026-07-21
990,-26.23394,-48.814398,60,UNICO,76.0,RADAR_FIXO,iGO8/Amigo - mapa de radar,2026-07-21
991,-26.23325,-48.812055,60,UNICO,255.0,RADAR_FIXO,iGO8/Amigo - mapa de radar,2026-07-21
992,-26.242036,-48.833865,60,UNICO,237.0,RADAR_FIXO,iGO8/Amigo - mapa de radar,2026-07-21
993,-27.807536,-48.638752,60,UNICO,176.0,RADAR_FIXO,iGO8/Amigo - mapa de radar,2026-07-21
994,-26.346996,-48.842187,60,UNICO,177.0,RADAR_FIXO,iGO8/Amigo - mapa de radar,2026-07-21
995,-26.287882,-48.781137,60,AMBOS,120.0,RADAR_FIXO,iGO8/Amigo - mapa de radar,2026-07-21
996,-26.234244,-48.622655,60,AMBOS,110.0,RADAR_FIXO,iGO8/Amigo - mapa de radar,2026-07-21
997,-26.512807,-49.116038,60,UNICO,72.0,RADAR_FIXO,iGO8/Amigo - mapa de radar,2026-07-21
998,-26.200281,-52.676261,60,AMBOS,41.0,RADAR_FIXO,iGO8/Amigo - mapa de radar,2026-07-21
999,-26.215595,-52.680892,60,AMBOS,2.0,RADAR_FIXO,iGO8/Amigo - mapa de radar,2026-07-21
1000,-26.281163,-48.863774,60,DESCONHECIDO,3.0,RADAR_FIXO,iGO8/Amigo - mapa de radar,2026-07-21
1001,-29.982934,-51.116727,60,UNICO,225.0,RADAR_FIXO,iGO8/Amigo - mapa de radar,2026-07-21
1002,-29.684899,-54.660517,60,UNICO,263.0,RADAR_FIXO,iGO8/Amigo - mapa de radar,2026-07-21
1003,-29.637285,-54.181903,60,UNICO,284.0,RADAR_FIXO,iGO8/Amigo - mapa de radar,2026-07-21
1004,-29.636225,-54.187339,60,UNICO,99.0,RADAR_FIXO,iGO8/Amigo - mapa de radar,2026-07-21
1005,-29.684994,-54.661638,60,UNICO,86.0,RADAR_FIXO,iGO8/Amigo - mapa de radar,2026-07-21
1006,-26.906221,-48.940682,60,UNICO,61.0,RADAR_FIXO,iGO8/Amigo - mapa de radar,2026-07-21
1007,-26.819714,-51.721405,60,UNICO,155.0,RADAR_FIXO,iGO8/Amigo - mapa de radar,2026-07-21
1008,-27.109087,-49.525018,60,DESCONHECIDO,36.0,RADAR_FIXO,iGO8/Amigo - mapa de radar,2026-07-21
1009,-26.823231,-51.725576,60,UNICO,31.0,RADAR_FIXO,iGO8/Amigo - mapa de radar,2026-07-21
1010,-26.905421,-48.93947,60,UNICO,240.0,RADAR_FIXO,iGO8/Amigo - mapa de radar,2026-07-21
1011,-29.907532,-52.971977,60,UNICO,186.0,RADAR_FIXO,iGO8/Amigo - mapa de radar,2026-07-21
1012,-26.038288,-53.057884,60,UNICO,157.0,RADAR_FIXO,iGO8/Amigo - mapa de radar,2026-07-21
1013,-27.161632,-49.556582,60,DESCONHECIDO,180.0,RADAR_FIXO,iGO8/Amigo - mapa de radar,2026-07-21
1014,-28.415208,-54.973637,60,UNICO,291.0,RADAR_FIXO,iGO8/Amigo - mapa de radar,2026-07-21
1015,-28.414431,-54.975338,60,UNICO,122.0,RADAR_FIXO,iGO8/Amigo - mapa de radar,2026-07-21
1016,-26.278925,-48.846301,60,UNICO,352.0,RADAR_FIXO,iGO8/Amigo - mapa de radar,2026-07-21
1017,-26.037742,-53.058076,60,UNICO,334.0,RADAR_FIXO,iGO8/Amigo - mapa de radar,2026-07-21
1018,-27.0434,-48.599374,60,UNICO,163.0,RADAR_FIXO,iGO8/Amigo - mapa de radar,2026-07-21
1019,-26.824015,-53.412362,60,UNICO,23.0,RADAR_FIXO,iGO8/Amigo - mapa de radar,2026-07-21
1020,-30.032704,-51.184216,60,UNICO,22.0,RADAR_FIXO,iGO8/Amigo - mapa de radar,2026-07-21
1021,-27.022414,-51.885602,60,AMBOS,16.0,RADAR_FIXO,iGO8/Amigo - mapa de radar,2026-07-21
1022,-28.503034,-50.917376,60,AMBOS,133.0,RADAR_FIXO,iGO8/Amigo - mapa de radar,2026-07-21
1023,-26.480667,-49.061695,60,UNICO,76.0,RADAR_FIXO,iGO8/Amigo - mapa de radar,2026-07-21
1024,-28.618438,-53.571387,60,UNICO,153.0,RADAR_FIXO,iGO8/Amigo - mapa de radar,2026-07-21
1025,-27.098216,-49.529997,60,UNICO,310.0,RADAR_FIXO,iGO8/Amigo - mapa de radar,2026-07-21
1026,-26.478989,-49.075422,60,UNICO,265.0,RADAR_FIXO,iGO8/Amigo - mapa de radar,2026-07-21
1027,-26.887424,-53.176611,60,AMBOS,42.0,RADAR_FIXO,iGO8/Amigo - mapa de radar,2026-07-21
1028,-30.188613,-51.174526,60,UNICO,178.0,RADAR_FIXO,iGO8/Amigo - mapa de radar,2026-07-21
1029,-27.795532,-50.340223,60,UNICO,74.0,RADAR_FIXO,iGO8/Amigo - mapa de radar,2026-07-21
1030,-31.391597,-52.687712,60,UNICO,104.0,RADAR_FIXO,iGO8/Amigo - mapa de radar,2026-07-21
1031,-30.103685,-51.252202,60,UNICO,54.0,RADAR_FIXO,iGO8/Amigo - mapa de radar,2026-07-21
1032,-26.082269,-53.02414,60,AMBOS,168.0,RADAR_FIXO,iGO8/Amigo - mapa de radar,2026-07-21
1033,-26.053374,-53.047685,60,DESCONHECIDO,138.0,RADAR_FIXO,iGO8/Amigo - mapa de radar,2026-07-21
1034,-26.258541,-48.623838,60,DESCONHECIDO,44.0,RADAR_FIXO,iGO8/Amigo - mapa de radar,2026-07-21
1035,-26.805206,-53.182815,60,UNICO,106.0,RADAR_FIXO,iGO8/Amigo - mapa de radar,2026-07-21
1036,-27.733502,-53.842617,60,UNICO,145.0,RADAR_FIXO,iGO8/Amigo - mapa de radar,2026-07-21
1037,-26.805817,-53.179658,60,UNICO,285.0,RADAR_FIXO,iGO8/Amigo - mapa de radar,2026-07-21
1038,-27.736816,-53.838704,60,UNICO,305.0,RADAR_FIXO,iGO8/Amigo - mapa de radar,2026-07-21
1039,-30.144611,-52.047886,60,UNICO,78.0,RADAR_FIXO,iGO8/Amigo - mapa de radar,2026-07-21
1040,-27.045526,-48.599667,60,UNICO,192.0,RADAR_FIXO,iGO8/Amigo - mapa de radar,2026-07-21
1041,-26.845963,-52.981114,60,UNICO,338.0,RADAR_FIXO,iGO8/Amigo - mapa de radar,2026-07-21
1042,-30.142727,-52.037842,60,UNICO,257.0,RADAR_FIXO,iGO8/Amigo - mapa de radar,2026-07-21
1043,-26.950405,-52.523131,60,UNICO,240.0,RADAR_FIXO,iGO8/Amigo - mapa de radar,2026-07-21
1044,-26.841542,-52.983163,60,UNICO,158.0,RADAR_FIXO,iGO8/Amigo - mapa de radar,2026-07-21
1045,-26.867003,-52.022421,60,UNICO,327.0,RADAR_FIXO,iGO8/Amigo - mapa de radar,2026-07-21
1046,-30.082485,-51.131932,60,UNICO,178.0,RADAR_FIXO,iGO8/Amigo - mapa de radar,2026-07-21
1047,-26.986867,-52.605998,60,UNICO,73.0,RADAR_FIXO,iGO8/Amigo - mapa de radar,2026-07-21
1048,-30.082484,-51.131846,60,UNICO,358.0,RADAR_FIXO,iGO8/Amigo - mapa de radar,2026-07-21
1049,-26.985621,-52.604524,60,UNICO,206.0,RADAR_FIXO,iGO8/Amigo - mapa de radar,2026-07-21
1050,-30.063714,-52.89435,60,UNICO,289.0,RADAR_FIXO,iGO8/Amigo - mapa de radar,2026-07-21
1051,-27.190611,-53.265952,60,UNICO,65.0,RADAR_FIXO,iGO8/Amigo - mapa de radar,2026-07-21
1052,-27.188482,-53.262861,60,UNICO,238.0,RADAR_FIXO,iGO8/Amigo - mapa de radar,2026-07-21
1053,-30.190411,-51.174976,60,UNICO,20.0,RADAR_FIXO,iGO8/Amigo - mapa de radar,2026-07-21
1054,-30.539057,-53.430279,60,DESCONHECIDO,122.0,RADAR_FIXO,iGO8/Amigo - mapa de radar,2026-07-21
1055,-26.451327,-49.107636,60,AMBOS,359.0,RADAR_FIXO,iGO8/Amigo - mapa de radar,2026-07-21
1056,-26.241316,-49.51014,60,UNICO,234.0,RADAR_FIXO,iGO8/Amigo - mapa de radar,2026-07-21
1057,-27.702873,-48.803152,60,DESCONHECIDO,48.0,RADAR_FIXO,iGO8/Amigo - mapa de radar,2026-07-21
1058,-27.721194,-48.90868,60,DESCONHECIDO,125.0,RADAR_FIXO,iGO8/Amigo - mapa de radar,2026-07-21
1059,-27.667435,-49.159499,60,DESCONHECIDO,139.0,RADAR_FIXO,iGO8/Amigo - mapa de radar,2026-07-21
1060,-27.695947,-49.332032,60,AMBOS,88.0,RADAR_FIXO,iGO8/Amigo - mapa de radar,2026-07-21
1061,-26.170752,-49.818033,60,DESCONHECIDO,174.0,RADAR_FIXO,iGO8/Amigo - mapa de radar,2026-07-21
1062,-29.610594,-51.346009,60,UNICO,120.0,RADAR_FIXO,iGO8/Amigo - mapa de radar,2026-07-21
1063,-29.612072,-51.33975,60,UNICO,297.0,RADAR_FIXO,iGO8/Amigo - mapa de radar,2026-07-21
1064,-29.697664,-51.221686,60,UNICO,111.0,RADAR_FIXO,iGO8/Amigo - mapa de radar,2026-07-21
1065,-28.511379,-50.931736,60,UNICO,44.0,RADAR_FIXO,iGO8/Amigo - mapa de radar,2026-07-21
1066,-26.193127,-50.418811,60,AMBOS,72.0,RADAR_FIXO,iGO8/Amigo - mapa de radar,2026-07-21
1067,-26.97066,-51.856188,60,UNICO,52.0,RADAR_FIXO,iGO8/Amigo - mapa de radar,2026-07-21
1068,-29.996273,-53.685682,60,UNICO,172.0,RADAR_FIXO,iGO8/Amigo - mapa de radar,2026-07-21
1069,-26.143457,-53.028226,60,AMBOS,139.0,RADAR_FIXO,iGO8/Amigo - mapa de radar,2026-07-21
1070,-30.032785,-51.184367,60,UNICO,202.0,RADAR_FIXO,iGO8/Amigo - mapa de radar,2026-07-21
1071,-29.996246,-53.685642,60,UNICO,352.0,RADAR_FIXO,iGO8/Amigo - mapa de radar,2026-07-21
1072,-27.688888,-48.718837,60,DESCONHECIDO,98.0,RADAR_FIXO,iGO8/Amigo - mapa de radar,2026-07-21
1073,-30.041715,-51.133277,60,UNICO,248.0,RADAR_FIXO,iGO8/Amigo - mapa de radar,2026-07-21
1074,-30.115097,-51.22576,60,UNICO,152.0,RADAR_FIXO,iGO8/Amigo - mapa de radar,2026-07-21
1075,-30.068155,-51.146114,60,UNICO,290.0,RADAR_FIXO,iGO8/Amigo - mapa de radar,2026-07-21
1076,-30.043785,-51.199539,60,UNICO,314.0,RADAR_FIXO,iGO8/Amigo - mapa de radar,2026-07-21
1077,-26.354284,-48.831484,60,UNICO,180.0,RADAR_FIXO,iGO8/Amigo - mapa de radar,2026-07-21
1078,-30.090928,-51.219814,60,UNICO,220.0,RADAR_FIXO,iGO8/Amigo - mapa de radar,2026-07-21
1079,-28.505845,-50.925633,60,UNICO,44.0,RADAR_FIXO,iGO8/Amigo - mapa de radar,2026-07-21
1080,-26.35128,-48.831372,60,UNICO,1.0,RADAR_FIXO,iGO8/Amigo - mapa de radar,2026-07-21
1081,-30.041829,-51.13325,60,UNICO,68.0,RADAR_FIXO,iGO8/Amigo - mapa de radar,2026-07-21
1082,-29.726662,-51.16085,60,UNICO,266.0,RADAR_FIXO,iGO8/Amigo - mapa de radar,2026-07-21
1083,-30.031721,-51.121051,60,UNICO,8.0,RADAR_FIXO,iGO8/Amigo - mapa de radar,2026-07-21
1084,-29.726795,-51.161315,60,UNICO,86.0,RADAR_FIXO,iGO8/Amigo - mapa de radar,2026-07-21
1085,-30.022057,-51.11984,60,UNICO,5.0,RADAR_FIXO,iGO8/Amigo - mapa de radar,2026-07-21
1086,-30.031546,-51.121178,60,UNICO,188.0,RADAR_FIXO,iGO8/Amigo - mapa de radar,2026-07-21
1087,-29.69776,-51.221116,60,UNICO,291.0,RADAR_FIXO,iGO8/Amigo - mapa de radar,2026-07-21
1088,-29.246178,-51.516124,60,AMBOS,166.0,RADAR_FIXO,iGO8/Amigo - mapa de radar,2026-07-21
1089,-29.205678,-51.43886,60,UNICO,89.0,RADAR_FIXO,iGO8/Amigo - mapa de radar,2026-07-21
1090,-29.204345,-51.434823,60,UNICO,211.0,RADAR_FIXO,iGO8/Amigo - mapa de radar,2026-07-21
1091,-28.48917,-50.958263,60,UNICO,316.0,RADAR_FIXO,iGO8/Amigo - mapa de radar,2026-07-21
1092,-28.480204,-50.963525,60,UNICO,142.0,RADAR_FIXO,iGO8/Amigo - mapa de radar,2026-07-21
1093,-26.478142,-49.054445,60,UNICO,269.0,RADAR_FIXO,iGO8/Amigo - mapa de radar,2026-07-21
1094,-26.480804,-49.113546,60,AMBOS,86.0,RADAR_FIXO,iGO8/Amigo - mapa de radar,2026-07-21
1095,-26.741703,-50.991169,60,UNICO,14.0,RADAR_FIXO,iGO8/Amigo - mapa de radar,2026-07-21
1096,-29.952922,-51.598493,60,UNICO,72.0,RADAR_FIXO,iGO8/Amigo - mapa de radar,2026-07-21
1097,-30.130713,-51.218126,60,UNICO,345.0,RADAR_FIXO,iGO8/Amigo - mapa de radar,2026-07-21
1098,-30.13005,-51.218483,60,UNICO,163.0,RADAR_FIXO,iGO8/Amigo - mapa de radar,2026-07-21
1099,-30.076793,-51.122767,60,UNICO,285.0,RADAR_FIXO,iGO8/Amigo - mapa de radar,2026-07-21
1100,-26.821363,-49.087018,60,UNICO,170.0,RADAR_FIXO,iGO8/Amigo - mapa de radar,2026-07-21
1101,-30.062276,-51.176062,60,UNICO,83.0,RADAR_FIXO,iGO8/Amigo - mapa de radar,2026-07-21
1102,-29.701306,-51.210955,60,UNICO,111.0,RADAR_FIXO,iGO8/Amigo - mapa de radar,2026-07-21
1103,-30.06824,-51.146533,60,UNICO,113.0,RADAR_FIXO,iGO8/Amigo - mapa de radar,2026-07-21
1104,-30.005475,-51.138644,60,UNICO,230.0,RADAR_FIXO,iGO8/Amigo - mapa de radar,2026-07-21
1105,-30.005752,-51.138745,60,UNICO,51.0,RADAR_FIXO,iGO8/Amigo - mapa de radar,2026-07-21
1106,-30.040944,-51.107243,60,UNICO,100.0,RADAR_FIXO,iGO8/Amigo - mapa de radar,2026-07-21
1107,-30.041395,-51.104907,60,UNICO,289.0,RADAR_FIXO,iGO8/Amigo - mapa de radar,2026-07-21
1108,-26.180584,-49.872192,60,UNICO,46.0,RADAR_FIXO,iGO8/Amigo - mapa de radar,2026-07-21
1109,-30.076738,-51.244125,60,UNICO,225.0,RADAR_FIXO,iGO8/Amigo - mapa de radar,2026-07-21
1110,-26.179382,-49.870471,60,UNICO,243.0,RADAR_FIXO,iGO8/Amigo - mapa de radar,2026-07-21
1111,-30.028176,-51.165033,60,UNICO,87.0,RADAR_FIXO,iGO8/Amigo - mapa de radar,2026-07-21
1112,-30.057699,-51.155177,60,UNICO,116.0,RADAR_FIXO,iGO8/Amigo - mapa de radar,2026-07-21
1113,-30.044481,-51.176749,60,UNICO,219.0,RADAR_FIXO,iGO8/Amigo - mapa de radar,2026-07-21
1114,-30.196246,-51.128437,60,AMBOS,326.0,RADAR_FIXO,iGO8/Amigo - mapa de radar,2026-07-21
1115,-26.27498,-48.83329,60,UNICO,219.0,RADAR_FIXO,iGO8/Amigo - mapa de radar,2026-07-21
1116,-26.238967,-48.828551,60,UNICO,57.0,RADAR_FIXO,iGO8/Amigo - mapa de radar,2026-07-21
1117,-29.983001,-51.116622,60,UNICO,45.0,RADAR_FIXO,iGO8/Amigo - mapa de radar,2026-07-21
1118,-26.305171,-48.82871,60,UNICO,224.0,RADAR_FIXO,iGO8/Amigo - mapa de radar,2026-07-21
1119,-26.30461,-48.824886,60,UNICO,31.0,RADAR_FIXO,iGO8/Amigo - mapa de radar,2026-07-21
1120,-29.689196,-51.234866,60,UNICO,137.0,RADAR_FIXO,iGO8/Amigo - mapa de radar,2026-07-21
1121,-29.689457,-51.234444,60,UNICO,317.0,RADAR_FIXO,iGO8/Amigo - mapa de radar,2026-07-21
1122,-27.516849,-48.76777,60,UNICO,183.0,RADAR_FIXO,iGO8/Amigo - mapa de radar,2026-07-21
1123,-26.191444,-50.404018,60,AMBOS,85.0,RADAR_FIXO,iGO8/Amigo - mapa de radar,2026-07-21
1124,-30.108057,-51.22721,60,UNICO,344.0,RADAR_FIXO,iGO8/Amigo - mapa de radar,2026-07-21
1125,-30.073852,-51.136933,60,UNICO,302.0,RADAR_FIXO,iGO8/Amigo - mapa de radar,2026-07-21
1126,-30.11491,-51.225709,60,UNICO,331.0,RADAR_FIXO,iGO8/Amigo - mapa de radar,2026-07-21
1127,-26.50534,-49.098485,60,AMBOS,73.0,RADAR_FIXO,iGO8/Amigo - mapa de radar,2026-07-21
1128,-26.489149,-49.065005,60,UNICO,269.0,RADAR_FIXO,iGO8/Amigo - mapa de radar,2026-07-21
1129,-26.506841,-49.096741,60,AMBOS,79.0,RADAR_FIXO,iGO8/Amigo - mapa de radar,2026-07-21
1130,-26.496012,-49.076319,60,AMBOS,84.0,RADAR_FIXO,iGO8/Amigo - mapa de radar,2026-07-21
1131,-30.077012,-51.122662,60,UNICO,103.0,RADAR_FIXO,iGO8/Amigo - mapa de radar,2026-07-21
1132,-26.279224,-48.847378,60,UNICO,152.0,RADAR_FIXO,iGO8/Amigo - mapa de radar,2026-07-21
1133,-30.131921,-51.977181,60,UNICO,78.0,RADAR_FIXO,iGO8/Amigo - mapa de radar,2026-07-21
1134,-26.492396,-49.090714,60,AMBOS,344.0,RADAR_FIXO,iGO8/Amigo - mapa de radar,2026-07-21
1135,-30.073887,-51.137259,60,UNICO,129.0,RADAR_FIXO,iGO8/Amigo - mapa de radar,2026-07-21
1136,-30.057311,-51.154905,60,UNICO,296.0,RADAR_FIXO,iGO8/Amigo - mapa de radar,2026-07-21
1137,-30.116931,-51.108831,60,UNICO,186.0,RADAR_FIXO,iGO8/Amigo - mapa de radar,2026-07-21
1138,-26.286669,-48.84983,60,UNICO,175.0,RADAR_FIXO,iGO8/Amigo - mapa de radar,2026-07-21
1139,-30.082665,-51.034543,60,UNICO,143.0,RADAR_FIXO,iGO8/Amigo - mapa de radar,2026-07-21
1140,-29.952819,-51.598284,60,UNICO,252.0,RADAR_FIXO,iGO8/Amigo - mapa de radar,2026-07-21
1141,-27.195831,-48.613066,80,UNICO,19.0,RADAR_FIXO,iGO8/Amigo - mapa de radar,2026-07-21
1142,-27.03032,-48.605162,80,UNICO,5.0,RADAR_FIXO,iGO8/Amigo - mapa de radar,2026-07-21
1143,-29.440923,-49.903109,80,UNICO,234.0,RADAR_FIXO,iGO8/Amigo - mapa de radar,2026-07-21
1144,-29.441438,-49.903075,80,UNICO,48.0,RADAR_FIXO,iGO8/Amigo - mapa de radar,2026-07-21
1145,-30.425342,-53.498814,80,DESCONHECIDO,9.0,RADAR_FIXO,iGO8/Amigo - mapa de radar,2026-07-21
1146,-27.495823,-50.95356,80,UNICO,94.0,RADAR_FIXO,iGO8/Amigo - mapa de radar,2026-07-21
1147,-31.36828,-53.92222,80,DESCONHECIDO,131.0,RADAR_FIXO,iGO8/Amigo - mapa de radar,2026-07-21
1148,-28.486784,-49.038169,80,UNICO,29.0,RADAR_FIXO,iGO8/Amigo - mapa de radar,2026-07-21
1149,-29.667743,-52.761847,80,DESCONHECIDO,99.0,RADAR_FIXO,iGO8/Amigo - mapa de radar,2026-07-21
1150,-26.304018,-48.640639,80,DESCONHECIDO,20.0,RADAR_FIXO,iGO8/Amigo - mapa de radar,2026-07-21
1151,-26.892411,-49.071379,80,UNICO,199.0,RADAR_FIXO,iGO8/Amigo - mapa de radar,2026-07-21
1152,-25.958419,-48.900955,80,UNICO,180.0,RADAR_FIXO,iGO8/Amigo - mapa de radar,2026-07-21
1153,-27.990249,-48.680005,80,UNICO,36.0,RADAR_FIXO,iGO8/Amigo - mapa de radar,2026-07-21
1154,-26.069247,-53.088231,80,UNICO,303.0,RADAR_FIXO,iGO8/Amigo - mapa de radar,2026-07-21
1155,-30.400238,-56.427094,80,DESCONHECIDO,132.0,RADAR_FIXO,iGO8/Amigo - mapa de radar,2026-07-21
1156,-29.832534,-56.967048,80,AMBOS,111.0,RADAR_FIXO,iGO8/Amigo - mapa de radar,2026-07-21
1157,-29.927577,-50.263131,80,UNICO,319.0,RADAR_FIXO,iGO8/Amigo - mapa de radar,2026-07-21
1158,-30.841094,-55.42768,80,DESCONHECIDO,79.0,RADAR_FIXO,iGO8/Amigo - mapa de radar,2026-07-21
1159,-29.776896,-57.034148,80,AMBOS,107.0,RADAR_FIXO,iGO8/Amigo - mapa de radar,2026-07-21
1160,-26.996845,-52.634633,80,UNICO,98.0,RADAR_FIXO,iGO8/Amigo - mapa de radar,2026-07-21
1161,-26.996894,-52.633127,80,UNICO,271.0,RADAR_FIXO,iGO8/Amigo - mapa de radar,2026-07-21
1162,-26.442893,-49.210858,80,DESCONHECIDO,141.0,RADAR_FIXO,iGO8/Amigo - mapa de radar,2026-07-21
1163,-27.34187,-48.628586,80,UNICO,48.0,RADAR_FIXO,iGO8/Amigo - mapa de radar,2026-07-21
1164,-27.81818,-48.63143,80,UNICO,163.0,RADAR_FIXO,iGO8/Amigo - mapa de radar,2026-07-21
1165,-29.7055,-51.888637,80,AMBOS,93.0,RADAR_FIXO,iGO8/Amigo - mapa de radar,2026-07-21
1166,-27.687778,-48.791019,80,DESCONHECIDO,42.0,RADAR_FIXO,iGO8/Amigo - mapa de radar,2026-07-21
1167,-29.733602,-50.023935,80,AMBOS,25.0,RADAR_FIXO,iGO8/Amigo - mapa de radar,2026-07-21
1168,-29.922795,-53.723188,80,DESCONHECIDO,152.0,RADAR_FIXO,iGO8/Amigo - mapa de radar,2026-07-21
1169,-29.067183,-50.951488,80,DESCONHECIDO,108.0,RADAR_FIXO,iGO8/Amigo - mapa de radar,2026-07-21
1170,-28.683501,-55.94639,80,UNICO,283.0,RADAR_FIXO,iGO8/Amigo - mapa de radar,2026-07-21
1171,-28.724925,-53.598189,80,DESCONHECIDO,175.0,RADAR_FIXO,iGO8/Amigo - mapa de radar,2026-07-21
1172,-30.094094,-50.996443,80,DESCONHECIDO,106.0,RADAR_FIXO,iGO8/Amigo - mapa de radar,2026-07-21
1173,-28.664189,-55.940057,80,UNICO,256.0,RADAR_FIXO,iGO8/Amigo - mapa de radar,2026-07-21
1174,-29.887215,-50.213316,80,DESCONHECIDO,259.0,RADAR_FIXO,iGO8/Amigo - mapa de radar,2026-07-21
1175,-30.271904,-54.97667,80,AMBOS,23.0,RADAR_FIXO,iGO8/Amigo - mapa de radar,2026-07-21
1176,-29.201187,-51.267405,80,UNICO,69.0,RADAR_FIXO,iGO8/Amigo - mapa de radar,2026-07-21
1177,-29.201061,-51.267411,80,UNICO,249.0,RADAR_FIXO,iGO8/Amigo - mapa de radar,2026-07-21
1178,-29.449804,-51.351698,80,UNICO,22.0,RADAR_FIXO,iGO8/Amigo - mapa de radar,2026-07-21
1179,-26.089667,-53.064529,80,AMBOS,106.0,RADAR_FIXO,iGO8/Amigo - mapa de radar,2026-07-21
1180,-29.567506,-51.360546,80,UNICO,169.0,RADAR_FIXO,iGO8/Amigo - mapa de radar,2026-07-21
1181,-29.62916,-51.308009,80,UNICO,144.0,RADAR_FIXO,iGO8/Amigo - mapa de radar,2026-07-21
1182,-29.668519,-52.757098,80,DESCONHECIDO,101.0,RADAR_FIXO,iGO8/Amigo - mapa de radar,2026-07-21
1183,-29.629466,-51.307603,80,UNICO,322.0,RADAR_FIXO,iGO8/Amigo - mapa de radar,2026-07-21
1184,-29.009748,-51.266938,80,DESCONHECIDO,88.0,RADAR_FIXO,iGO8/Amigo - mapa de radar,2026-07-21
1185,-26.892354,-49.071272,80,UNICO,18.0,RADAR_FIXO,iGO8/Amigo - mapa de radar,2026-07-21
1186,-27.213991,-50.465568,80,UNICO,199.0,RADAR_FIXO,iGO8/Amigo - mapa de radar,2026-07-21
1187,-27.218936,-50.464523,80,UNICO,290.0,RADAR_FIXO,iGO8/Amigo - mapa de radar,2026-07-21
1188,-29.361204,-49.769892,80,DESCONHECIDO,3.0,RADAR_FIXO,iGO8/Amigo - mapa de radar,2026-07-21
1189,-26.872924,-49.069047,80,UNICO,128.0,RADAR_FIXO,iGO8/Amigo - mapa de radar,2026-07-21
1190,-26.876665,-49.067926,80,UNICO,32.0,RADAR_FIXO,iGO8/Amigo - mapa de radar,2026-07-21
1191,-29.147268,-50.580152,80,DESCONHECIDO,125.0,RADAR_FIXO,iGO8/Amigo - mapa de radar,2026-07-21
1192,-28.601613,-51.902426,80,DESCONHECIDO,93.0,RADAR_FIXO,iGO8/Amigo - mapa de radar,2026-07-21
1193,-29.230511,-50.391105,80,DESCONHECIDO,94.0,RADAR_FIXO,iGO8/Amigo - mapa de radar,2026-07-21
1194,-28.319261,-52.479085,80,DESCONHECIDO,35.0,RADAR_FIXO,iGO8/Amigo - mapa de radar,2026-07-21
1195,-29.293661,-51.589626,80,DESCONHECIDO,94.0,RADAR_FIXO,iGO8/Amigo - mapa de radar,2026-07-21
1196,-28.541103,-52.575627,80,DESCONHECIDO,9.0,RADAR_FIXO,iGO8/Amigo - mapa de radar,2026-07-21
1197,-29.436191,-51.800379,80,AMBOS,79.0,RADAR_FIXO,iGO8/Amigo - mapa de radar,2026-07-21
1198,-29.666623,-51.343765,80,DESCONHECIDO,100.0,RADAR_FIXO,iGO8/Amigo - mapa de radar,2026-07-21
1199,-26.39009,-48.839977,80,UNICO,349.0,RADAR_FIXO,iGO8/Amigo - mapa de radar,2026-07-21
1200,-26.380892,-48.851708,80,UNICO,184.0,RADAR_FIXO,iGO8/Amigo - mapa de radar,2026-07-21
1201,-30.840141,-55.409396,80,UNICO,268.0,RADAR_FIXO,iGO8/Amigo - mapa de radar,2026-07-21
1202,-28.533849,-53.776498,80,DESCONHECIDO,125.0,RADAR_FIXO,iGO8/Amigo - mapa de radar,2026-07-21
1203,-30.840187,-55.411452,80,UNICO,95.0,RADAR_FIXO,iGO8/Amigo - mapa de radar,2026-07-21
1204,-30.007972,-51.210322,80,UNICO,204.0,RADAR_FIXO,iGO8/Amigo - mapa de radar,2026-07-21
1205,-26.069967,-53.120238,80,UNICO,109.0,RADAR_FIXO,iGO8/Amigo - mapa de radar,2026-07-21
1206,-30.012456,-51.212242,80,UNICO,18.0,RADAR_FIXO,iGO8/Amigo - mapa de radar,2026-07-21
1207,-28.020228,-48.698837,80,UNICO,258.0,RADAR_FIXO,iGO8/Amigo - mapa de radar,2026-07-21
1208,-29.568409,-51.360221,80,UNICO,350.0,RADAR_FIXO,iGO8/Amigo - mapa de radar,2026-07-21
1209,-29.700981,-52.533411,80,AMBOS,85.0,RADAR_FIXO,iGO8/Amigo - mapa de radar,2026-07-21
1210,-26.333467,-48.652804,80,DESCONHECIDO,20.0,RADAR_FIXO,iGO8/Amigo - mapa de radar,2026-07-21
1211,-29.449013,-51.351362,80,UNICO,208.0,RADAR_FIXO,iGO8/Amigo - mapa de radar,2026-07-21
1212,-29.637888,-50.962192,80,UNICO,81.0,RADAR_FIXO,iGO8/Amigo - mapa de radar,2026-07-21
1213,-29.63772,-50.961757,80,UNICO,261.0,RADAR_FIXO,iGO8/Amigo - mapa de radar,2026-07-21
1214,-29.57942,-49.943508,80,DESCONHECIDO,29.0,RADAR_FIXO,iGO8/Amigo - mapa de radar,2026-07-21
1215,-29.637227,-50.859728,80,UNICO,123.0,RADAR_FIXO,iGO8/Amigo - mapa de radar,2026-07-21
1216,-29.63724,-50.859481,80,UNICO,303.0,RADAR_FIXO,iGO8/Amigo - mapa de radar,2026-07-21
1217,-29.66672,-50.749265,80,DESCONHECIDO,87.0,RADAR_FIXO,iGO8/Amigo - mapa de radar,2026-07-21
1218,-29.656918,-50.670371,80,DESCONHECIDO,91.0,RADAR_FIXO,iGO8/Amigo - mapa de radar,2026-07-21
1219,-29.662396,-51.09368,80,UNICO,70.0,RADAR_FIXO,iGO8/Amigo - mapa de radar,2026-07-21
1220,-29.959332,-50.232342,80,UNICO,135.0,RADAR_FIXO,iGO8/Amigo - mapa de radar,2026-07-21
1221,-27.265824,-49.879677,80,AMBOS,100.0,RADAR_FIXO,iGO8/Amigo - mapa de radar,2026-07-21
1222,-29.66227,-51.093643,80,UNICO,250.0,RADAR_FIXO,iGO8/Amigo - mapa de radar,2026-07-21
1223,-29.689378,-51.530742,80,DESCONHECIDO,82.0,RADAR_FIXO,iGO8/Amigo - mapa de radar,2026-07-21
1224,-27.919873,-52.220946,80,DESCONHECIDO,5.0,RADAR_FIXO,iGO8/Amigo - mapa de radar,2026-07-21
1225,-30.162302,-50.392407,80,DESCONHECIDO,135.0,RADAR_FIXO,iGO8/Amigo - mapa de radar,2026-07-21
1226,-28.32343,-52.294528,80,DESCONHECIDO,147.0,RADAR_FIXO,iGO8/Amigo - mapa de radar,2026-07-21
1227,-29.724028,-51.168455,80,UNICO,147.0,RADAR_FIXO,iGO8/Amigo - mapa de radar,2026-07-21
1228,-29.724234,-51.168165,80,UNICO,328.0,RADAR_FIXO,iGO8/Amigo - mapa de radar,2026-07-21
1229,-30.030307,-50.994129,80,UNICO,14.0,RADAR_FIXO,iGO8/Amigo - mapa de radar,2026-07-21
1230,-29.879913,-50.261476,80,UNICO,50.0,RADAR_FIXO,iGO8/Amigo - mapa de radar,2026-07-21
1231,-29.879515,-50.261568,80,UNICO,228.0,RADAR_FIXO,iGO8/Amigo - mapa de radar,2026-07-21
1232,-29.871783,-50.13536,80,DESCONHECIDO,81.0,RADAR_FIXO,iGO8/Amigo - mapa de radar,2026-07-21
1233,-27.621887,-48.650894,100,UNICO,222.0,RADAR_FIXO,iGO8/Amigo - mapa de radar,2026-07-21
1234,-29.889496,-51.212229,100,DESCONHECIDO,103.0,RADAR_FIXO,iGO8/Amigo - mapa de radar,2026-07-21
1235,-27.683368,-48.676455,100,UNICO,72.0,RADAR_FIXO,iGO8/Amigo - mapa de radar,2026-07-21
1236,-29.81799,-51.470978,100,DESCONHECIDO,100.0,RADAR_FIXO,iGO8/Amigo - mapa de radar,2026-07-21
1237,-27.684987,-48.683242,100,UNICO,247.0,RADAR_FIXO,iGO8/Amigo - mapa de radar,2026-07-21
1238,-29.780167,-51.553084,100,DESCONHECIDO,111.0,RADAR_FIXO,iGO8/Amigo - mapa de radar,2026-07-21
1239,-29.971115,-51.18287,100,UNICO,105.0,RADAR_FIXO,iGO8/Amigo - mapa de radar,2026-07-21
1240,-27.679321,-48.695279,100,UNICO,282.0,RADAR_FIXO,iGO8/Amigo - mapa de radar,2026-07-21
1241,-27.685812,-48.687234,100,UNICO,102.0,RADAR_FIXO,iGO8/Amigo - mapa de radar,2026-07-21
1242,-29.66246,-50.133079,100,UNICO,48.0,RADAR_FIXO,iGO8/Amigo - mapa de radar,2026-07-21
1243,-27.689144,-48.664878,100,UNICO,339.0,RADAR_FIXO,iGO8/Amigo - mapa de radar,2026-07-21
1244,-27.670731,-48.708427,100,UNICO,94.0,RADAR_FIXO,iGO8/Amigo - mapa de radar,2026-07-21
1245,-29.580871,-51.840883,100,UNICO,314.0,RADAR_FIXO,iGO8/Amigo - mapa de radar,2026-07-21
1246,-27.672828,-48.704371,100,UNICO,332.0,RADAR_FIXO,iGO8/Amigo - mapa de radar,2026-07-21
1247,-29.968867,-51.168012,100,UNICO,264.0,RADAR_FIXO,iGO8/Amigo - mapa de radar,2026-07-21
1248,-27.66326,-48.716121,100,UNICO,354.0,RADAR_FIXO,iGO8/Amigo - mapa de radar,2026-07-21
1249,-29.581273,-51.841,100,UNICO,135.0,RADAR_FIXO,iGO8/Amigo - mapa de radar,2026-07-21
1250,-27.666205,-48.715831,100,UNICO,358.0,RADAR_FIXO,iGO8/Amigo - mapa de radar,2026-07-21
1251,-27.819588,-48.630835,100,UNICO,350.0,RADAR_FIXO,iGO8/Amigo - mapa de radar,2026-07-21
1252,-27.655327,-48.721473,100,UNICO,154.0,RADAR_FIXO,iGO8/Amigo - mapa de radar,2026-07-21
1253,-27.652571,-48.724005,100,UNICO,317.0,RADAR_FIXO,iGO8/Amigo - mapa de radar,2026-07-21
1254,-27.638933,-48.725566,100,UNICO,19.0,RADAR_FIXO,iGO8/Amigo - mapa de radar,2026-07-21
1255,-27.650355,-48.725743,100,UNICO,160.0,RADAR_FIXO,iGO8/Amigo - mapa de radar,2026-07-21
1256,-29.846005,-51.203626,100,UNICO,79.0,RADAR_FIXO,iGO8/Amigo - mapa de radar,2026-07-21
1257,-27.56219,-48.616145,100,UNICO,153.0,RADAR_FIXO,iGO8/Amigo - mapa de radar,2026-07-21
1258,-27.634484,-48.717422,100,UNICO,275.0,RADAR_FIXO,iGO8/Amigo - mapa de radar,2026-07-21
1259,-27.598977,-48.696124,100,UNICO,1.0,RADAR_FIXO,iGO8/Amigo - mapa de radar,2026-07-21
1260,-27.59793,-48.620529,100,UNICO,39.0,RADAR_FIXO,iGO8/Amigo - mapa de radar,2026-07-21
1261,-29.845984,-51.204039,100,UNICO,261.0,RADAR_FIXO,iGO8/Amigo - mapa de radar,2026-07-21
1262,-27.634845,-48.711088,100,UNICO,80.0,RADAR_FIXO,iGO8/Amigo - mapa de radar,2026-07-21
1263,-27.562323,-48.69654,100,UNICO,357.0,RADAR_FIXO,iGO8/Amigo - mapa de radar,2026-07-21
1264,-27.48701,-48.649715,100,UNICO,69.0,RADAR_FIXO,iGO8/Amigo - mapa de radar,2026-07-21
1265,-27.632014,-48.700363,100,UNICO,225.0,RADAR_FIXO,iGO8/Amigo - mapa de radar,2026-07-21
1266,-27.482721,-48.717692,100,UNICO,134.0,RADAR_FIXO,iGO8/Amigo - mapa de radar,2026-07-21
1267,-29.337062,-49.785118,100,UNICO,167.0,RADAR_FIXO,iGO8/Amigo - mapa de radar,2026-07-21
1268,-29.410275,-49.857698,100,UNICO,195.0,RADAR_FIXO,iGO8/Amigo - mapa de radar,2026-07-21
1269,-27.621334,-48.694876,100,UNICO,16.0,RADAR_FIXO,iGO8/Amigo - mapa de radar,2026-07-21
1270,-27.384203,-48.688209,100,UNICO,224.0,RADAR_FIXO,iGO8/Amigo - mapa de radar,2026-07-21
1271,-29.336905,-49.784985,100,UNICO,349.0,RADAR_FIXO,iGO8/Amigo - mapa de radar,2026-07-21
1272,-29.410185,-49.857464,100,UNICO,22.0,RADAR_FIXO,iGO8/Amigo - mapa de radar,2026-07-21
1273,-27.606485,-48.696045,100,UNICO,169.0,RADAR_FIXO,iGO8/Amigo - mapa de radar,2026-07-21
1274,-27.366165,-48.653695,100,UNICO,48.0,RADAR_FIXO,iGO8/Amigo - mapa de radar,2026-07-21
1275,-29.761315,-50.217892,100,UNICO,192.0,RADAR_FIXO,iGO8/Amigo - mapa de radar,2026-07-21
1276,-27.608117,-48.637058,100,UNICO,222.0,RADAR_FIXO,iGO8/Amigo - mapa de radar,2026-07-21
1277,-27.579826,-48.696323,100,UNICO,186.0,RADAR_FIXO,iGO8/Amigo - mapa de radar,2026-07-21
1278,-27.362087,-48.646923,100,UNICO,226.0,RADAR_FIXO,iGO8/Amigo - mapa de radar,2026-07-21
1279,-29.761223,-50.217725,100,UNICO,10.0,RADAR_FIXO,iGO8/Amigo - mapa de radar,2026-07-21
1280,-27.642387,-48.669097,100,UNICO,213.0,RADAR_FIXO,iGO8/Amigo - mapa de radar,2026-07-21
1281,-27.530621,-48.706067,100,UNICO,341.0,RADAR_FIXO,iGO8/Amigo - mapa de radar,2026-07-21
1282,-27.522796,-48.709346,100,UNICO,160.0,RADAR_FIXO,iGO8/Amigo - mapa de radar,2026-07-21
1283,-27.463527,-48.641541,100,UNICO,210.0,RADAR_FIXO,iGO8/Amigo - mapa de radar,2026-07-21
1284,-27.461928,-48.720072,100,UNICO,208.0,RADAR_FIXO,iGO8/Amigo - mapa de radar,2026-07-21
1285,-27.43637,-48.625937,100,UNICO,3.0,RADAR_FIXO,iGO8/Amigo - mapa de radar,2026-07-21
1286,-27.447951,-48.711171,100,UNICO,24.0,RADAR_FIXO,iGO8/Amigo - mapa de radar,2026-07-21
1287,-27.498979,-48.714303,100,UNICO,7.0,RADAR_FIXO,iGO8/Amigo - mapa de radar,2026-07-21
1288,-27.571323,-48.694539,100,UNICO,16.0,RADAR_FIXO,iGO8/Amigo - mapa de radar,2026-07-21
1289,-27.422884,-48.710452,100,UNICO,20.0,RADAR_FIXO,iGO8/Amigo - mapa de radar,2026-07-21
1290,-27.380833,-48.684267,100,UNICO,47.0,RADAR_FIXO,iGO8/Amigo - mapa de radar,2026-07-21
1291,-27.47078,-48.72271,100,UNICO,1.0,RADAR_FIXO,iGO8/Amigo - mapa de radar,2026-07-21
1292,-27.597058,-48.600875,100,UNICO,168.0,RADAR_FIXO,iGO8/Amigo - mapa de radar,2026-07-21
1293,-27.584414,-48.615702,100,UNICO,194.0,RADAR_FIXO,iGO8/Amigo - mapa de radar,2026-07-21
1294,-27.418565,-48.708887,100,UNICO,200.0,RADAR_FIXO,iGO8/Amigo - mapa de radar,2026-07-21
1295,-26.516167,-48.720231,100,UNICO,152.0,RADAR_FIXO,iGO8/Amigo - mapa de radar,2026-07-21
1296,-27.489604,-48.71329,100,UNICO,186.0,RADAR_FIXO,iGO8/Amigo - mapa de radar,2026-07-21
1297,-27.596867,-48.600774,100,UNICO,348.0,RADAR_FIXO,iGO8/Amigo - mapa de radar,2026-07-21
1298,-27.395523,-48.701323,100,UNICO,228.0,RADAR_FIXO,iGO8/Amigo - mapa de radar,2026-07-21
1299,-27.435864,-48.712444,100,UNICO,166.0,RADAR_FIXO,iGO8/Amigo - mapa de radar,2026-07-21
1300,-27.600139,-48.576314,100,UNICO,53.0,RADAR_FIXO,iGO8/Amigo - mapa de radar,2026-07-21
1301,-27.355846,-48.63821,100,UNICO,69.0,RADAR_FIXO,iGO8/Amigo - mapa de radar,2026-07-21
1302,-27.549024,-48.700417,100,UNICO,133.0,RADAR_FIXO,iGO8/Amigo - mapa de radar,2026-07-21
1303,-27.351376,-48.632999,100,UNICO,192.0,RADAR_FIXO,iGO8/Amigo - mapa de radar,2026-07-21
1304,-27.475666,-48.640777,100,UNICO,174.0,RADAR_FIXO,iGO8/Amigo - mapa de radar,2026-07-21
1305,-27.589894,-48.695055,100,UNICO,16.0,RADAR_FIXO,iGO8/Amigo - mapa de radar,2026-07-21
1306,-27.479898,-48.644788,100,UNICO,28.0,RADAR_FIXO,iGO8/Amigo - mapa de radar,2026-07-21
1307,-26.317198,-48.872936,100,UNICO,324.0,RADAR_FIXO,iGO8/Amigo - mapa de radar,2026-07-21
1308,-27.675517,-48.702454,100,UNICO,141.0,RADAR_FIXO,iGO8/Amigo - mapa de radar,2026-07-21
1309,-26.315419,-48.873622,100,UNICO,179.0,RADAR_FIXO,iGO8/Amigo - mapa de radar,2026-07-21
1310,-29.662468,-50.133364,100,UNICO,232.0,RADAR_FIXO,iGO8/Amigo - mapa de radar,2026-07-21
1311,-26.516858,-48.719705,100,UNICO,331.0,RADAR_FIXO,iGO8/Amigo - mapa de radar,2026-07-21
1312,-26.439027,-48.802488,100,UNICO,315.0,RADAR_FIXO,iGO8/Amigo - mapa de radar,2026-07-21
1313,-27.635329,-48.663814,100,UNICO,33.0,RADAR_FIXO,iGO8/Amigo - mapa de radar,2026-07-21
1314,-30.168415,-52.284058,100,DESCONHECIDO,98.0,RADAR_FIXO,iGO8/Amigo - mapa de radar,2026-07-21
1315,-28.676415,-49.129991,110,UNICO,82.0,RADAR_FIXO,iGO8/Amigo - mapa de radar,2026-07-21
1316,-28.27655,-48.699835,110,UNICO,8.0,RADAR_FIXO,iGO8/Amigo - mapa de radar,2026-07-21
1317,-28.669341,-49.119782,110,UNICO,233.0,RADAR_FIXO,iGO8/Amigo - mapa de radar,2026-07-21
1318,-28.681222,-49.144244,110,UNICO,241.0,RADAR_FIXO,iGO8/Amigo - mapa de radar,2026-07-21
1319,-28.473253,-49.024691,110,UNICO,239.0,RADAR_FIXO,iGO8/Amigo - mapa de radar,2026-07-21
1320,-28.474363,-49.026373,110,UNICO,55.0,RADAR_FIXO,iGO8/Amigo - mapa de radar,2026-07-21
1321,-27.961639,-48.679338,110,UNICO,14.0,RADAR_FIXO,iGO8/Amigo - mapa de radar,2026-07-21
1322,-27.958265,-48.677874,110,UNICO,209.0,RADAR_FIXO,iGO8/Amigo - mapa de radar,2026-07-21
1323,-29.88396,-50.565547,110,UNICO,266.0,RADAR_FIXO,iGO8/Amigo - mapa de radar,2026-07-21
1324,-28.582115,-49.050467,110,UNICO,329.0,RADAR_FIXO,iGO8/Amigo - mapa de radar,2026-07-21
1325,-29.891464,-50.374261,110,UNICO,265.0,RADAR_FIXO,iGO8/Amigo - mapa de radar,2026-07-21
1326,-28.387981,-48.774407,110,UNICO,40.0,RADAR_FIXO,iGO8/Amigo - mapa de radar,2026-07-21
1327,-28.630977,-49.089635,110,UNICO,235.0,RADAR_FIXO,iGO8/Amigo - mapa de radar,2026-07-21
1328,-29.891638,-50.373924,110,UNICO,86.0,RADAR_FIXO,iGO8/Amigo - mapa de radar,2026-07-21
1329,-28.428539,-48.948897,110,UNICO,57.0,RADAR_FIXO,iGO8/Amigo - mapa de radar,2026-07-21
1330,-29.88415,-50.565386,110,UNICO,86.0,RADAR_FIXO,iGO8/Amigo - mapa de radar,2026-07-21
1331,-29.951429,-50.965362,110,UNICO,71.0,RADAR_FIXO,iGO8/Amigo - mapa de radar,2026-07-21
1332,-29.951309,-50.965613,110,UNICO,247.0,RADAR_FIXO,iGO8/Amigo - mapa de radar,2026-07-21
1333,-28.972319,-49.528812,110,UNICO,222.0,RADAR_FIXO,iGO8/Amigo - mapa de radar,2026-07-21
1334,-29.148574,-49.724641,110,UNICO,33.0,RADAR_FIXO,iGO8/Amigo - mapa de radar,2026-07-21
1335,-28.793644,-49.351799,110,UNICO,57.0,RADAR_FIXO,iGO8/Amigo - mapa de radar,2026-07-21
1336,-29.085085,-49.630554,110,UNICO,15.0,RADAR_FIXO,iGO8/Amigo - mapa de radar,2026-07-21
1337,-28.717211,-49.23223,110,UNICO,229.0,RADAR_FIXO,iGO8/Amigo - mapa de radar,2026-07-21
1338,-28.944136,-49.527598,110,UNICO,42.0,RADAR_FIXO,iGO8/Amigo - mapa de radar,2026-07-21
1339,-28.714489,-49.221332,110,UNICO,78.0,RADAR_FIXO,iGO8/Amigo - mapa de radar,2026-07-21
1340,-28.936145,-49.519318,110,UNICO,42.0,RADAR_FIXO,iGO8/Amigo - mapa de radar,2026-07-21
1341,-28.697709,-49.181353,110,UNICO,85.0,RADAR_FIXO,iGO8/Amigo - mapa de radar,2026-07-21
1342,-28.920042,-49.490459,110,UNICO,41.0,RADAR_FIXO,iGO8/Amigo - mapa de radar,2026-07-21
1343,-28.577424,-49.052429,110,UNICO,175.0,RADAR_FIXO,iGO8/Amigo - mapa de radar,2026-07-21
1344,-28.813307,-49.389498,110,UNICO,245.0,RADAR_FIXO,iGO8/Amigo - mapa de radar,2026-07-21
1345,-28.869597,-49.450873,110,UNICO,214.0,RADAR_FIXO,iGO8/Amigo - mapa de radar,2026-07-21
1346,-28.426007,-48.944375,110,UNICO,58.0,RADAR_FIXO,iGO8/Amigo - mapa de radar,2026-07-21
1347,-28.934871,-49.518219,110,UNICO,224.0,RADAR_FIXO,iGO8/Amigo - mapa de radar,2026-07-21
1348,-28.944008,-49.527753,110,UNICO,223.0,RADAR_FIXO,iGO8/Amigo - mapa de radar,2026-07-21
1349,-28.424608,-48.935916,110,UNICO,278.0,RADAR_FIXO,iGO8/Amigo - mapa de radar,2026-07-21
1350,-28.42828,-48.881121,110,UNICO,111.0,RADAR_FIXO,iGO8/Amigo - mapa de radar,2026-07-21
1351,-29.084738,-49.630554,110,UNICO,194.0,RADAR_FIXO,iGO8/Amigo - mapa de radar,2026-07-21
1352,-29.148605,-49.724786,110,UNICO,211.0,RADAR_FIXO,iGO8/Amigo - mapa de radar,2026-07-21
1353,-28.257399,-48.70404,110,UNICO,197.0,RADAR_FIXO,iGO8/Amigo - mapa de radar,2026-07-21
1354,-28.170138,-48.694375,110,UNICO,6.0,RADAR_FIXO,iGO8/Amigo - mapa de radar,2026-07-21
1355,-28.170225,-48.694482,110,UNICO,186.0,RADAR_FIXO,iGO8/Amigo - mapa de radar,2026-07-21
1356,-28.972294,-49.528656,110,UNICO,41.0,RADAR_FIXO,iGO8/Amigo - mapa de radar,2026-07-21
1357,-28.157274,-48.69292,110,UNICO,186.0,RADAR_FIXO,iGO8/Amigo - mapa de radar,2026-07-21
1358,-28.097757,-48.705554,110,UNICO,328.0,RADAR_FIXO,iGO8/Amigo - mapa de radar,2026-07-21
1359,-28.059614,-48.717004,110,UNICO,347.0,RADAR_FIXO,iGO8/Amigo - mapa de radar,2026-07-21
